date,url,title,rate_pct,word_count,sentence_count,clean_len,body_clean,rate_change_bp
2009-01-20,https://www.bankofcanada.ca/2009/01/fad-press-release-2009-01-20/,Bank of Canada lowers overnight rate target by 1/2 percentage point to 1 per cent,1.0,481,21,2971,"The Bank of Canada today announced that it is lowering its target for the overnight rate by one-half of a percentage point to 1 per cent. The operating band for the overnight rate is correspondingly lowered, and the Bank Rate is now 1 1/4 per cent. The outlook for the global economy has deteriorated since the Bank's December interest rate announcement, with the intensifying financial crisis spilling over into real economic activity. Heightened uncertainty is undermining business and household confidence worldwide and further eroding domestic demand. Major advanced economies, including Canada's, are now in recession and emerging-market economies are increasingly affected. Energy prices have fallen as a result of substantially weaker global demand. Stabilization of the global financial system is a precondition for economic recovery. To that end, governments and central banks are taking bold and concerted policy actions. There are signs that these extraordinary measures are starting to gain traction, although it will take some time for financial conditions to normalize. In addition, considerable monetary and fiscal policy stimulus is being provided worldwide. Canadian exports are down sharply, and domestic demand is shrinking as a result of declines in real income, household wealth, and consumer and business confidence. Canada's economy is projected to contract through mid-2009, with real GDP dropping by 1.2 per cent this year on an annual average basis. As policy actions begin to take hold in Canada and globally, and with support from the past depreciation of the Canadian dollar, real GDP is expected to rebound, growing by 3.8 per cent in 2010. A wider output gap through 2009 and modest decreases in housing prices should cause core CPI inflation to ease, bottoming at 1.1 per cent in the fourth quarter. Total CPI inflation is expected to dip below zero for two quarters in 2009, reflecting year-on-year drops in energy prices. With inflation expectations well-anchored, total and core inflation should return to the 2 per cent target in the first half of 2011 as the economy returns to potential. Against this background, the Bank today lowered its policy rate by 50 basis points, bringing the cumulative monetary policy easing to 350 basis points since December 2007. Guided by Canada's inflation-targeting framework, the Bank will continue to monitor carefully economic and financial developments in judging to what extent further monetary stimulus will be required to achieve the 2 per cent target over the medium term. Low, stable, and predictable inflation is the best contribution monetary policy can make to long-term economic growth and financial stability. Information note: A full update of the Bank's outlook for the economy and inflation, including risks to the projection, will be published in the Monetary Policy Report Update on 22 January 2009. The next scheduled date for announcing the overnight rate target is 3 March 2009.",
2009-03-03,https://www.bankofcanada.ca/2009/03/fad-press-release-2009-03-03/,Bank of Canada lowers overnight rate target by 1/2 percentage point to 1/2 per cent,0.5,493,19,2987,"The Bank of Canada today announced that it is lowering its target for the overnight rate by one-half of a percentage point to 1/2 per cent. The operating band for the overnight rate is correspondingly lowered, and the Bank Rate is now 3/4 per cent. The outlook for the global economy has continued to deteriorate since the Bank's January Monetary Policy Report Update , with weaker-than-expected activity in major economies. The nature of the U.S. recession, with very weak auto and housing sectors, is particularly challenging for Canada. Stabilization of the global financial system remains a precondition for the global and Canadian economic recoveries. The timely implementation of ambitious plans in some major countries to address toxic assets and recapitalize financial institutions will be critical in this regard. National accounts data for the fourth quarter of 2008 and other indicators of aggregate demand point to a sharper decline in Canadian economic activity and a larger output gap through the first half of 2009 than projected in January. Potential delays in stabilizing the global financial system, along with larger-than-anticipated confidence and wealth effects on domestic demand, could mean that the output gap will not begin to close until early 2010. These factors imply a slightly lower profile for core inflation than was projected in the January MPRU . The effects of the recent aggressive monetary and fiscal policy actions in Canada and other major economies will begin to be felt in the second half of this year and will build through 2010. Once the global financial system stabilizes and global growth recovers, the underlying strength of the Canadian economy and financial sector should ensure a more rapid recovery in Canada than in most other industrialized economies. The Bank's decision to lower its policy rate by 50 basis points today brings the cumulative monetary policy easing to 400 basis points since December 2007. Consistent with returning total CPI inflation to 2 per cent, the target for the overnight rate can be expected to remain at this level or lower at least until there are clear signs that excess supply in the economy is being taken up. Given the low level of the target for the overnight rate, the Bank is refining the approach it would take to provide additional monetary stimulus, if required, through credit and quantitative easing. In its April Monetary Policy Report , the Bank will outline a framework for the possible use of such measures. The Bank will continue to monitor carefully economic and financial developments in judging to what extent further monetary stimulus will be required to achieve its 2 per cent inflation target over the medium term. Information note: The next scheduled date for announcing the overnight rate target is 21 April 2009. A full update of the Bank's outlook for the economy and inflation, including risks to the projection, will be published in the Monetary Policy Report on 23 April 2009.",-50.0
2009-04-21,https://www.bankofcanada.ca/2009/04/fad-press-release-2009-04-21/,"Bank of Canada lowers overnight rate target by 1/4 percentage point to 1/4 per cent and, conditional on the inflation outlook, commits to hold current policy rate until the end of the second quarter of 2010",0.25,656,24,3871,"The Bank of Canada today announced that it is lowering its target for the overnight rate by one-quarter of a percentage point to 1/4 per cent, which the Bank judges to be the effective lower bound for that rate. The Bank Rate is correspondingly lowered to 1/2 per cent. The deposit rate - the rate paid on deposits held by financial institutions at the Bank of Canada - is left unchanged at 1/4 per cent and provides the floor for the overnight rate. Details of the Bank's operating framework at the effective lower bound can be found here . In an environment of continued high uncertainty, the global recession has intensified and become more synchronous since the Bank's January Monetary Policy Report Update , with weaker-than-expected activity in all major economies. Deteriorating credit conditions have spread quickly through trade, financial, and confidence channels. While more aggressive monetary and fiscal policy actions are underway across the G20, measures to stabilize the global financial system have taken longer than expected to enact. As a result, the recession in Canada will be deeper than anticipated, with the economy projected to contract by 3.0 per cent in 2009. The Bank now expects the recovery to be delayed until the fourth quarter and to be more gradual. The economy is projected to grow by 2.5 per cent in 2010 and 4.7 per cent in 2011, and to reach its production capacity in the third quarter of 2011. Given significant restructuring in a number of sectors, potential growth has been revised down. The recovery will be importantly supported by the Bank's accommodative monetary stance. The Bank expects core inflation to diminish through 2009, gradually returning to the 2 per cent target in the third quarter of 2011 as aggregate supply and demand return to balance. Total CPI inflation is expected to trough at -0.8 per cent in the third quarter of 2009 and return to target in the third quarter of 2011. While the underlying macroeconomic risks to the projection are roughly balanced, the Bank judges that, as a consequence of operating at the effective lower bound, the overall risks to its inflation projection are tilted slightly to the downside. With monetary policy now operating at the effective lower bound for the overnight policy rate, it is appropriate to provide more explicit guidance than is usual regarding its future path so as to influence rates at longer maturities. Conditional on the outlook for inflation, the target overnight rate can be expected to remain at its current level until the end of the second quarter of 2010 in order to achieve the inflation target. The Bank will continue to provide such guidance in its scheduled interest rate announcements as long as the overnight rate is at the effective lower bound. To reinforce its conditional commitment to maintain the overnight rate at 1/4 per cent, the Bank will roll over a portion of its existing stock of one- and three-month term Purchase and Resale Agreements (PRAs) into six- and twelve-month terms at minimum and maximum bid rates that correspond to the target rate and the Bank Rate, respectively. These longer-term PRAs will be issued according to the schedule released today. Today's decision to lower the policy rate by 25 basis points brings the cumulative monetary policy easing to 425 basis points since December 2007. It is the Bank's judgment that this cumulative easing, together with the conditional commitment, is the appropriate policy stance to move the economy back to full production capacity and to achieve the 2 per cent inflation target. The Bank retains considerable flexibility in the conduct of monetary policy at low interest rates, consistent with the framework to be outlined in the Bank's Monetary Policy Report on 23 April. Information note: The next scheduled date for announcing the overnight rate target is 4 June 2009.",-25.0
2009-06-04,https://www.bankofcanada.ca/2009/06/fad-press-release-2009-06-04/,Bank of Canada maintains overnight rate target at 1/4 per cent and reiterates conditional commitment to hold current policy rate until the end of the second quarter of 2010,0.25,311,15,1915,"The Bank of Canada today announced that it is maintaining its target for the overnight rate at 1/4 per cent. The Bank Rate is unchanged at 1/2 per cent and the deposit rate is 1/4 per cent. Information received since the Bank's April Monetary Policy Report (MPR) is broadly consistent with the Bank's medium-term outlook for output and inflation in Canada. The economy is undergoing major restructuring in a number of sectors. The already significant output gap will continue to widen through the third quarter, putting downward pressure on inflation. The Bank continues to expect that the global and Canadian recoveries will be more muted than usual. In recent weeks, financial conditions and commodity prices have improved significantly, and consumer and business confidence have recovered modestly. If the unprecedentedly rapid rise in the Canadian dollar (which reflects a combination of higher commodity prices and generalized weakness in the U.S. currency) proves persistent, it could fully offset these positive factors. The outlook is subject to considerable uncertainty. While the underlying macroeconomic risks are roughly balanced, the Bank judges that, as a consequence of operating at the effective lower bound, the overall risks to its inflation projection remain tilted slightly to the downside. Conditional on the outlook for inflation, the target overnight rate can be expected to remain at its current level until the end of the second quarter of 2010 in order to achieve the inflation target. The Bank retains considerable flexibility in the conduct of monetary policy at low interest rates, consistent with the framework outlined in the April MPR. Information note: The next scheduled date for announcing the overnight rate target is 21 July 2009. A full update of the Bank's outlook for the economy and inflation, including risks to the projection, will be published in the MPR on 23 July 2009.",0.0
2009-07-21,https://www.bankofcanada.ca/2009/07/fad-press-release-2009-07-21/,Bank of Canada maintains overnight rate target at 1/4 per cent and reiterates conditional commitment to hold current policy rate until the end of the second quarter of 2010,0.25,500,20,3009,"The Bank of Canada today announced that it is maintaining its target for the overnight rate at 1/4 per cent. The Bank Rate is unchanged at 1/2 per cent and the deposit rate is 1/4 per cent. The global economy has suffered an intense, synchronous recession and considerable excess supply has opened up. There are now increasing signs that economic activity has begun to expand in many countries in response to monetary and fiscal policy stimulus and measures to stabilize the global financial system. However, the recovery is nascent. Effective and resolute policy implementation remains critical to sustained global growth. The dynamics of the recovery in Canada remain broadly consistent with the Bank's medium-term outlook in its April Monetary Policy Report (MPR). Stimulative monetary and fiscal policies, improved financial conditions, firmer commodity prices, and a rebound in business and consumer confidence are spurring domestic demand growth. However, the higher Canadian dollar, as well as ongoing restructuring in key industrial sectors, is significantly moderating the pace of overall growth. Some of the early strength in domestic demand represents a bringing forward of household expenditures, which modestly alters the profile of growth over the projection period relative to the April MPR. The Bank projects that the economy will contract by 2.3 per cent in 2009 and then grow by 3.0 per cent in 2010 and 3.5 per cent in 2011, reaching production capacity in the middle of 2011. Total CPI inflation declined to -0.3 per cent in June and should trough in the third quarter of this year before returning to the 2 per cent target in the second quarter of 2011 as aggregate supply and demand return to balance. Core inflation held up at 1.9 per cent in the second quarter of 2009. The Bank still expects core inflation to diminish in the second half of this year before gradually returning to 2 per cent in the second quarter of 2011. While the underlying macroeconomic risks to the projection are roughly balanced, the Bank judges that, as a consequence of operating at the effective lower bound, the overall risks to its inflation projection are tilted slightly to the downside. Conditional on the outlook for inflation, the target overnight rate can be expected to remain at its current level until the end of the second quarter of 2010 in order to achieve the inflation target. Consistent with this conditional commitment, the Bank will continue to conduct longer-term Purchase and Resale Agreements based on existing terms and conditions and according to the accompanying schedule . The Bank retains considerable flexibility in the conduct of monetary policy at low interest rates, consistent with the framework outlined in the April MPR. Information note: A full update of the Bank's outlook for the economy and inflation, including risks to the projection, will be published in the MPR on 23 July 2009. The next scheduled date for announcing the overnight rate target is 10 September 2009.",0.0
2009-09-10,https://www.bankofcanada.ca/2009/09/fad-press-release-2009-09-10/,Bank of Canada maintains overnight rate target at 1/4 per cent and reiterates conditional commitment to hold current policy rate until the end of the second quarter of 2010,0.25,362,14,2206,"The Bank of Canada today announced that it is maintaining its target for the overnight rate at 1/4 per cent. The Bank Rate is unchanged at 1/2 per cent and the deposit rate is 1/4 per cent. Global economic and financial developments have been broadly in line with the Bank's expectations. Following a deep, synchronous recession, recent indicators point to the start of recovery in major economies, supported by aggressive policy stimulus and the stabilization of global financial markets. In Canada, economic growth, the output gap, and inflation in the first half of 2009 have evolved largely as expected in the Bank's July Monetary Policy Report (MPR). Stimulative monetary and fiscal policies, improved financial conditions, firmer commodity prices, and a rebound in business and consumer confidence are supporting domestic demand growth in Canada. Combined with recent information on inventory adjustments and automotive production, this suggests that GDP growth in the second half of 2009 could be stronger than the Bank projected in July. Total CPI inflation is still expected to trough in the current quarter before returning to the 2 per cent target in the second quarter of 2011 as aggregate supply and demand return to balance. Conditional on the outlook for inflation, the target overnight rate can be expected to remain at its current level until the end of the second quarter of 2010 in order to achieve the inflation target. While the underlying macroeconomic risks to the projection are roughly balanced, the Bank judges that, as a consequence of operating at the effective lower bound, the overall risks to its inflation projection are tilted slightly to the downside. Persistent strength in the Canadian dollar remains a risk to growth and to the return of inflation to target. In its conduct of monetary policy at low interest rates, the Bank retains considerable flexibility, consistent with the framework outlined in the April MPR. Information note: The next scheduled date for announcing the overnight rate target is 20 October 2009. A full update of the Bank's outlook for the economy and inflation, including risks to the projection, will be published in the MPR on 22 October 2009.",0.0
2009-10-20,https://www.bankofcanada.ca/2009/10/fad-press-release-2009-10-20/,Bank of Canada maintains overnight rate target at 1/4 per cent and reiterates conditional commitment to hold current policy rate until the end of the second quarter of 2010,0.25,487,20,2954,"The Bank of Canada today announced that it is maintaining its target for the overnight rate at 1/4 per cent. The Bank Rate is unchanged at 1/2 per cent and the deposit rate is 1/4 per cent. Recent indicators point to the start of a global recovery from a deep, synchronous recession. Global economic and financial developments have been somewhat more favourable than expected at the time of the July Monetary Policy Report (MPR), although significant fragilities remain. A recovery in economic activity is also under way in Canada. This resumption of growth is supported by monetary and fiscal stimulus, increased household wealth, improving financial conditions, higher commodity prices, and stronger business and consumer confidence. However, heightened volatility and persistent strength in the Canadian dollar are working to slow growth and subdue inflation pressures. The current strength in the dollar is expected, over time, to more than fully offset the favourable developments since July. Given all of these factors, the Bank now projects that, relative to the July MPR, the composition of aggregate demand will shift further towards final domestic demand and away from net exports. Growth is expected to be slightly higher in the second half of this year than previously projected but to average slightly lower over the balance of the projection period. The Canadian economy is projected to grow by 3.0 per cent in 2010 and 3.3 per cent in 2011, after contracting by 2.4 per cent this year. This is a somewhat more modest recovery in Canada than the average of previous economic cycles. The Bank now expects that the output gap will be closed in the third quarter of 2011, one quarter later than it had projected in July. Correspondingly, inflation is also expected to return to the 2 per cent target in the third quarter of 2011, one quarter later than in July's projection. While the underlying macroeconomic risks to the projection are roughly balanced, the Bank judges that, as a consequence of operating at the effective lower bound, the overall risks to its inflation projection are tilted slightly to the downside. Conditional on the outlook for inflation, the target overnight rate can be expected to remain at its current level until the end of the second quarter of 2010 in order to achieve the inflation target. Consistent with this conditional commitment, the Bank will continue to conduct longer-term Purchase and Resale Agreements based on existing terms and conditions and according to the accompanying schedule . In its conduct of monetary policy at low interest rates, the Bank retains considerable flexibility, consistent with the framework outlined in the April MPR. Information note: A full update of the Bank's outlook for the economy and inflation, including risks to the projection, will be published in the MPR on Thursday, 22 October. The next scheduled date for announcing the overnight rate target is 8 December 2009.",0.0
2009-12-08,https://www.bankofcanada.ca/2009/12/fad-press-release-2009-12-08/,Bank of Canada maintains overnight rate target at 1/4 per cent and reiterates conditional commitment to hold current policy rate until the end of the second quarter of 2010,0.25,412,17,2468,"The Bank of Canada today announced that it is maintaining its target for the overnight rate at 1/4 per cent. The Bank Rate is unchanged at 1/2 per cent and the deposit rate is 1/4 per cent. While significant fragilities remain, global economic developments have been slightly more positive and the global outlook has improved modestly relative to the Bank's projection in its October Monetary Policy Report (MPR). In Canada, as expected, the composition of aggregate demand is shifting towards final domestic demand and away from net exports. In the third quarter, the balance of these shifts resulted in weaker-than-projected GDP growth. Core inflation in recent months has been slightly higher than the Bank had projected, although total CPI inflation remains close to projections. The main drivers and the profile of the projected recovery in Canada remain consistent with the Bank's views in the October MPR. The Bank continues to expect economic growth to become more solidly entrenched over the projection period and inflation to return to the 2 per cent target in the second half of 2011. Conditional on the outlook for inflation, the target overnight rate can be expected to remain at its current level until the end of the second quarter of 2010 in order to achieve the inflation target. In its conduct of monetary policy at low interest rates, the Bank retains considerable flexibility, consistent with the framework outlined in the April MPR. The risks to the outlook for inflation continue to be those outlined in the October MPR. On the upside, the main risks are stronger-than-projected global and domestic demand. On the downside, the main risks are a more protracted global recovery and persistent strength in the Canadian dollar that could act as a significant further drag on growth and put additional downward pressure on inflation. The Bank views all of these risks through the prism of achieving the 2 per cent inflation target. While the underlying macroeconomic risks to the projection are roughly balanced, the Bank judges that, as a consequence of operating at the effective lower bound, the overall risks to its inflation projection are tilted slightly to the downside. Information note: The next scheduled date for announcing the overnight rate target is 19 January 2010. A full update of the Bank's outlook for the economy and inflation, including risks to the projection, will be published in the Monetary Policy Report on 21 January 2010.",0.0
2010-01-19,https://www.bankofcanada.ca/2010/01/fad-press-release-2010-01-19/,Bank of Canada maintains overnight rate target at 1/4 per cent and reiterates conditional commitment to hold current policy rate until the end of the second quarter of 2010,0.25,578,23,3497,"The Bank of Canada today announced that it is maintaining its target for the overnight rate at 1/4 per cent. The Bank Rate is unchanged at 1/2 per cent and the deposit rate is 1/4 per cent. The global economic recovery is under way, supported by continued improvements in financial conditions and stronger domestic demand growth in many emerging-market economies. While the outlook for global growth through 2010 and 2011 is somewhat stronger than the Bank had projected in its October Monetary Policy Report , the recovery continues to depend on exceptional monetary and fiscal stimulus, as well as extraordinary measures taken to support financial systems. Economic growth in Canada resumed in the third quarter of 2009 and is expected to have picked up further in the fourth quarter. Total CPI inflation turned positive in the fourth quarter and the core rate of inflation has been slightly higher than expected in recent months. Nevertheless, considerable excess supply remains, and the Bank judges that the economy was operating about 3 ¼ per cent below its production capacity in the fourth quarter of 2009. Canada's economic recovery is expected to evolve largely as anticipated in the October MPR, with the economy returning to full capacity and inflation to the 2 per cent target in the third quarter of 2011. The Bank projects that the economy will grow by 2.9 per cent in 2010 and 3.5 per cent in 2011, after contracting by 2.5 per cent in 2009. The factors shaping the recovery are largely unchanged - policy support, increased confidence, improving financial conditions, global growth, and higher terms of trade. At the same time, the persistent strength of the Canadian dollar and the low absolute level of U.S. demand continue to act as significant drags on economic activity in Canada. On balance, these factors have shifted the composition of aggregate demand towards growth in domestic demand and away from net exports. The private sector should become the sole driver of domestic demand growth in 2011. Conditional on the outlook for inflation, the target overnight rate can be expected to remain at its current level until the end of the second quarter of 2010 in order to achieve the inflation target. Consistent with this conditional commitment, the Bank will continue to conduct term Purchase and Resale Agreements based on existing terms and conditions and according to the accompanying schedule . In its conduct of monetary policy at low interest rates, the Bank retains considerable flexibility, consistent with the framework outlined in the April 2009 MPR. The risks to the outlook for inflation continue to be those outlined in the October MPR. On the upside, the main risks are stronger-than-projected global and domestic demand. On the downside, the main risks are a more protracted global recovery and persistent strength of the Canadian dollar that could act as a significant further drag on growth and put additional downward pressure on inflation. While the underlying macroeconomic risks to the projection are roughly balanced, the Bank judges that, as a consequence of operating at the effective lower bound, the overall risks to its inflation projection are tilted slightly to the downside. Information note: A full update of the Bank's outlook for the economy and inflation, including risks to the projection, will be published in the Monetary Policy Report on 21 January 2010. The next scheduled date for announcing the overnight rate target is 2 March 2010.",0.0
2010-04-20,https://www.bankofcanada.ca/2010/04/fad-press-release-2010-04-20/,Bank of Canada maintains overnight rate target at 1/4 per cent; removes conditional commitment,0.25,562,24,3426,"The Bank of Canada today announced that it is maintaining its target for the overnight rate at 1/4 per cent. The Bank Rate is unchanged at 1/2 per cent and the deposit rate is 1/4 per cent. Global economic growth has been somewhat stronger than projected, with momentum in emerging-market economies increasing noticeably. Exceptional stimulus from monetary and fiscal policies continues to provide important support in many countries. The recovery in the major advanced economies is still expected to be relatively subdued, reflecting ongoing balance sheet adjustments and the gradual withdrawal of fiscal stimulus commencing later this year. Despite recent progress, considerable uncertainty remains about the durability of the global recovery. In Canada, the economic recovery is proceeding somewhat more rapidly than the Bank had projected in its January Monetary Policy Report (MPR). The profile for growth is more front-loaded than that presented in the January MPR. The Bank now projects that the economy will grow by 3.7 per cent in 2010 before slowing to 3.1 per cent in 2011 and 1.9 per cent in 2012. This profile reflects stronger near-term global growth, very strong housing activity in Canada, and the Bank’s assessment that policy stimulus resulted in more expenditures being brought forward in late 2009 and early 2010 than expected. At the same time, the persistent strength of the Canadian dollar, Canada’s poor relative productivity performance, and the low absolute level of U.S. demand will continue to act as significant drags on economic activity in Canada. The Bank expects the economy to return to full capacity in the second quarter of 2011. The outlook for inflation reflects the combined influences of stronger domestic demand, slowing wage growth, and overall excess supply. Core inflation, which has been somewhat firmer than projected in January, is expected to ease slightly in the second quarter of 2010 as the effect of temporary factors dissipates, and to remain near 2 per cent throughout the rest of the projection period. Total CPI inflation is expected to be slightly higher than 2 per cent over the coming year, before returning to the target in the second half of 2011. In response to the sharp, synchronous global recession, the Bank lowered its target rate rapidly over the course of 2008 and early 2009 to its lowest possible level. With its conditional commitment introduced in April 2009, the Bank also provided exceptional guidance on the likely path of its target rate. This unconventional policy provided considerable additional stimulus during a period of very weak economic conditions and major downside risks to the global and Canadian economies. With recent improvements in the economic outlook, the need for such extraordinary policy is now passing, and it is appropriate to begin to lessen the degree of monetary stimulus. The extent and timing will depend on the outlook for economic activity and inflation, and will be consistent with achieving the 2 per cent inflation target. In accordance with the removal of the conditional commitment, there will be no additional term Purchase and Resale Agreements issued by the Bank. Information note: A full update of the Bank’s outlook for the economy and inflation, including risks to the projection, will be published in the MPR on 22 April 2010. The next scheduled date for announcing the overnight rate target is 1 June 2010.",0.0
2010-06-01,https://www.bankofcanada.ca/2010/06/fad-press-release-2010-06-01/,Bank of Canada increases overnight rate target to 1/2 per cent and re-establishes normal functioning of the overnight market,0.5,442,20,2741,"The Bank of Canada today announced that it is raising its target for the overnight rate by one-quarter of one percentage point to 1/2 per cent. The Bank Rate is correspondingly raised to 3/4 per cent and the deposit rate is kept at 1/4 per cent, thus re-establishing the normal operating band of 50 basis points for the overnight rate. The global economic recovery is proceeding but is increasingly uneven across countries, with strong momentum in emerging market economies, some consolidation of the recovery in the United States, Japan and other industrialized economies, and the possibility of renewed weakness in Europe. The required rebalancing of global growth has not yet materialized. In most advanced economies, the recovery remains heavily dependent on monetary and fiscal stimulus. In general, broad forces of household, bank, and sovereign deleveraging will add to the variability, and temper the pace, of global growth. Recent tensions in Europe are likely to result in higher borrowing costs and more rapid tightening of fiscal policy in some countries – an important downside risk identified in the April Monetary Policy Report (MPR). Thus far, the spillover into Canada from events in Europe has been limited to a modest fall in commodity prices and some tightening of financial conditions. Activity in Canada is unfolding largely as expected. The economy grew by a robust 6.1 per cent in the first quarter, led by housing and consumer spending. Employment growth has resumed. Going forward, household spending is expected to decelerate to a pace more consistent with income growth. The anticipated pickup in business investment will be important for a more balanced recovery. CPI inflation has been in line with the Bank’s April projections. The outlook for inflation reflects the combined influences of strong domestic demand, slowing wage growth, and overall excess supply. In this context, the Bank has decided to raise the target for the overnight rate to 1/2 per cent and to re-establish the normal functioning of the overnight market . This decision still leaves considerable monetary stimulus in place, consistent with achieving the 2 per cent inflation target in light of the significant excess supply in Canada, the strength of domestic spending, and the uneven global recovery. Given the considerable uncertainty surrounding the outlook, any further reduction of monetary stimulus would have to be weighed carefully against domestic and global economic developments. Information note: The next scheduled date for announcing the overnight rate target is 20 July 2010. A full update of the Bank’s outlook for the economy and inflation, including risks to the projection, will be published in the MPR on 22 July 2010.",25.0
2010-07-20,https://www.bankofcanada.ca/2010/07/fad-press-release-2010-07-20/,Bank of Canada increases overnight rate target to 3/4 per cent,0.75,505,21,3038,"The Bank of Canada today announced that it is raising its target for the overnight rate by one-quarter of one percentage point to 3/4 per cent. The Bank Rate is correspondingly 1 per cent and the deposit rate is 1/2 per cent. The global economic recovery is proceeding but is not yet self-sustaining. Greater emphasis on balance sheet repair by households, banks, and governments in a number of advanced economies is expected to temper the pace of global growth relative to the Bank's outlook in its April Monetary Policy Report (MPR). While the policy response to the European sovereign debt crisis has reduced the risk of an adverse outcome and increased the prospect of sustainable long term growth, it is expected to slow the global recovery over the projection horizon. In the United States, private demand is picking up but remains uneven. Economic activity in Canada is unfolding largely as expected, led by government and consumer spending. Housing activity is declining markedly from high levels, consistent with the Bank's view that policy stimulus resulted in household expenditures being brought forward into late 2009 and early 2010. While employment growth has resumed, business investment appears to be held back by global uncertainties and has yet to recover from its sharp contraction during the recession. The Bank expects the economic recovery in Canada to be more gradual than it had projected in its April MPR, with growth of 3.5 per cent in 2010, 2.9 per cent in 2011, and 2.2 per cent in 2012. This revision reflects a slightly weaker profile for global economic growth and more modest consumption growth in Canada. The Bank anticipates that business investment and net exports will make a relatively larger contribution to growth. Inflation in Canada has been broadly in line with the Bank's April projection. While the Bank now expects the economy to return to full capacity at the end of 2011, two quarters later than had been anticipated in April, the underlying dynamics for inflation are little changed. Both total CPI and core inflation are expected to remain near 2 per cent throughout the projection period. The Bank will look through the transitory effects on inflation of changes to provincial indirect taxes. Reflecting all of these factors, the Bank has decided to raise the target for the overnight rate to 3/4 per cent. This decision leaves considerable monetary stimulus in place, consistent with achieving the 2 per cent inflation target in light of the significant excess supply in Canada, the strength of domestic spending, and the uneven global recovery. Given the considerable uncertainty surrounding the outlook, any further reduction of monetary stimulus would have to be weighed carefully against domestic and global economic developments. Information note: A full update of the Bank's outlook for the economy and inflation, including risks to the projection, will be published in the MPR on 22 July 2010. The next scheduled date for announcing the overnight rate target is 8 September 2010.",25.0
2010-09-08,https://www.bankofcanada.ca/2010/09/fad-press-release-2010-09-08/,Bank of Canada increases overnight rate target to 1 per cent,1.0,338,16,2074,"The Bank of Canada today announced that it is raising its target for the overnight rate by one-quarter of one percentage point to 1 per cent. The Bank Rate is correspondingly 1 1/4 per cent and the deposit rate is 3/4 per cent. The global economic recovery is proceeding but remains uneven, balancing strong activity in emerging market economies with weak growth in some advanced economies. In the United States, the recovery in private demand is being held back by high unemployment and recent indicators suggest a more muted recovery in the near term. Economic activity in Canada was slightly softer in the second quarter than the Bank had expected, although consumption and investment have evolved largely as anticipated. Going forward, consumption growth is expected to remain solid and business investment to rise strongly. Both are being supported by accommodative credit conditions, which have eased in recent weeks mainly owing to sharp declines in global bond yields. The Bank now expects the economic recovery in Canada to be slightly more gradual than it had projected in its July Monetary Policy Report (MPR), largely reflecting a weaker profile for U.S. activity. Inflation in Canada has been broadly in line with the Bank's expectations and its dynamics are essentially unchanged. Against this backdrop, the Bank decided to increase its target for the overnight rate to 1 per cent. As a result of monetary policy measures taken since April, financial conditions in Canada have tightened modestly but remain exceptionally stimulative. This is consistent with achieving the 2 per cent inflation target in an environment of significant excess supply in Canada. Any further reduction in monetary policy stimulus would need to be carefully considered in light of the unusual uncertainty surrounding the outlook. Information note: The next scheduled date for announcing the overnight rate target is 19 October 2010. A full update of the Bank’s outlook for the economy and inflation, including risks to the projection, will be published in the MPR on 20 October 2010.",25.0
2010-10-19,https://www.bankofcanada.ca/2010/10/fad-press-release-2010-10-19/,Bank of Canada maintains overnight rate target at 1 per cent,1.0,593,24,3650,"The Bank of Canada today announced that it is maintaining its target for the overnight rate at 1 per cent. The Bank Rate is correspondingly 1 1/4 per cent and the deposit rate is 3/4 per cent. The global economic recovery is entering a new phase. In advanced economies, temporary factors supporting growth in 2010 - such as the inventory cycle and pent-up demand - have largely run their course and fiscal stimulus will shift to fiscal consolidation over the projection horizon. While the Bank expects that private demand in advanced economies will become sufficiently entrenched to sustain the recovery, the combination of difficult labour market dynamics and ongoing deleveraging in many advanced economies is expected to moderate the pace of growth relative to prior expectations. These factors will contribute to a weaker-than-projected recovery in the United States in particular. Growth in emerging-market economies is expected to ease to a more sustainable pace as fiscal and monetary policies are tightened. Heightened tensions in currency markets and related risks associated with global imbalances could result in a more protracted and difficult global recovery. The economic outlook for Canada has changed. The Bank expects the economic recovery to be more gradual than it had projected in its July Monetary Policy Report , with growth of 3.0 per cent in 2010, 2.3 per cent in 2011, and 2.6 per cent in 2012. This more modest growth profile reflects a more gradual global recovery and a more subdued profile for household spending. With housing activity declining markedly as anticipated and household debt considerations becoming more important, the Bank expects household expenditures to decelerate to a pace closer to the rate of income growth over the projection horizon. Overall, the composition of demand in Canada is expected to shift away from government and household expenditures towards business investment and net exports. The strength of net exports will be sensitive to currency movements, the expected recovery in productivity growth, and the prospects for external demand. Inflation in Canada has been slightly below the Bank’s July projection. The recent moderation in core inflation is consistent with the persistence of significant excess supply and a deceleration in the growth of unit labour costs. The Bank judges that the output gap is slightly larger and that the economy will return to full capacity by the end of 2012 rather than the beginning of that year, as had been anticipated in July. The inflation outlook has been revised down and both total CPI and core inflation are now expected to converge to 2 per cent by the end of 2012, as excess supply in the economy is gradually absorbed and inflation expectations remain well-anchored. Reflecting all of these factors, the Bank has decided to maintain the target for the overnight rate at 1 per cent. This leaves considerable monetary stimulus in place, consistent with achieving the 2 per cent inflation target in an environment of significant excess supply in Canada. At this time of transition in the global recovery, with a weaker U.S. outlook, constraints beginning to moderate growth in emerging-market economies, and domestic considerations that are expected to slow consumption and housing activity in Canada, any further reduction in monetary policy stimulus would need to be carefully considered. Information note: A full update of the Bank’s outlook for the economy and inflation, including risks to the projection, will be published in the MPR on 20 October 2010. The next scheduled date for announcing the overnight rate target is 7 December 2010.",0.0
2010-12-07,https://www.bankofcanada.ca/2010/12/fad-press-release-2010-12-07/,Bank of Canada maintains overnight rate target at 1 per cent,1.0,342,16,2135,"The Bank of Canada today announced that it is maintaining its target for the overnight rate at 1 per cent. The Bank Rate is correspondingly 1 1/4 per cent and the deposit rate is 3/4 per cent. The global economic recovery is proceeding largely as expected, although risks have increased. As anticipated, private domestic demand in the United States is picking up slowly, while growth in emerging-market economies has begun to ease to a more sustainable, but still robust, pace. In Europe, recent data have been consistent with a modest recovery. At the same time, there is an increased risk that sovereign debt concerns in several countries could trigger renewed strains in global financial markets. The recovery in Canada is proceeding at a moderate pace, although economic activity in the second half of 2010 appears slightly weaker than the Bank projected in its October Monetary Policy Report . In the third quarter, household spending was stronger than the Bank had anticipated and growth in business investment was robust. However, net exports were weaker than projected and continued to exert a significant drag on growth. This underlines a previously-identified risk that a combination of disappointing productivity performance and persistent strength in the Canadian dollar could dampen the expected recovery of net exports. Inflation dynamics in Canada have been broadly in line with the Bank's expectations and the underlying pressures affecting prices remain largely unchanged. Reflecting all of these factors, the Bank has decided to maintain the target for the overnight rate at 1 per cent. This leaves considerable monetary stimulus in place, consistent with achieving the 2 per cent inflation target in an environment of significant excess supply in Canada. Any further reduction in monetary policy stimulus would need to be carefully considered. Information note: The next scheduled date for announcing the overnight rate target is 18 January 2011. A full update of the Bank’s outlook for the economy and inflation, including risks to the projection, will be published in the Monetary Policy Report on 19 January 2011.",0.0
2011-01-18,https://www.bankofcanada.ca/2011/01/fad-press-release-2011-01-18/,Bank of Canada maintains overnight rate target at 1 per cent,1.0,537,26,3349,"The Bank of Canada today announced that it is maintaining its target for the overnight rate at 1 per cent. The Bank Rate is correspondingly 1 1/4 per cent and the deposit rate is 3/4 per cent. The global economic recovery is proceeding at a somewhat faster pace than the Bank had anticipated, although risks remain elevated. Private domestic demand in the United States has picked up and will be reinforced by recently announced monetary and fiscal stimulus. European growth has also been slightly stronger than anticipated. Ongoing challenges associated with sovereign and bank balance sheets will limit the pace of the European recovery and are a significant source of uncertainty to the global outlook. In response to overheating, some emerging markets have begun to implement more restrictive policy measures. Their effectiveness will influence the path of commodity prices, which have increased significantly since the October Monetary Policy Report (MPR), largely reflecting stronger global growth. The recovery in Canada is proceeding broadly as anticipated, with a period of more modest growth and the beginning of the expected rebalancing of demand. The contribution of government spending is expected to wind down this year, consistent with announced fiscal plans. Stretched household balance sheets are expected to restrain the pace of consumption growth and residential investment. In contrast, business investment will likely continue to rebound strongly, owing to stimulative financial conditions and competitive imperatives. Net exports are projected to contribute more to growth going forward, supported by stronger U.S. activity and global demand for commodities. However, the cumulative effects of the persistent strength in the Canadian dollar and Canada’s poor relative productivity performance are restraining this recovery in net exports and contributing to a widening of Canada’s current account deficit to a 20-year high. Overall, the Bank projects the economy will expand by 2.4 per cent in 2011 and 2.8 per cent in 2012 – a slightly firmer profile than had been anticipated in the October MPR. With a little more excess supply in the near term, the Bank continues to expect that the economy will return to full capacity by the end of 2012. Underlying pressures affecting prices remain subdued, reflecting the considerable slack in the Canadian economy. Core inflation is projected to edge gradually up to 2 per cent by the end of 2012, as excess supply in the economy is slowly absorbed. Inflation expectations remain well-anchored. Total CPI inflation is being boosted temporarily by the effects of provincial indirect taxes, but is expected to converge to the 2 per cent target by the end of 2012. Reflecting all of these factors, the Bank has decided to maintain the target for the overnight rate at 1 per cent. This leaves considerable monetary stimulus in place, consistent with achieving the 2 per cent inflation target in an environment of significant excess supply in Canada. Any further reduction in monetary policy stimulus would need to be carefully considered. Information note: A full update of the Bank’s outlook for the economy and inflation, including risks to the projection, will be published in the MPR on 19 January 2011. The next scheduled date for announcing the overnight rate target is 1 March 2011.",0.0
2011-03-01,https://www.bankofcanada.ca/2011/03/fad-press-release-2011-03-01/,Bank of Canada maintains overnight rate target at 1 per cent,1.0,378,19,2438,"The Bank of Canada today announced that it is maintaining its target for the overnight rate at 1 per cent. The Bank Rate is correspondingly 1 1/4 per cent and the deposit rate is 3/4 per cent. The global economic recovery is proceeding broadly in line with the Bank’s projection in its January Monetary Policy Report (MPR), although risks remain elevated. U.S. activity is solidifying and remains supported by stimulative fiscal and monetary policies. Ongoing challenges associated with sovereign and bank balance sheets will limit the pace of the European recovery and are a significant source of uncertainty to the global outlook. Robust demand from emerging-market economies is driving the underlying strength in commodity prices, which could be further reinforced temporarily by supply shocks arising from recent geopolitical events. The recovery in Canada is proceeding slightly faster than expected, and there is more evidence of the anticipated rebalancing of demand. While consumption growth remains strong, there are signs that household spending is moving more in line with the growth in household incomes. Business investment continues to expand rapidly as companies take advantage of stimulative financial conditions and respond to competitive imperatives. There is early evidence of a recovery in net exports, supported by stronger U.S. activity and global demand for commodities. However, the export sector continues to face considerable challenges from the cumulative effects of the persistent strength in the Canadian dollar and Canada’s poor relative productivity performance. While global inflationary pressures are rising, inflation in Canada has been consistent with the Bank's expectations. Underlying pressures affecting prices remain subdued, reflecting the considerable slack in the economy. Reflecting all of these factors, the Bank has decided to maintain the target for the overnight rate at 1 per cent. This leaves considerable monetary stimulus in place, consistent with achieving the 2 per cent inflation target in an environment of significant excess supply in Canada. Any further reduction in monetary policy stimulus would need to be carefully considered. Information note: The next scheduled date for announcing the overnight rate target is 12 April 2011. A full update of the Bank’s outlook for the economy and inflation, including risks to the projection, will be published in the MPR on 13 April 2011.",0.0
2011-04-12,https://www.bankofcanada.ca/2011/04/fad-press-release-2011-04-12/,Bank of Canada maintains overnight rate target at 1 per cent,1.0,653,26,4105,"The Bank of Canada today announced that it is maintaining its target for the overnight rate at 1 per cent. The Bank Rate is correspondingly 1 1/4 per cent and the deposit rate is 3/4 per cent. As anticipated in the January Monetary Policy Report (MPR), the global economic recovery is becoming more firmly entrenched and is expected to continue at a steady pace. In the United States, growth is solidifying, although consolidation of household and ultimately government balance sheets will limit the pace of the expansion. European growth has strengthened, despite ongoing sovereign debt and banking challenges in the periphery. The disasters that struck Japan in March will severely affect its economic activity in the first half of this year and create short-term disruptions to supply chains in advanced economies. Robust demand from emerging-market economies is driving the underlying strength in commodity prices, which is being further reinforced by supply shocks arising from recent geopolitical events. These price increases, combined with persistent excess demand conditions in major emerging-market economies, are contributing to the emergence of broader global inflationary pressures. Despite the significant challenges that weigh on the global outlook, global financial conditions remain very stimulative and investors have become noticeably less risk averse. Although recent economic activity in Canada has been stronger than the Bank had anticipated, the profile is largely consistent with the underlying dynamics outlined in the January MPR. Aggregate demand is rebalancing toward business investment and net exports, and away from government and household expenditures. As in January, the Bank expects business investment to continue to rise rapidly and the growth of consumer spending to evolve broadly in line with that of personal disposable income, although higher terms of trade and wealth are likely to support a slightly stronger profile for household expenditures than previously projected. In contrast, the improvement in net exports is expected to be further restrained by ongoing competitiveness challenges, which have been reinforced by the recent strength of the Canadian dollar. Overall, the Bank projects that the economy will expand by 2.9 per cent in 2011 and 2.6 per cent in 2012. Growth in 2013 is expected to equal that of potential output, at 2.1 per cent. The Bank expects that the economy will return to capacity in the middle of 2012, two quarters earlier than had been projected in the January MPR. While underlying inflation is subdued, a number of temporary factors will boost total CPI inflation to around 3 per cent in the second quarter of 2011 before total CPI inflation converges to the 2 per cent target by the middle of 2012. This short-term volatility reflects the impact of recent sharp increases in energy prices and the ongoing boost from changes in provincial indirect taxes. Core inflation has fallen further in recent months, in part due to temporary factors. It is expected to rise gradually to 2 per cent by the middle of 2012 as excess supply in the economy is slowly absorbed, labour compensation growth stays modest, productivity recovers and inflation expectations remain well-anchored. The persistent strength of the Canadian dollar could create even greater headwinds for the Canadian economy, putting additional downward pressure on inflation through weaker-than-expected net exports and larger declines in import prices. Reflecting all of these factors, the Bank has decided to maintain the target for the overnight rate at 1 per cent. This leaves considerable monetary stimulus in place, consistent with achieving the 2 per cent inflation target in an environment of material excess supply in Canada. Any further reduction in monetary policy stimulus would need to be carefully considered. Information note: A full update of the Bank’s outlook for the economy and inflation, including risks to the projection, will be published in the MPR on 13 April 2011. The next scheduled date for announcing the overnight rate target is 31 May 2011.",0.0
2011-05-31,https://www.bankofcanada.ca/2011/05/fad-press-release-2011-05-31/,Bank of Canada maintains overnight rate target at 1 per cent,1.0,490,22,3122,"The Bank of Canada today announced that it is maintaining its target for the overnight rate at 1 per cent. The Bank Rate is correspondingly 1 1/4 per cent and the deposit rate is 3/4 per cent. The global economic recovery is proceeding broadly as expected in the Bank’s April Monetary Policy Report (MPR). The U.S. economy continues to grow at a modest pace, limited by the consolidation of household balance sheets. Growth in Europe is maintaining momentum, although the risks related to peripheral economies have increased. The disasters that struck Japan in March are severely affecting its economic activity and causing temporary supply chain disruptions in advanced economies. Commodity prices have declined recently but are expected to remain at elevated levels, supported by tight global supply and very strong demand from emerging markets. These high prices, combined with persistent excess demand conditions in major emerging-market economies, are contributing to broader global inflationary pressures. Despite the challenges that weigh on the global outlook, financial conditions remain very stimulative. In Canada, the economic expansion is proceeding largely as expected in the April MPR. The economy grew at an annual rate of 3.9 per cent in the first quarter, reflecting continued strong business investment, smaller contributions from household and government spending, and a modest drag from net exports. Although temporary supply chain disruptions are expected to restrain growth sharply in the current quarter, this is expected to be unwound in subsequent quarters. While underlying inflation is relatively subdued, the Bank expects that high energy prices and changes in provincial indirect taxes will keep total CPI inflation above 3 per cent in the short term. Total CPI inflation is expected to converge with core inflation at 2 per cent by the middle of 2012 as excess supply in the economy is gradually absorbed, labour compensation growth stays modest, productivity recovers and inflation expectations remain well-anchored. The possibility of greater momentum in household borrowing and spending in Canada represents an upside risk to inflation. On the other hand, the persistent strength of the Canadian dollar could create even greater headwinds for the Canadian economy, putting additional downward pressure on inflation through weaker-than-expected net exports and larger declines in import prices. Reflecting all of these factors, the Bank has decided to maintain the target for the overnight rate at 1 per cent. To the extent that the expansion continues and the current material excess supply in the economy is gradually absorbed, some of the considerable monetary policy stimulus currently in place will be eventually withdrawn, consistent with achieving the 2 per cent inflation target. Such reduction would need to be carefully considered. Information note: The next scheduled date for announcing the overnight rate target is 19 July 2011. A full update of the Bank’s outlook for the economy and inflation, including risks to the projection, will be published in the MPR on 20 July 2011.",0.0
2011-07-19,https://www.bankofcanada.ca/2011/07/fad-press-release-2011-07-19/,Bank of Canada maintains overnight rate target at 1 per cent,1.0,669,31,4245,"The Bank of Canada today announced that it is maintaining its target for the overnight rate at 1 per cent. The Bank Rate is correspondingly 1 1/4 per cent and the deposit rate is 3/4 per cent. The global economic expansion is proceeding broadly as projected in the Bank’s April Monetary Policy Report (MPR), with modest growth in major advanced economies and robust expansions in emerging economies. The U.S. economy has grown at a slower pace than expected and continues to be restrained by the consolidation of household balance sheets and slow growth in employment. While growth in core Europe has been stronger than expected, necessary fiscal austerity measures in a number of countries will restrain growth over the projection horizon. The Japanese economy has begun to recover from the disasters that struck in March, although the level of economic activity in that country will remain below previous expectations. In contrast, growth in emerging-market economies, particularly China, remains very strong. As a consequence, commodity prices are expected to remain at elevated levels, following recent declines. These high prices, combined with persistent excess demand in major emerging-market economies, are contributing to broader global inflationary pressures. Widespread concerns over sovereign debt have increased risk aversion and volatility in financial markets. In Canada, the economic expansion is proceeding largely as projected, although the expected rotation of demand is somewhat slower than had been anticipated. Household spending remains solid and business investment robust. Net exports remain weak, reflecting modest U.S. demand and ongoing competitiveness challenges, particularly the persistent strength of the Canadian dollar. Despite increased global risk aversion, financial conditions in Canada remain very stimulative and private credit growth is strong. Following an anticipated slowdown in growth during the second quarter due to temporary supply chain disruptions and the impact of higher energy prices on consumption, the Bank expects growth in Canada to re-accelerate in the second half of 2011. Over the projection horizon, business investment is expected to remain strong, household spending to grow more in line with disposable income, and net exports to become more supportive of growth. Relative to the April projection, growth in household spending is now projected to be slightly firmer, reflecting higher household income, and net exports to be slightly weaker, reflecting more subdued U.S. activity. Overall, the Bank projects the economy will expand by 2.8 per cent in 2011, 2.6 per cent in 2012, and 2.1 per cent in 2013, returning to capacity in the middle of 2012. Total CPI inflation is expected to remain above 3 per cent in the near term, largely reflecting temporary factors such as significantly higher food and energy prices. Core inflation is slightly firmer than anticipated, owing to temporary factors and to more persistent strength in the prices of some services. Core inflation is now expected to remain around 2 per cent over the projection horizon. Total CPI inflation is expected to return to the 2 per cent target by the middle of 2012 as temporary factors unwind, excess supply in the economy is gradually absorbed, labour compensation growth stays modest, productivity recovers, and inflation expectations remain well-anchored. The Bank’s projection assumes that authorities are able to contain the ongoing European sovereign debt crisis, although there are clear risks around this outcome. Reflecting all of these factors, the Bank has decided to maintain the target for the overnight rate at 1 per cent. To the extent that the expansion continues and the current material excess supply in the economy is gradually absorbed, some of the considerable monetary policy stimulus currently in place will be withdrawn, consistent with achieving the 2 per cent inflation target. Such reduction would need to be carefully considered. Information note: A full update of the Bank’s outlook for the economy and inflation, including risks to the projection, will be published in the MPR on 20 July 2011. The next scheduled date for announcing the overnight rate target is 7 September 2011.",0.0
2011-09-07,https://www.bankofcanada.ca/2011/09/fad-press-release-2011-09-07/,Bank of Canada maintains overnight rate target at 1 per cent,1.0,543,27,3544,"The Bank of Canada today announced that it is maintaining its target for the overnight rate at 1 per cent. The Bank Rate is correspondingly 1 1/4 per cent and the deposit rate is 3/4 per cent. The global economic outlook has deteriorated in recent weeks as several downside risks to the projection in the Bank’s July Monetary Policy Report (MPR) have been realized. The European sovereign debt crisis has intensified, a broad range of data has signalled slower global growth, and financial market volatility has increased sharply. Recent benchmark revisions show that the U.S. recession was deeper and its recovery has been shallower than previously reported. In combination with recent economic data, this implies that U.S. growth will be weaker than previously anticipated. The Bank expects that American household spending will be even more subdued in the face of high personal debt burdens, large declines in wealth and tough labour market conditions. Fiscal stimulus in the United States will also soon turn into material fiscal drag. Acute fiscal and financial strains in Europe have triggered a generalized retrenchment from risk-taking and could prompt more severe dislocations in global financial markets. Resolution of these strains will require additional significant initiatives by European authorities. Growth in emerging-market economies has been robust, although its rate and composition will be affected by weakness in major advanced economies. While commodity prices have declined owing to diminished global growth prospects, they remain relatively high. Largely due to temporary factors, Canadian economic growth stalled in the second quarter. The Bank continues to expect that growth will resume in the second half of this year, led by business investment and household expenditures, although lower wealth and incomes will likely moderate the pace of investment and consumption growth. The supply and price of credit to businesses and households remain very stimulative. However, financial conditions in Canada have tightened somewhat and could tighten further in the event that global financial conditions continue to deteriorate. Net exports are now expected to remain a major source of weakness, reflecting more modest global demand and ongoing competitiveness challenges, in particular the persistent strength of the Canadian dollar. Slower global economic momentum will dampen domestic resource utilization and inflationary pressures. The Bank expects total CPI inflation to continue to moderate as temporary factors, such as significantly higher food and energy prices, unwind. Core inflation is expected to remain well-contained as labour compensation growth stays modest, productivity recovers, and inflation expectations remain well-anchored. Reflecting all of these factors, the Bank has decided to maintain the target for the overnight rate at 1 per cent. In light of slowing global economic momentum and heightened financial uncertainty, the need to withdraw monetary policy stimulus has diminished. The Bank will continue to monitor carefully economic and financial developments in the Canadian and global economies, together with the evolution of risks, and set monetary policy consistent with achieving the 2 per cent inflation target over the medium term. Information note: The next scheduled date for announcing the overnight rate target is 25 October 2011. A full update of the Bank’s outlook for the economy and inflation, including risks to the projection, will be published in the MPR on 26 October 2011.",0.0
2011-10-25,https://www.bankofcanada.ca/2011/10/fad-press-release-2011-10-25/,Bank of Canada maintains overnight rate target at 1 per cent,1.0,773,30,4905,"The Bank of Canada today announced that it is maintaining its target for the overnight rate at 1 per cent. The Bank Rate is correspondingly 1 1/4 per cent and the deposit rate is 3/4 per cent. The global economy has slowed markedly as several downside risks to the projection outlined in the Bank’s July Monetary Policy Report (MPR) have been realized. Financial market volatility has increased and there has been a generalized retrenchment from risk-taking across global markets. The combination of ongoing deleveraging by banks and households, increased fiscal austerity and declining business and consumer confidence is expected to restrain growth across the advanced economies. The Bank now expects that the euro area—where these dynamics are most acute—will experience a brief recession. The Bank’s base-case scenario assumes that the euro-area crisis will be contained, although this assumption is clearly subject to downside risks. In the United States, diminished household confidence, tighter financial conditions and increased fiscal drag are expected to result in weak real GDP growth through the first half of 2012, before growth strengthens gradually thereafter. In Japan, reconstruction activity is projected to boost growth over 2012-13, although Japan’s economy will be constrained by reduced global activity and the sharp appreciation of the yen. Growth in China and other emerging-market economies is projected to moderate to a more sustainable pace in response to weaker external demand and the lagged effects of past policy tightening. These developments, combined with recent declines in commodity prices, are expected to dampen global inflationary pressures. The outlook for the Canadian economy has weakened since July, with the significantly less favourable external environment affecting Canada through financial, confidence and trade channels. Although Canadian growth rebounded in the third quarter with the unwinding of temporary factors, underlying economic momentum has slowed and is expected to remain modest through the middle of next year. Domestic demand is expected to remain the principal driver of growth over the projection horizon, though at a more subdued pace than previously anticipated. Household expenditures are now projected to grow relatively modestly as lower commodity prices and heightened volatility in financial markets weigh on the incomes, wealth and confidence of Canadian households. Business fixed investment is still expected to grow solidly in response to very stimulative financial conditions and heightened competitive pressures, although it will be dampened by the weaker and more uncertain global economic environment. Net exports are expected to remain a source of weakness, owing to sluggish foreign demand and ongoing competitiveness challenges, including the persistent strength of the Canadian dollar. Overall, the Bank expects that growth in Canada will be slow through mid-2012 before picking up as the global economic environment improves, uncertainty dissipates and confidence increases. The Bank projects that the economy will expand by 2.1 per cent in 2011, 1.9 per cent in 2012, and 2.9 per cent in 2013. The weaker economic outlook implies greater and more persistent economic slack than previously anticipated, with the Canadian economy now expected to return to full capacity by the end of 2013. As a result, core inflation is expected to be slightly softer than previously expected, declining through 2012 before returning to 2 percent by the end of 2013. The projection for total CPI inflation has also been revised down, reflecting the recent reversal of earlier sharp increases in world energy prices as well as modestly weaker core inflation. Total CPI inflation is expected to trough around 1 per cent by the middle of 2012 before rising with core inflation to the two per cent target by the end of 2013, as excess supply in the economy is slowly absorbed. Several significant upside and downside risks are present in the inflation outlook for Canada. Overall, the Bank judges that these risks are roughly balanced over the projection horizon. Reflecting all of these factors, the Bank has decided to maintain the target for the overnight rate at 1 per cent. With the target interest rate near historic lows and the financial system functioning well, there is considerable monetary policy stimulus in Canada. The Bank will continue to monitor carefully economic and financial developments in the Canadian and global economies, together with the evolution of risks, and set monetary policy consistent with achieving the 2 per cent inflation target over the medium term. Information note A full update of the Bank’s outlook for the economy and inflation, including risks to the projection, will be published in the MPR on 26 October 2011. The next scheduled date for announcing the overnight rate target is 6 December 2011.",0.0
2011-12-06,https://www.bankofcanada.ca/2011/12/fad-press-release-2011-12-06/,Bank of Canada maintains overnight rate target at 1 per cent,1.0,477,21,2996,"The Bank of Canada today announced that it is maintaining its target for the overnight rate at 1 per cent. The Bank Rate is correspondingly 1 1/4 per cent and the deposit rate is 3/4 per cent. Uncertainty around the global economic outlook has increased in the weeks since the Bank released its October Monetary Policy Report (MPR). Conditions in global financial markets have deteriorated as the sovereign debt crisis in Europe has deepened. Additional measures will be required to contain the European crisis. The recession in Europe is now expected to be more pronounced than the Bank had anticipated in October, as a result of increased deleveraging and tighter financial conditions, as well as necessary fiscal austerity and structural reforms. Recent economic data suggest that growth in the United States has been slightly more robust than anticipated, largely as a result of continued vigour in consumer spending and business investment. Nonetheless, household deleveraging, fiscal consolidation and negative spillover effects from the European crisis are all expected to weigh on U.S. growth. Growth in China and other emerging-market economies continues to be strong, although there are signs that it is moderating to a more sustainable pace in response to weaker external demand and the lagged effects of past policy tightening. On balance, recent economic indicators in Canada suggest that growth in the second half of this year is slightly stronger than the Bank projected in October. Household expenditures have more momentum than had been expected and business investment remains solid. Going forward, the weaker external outlook is expected to dampen GDP growth in Canada through financial, confidence and trade channels. The economy also continues to face competitiveness challenges, including the persistent strength of the Canadian dollar. Although total CPI inflation has been slightly higher than projected, the Bank continues to expect the inflation rate to decline as a result of reduced pressures from food and energy prices and ongoing excess supply in the economy. Core inflation has also been slightly firmer than projected and is expected to ease as the output gap persists well into 2013. Reflecting all of these factors, the Bank has decided to maintain the target for the overnight rate at 1 per cent. With the target interest rate near historic lows and the financial system functioning well, there is considerable monetary policy stimulus in Canada. The Bank will continue to monitor carefully economic and financial developments in the Canadian and global economies, together with the evolution of risks, and set monetary policy consistent with achieving the 2 per cent inflation target over the medium term. Information note: The next scheduled date for announcing the overnight rate target is 17 January 2012. A full update of the Bank’s outlook for the economy and inflation, including risks to the projection, will be published in the MPR on 18 January 2012.",0.0
2012-01-17,https://www.bankofcanada.ca/2012/01/fad-press-release-2012-01-17/,Bank of Canada maintains overnight rate target at 1 per cent,1.0,638,27,3939,"The Bank of Canada today announced that it is maintaining its target for the overnight rate at 1 per cent. The Bank Rate is correspondingly 1 1/4 per cent and the deposit rate is 3/4 per cent. The outlook for the global economy has deteriorated and uncertainty has increased since the Bank released its October Monetary Policy Report (MPR). The sovereign debt crisis in Europe has intensified, conditions in international financial markets have tightened and risk aversion has risen. The recession in Europe is now expected to be deeper and longer than the Bank had anticipated in October. The Bank continues to assume that European authorities will implement sufficient measures to contain the crisis, although this assumption is clearly subject to downside risks. In the United States, while the rebound in real GDP during the second half of 2011 was stronger than anticipated, the Bank expects the U.S. recovery will proceed at a more modest pace going forward, owing to ongoing household deleveraging, fiscal consolidation and the spillovers from Europe. Chinese growth is decelerating as expected towards a more sustainable pace. Commodity prices – with the exception of oil – are expected to be below the levels anticipated in the October MPR through 2013. The Bank’s overall outlook for the Canadian economy is little changed from the October MPR. While the economy had more momentum than anticipated in the second half of 2011, the pace of growth going forward is expected to be more modest than previously envisaged, largely due to the external environment. Prolonged uncertainty about the global economic and financial environment is likely to dampen the rate of growth of business investment, albeit to a still-solid pace. Net exports are expected to contribute little to growth, reflecting moderate foreign demand and ongoing competitiveness challenges, including the persistent strength of the Canadian dollar. In contrast, very favourable financing conditions are expected to buttress consumer spending and housing activity. Household expenditures are expected to remain high relative to GDP and the ratio of household debt to income is projected to rise further. The Bank estimates that the economy grew by 2.4 per cent in 2011 and projects that it will grow by 2.0 per cent in 2012 and 2.8 per cent in 2013. While the economy appears to be operating with less slack than previously assumed, given the more modest growth profile, the economy is only anticipated to return to full capacity by the third quarter of 2013, one quarter earlier than was expected in October. The dynamics for inflation are similar to those anticipated in the October MPR, although the profile for inflation is marginally firmer. Both total and core inflation are expected to moderate in 2012 and subsequently rise, reaching 2 per cent by the third quarter of 2013 as excess supply is slowly absorbed, labour compensation grows modestly and inflation expectations remain well-anchored. Several significant upside and downside risks are present in the inflation outlook for Canada. Overall, the Bank judges that these risks are roughly balanced over the projection horizon. Reflecting all of these factors, the Bank has decided to maintain the target for the overnight rate at 1 per cent. With the target interest rate near historic lows and the financial system functioning well, there is considerable monetary policy stimulus in Canada. The Bank will continue to monitor carefully economic and financial developments in the Canadian and global economies, together with the evolution of risks, and set monetary policy consistent with achieving the 2 per cent inflation target over the medium term. Information note: A full update of the Bank’s outlook for the economy and inflation, including risks to the projection, will be published in the MPR on 18 January 2012. The next scheduled date for announcing the overnight rate target is 8 March 2012.",0.0
2012-03-08,https://www.bankofcanada.ca/2012/03/fad-press-release-2012-03-08/,Bank of Canada maintains overnight rate target at 1 per cent,1.0,506,23,3245,"The Bank of Canada today announced that it is maintaining its target for the overnight rate at 1 per cent. The Bank Rate is correspondingly 1 1/4 per cent and the deposit rate is 3/4 per cent. The heightened uncertainty around the global economic outlook has decreased in the weeks since the Bank released its January Monetary Policy Report (MPR). With tentative signs of stabilisation in European bank funding and sovereign debt markets, conditions in global financial markets have improved and risk aversion has decreased. However, the global economy is still expected to grow below its trend rate as the deleveraging process in advanced economies proceeds. The U.S. expansion is proceeding at a modest pace, reinforced by recent improvements in the labour market. Growth in China is moderating to a still-high rate as expected, in response to past policy tightening and weaker external demand. Commodity prices are higher than anticipated, supported by improved global economic conditions and a geo-political risk premium on oil. If sustained, the latter could ultimately dampen the improvement in global economic momentum. Recent developments suggest that the outlook for the Canadian economy is marginally improved from the January MPR. Although the economy will likely grow faster than forecast in the first quarter due to temporary factors, underlying economic momentum remains around trend, balancing domestic strength and external weakness. Private demand is now expected to be slightly stronger than projected, owing to improved sentiment and highly-supportive financial conditions. Canadian household spending is expected to remain high relative to GDP as households add to their debt burden, which remains the biggest domestic risk. Net exports have been supported by stronger-than-anticipated U.S. activity but are expected to contribute little to growth, reflecting still-moderate foreign demand and ongoing competitiveness challenges, including the persistent strength of the Canadian dollar. The profile for core and total CPI inflation is somewhat firmer than previously anticipated as a result of reduced economic slack and higher oil prices. After moderating in the second quarter, total inflation is expected, along with core inflation, to be around 2 per cent over the forecast horizon, reflecting the combination of modest growth of labour compensation, an economy operating around its potential over time, and well-anchored inflation expectations. Reflecting all of these factors, the Bank has decided to maintain the target for the overnight rate at 1 per cent. With the target interest rate near historic lows and the financial system functioning well, there is considerable monetary policy stimulus in Canada. The Bank will continue to monitor carefully economic and financial developments in the Canadian and global economies, together with the evolution of risks, and set monetary policy consistent with achieving the 2 per cent inflation target over the medium term. Information note: The next scheduled date for announcing the overnight rate target is 17 April 2012. A full update of the Bank’s outlook for the economy and inflation, including risks to the projection, will be published in the MPR on 18 April 2012.",0.0
2012-04-17,https://www.bankofcanada.ca/2012/04/fad-press-release-2012-04-17/,Bank of Canada maintains overnight rate target at 1 per cent,1.0,615,28,3884,"The Bank of Canada today announced that it is maintaining its target for the overnight rate at 1 per cent. The Bank Rate is correspondingly 1 1/4 per cent and the deposit rate is 3/4 per cent. The profile for global economic growth has improved since the Bank released its January Monetary Policy Report (MPR). Europe is expected to emerge slowly from recession in the second half of 2012, although the risks around this outlook remain high. The profile for U.S. growth is slightly stronger, reflecting the balance of somewhat improved labour markets, financial conditions and confidence on the one hand, and emerging fiscal consolidation and ongoing household deleveraging on the other. Economic activity in emerging-market economies is expected to moderate to a still-robust pace over the projection horizon, supported by an easing of macroeconomic policies. Improved global economic prospects, supply disruptions and geopolitical risks have kept commodity prices elevated. In particular, the international price of oil has risen further and is now considerably higher than that received by Canadian producers. If sustained, these oil price developments could dampen the improvement in economic momentum. Overall, economic momentum in Canada is slightly firmer than the Bank had expected in January. The external headwinds facing Canada have abated somewhat, with the U.S. recovery more resilient and financial conditions more supportive than previously anticipated. As a result, business and household confidence are improving faster than forecast in January. The Bank projects that private domestic demand will account for almost all of Canada’s economic growth over the projection horizon. Household spending is expected to remain high relative to GDP as households add to their debt burden, which remains the biggest domestic risk. Business investment is projected to remain robust, reflecting solid balance sheets, very favourable credit conditions, continuing strong terms of trade and heightened competitive pressures. The contribution of government spending to growth is expected to be quite modest over the projection horizon, in line with recent federal and provincial budgets. The recovery in net exports is likely to remain weak in light of modest external demand and ongoing competitiveness challenges, including the persistent strength of the Canadian dollar. The Bank projects that the economy will grow by 2.4 per cent in both 2012 and 2013 before moderating to 2.2 per cent in 2014. The degree of economic slack has been somewhat smaller than the Bank had anticipated in January, and the economy is now expected to return to full capacity in the first half of 2013. As a result of this reduced slack and higher gasoline prices, the profile for inflation is expected to be somewhat firmer than anticipated in January. After moderating this quarter, total CPI inflation is expected, along with core inflation, to be around 2 per cent over the balance of the projection horizon as the economy reaches its production potential, the growth of labour compensation remains moderate, and inflation expectations stay well-anchored. Reflecting all of these factors, the Bank has decided to maintain the target for the overnight rate at 1 per cent. In light of the reduced slack in the economy and firmer underlying inflation, some modest withdrawal of the present considerable monetary policy stimulus may become appropriate, consistent with achieving the 2 per cent inflation target over the medium term. The timing and degree of any such withdrawal will be weighed carefully against domestic and global economic developments. Information note: A full update of the Bank’s outlook for the economy and inflation, including risks to the projection, will be published in the MPR on 18 April 2012. The next scheduled date for announcing the overnight rate target is 5 June 2012.",0.0
2012-06-05,https://www.bankofcanada.ca/2012/06/fad-press-release-2012-06-05/,Bank of Canada maintains overnight rate target at 1 per cent,1.0,422,21,2615,"The Bank of Canada today announced that it is maintaining its target for the overnight rate at 1 per cent. The Bank Rate is correspondingly 1 1/4 per cent and the deposit rate is 3/4 per cent. The outlook for global economic growth has weakened in recent weeks. Some of the risks around the European crisis are materializing and risks remain skewed to the downside. This is leading to a sharp deterioration in global financial conditions. While the U.S. economy continues to expand at a modest pace, economic activity in emerging-market economies is slowing a bit faster and a bit more broadly than had been expected. More modest global momentum and heightened financial risk aversion have reduced commodity prices. Although economic growth in Canada was slightly slower than expected in the first quarter, underlying economic momentum appears largely consistent with expectations. However, the composition of growth is less balanced. In particular, housing activity has been stronger than expected, and households continue to add to their debt burden in an environment of modest income growth. Despite external events, business and household confidence has held up and domestic financial conditions remain very stimulative. The contribution of government spending to growth is expected to be quite modest over the projection horizon, in line with recent federal and provincial budgets. The recovery in net exports is likely to remain weak in light of modest external demand and ongoing competitiveness challenges, including the persistent strength of the Canadian dollar. The Canadian economy continues to operate with a small degree of excess capacity. Total CPI inflation is expected to fall below 2 per cent in the short term, as a result of lower gasoline prices, while core inflation is expected to remain around 2 per cent. Reflecting all of these factors, the Bank has decided to maintain the target for the overnight rate at 1 per cent. To the extent that the economic expansion continues and the current excess supply in the economy is gradually absorbed, some modest withdrawal of the present considerable monetary policy stimulus may become appropriate, consistent with achieving the 2 per cent inflation target over the medium term. The timing and degree of any such withdrawal will be weighed carefully against domestic and global economic developments. Information note: The next scheduled date for announcing the overnight rate target is 17 July 2012. A full update of the Bank’s outlook for the economy and inflation, including risks to the projection, will be published in the MPR on 18 July 2012.",0.0
2012-07-17,https://www.bankofcanada.ca/2012/07/fad-press-release-2012-07-17/,Bank of Canada maintains overnight rate target at 1 per cent,1.0,601,25,3800,"The Bank of Canada today announced that it is maintaining its target for the overnight rate at 1 per cent. The Bank Rate is correspondingly 1 1/4 per cent and the deposit rate is 3/4 per cent. Global growth prospects have weakened since the Bank’s April Monetary Policy Report (MPR). While the economic expansion in the United States continues at a gradual but somewhat slower pace, developments in Europe point to a renewed contraction. In China and other emerging economies, the deceleration in growth has been greater than anticipated, reflecting past policy tightening and weaker external demand. This slowdown in global activity has led to a sizeable reduction in commodity prices, although they remain elevated. The combination of increasing global excess capacity over the projection horizon and reduced commodity prices is expected to moderate global inflationary pressures. Global financial conditions have also deteriorated since April, with periods of considerable volatility. The Bank’s base case projection assumes that the European crisis will continue to be contained, although this assumption is subject to downside risks. While global headwinds are restraining Canadian economic activity, domestic factors are expected to support moderate growth in Canada. The Bank expects the economy to grow at a pace roughly in line with its production potential in the near term, before picking up through 2013. Consumption and business investment are expected to be the primary drivers of growth, reflecting very stimulative domestic financial conditions. However, their pace will be influenced by external headwinds, notably the effects of lower commodity prices on Canadian incomes and wealth, as well as by record-high household debt. Housing activity is expected to slow from record levels. Government spending is not projected to contribute to growth in 2012 and to contribute only modestly thereafter, in line with plans to consolidate spending by federal and provincial governments. Canadian exports are projected to remain below their pre-recession peak until the beginning of 2014, reflecting the dynamics of foreign demand and ongoing competitiveness challenges, including the persistent strength of the Canadian dollar. The Bank projects that the economy will grow by 2.1 per cent in 2012, 2.3 per cent in 2013 and 2.5 per cent in 2014. The economy is expected to reach full capacity in the second half of 2013, thus operating with a small amount of slack for somewhat longer than previously anticipated. Core inflation is forecast to remain around 2 per cent over the projection horizon as the economy operates near its production potential, growth in labour compensation stays moderate and inflation expectations remain well anchored. Given the recent drop in gasoline prices and with futures prices suggesting persistently lower oil prices, the Bank expects total CPI inflation to remain noticeably below the 2 per cent target over the coming year before returning to target around mid-2013. Reflecting all of these factors, the Bank has decided to maintain the target for the overnight rate at 1 per cent. To the extent that the economic expansion continues and the current excess supply in the economy is gradually absorbed, some modest withdrawal of the present considerable monetary policy stimulus may become appropriate, consistent with achieving the 2 per cent inflation target over the medium term. The timing and degree of any such withdrawal will be weighed carefully against domestic and global economic developments. Information note: A full update of the Bank’s outlook for the economy and inflation, including risks to the projection, will be published in the MPR on 18 July 2012. The next scheduled date for announcing the overnight rate target is 5 September 2012.",0.0
2012-09-05,https://www.bankofcanada.ca/2012/09/fad-press-release-2012-09-05/,Bank of Canada maintains overnight rate target at 1 per cent,1.0,420,18,2696,"The Bank of Canada today announced that it is maintaining its target for the overnight rate at 1 per cent. The Bank Rate is correspondingly 1 1/4 per cent and the deposit rate is 3/4 per cent. Global growth prospects are unfolding largely as the Bank projected in its July Monetary Policy Report (MPR), with a widespread slowing of activity across advanced and emerging economies. The economic expansion in the United States continues at a gradual pace. Europe is in recession and its crisis, while contained, remains acute. In China and other major emerging economies, growth is decelerating somewhat more quickly than expected from previously-rapid rates, reflecting past policy tightening, weaker external demand, and the challenges of rebalancing towards domestic sources of growth. Notwithstanding the slower global momentum, prices for oil and other commodities produced by Canada have, on average, increased since July. In Canada, while global headwinds continue to restrain economic activity, underlying momentum remains at a pace roughly in line with the economy’s production potential. Economic growth is expected to pick up through 2013, with consumption and business investment continuing to be its principal drivers, reflecting very stimulative financial conditions. Business investment remains solid. There are tentative signs of slowing in household spending, although the household debt burden continues to rise. Canadian exports are projected to remain below their pre-recession peak until the beginning of 2014, reflecting the dynamics of foreign demand and ongoing competitiveness challenges, including the persistent strength of the Canadian dollar. Core inflation has been softer than expected in recent months but, with the economy operating near its production potential, it is expected to return, along with total CPI inflation, to 2 per cent over the course of the next 12 months. Reflecting all of these factors, the Bank has decided to maintain the target for the overnight rate at 1 per cent. To the extent that the economic expansion continues and the current excess supply in the economy is gradually absorbed, some modest withdrawal of the present considerable monetary policy stimulus may become appropriate, consistent with achieving the 2 per cent inflation target over the medium term. The timing and degree of any such withdrawal will be weighed carefully against domestic and global economic developments. Information note: The next scheduled date for announcing the overnight rate target is 23 October 2012. A full update of the Bank’s outlook for the economy and inflation, including risks to the projection, will be published in the MPR on 24 October 2012.",0.0
2012-10-23,https://www.bankofcanada.ca/2012/10/fad-press-release-2012-10-23/,Bank of Canada maintains overnight rate target at 1 per cent,1.0,541,23,3376,"The Bank of Canada today announced that it is maintaining its target for the overnight rate at 1 per cent. The Bank Rate is correspondingly 1 1/4 per cent and the deposit rate is 3/4 per cent. The global economy has unfolded broadly as the Bank projected in its July Monetary Policy Report (MPR). The economic expansion in the United States is progressing at a gradual pace. Europe is in recession and recent indicators point to a continued contraction. In China and other major emerging economies, growth has slowed somewhat more than expected, though there are signs of stabilization around current growth rates. Notwithstanding the slowdown in global economic activity, prices for oil and other commodities produced in Canada have, on average, increased in recent months. Global financial conditions have improved, supported by aggressive policy actions of major central banks, but sentiment remains fragile. In Canada, while global headwinds continue to restrain economic activity, domestic factors are supporting a moderate expansion. Following the recent period of below-potential growth, the economy is expected to pick up and return to full capacity by the end of 2013. The Bank continues to project that the expansion will be driven mainly by growth in consumption and business investment, reflecting very stimulative domestic financial conditions. Housing activity is expected to decline from historically high levels, while the household debt burden is expected to rise further before stabilizing by the end of the projection horizon. Canadian exports are projected to pick up gradually but remain below their pre-recession peak until the first half of 2014, reflecting weak foreign demand and ongoing competitiveness challenges. These challenges include the persistent strength of the Canadian dollar, which is being influenced by safe haven flows and spillovers from global monetary policy. After taking into account revisions to the National Accounts, the Bank projects that the economy will grow by 2.2 per cent in 2012, 2.3 per cent in 2013 and 2.4 per cent in 2014. Core inflation has been lower than expected in recent months, reflecting somewhat softer prices across a wide range of goods and services. Core inflation is expected to increase gradually over coming quarters, reaching 2 per cent by the middle of 2013 as the economy gradually absorbs the current small degree of slack, the growth of labour compensation remains moderate and inflation expectations stay well-anchored. Total CPI inflation has fallen noticeably below the 2 per cent target, as expected, and is projected to return to target by the end of 2013, somewhat later than previously anticipated. Reflecting all of these factors, the Bank has decided to maintain the target for the overnight rate at 1 per cent. Over time, some modest withdrawal of monetary policy stimulus will likely be required, consistent with achieving the 2 per cent inflation target. The timing and degree of any such withdrawal will be weighed carefully against global and domestic developments, including the evolution of imbalances in the household sector. Information note: A full update of the Bank’s outlook for the economy and inflation, including risks to the projection, will be published in the MPR on 24 October 2012. The next scheduled date for announcing the overnight rate target is 4 December 2012.",0.0
2012-12-04,https://www.bankofcanada.ca/2012/12/fad-press-release-2012-12-04/,Bank of Canada maintains overnight rate target at 1 per cent,1.0,453,24,2842,"The Bank of Canada today announced that it is maintaining its target for the overnight rate at 1 per cent. The Bank Rate is correspondingly 1 1/4 per cent and the deposit rate is 3/4 per cent. The global economy has unfolded broadly as the Bank projected in its October Monetary Policy Report (MPR). The economic expansion in the United States is progressing at a gradual pace and is being held back by uncertainty related to the fiscal cliff. Europe remains in recession. Chinese growth appears to be stabilizing. Commodity prices have remained at elevated levels since the October MPR and global inflationary pressures are subdued in response to persistent excess capacity. Global financial conditions remain stimulative, though vulnerable to major shocks from the U.S. or Europe. In Canada, economic activity in the third quarter was weak, owing in part to transitory disruptions in the energy sector. Although underlying momentum appears slightly softer than previously anticipated, the pace of economic growth is expected to pick up through 2013. The expansion is expected to be driven mainly by growth in consumption and business investment, reflecting very stimulative domestic financial conditions. Housing activity is beginning to decline from historically high levels. While the household debt burden continues to rise, growth in household credit has slowed. It is too early, however, to determine whether the moderation in housing activity and credit growth will be sustained. Canadian exports are expected to pick up gradually but continue to be restrained by weak foreign demand and ongoing competitiveness challenges. These challenges include the persistent strength of the Canadian dollar, which is being influenced by safe haven flows and spillovers from global monetary policy. Inflation has evolved broadly in line with the outlook in the October MPR. Both total and core inflation are expected to increase and return to 2 per cent over the course of the next 12 months as the economy gradually absorbs the current small degree of slack, the growth of labour compensation remains moderate and inflation expectations stay well-anchored. Reflecting all of these factors, the Bank has decided to maintain the target for the overnight rate at 1 per cent. Over time, some modest withdrawal of monetary policy stimulus will likely be required, consistent with achieving the 2 per cent inflation target. The timing and degree of any such withdrawal will be weighed carefully against global and domestic developments, including the evolution of imbalances in the household sector. Information note: The next scheduled date for announcing the overnight rate target is 23 January 2013. A full update of the Bank’s outlook for the economy and inflation, including risks to the projection, will be published in the MPR at the same time.",0.0
2013-01-23,https://www.bankofcanada.ca/2013/01/fad-press-release-2013-01-23/,Bank of Canada maintains overnight rate target at 1 per cent,1.0,611,26,3826,"The Bank of Canada today announced that it is maintaining its target for the overnight rate at 1 per cent. The Bank Rate is correspondingly 1 1/4 per cent and the deposit rate is 3/4 per cent. The global economic outlook is slightly weaker than the Bank had projected in its October Monetary Policy Report (MPR). At the same time, global tail risks have diminished. The economic expansion in the United States is continuing at a gradual pace, restrained by ongoing public and private deleveraging, global weakness and uncertainty related to fiscal negotiations. Despite a marked improvement in peripheral sovereign debt markets, Europe remains in recession, with a somewhat more protracted downturn now expected than in October. Growth in China is improving, though economic activity has slowed further in some other major emerging economies. Supported by central bank actions and by positive policy developments in Europe, global financial conditions are more stimulative. Commodity prices have remained at historically elevated levels, though temporary disruptions and persistent transportation bottlenecks have led to a record discount on Canadian heavy crude. In Canada, the slowdown in the second half of 2012 was more pronounced than the Bank had anticipated, owing to weaker business investment and exports. Caution about high debt levels has begun to restrain household spending. The Bank expects economic growth to pick up through 2013. Business investment and exports are projected to rebound as foreign demand strengthens, uncertainty diminishes and the temporary factors that have weighed on resource sector activity are unwound. Nonetheless, exports should remain below their pre-recession peak until the second half of 2014 owing to a lower track for foreign demand and ongoing competitiveness challenges, including the persistent strength of the Canadian dollar. Consumption is expected to grow moderately and residential investment to decline further from historically high levels. The Bank expects trend growth in household credit to moderate further, with the debt-to-income ratio stabilizing near current levels. Relative to the October MPR, Canadian economic activity is expected to be more restrained. Following an estimated 1.9 per cent in 2012, the economy is expected to grow by 2.0 per cent in 2013 and 2.7 per cent in 2014. The Bank now expects the economy to reach full capacity in the second half of 2014, later than anticipated in the October MPR. Core inflation has softened by more than the Bank had expected, with more muted price pressures across a wide range of goods and services, consistent with the unexpected increase in excess capacity. Total CPI inflation has also been lower than anticipated, reflecting developments in core inflation and weaker-than-projected gasoline prices. Total CPI inflation is expected to remain around 1 per cent in the near term before rising gradually, along with core inflation, to the 2 per cent target in the second half of 2014 as the economy returns to full capacity and inflation expectations remain well-anchored. Reflecting all of these factors, the Bank has decided to maintain the target for the overnight rate at 1 per cent. While some modest withdrawal of monetary policy stimulus will likely be required over time, consistent with achieving the 2 per cent inflation target, the more muted inflation outlook and the beginnings of a more constructive evolution of imbalances in the household sector suggest that the timing of any such withdrawal is less imminent than previously anticipated. Information note: The next scheduled date for announcing the overnight rate target is 6 March 2013. The next full update of the Bank’s outlook for the economy and inflation, including risks to the projection, will be published in the MPR on 17 April 2013.",0.0
2013-03-06,https://www.bankofcanada.ca/2013/03/fad-press-release-2013-03-06/,Bank of Canada maintains overnight rate target at 1 per cent,1.0,537,21,3352,"The Bank of Canada today announced that it is maintaining its target for the overnight rate at 1 per cent. The Bank Rate is correspondingly 1 1/4 per cent and the deposit rate is 3/4 per cent. The global economic outlook is broadly consistent with the Bank’s projection in its January Monetary Policy Report (MPR). Global financial conditions remain stimulative, despite recent volatility. In the United States, the economic expansion is continuing at a gradual pace and private sector demand is gaining momentum. Fiscal drag in the United States over the next two years remains consistent with the Bank’s January projection, although it is likely to be more front-loaded as a result of sequestration cuts. The recession in Europe continues. Growth in China has improved, while economic activity in some other major emerging economies is expected to benefit from policy stimulus. Commodity prices have remained at historically elevated levels, although persistent transportation bottlenecks are leading to continued discounts for Canadian heavy crude oil. Canada’s economy grew by 0.6 per cent at annual rates in the fourth quarter of 2012, with solid growth across most domestic components of GDP offset by a sharp reduction in the pace of inventory investment. The Bank expects growth in Canada to pick up through 2013, supported by modest growth in household spending combined with a recovery in exports and solid business investment. With a more constructive evolution of imbalances in the household sector, residential investment is expected to decline further from historically high levels. The Bank expects trend growth in household credit to moderate further, with the debt-to-income ratio stabilizing near current levels. Despite the expected recovery in exports, they are likely to remain below their pre-recession peak until the second half of 2014 owing to restrained foreign demand and ongoing competitiveness challenges, including the persistent strength of the Canadian dollar. Total CPI inflation has been somewhat more subdued than projected in the January MPR as a result of weaker core inflation and lower mortgage interest costs, which were only partially offset by higher gasoline prices. Low core inflation reflects muted price pressures across a wide range of goods and services, consistent with material excess capacity in the economy. Core and total CPI inflation are expected to remain low in the near term before rising gradually to reach 2 per cent over the projection horizon as the economy returns to full capacity and inflation expectations remain well-anchored. Reflecting all of these factors, the Bank has decided to maintain the target for the overnight rate at 1 per cent. With continued slack in the Canadian economy, the muted outlook for inflation, and the more constructive evolution of imbalances in the household sector, the considerable monetary policy stimulus currently in place will likely remain appropriate for a period of time, after which some modest withdrawal will likely be required, consistent with achieving the 2 per cent inflation target. Information note: The next scheduled date for announcing the overnight rate target is 17 April 2013. The next full update of the Bank’s outlook for the economy and inflation, including risks to the projection, will be published in the MPR at the same time.",0.0
2013-05-29,https://www.bankofcanada.ca/2013/05/fad-press-release-2013-05-29/,Bank of Canada maintains overnight rate target at 1 per cent,1.0,432,19,2669,"The Bank of Canada today announced that it is maintaining its target for the overnight rate at 1 per cent. The Bank Rate is correspondingly 1 1/4 per cent and the deposit rate is 3/4 per cent. Global economic growth has evolved largely as anticipated in the Bank’s April Monetary Policy Report (MPR). In the United States, the economic expansion is progressing at a modest pace, with continued strengthening in private demand partly offset by fiscal consolidation. Japan’s economy is beginning to respond to significant policy stimulus. Europe, in contrast, remains in recession. Growth in China has continued to ease from very strong rates, weighing somewhat on global commodity prices. The Bank continues to expect global economic activity to grow modestly in 2013 before strengthening over the following two years. In Canada, recent economic indicators suggest that growth in the first quarter was stronger than the Bank projected in April. For the year as a whole, growth is expected to remain broadly in line with the Bank's MPR forecast. Over the projection horizon, consumer spending is expected to grow at a moderate pace, business investment to grow solidly, and residential investment to decline further from historically high levels. Growth in total household credit is slowing and the Bank continues to expect that the household debt-to-income ratio will stabilize near current levels. Exports are projected to continue to recover, but to be restrained by subdued foreign demand and ongoing competitiveness challenges, including the persistent strength of the Canadian dollar. Core inflation is in line with the April MPR projection, while total CPI inflation has been slightly weaker. Both total and core inflation are expected to remain subdued in coming quarters before gradually rising to 2 per cent by mid-2015 as the economy returns to full capacity and inflation expectations remain well-anchored. Reflecting all of these factors, the Bank has decided to maintain the target for the overnight rate at 1 per cent. With continued slack in the Canadian economy, the muted outlook for inflation, and the constructive evolution of imbalances in the household sector, the considerable monetary policy stimulus currently in place will likely remain appropriate for a period of time, after which some modest withdrawal will likely be required, consistent with achieving the 2 per cent inflation target. Information note: The next scheduled date for announcing the overnight rate target is 17 July 2013. The next full update of the Bank’s outlook for the economy and inflation, including risks to the projection, will be published in the MPR at the same time.",0.0
2013-09-04,https://www.bankofcanada.ca/2013/09/fad-press-release-2013-09-04/,Bank of Canada maintains overnight rate target at 1 per cent,1.0,389,19,2433,"The Bank of Canada today announced that it is maintaining its target for the overnight rate at 1 per cent. The Bank Rate is correspondingly 1 1/4 per cent and the deposit rate is 3/4 per cent. The global economy continues to expand broadly as expected, but its dynamic has moderated. In the United States, the process of normalization of long-term interest rates has begun in the context of stronger private domestic demand. Recent data, however, point to slightly less momentum overall than anticipated. In Europe, there are early signs of a recovery, and Japan’s situation remains promising. In a number of emerging market economies, financial volatility has increased, adding uncertainty to growth prospects, although China continues to grow at a solid pace. Commodity prices have been relatively stable, with geopolitical stresses putting some upward pressure on global oil prices. Uncertain global economic conditions appear to be delaying the anticipated rotation of demand in Canada towards exports and investment. While the housing sector has been slightly stronger than anticipated, household credit growth has continued to slow and mortgage interest rates are higher, pointing to a continued constructive evolution of household imbalances. Looking through the choppiness of the recent data, the level of Canada’s GDP is largely consistent with the Bank’s July forecast. The output gap is expected to begin to narrow in 2014. Inflation in Canada remains subdued. With inflation expectations well-anchored, both core and total CPI inflation are expected to return slowly to 2 per cent as the output gap closes. Against this backdrop, the Bank has decided to maintain the target for the overnight rate at 1 per cent. As long as there is significant slack in the Canadian economy, the inflation outlook remains muted, and imbalances in the household sector continue to evolve constructively, the considerable monetary policy stimulus currently in place will remain appropriate. Over time, as the normalization of these conditions unfolds, a gradual normalization of policy interest rates can also be expected, consistent with achieving the 2 per cent inflation target. Information note: The next scheduled date for announcing the overnight rate target is 23 October 2013. The next full update of the Bank’s outlook for the economy and inflation, including risks to the projection, will be published in the MPR at the same time.",0.0
2013-12-04,https://www.bankofcanada.ca/2013/12/fad-press-release-2013-12-04/,Bank of Canada maintains overnight rate target at 1 per cent,1.0,424,21,2538,"The Bank of Canada today announced that it is maintaining its target for the overnight rate at 1 per cent. The Bank Rate is correspondingly 1 1/4 per cent and the deposit rate is 3/4 per cent. The global economy is expanding at a modest rate, as the Bank expected. Although growth in several emerging markets has continued to ease, growth in the United States during the third quarter of 2013 was stronger than forecast. Even if some of this pickup was due to temporary factors, the data are consistent with the Bank’s view of gathering momentum in the U.S. economy. In Canada, underlying growth is broadly in line with the Bank’s projections in its October and July Monetary Policy Reports . Real GDP growth in the third quarter, at 2.7 per cent, was stronger than the Bank was projecting, but its composition does not yet indicate a rebalancing towards exports and investment. The housing sector has been stronger than expected but is consistent with updated demographic data and a pulling forward of home purchases in light of favourable financing conditions. The Bank continues to expect a soft landing in the housing market. Non-commodity exports continue to disappoint and the price of oil produced in Canada has eased further. Business investment spending is up from previous low levels, but is still recovering more slowly than anticipated. On balance, the Bank sees no reason to adjust its expectation of a gradual return to full production capacity around the end of 2015. Meanwhile, inflation has moved further below the Bank’s 2 per cent target. Core inflation is being held down by significant excess supply and by the effects of heightened competition in the retail sector, which look to be more persistent than anticipated. In addition, total CPI inflation has been pushed down by lower gasoline prices. The risks associated with elevated household imbalances have not materially changed, while the downside risks to inflation appear to be greater. Overall, the balance of risks remains within the zone articulated in October. Weighing these considerations, the Bank judges that the substantial monetary policy stimulus currently in place remains appropriate and therefore has decided to maintain the target for the overnight rate at 1 per cent. Information note: The next scheduled date for announcing the overnight rate target is 22 January 2014. The next full update of the Bank’s outlook for the economy and inflation, including risks to the projection, will be published in the Monetary Policy Report at the same time.",0.0
2014-01-22,https://www.bankofcanada.ca/2014/01/fad-press-release-2014-01-22/,Bank of Canada maintains overnight rate target at 1 per cent,1.0,483,24,2845,"The Bank of Canada today announced that it is maintaining its target for the overnight rate at 1 per cent. The Bank Rate is correspondingly 1 1/4 per cent and the deposit rate is 3/4 per cent. Inflation in Canada has moved further below the 2 per cent target, owing largely to significant excess supply in the economy and heightened competition in the retail sector. The path for inflation is now expected to be lower than previously anticipated for most of the projection period. The Bank expects inflation to return to the 2 per cent target in about two years, as the effects of retail competition dissipate and excess capacity is absorbed. Global growth is expected to strengthen over the next two years, rising from 2.9 per cent in 2013 to 3.4 per cent in 2014 and 3.7 per cent in 2015. The United States will lead this acceleration, aided by diminishing fiscal drag, accommodative monetary policy and stronger household balance sheets. The improving U.S. outlook is affecting global bond, equity, and currency markets. Growth in other regions is evolving largely as projected in the Bank’s October Monetary Policy Report (MPR). Global trade growth plunged after 2011, but is poised to recover as global demand strengthens. In Canada, growth improved in the second half of 2013. However, there have been few signs of the anticipated rebalancing towards exports and business investment. Stronger U.S. demand, as well as the recent depreciation of the Canadian dollar, should help to boost exports and, in turn, business confidence and investment. Meanwhile, recent data have been consistent with the Bank’s expectation of a soft landing in the housing market and a stabilization of household indebtedness relative to income. Real GDP growth is projected to pick up from 1.8 per cent in 2013 to 2.5 per cent in both 2014 and 2015. This implies that the economy will return gradually to capacity over the next two years. Although the fundamental drivers of growth and future inflation appear to be strengthening, inflation is expected to remain well below target for some time, and therefore the downside risks to inflation have grown in importance. At the same time, risks associated with elevated household imbalances have not materially changed. Weighing these considerations, the Bank judges that the balance of risks remains within the zone articulated in October, and therefore has decided to maintain the target for the overnight rate at 1 per cent. The timing and direction of the next change to the policy rate will depend on how new information influences this balance of risks. Information note: The next scheduled date for announcing the overnight rate target is 5 March 2014. The next full update of the Bank’s outlook for the economy and inflation, including risks to the projection, will be published in the MPR on 16 April 2014.",0.0
2014-03-05,https://www.bankofcanada.ca/2014/03/fad-press-release-2014-03-05/,Bank of Canada maintains overnight rate target at 1 per cent,1.0,424,19,2589,"The Bank of Canada today announced that it is maintaining its target for the overnight rate at 1 per cent. The Bank Rate is correspondingly 1 1/4 per cent and the deposit rate is 3/4 per cent. Both total CPI and core inflation in Canada are still expected to follow roughly the path outlined in the January Monetary Policy Report , although recent readings were slightly higher than expected. Excess supply in the economy and competition in the retail sector will likely keep inflation well below the 2 per cent target this year. The global economy is evolving largely as anticipated, with growth expected to strengthen in 2014 and 2015. The United States is still expected to lead the acceleration in advanced economies, although recent data have been softer, largely owing to weather effects. Volatility in global financial markets has increased somewhat, reflecting buoyant market conditions in most advanced economies and increased risk differentiation among emerging markets. More recently, tensions in Ukraine have added to geopolitical uncertainty. In Canada, economic growth in the fourth quarter of 2013 was slightly stronger than the Bank anticipated, and upward revisions earlier in the year further raised the level of GDP. The Bank still expects underlying growth of around 2 1/2 per cent in 2014, with the current quarter likely to be softer. Exports have been a little stronger than previously thought but continue to underperform, and overall business investment has yet to pick up. Meanwhile, recent data support the Bank’s expectation of a soft landing in the housing market and stabilizing debt-to-income ratios for households. On the whole, the fundamental drivers of growth and inflation in Canada continue to strengthen gradually, as anticipated. With inflation expected to be well below target for some time, the downside risks to inflation remain important. At the same time, the risks associated with elevated household imbalances have not materially changed. The Bank judges that the balance of risks remains within the zone for which the current stance of monetary policy is appropriate and therefore has decided to maintain the target for the overnight rate at 1 per cent. The timing and direction of the next change to the policy rate will depend on how new information influences this balance of risks. Information note: The next scheduled date for announcing the overnight rate target is 16 April 2014. The next full update of the Bank’s outlook for the economy and inflation, including risks to the projection, will be published in the MPR at the same time.",0.0
2014-04-16,https://www.bankofcanada.ca/2014/04/fad-press-release-2014-04-16/,Bank of Canada maintains overnight rate target at 1 per cent,1.0,628,28,3804,"The Bank of Canada today announced that it is maintaining its target for the overnight rate at 1 per cent. The Bank Rate is correspondingly 1 1/4 per cent and the deposit rate is 3/4 per cent. Inflation in Canada remains low. Core inflation is expected to stay well below 2 per cent this year due to the effects of economic slack and heightened retail competition, and these effects will persist until early 2016. However, higher consumer energy prices and the lower Canadian dollar will exert temporary upward pressure on total CPI inflation, pushing it closer to the 2 per cent target in the coming quarters. We expect total CPI inflation will remain close to target throughout the projection, even as upward pressure from energy prices dissipates, because the impact of retail competition will gradually fade and excess capacity will be absorbed. The global economic expansion is expected to strengthen over the next three years as headwinds that have been restraining activity dissipate. The economic recovery in the United States appears to be on track, despite soft readings in the last few months largely due to unusual weather. Indeed, private demand could turn out to be stronger than anticipated. Europe’s economy is growing modestly, but inflation remains too low and the nascent recovery could be undermined by risks emanating from the Russia-Ukraine situation. In China and other emerging-market economies growth is expected to be solid, although there are growing concerns about financial vulnerabilities. Overall, global growth is expected to pick up to 3.3 per cent in 2014 and increase further to 3.7 per cent in 2015 and 2016 – largely unchanged from the January Monetary Policy Report (MPR). The Bank continues to expect Canada’s real GDP growth to average about 2 1/2 per cent in 2014 and 2015 before easing to around the 2 per cent growth rate of the economy’s potential in 2016. Competitiveness challenges continue to weigh on Canadian exporters’ ability to benefit from stronger growth abroad. However, a range of export subsectors have been growing in line with fundamentals, which suggests that as the U.S. recovery gathers momentum and becomes more broadly-based, many of our exports will benefit. The lower Canadian dollar should provide additional support. We continue to believe that rising global demand for Canadian goods and services, combined with the assumed high level of oil prices, will stimulate business investment in Canada and shift the economy to a more sustainable growth track. Recent developments are in line with the Bank’s expectation of a soft landing in the housing market and stabilizing debt-to-income ratios for households. Still, household imbalances remain elevated and would pose a significant risk should economic conditions deteriorate. In sum, the Bank continues to see a gradual strengthening in the fundamental drivers of growth and inflation in Canada. This view hinges critically on the projected upturn in exports and investment. With underlying inflation expected to remain below target for some time, the downside risks to inflation remain important. At the same time, the risks associated with household imbalances remain elevated. The Bank judges that the balance of these risks remains within the zone for which the current stance of monetary policy is appropriate and therefore has decided to maintain the target for the overnight rate at 1 per cent. The timing and direction of the next change to the policy rate will depend on how new information influences the balance of risks. Information note: The next scheduled date for announcing the overnight rate target is 4 June 2014. The next full update of the Bank’s outlook for the economy and inflation, including risks to the projection, will be published in the MPR on 16 July 2014.",0.0
2014-06-04,https://www.bankofcanada.ca/2014/06/fad-press-release-2014-06-04/,Bank of Canada maintains overnight rate target at 1 per cent,1.0,434,20,2672,"The Bank of Canada today announced that it is maintaining its target for the overnight rate at 1 per cent. The Bank Rate is correspondingly 1 1/4 per cent and the deposit rate is 3/4 per cent. Total CPI inflation has moved up to around the 2 per cent target, sooner than anticipated in the Bank’s April Monetary Policy Report (MPR), largely due to the temporary effects of higher energy prices and exchange rate pass-through. Core inflation remains significantly below 2 per cent although it has drifted up slightly, partly owing to past exchange rate movements. Global economic growth in the first quarter of 2014 was weaker than anticipated in the MPR and recent developments give slightly greater weight to downside risks. The U.S. economy is rebounding after a pause in the first quarter, but there could be slightly less underlying momentum than previously expected. Globally, long-term bond yields have continued their decline, reflecting in part growing market anticipation that interest rates will remain low over the long term. This, along with buoyant stock markets and tight credit spreads, indicates that financial conditions remain very stimulative. The Canadian economy grew at a modest rate in the first quarter, held back by severe weather and supply constraints. The ingredients for a pickup in exports remain in place, including the lower Canadian dollar and an anticipated strengthening of foreign demand. Improved corporate profits, especially in exchange rate-sensitive sectors, should also support higher business investment in the coming quarters. There are continued signs of a soft landing in the housing market and a constructive evolution of household imbalances. We still expect excess supply to be absorbed gradually as the fundamental drivers of growth and inflation in Canada strengthen. Weighing recent higher inflation readings against slightly increased risks to economic growth leaves the downside risks to the inflation outlook as important as before. At the same time, the risks associated with household imbalances remain elevated. The Bank judges that the balance of risks remains within the zone for which the current stance of monetary policy is appropriate and therefore has decided to maintain the target for the overnight rate at 1 per cent. The timing and direction of the next change to the policy rate will depend on how new information influences the balance of risks. Information note: The next scheduled date for announcing the overnight rate target is 16 July 2014. The next full update of the Bank’s outlook for the economy and inflation, including risks to the projection, will be published in the MPR at the same time.",0.0
2014-07-16,https://www.bankofcanada.ca/2014/07/fad-press-release-2014-07-16/,Bank of Canada maintains overnight rate target at 1 per cent,1.0,488,21,3039,"The Bank of Canada today announced that it is maintaining its target for the overnight rate at 1 per cent. The Bank Rate is correspondingly 1 1/4 per cent and the deposit rate is 3/4 per cent. Total CPI inflation has moved up to around the 2 per cent target in recent months, sooner than expected. Core inflation has also increased but remains below 2 per cent. Recent higher inflation is attributable to the temporary effects of higher energy prices, exchange rate pass-through and other sector-specific shocks, rather than to any change in domestic economic fundamentals. Over the next two years, inflation is projected to fluctuate around 2 per cent as these temporary effects ease and the downward pressure on inflation from economic slack and heightened retail competition gradually dissipates. The global economy is on a lower growth track than was foreseen at the time of the April Monetary Policy Report . Serial disappointment with economic performance during the past several years has mainly reflected the impact of private-sector deleveraging, fiscal consolidation and, especially, the lingering effect of uncertainty on business investment and trade. Nevertheless, the Bank continues to project that global growth will gather momentum as these headwinds abate. Given the downgrade to the global outlook, economic activity in Canada is now projected to be a little weaker than previously forecast. However, the Bank still expects that the lower Canadian dollar and a projected strengthening in global demand will lead to a pickup in Canadian exports and business investment and, eventually, a more sustainable growth track. Meanwhile, household imbalances continue to evolve constructively and recent data are broadly consistent with a soft landing in Canada’s housing market. Real GDP growth is projected to average around 2 1/4 per cent during 2014–2016. Consequently, the economy is expected to reach full capacity around mid-2016, a little later than anticipated in April. For the inflation target to be achieved on a sustained basis in 2016, the economy must reach and remain at full capacity. Closing the output gap over the time frame described above is reliant on continued stimulative monetary policy and hinges critically on stronger exports and business investment. Meanwhile, the risks associated with household imbalances, while evolving in a constructive way, are still elevated. Weighing these considerations within the Bank’s risk-management framework, the monetary policy stance remains appropriate and the target for the overnight rate remains at 1 per cent. The Bank is neutral with respect to the timing and direction of the next change to the policy rate, which will depend on how new information influences the outlook and assessment of risks. Information note: The next scheduled date for announcing the overnight rate target is 3 September 2014. The next full update of the Bank’s outlook for the economy and inflation, including risks to the projection, will be published in the MPR on 22 October 2014.",0.0
2014-09-03,https://www.bankofcanada.ca/2014/09/fad-press-release-2014-09-03/,Bank of Canada maintains overnight rate target at 1 per cent,1.0,420,19,2509,"The Bank of Canada today announced that it is maintaining its target for the overnight rate at 1 per cent. The Bank Rate is correspondingly 1 1/4 per cent and the deposit rate is 3/4 per cent. Inflation is close to the 2 per cent target and is evolving as the Bank anticipated in its July Monetary Policy Report (MPR). Recent data reinforce the Bank’s view that the earlier pickup in inflation was attributable to the temporary effects of higher energy prices, exchange rate pass-through, and other sector-specific factors rather than to any change in domestic economic fundamentals. The global economy is performing largely as expected. The recovery in Europe appears to be faltering as the situation in Ukraine weighs on confidence. In the United States, a solid recovery seems to be back on track, with business investment now making a significant contribution to growth. Global financial conditions remain very stimulative and longer-term bond yields have eased even further. In Canada, stronger growth in the second quarter has brought GDP to almost exactly the level the Bank had projected in July's MPR. Canadian exports surged in the second quarter after a weak winter, supported notably by stronger U.S. investment spending and the past depreciation of the Canadian dollar. While an increasing number of export sectors appear to be turning the corner toward recovery, this pickup will need to be sustained before it will translate into higher business investment and hiring. Meanwhile, activity in the housing market has been stronger than anticipated. The Bank still expects excess capacity in the economy to be absorbed during the next two years. Overall, the risks to the outlook for inflation remain roughly balanced, while the risks associated with household imbalances have not diminished. The balance of these risks is still within the zone for which the current stance of monetary policy is appropriate and therefore the target for the overnight rate remains at 1 per cent. The Bank remains neutral with respect to the next change to the policy rate: its timing and direction will depend on how new information influences the outlook and assessment of risks. Information note: The next scheduled date for announcing the overnight rate target is 22 October 2014. The next full update of the Bank’s outlook for the economy and inflation, including risks to the projection as well as the Bank’s annually-updated estimate of the economy’s potential, will be published in the MPR at the same time.",0.0
2014-10-22,https://www.bankofcanada.ca/2014/10/fad-press-release-2014-10-22/,Bank of Canada maintains overnight rate target at 1 per cent,1.0,502,26,3078,"The Bank of Canada today announced that it is maintaining its target for the overnight rate at 1 per cent. The Bank Rate is correspondingly 1 1/4 per cent and the deposit rate is 3/4 per cent. Inflation in Canada is close to the 2 per cent target. Core inflation rose more rapidly than was expected in the Bank’s July Monetary Policy Report (MPR), mainly reflecting unexpected sector-specific factors. Total CPI inflation is evolving broadly as expected, as the pickup in core inflation was largely offset by lower energy prices. Underlying inflationary pressures are muted, given the persistent slack in the economy and the continued effects of competition in the retail sector. Although the outlook remains for stronger momentum in the global economy in 2015 and 2016, the profile is weaker than in July and growth prospects are diverging across regions. Persistent headwinds continue to buffet most economies and growth remains reliant on exceptional policy stimulus. Against a background of ongoing geopolitical uncertainties and lower confidence, energy prices have declined and there has been a significant correction in global financial markets, resulting in lower government bond yields. Despite weakness elsewhere, the U.S. economy is gaining traction, particularly in sectors that are beneficial to Canada’s export prospects. The U.S. dollar has strengthened against other major currencies, including the Canadian dollar. In this context, Canada’s exports have begun to respond. However, business investment remains weak. Meanwhile, the housing market and consumer spending are showing renewed vigour and auto sales have reached record highs, all fuelled by very low borrowing rates. The lower terms of trade will have a tempering effect on income. Canada’s real GDP growth is projected to average close to 2 1/2 per cent over the next year before slowing gradually to 2 per cent by the end of 2016, roughly the estimated growth rate of potential output. As global headwinds recede, confidence in the sustainability of domestic and global demand should improve and business investment should pick up. Together with a moderation in the growth of household spending, this is expected to gradually return Canada’s economy to a more balanced growth path. As the economy reaches its full capacity in the second half of 2016, both core and total CPI inflation are projected to be about 2 per cent on a sustained basis. Weighing all of these factors, the Bank judges that the risks to its inflation projection are roughly balanced. Meanwhile, the financial stability risks associated with household imbalances are edging higher. Overall, the balance of risks falls within the zone for which the current stance of monetary policy is appropriate and therefore the target for the overnight rate remains at 1 per cent. Information note: The next scheduled date for announcing the overnight rate target is 3 December 2014. The next full update of the Bank’s outlook for the economy and inflation, including risks to the projection, will be published in the MPR on 21 January 2015.",0.0
2014-12-03,https://www.bankofcanada.ca/2014/12/fad-press-release-2014-12-03/,Bank of Canada maintains overnight rate target at 1 per cent,1.0,385,23,2377,"The Bank of Canada today announced that it is maintaining its target for the overnight rate at 1 per cent. The Bank Rate is correspondingly 1 1/4 per cent and the deposit rate is 3/4 per cent. Inflation has risen by more than expected. The increase in inflation over the past year is largely due to the temporary effects of a lower Canadian dollar and some sector-specific factors, notably telecommunications and meat prices. Underlying inflation has edged up but remains below 2 per cent. The U.S. economy has clearly strengthened, particularly business investment, which has benefitted Canada’s exports. Growth in the rest of the world, in contrast, continues to disappoint, leading authorities in some regions to deploy further policy stimulus. Oil prices have continued to fall, due to both supply and demand developments. In this context, global financial conditions have eased further. Canada's economy is showing signs of a broadening recovery. Stronger exports are beginning to be reflected in increased business investment and employment. This suggests that the hoped-for sequence of rebuilding that will lead to balanced and self-sustaining growth may finally have begun. However, the lower profile for oil and certain other commodity prices will weigh on the Canadian economy. The net effect of these recent developments, together with upward revisions to historical data, is that the output gap appears to be smaller than the Bank had projected in the October Monetary Policy Report (MPR). However, the labour market continues to indicate significant slack in the economy. While inflation is at a higher starting point relative to the October MPR, weaker oil prices pose an important downside risk to the inflation profile. This is tempered by a stronger U.S. economy, Canadian dollar depreciation, and recent federal fiscal measures. Household imbalances, meanwhile, present a significant risk to financial stability. Overall, the balance of risks remains within the zone for which the current stance of monetary policy is appropriate and therefore the target for the overnight rate remains at 1 per cent. Information note: The next scheduled date for announcing the overnight rate target is 21 January 2015. The next full update of the Bank’s outlook for the economy and inflation, including risks to the projection, will be published in the MPR at the same time.",0.0
2015-03-04,https://www.bankofcanada.ca/2015/03/fad-press-release-2015-03-04/,Bank of Canada maintains overnight rate target at 3/4 per cent,0.75,407,19,2410,"The Bank of Canada today announced that it is maintaining its target for the overnight rate at 3/4 per cent. The Bank Rate is correspondingly 1 per cent and the deposit rate is 1/2 per cent. Total CPI inflation in Canada has fallen as expected, reflecting the significant drop in oil prices. Core inflation remains close to 2 per cent and continues to be temporarily boosted by the pass-through effects of the lower Canadian dollar, as well as sector-specific factors. The global economy is evolving broadly in line with projections in the Bank’s January Monetary Policy Report (MPR). The United States remains the main source of momentum in the global economy, while headwinds to growth linger in many regions. In this context, a growing number of central banks have taken actions to ease monetary conditions. Crude oil prices are close to the Bank’s MPR assumptions. Canadian economic growth in the fourth quarter of 2014 was consistent with the Bank’s expectations. The oil price shock had a modest early impact on aggregate demand, and a larger effect on income. The Bank continues to expect that most of the negative impact from lower oil prices will appear in the first half of 2015, although it may be even more front-loaded than projected in January. Nevertheless, data for 2014 as a whole suggest the anticipated rotation into stronger growth in non-energy exports and investment is well underway. Financial conditions in Canada have eased materially since January, in response to the Bank’s recent monetary policy action and to global financial developments. This easing is reflected across the yield curve and in a wide range of asset prices, including the Canadian dollar. These conditions will mitigate the negative effects of the oil price shock, further boosting growth through stronger non-energy exports and investment. In light of these developments, the risks around the inflation profile are now more balanced and financial stability risks are evolving as expected in January. At present, we judge that the current degree of monetary policy stimulus is still appropriate and the target for the overnight rate remains at 3/4 per cent. Information note: The next scheduled date for announcing the overnight rate target is 15 April 2015. The next full update of the Bank’s outlook for the economy and inflation, including risks to the projection, will be published in the MPR at the same time.",-25.0
2015-05-27,https://www.bankofcanada.ca/2015/05/fad-press-release-2015-05-27/,Bank of Canada maintains overnight rate target at 3/4 per cent,0.75,401,19,2357,"The Bank of Canada today announced that it is maintaining its target for the overnight rate at 3/4 per cent. The Bank Rate is correspondingly 1 per cent and the deposit rate is 1/2 per cent. Inflation in Canada continues to track the path outlined in the Bank’s April Monetary Policy Report (MPR). Total CPI inflation is near the bottom of the Bank's 1 to 3 per cent inflation control range, largely due to the transitory effects of sharply lower energy prices. Core inflation remains above 2 per cent, boosted by the pass-through effects of past depreciation of the Canadian dollar, as well as certain sector-specific factors. Seeing through the various temporary factors, the Bank estimates that the underlying trend of inflation is 1.6 to 1.8 per cent, consistent with persistent slack in the economy. The outlook for the Canadian economy also remains largely in line with the April MPR. While a weak first quarter in the United States has raised questions about that economy’s underlying strength, the Bank expects a return to solid growth in the second quarter. This will help advance the rotation of demand in Canada toward more exports and business investment. Recent indicators suggest consumption in Canada is holding up relatively well, given the impact of lower oil prices on gross domestic income. Despite the recent back-up in global bond yields, financial conditions for Canadian households and firms remain highly stimulative. The Canadian dollar has strengthened in recent weeks in the context of higher oil prices and a softer U.S. dollar. If these developments are sustained, their net effect will need to be assessed as more data become available in the months ahead. Although a number of complex adjustments are under way, the Bank’s assessment of risks to the inflation profile has not materially changed. Risks to financial stability remain elevated, but appear to be evolving as expected. Weighing all of these risks, the Bank judges that the current degree of monetary policy stimulus remains appropriate and therefore the target for the overnight rate remains at 3/4 per cent. Information note: The next scheduled date for announcing the overnight rate target is 15 July 2015. The next full update of the Bank’s outlook for the economy and inflation, including risks to the projection, will be published in the MPR at the same time.",0.0
2015-09-09,https://www.bankofcanada.ca/2015/09/fad-press-release-2015-09-09/,Bank of Canada maintains overnight rate target at 1/2 per cent,0.5,394,20,2421,"The Bank of Canada today announced that it is maintaining its target for the overnight rate at 1/2 per cent. The Bank Rate is correspondingly 3/4 per cent and the deposit rate is 1/4 per cent. Inflation has evolved in line with the outlook in the Bank’s July Monetary Policy Report (MPR). Total CPI inflation remains near the bottom of the target range, reflecting year-over-year price declines for consumer energy products. Core inflation has been close to 2 per cent, with disinflationary pressures from economic slack being offset by transitory effects of the past depreciation of the Canadian dollar and some sector-specific factors. The dynamics of GDP growth in Canada outlined in July’s MPR also remain intact. The stimulative effects of previous monetary policy actions are working their way through the Canadian economy. Canada’s resource sector continues to adjust to lower prices for oil and other commodities, with some spillover to the rest of the economy. These adjustments are complex and are expected to take considerable time. Economic activity continues to be underpinned by solid household spending and a firm recovery in the United States, with particular strength in the sectors of the U.S. economy that are important for Canadian exports. Increasing uncertainty about growth prospects for China and other emerging-market economies, in contrast, is raising questions about the pace of the global recovery. This has contributed to heightened financial market volatility and lower commodity prices. Movements in the Canadian dollar are helping to absorb some of the impact of lower commodity prices and are facilitating the adjustments taking place in Canada’s economy. While the overall export picture is still uncertain, the latest data confirm that exchange rate-sensitive exports are regaining momentum. Meanwhile, risks to financial stability are evolving as expected. Taking all of these developments into consideration, the Bank judges that the risks to the outlook for inflation remain within the zone for which the current stance of monetary policy is appropriate. Therefore, the target for the overnight rate remains at 1/2 per cent. Information note: The next scheduled date for announcing the overnight rate target is 21 October 2015. The next full update of the Bank’s outlook for the economy and inflation, including risks to the projection, will be published in the MPR at the same time.",-25.0
2015-12-02,https://www.bankofcanada.ca/2015/12/fad-press-release-2015-12-02/,Bank of Canada maintains overnight rate target at 1/2 per cent,0.5,454,25,2758,"The Bank of Canada today announced that it is maintaining its target for the overnight rate at 1/2 per cent. The Bank Rate is correspondingly 3/4 per cent and the deposit rate is 1/4 per cent. Global economic growth is evolving essentially as the Bank had anticipated in its October Monetary Policy Report (MPR). The US economy continues to grow at a solid pace, although private domestic demand has proven slightly less robust than expected. Meanwhile, commodity prices have declined further. The ongoing terms-of-trade adjustments and shifting growth prospects across different regions are contributing to exchange rate movements. In this context, policy divergence is expected to remain a prominent theme. In Canada, the dynamics of growth have been broadly in line with the Bank’s MPR outlook. The economy continues to undergo a complex and lengthy adjustment to the decline in Canada’s terms of trade. This adjustment is being aided by the ongoing US recovery, a lower Canadian dollar and the Bank’s monetary policy easing this year. The resource sector is still contending with lower prices for commodities. In non-resource sectors, exports are picking up, particularly in exchange rate-sensitive categories. However, business investment continues to be weighed down by cuts in resource-sector spending. The labour market has been resilient at the national level, although with significant job losses in resource-producing regions. The Bank expects GDP growth to moderate in the fourth quarter of 2015 before moving to a rate above potential in 2016. While bond yields are slightly higher, financial conditions remain accommodative in Canada. In the midst of all of these adjustments, inflation is in line with the Bank’s October outlook. Total CPI inflation remains near the bottom of the Bank’s target range, owing to declines in consumer energy prices. Core inflation is close to 2 per cent as the effects of the lower dollar and the output gap continue to offset each other. The Bank judges that the risks around the inflation profile remain roughly balanced over the projection horizon. Vulnerabilities in the household sector continue to edge higher while overall risks to financial stability are evolving as expected. Taking all of these developments into consideration, the Bank judges that the risks to the outlook for inflation remain within the zone for which the current stance of monetary policy is appropriate. Therefore, the target for the overnight rate remains at 1/2 per cent. Information note The next scheduled date for announcing the overnight rate target is 20 January 2016. The next full update of the Bank’s outlook for the economy and inflation, including risks to the projection, will be published in the MPR at the same time.",0.0
2016-03-09,https://www.bankofcanada.ca/2016/03/fad-press-release-2016-03-09/,Bank of Canada maintains overnight rate target at 1/2 per cent,0.5,462,25,2814,"The Bank of Canada today announced that it is maintaining its target for the overnight rate at 1/2 per cent. The Bank Rate is correspondingly 3/4 per cent and the deposit rate is 1/4 per cent. The global economy is progressing largely as the Bank anticipated in its January Monetary Policy Report (MPR). Financial market volatility, reflecting heightened concerns about economic momentum, appears to be abating. Although downside risks remain, the Bank still expects global growth to strengthen this year and next. Recent data indicate that the U.S. expansion remains broadly on track. At the same time, the low level of oil prices will continue to dampen growth in Canada and other energy-producing countries. Prices of oil and other commodities have rebounded in recent weeks. In this context, and in light of shifting expectations for monetary policy in Canada and the United States, the Canadian dollar has appreciated from its recent lows. With these movements, both the price of oil and the exchange rate have averaged close to levels assumed in the January MPR. Canada’s GDP growth in the fourth quarter was not as weak as expected, but the near-term outlook for the economy remains broadly the same as in January. National employment has held up despite job losses in resource-intensive regions, and household spending continues to underpin domestic demand. Non-energy exports are gathering momentum, particularly in sectors that are sensitive to exchange rate movements. However, overall business investment remains very weak due to retrenchment in the resource sector. Inflation in Canada is evolving broadly as anticipated. The factors that pushed total CPI inflation up to 2 per cent will likely unwind in the months ahead. Measures of core inflation are at or just below 2 per cent, boosted by the temporary effects of past exchange rate depreciation. Material excess capacity in the Canadian economy will continue to dampen inflation. An assessment of the impact of the upcoming federal budget’s fiscal measures will be incorporated into the Bank’s April projection. All things considered, the risks to the profile for inflation are roughly balanced. Meanwhile, financial vulnerabilities continue to edge higher, in part due to regional shifts in activity associated with the structural adjustment underway in Canada’s economy. The Bank’s Governing Council judges that the overall balance of risks remains within the zone for which the current stance of monetary policy is appropriate, and the target for the overnight rate remains at 1/2 per cent. Information note The next scheduled date for announcing the overnight rate target is 13 April 2016. The next full update of the Bank’s outlook for the economy and inflation, including risks to the projection, will be published in the MPR at that time.",0.0
2016-05-25,https://www.bankofcanada.ca/2016/05/fad-press-release-2016-05-25/,Bank of Canada maintains overnight rate target at 1/2 per cent,0.5,412,21,2530,"The Bank of Canada today announced that it is maintaining its target for the overnight rate at 1/2 per cent. The Bank Rate is correspondingly 3/4 per cent and the deposit rate is 1/4 per cent. The global economy is evolving largely as the Bank projected in its April Monetary Policy Report (MPR). In the United States, despite weakness in the first quarter, a number of indicators, including employment, point to a return to solid growth in 2016. Financial conditions remain accommodative, with ongoing geopolitical factors contributing to fragile market sentiment. Oil prices are higher, in part because of short-term supply disruptions. In Canada, the economy’s structural adjustment to the oil price shock continues, but is proving to be uneven. Growth in the first quarter of 2016 appears to be in line with the Bank’s April projection, although business investment and intentions remain disappointing. The second quarter will be much weaker than predicted because of the devastating Alberta wildfires. The Bank’s preliminary assessment is that fire-related destruction and the associated halt to oil production will cut about 1 1/4 percentage points off real GDP growth in the second quarter. The economy is expected to rebound in the third quarter, as oil production resumes and reconstruction begins. While the Canadian dollar has been fluctuating in response to shifting expectations of US monetary policy and higher oil prices, it is now close to the level assumed in April. Inflation is roughly in line with the Bank’s expectations. Total CPI inflation has risen recently, largely due to movements in gasoline prices, but remains slightly below the 2 per cent target. Measures of core inflation remain close to 2 per cent, reflecting the offsetting influences of past exchange rate depreciation and excess capacity. Canada’s housing market continues to display strong regional divergences, reinforced by the complex adjustment underway in the economy. In this context, household vulnerabilities have moved higher. Meanwhile, the risks to the Bank’s inflation projection remain roughly balanced. Therefore, the Bank’s Governing Council judges that the current stance of monetary policy is still appropriate, and the target for the overnight rate remains at 1/2 per cent. Information note The next scheduled date for announcing the overnight rate target is 13 July 2016. The next full update of the Bank’s outlook for the economy and inflation, including risks to the projection, will be published in the MPR at that time.",0.0
2016-09-07,https://www.bankofcanada.ca/2016/09/fad-press-release-2016-09-07/,Bank of Canada maintains overnight rate target at 1/2 per cent,0.5,474,20,2907,"The Bank of Canada today announced that it is maintaining its target for the overnight rate at 1/2 per cent. The Bank Rate is correspondingly 3/4 per cent and the deposit rate is 1/4 per cent. Global growth in the first half of 2016 was slower than the Bank had projected in its July Monetary Policy Report (MPR), although the Bank continues to expect it to strengthen gradually in the second half of this year. The US economy was weaker than expected in the second quarter, notably reflecting a contraction in business and residential investment. While a healthy labour market and solid consumption should remain supportive of growth in the rest of the year, the outlook for business investment has become less certain. Meanwhile, global financial conditions have become even more accommodative since July. While Canada’s economy shrank in the second quarter, the Bank still projects a substantial rebound in the second half of this year. Second-quarter GDP was pulled down by the Alberta wildfires in May and by a drop in exports that was larger and more broad-based than expected. Exports disappointed even after accounting for weaker business and residential investment in the United States, adjustments in the resource sector, and cutbacks in auto production. The economy is expected to rebound in the third quarter as oil production recovers, rebuilding commences in Alberta, and consumer spending gets an additional lift from Canada Child Benefit payments. As federal infrastructure spending starts to have more impact, growth in the fourth quarter is projected to remain above potential. While the strength in exports during July was encouraging, the ground lost over previous months raises the possibility that the profile for economic activity will be somewhat lower than anticipated in July. Inflation is roughly in line with the Bank’s expectations. Total CPI inflation is below the 2 per cent target, mainly because of the temporary effects of lower consumer energy prices. Measures of core inflation remain around 2 per cent, reflecting offsetting effects of excess capacity and past exchange rate depreciation. On balance, risks to the profile for inflation have tilted somewhat to the downside since July. At the same time, while there are preliminary signs of a possible moderation in the Vancouver housing market, financial vulnerabilities associated with household imbalances remain elevated and continue to rise. The Bank’s Governing Council judges that the overall balance of risks remains within the zone for which the current stance of monetary policy is appropriate, and the target for the overnight rate remains at 1/2 per cent. Information note The next scheduled date for announcing the overnight rate target is 19 October 2016. The next full update of the Bank’s outlook for the economy and inflation, including risks to the projection, will be published in the MPR at that time.",0.0
2016-12-07,https://www.bankofcanada.ca/2016/12/fad-press-release-2016-12-07/,Bank of Canada maintains overnight rate target at 1/2 per cent,0.5,366,18,2262,"The Bank of Canada today announced that it is maintaining its target for the overnight rate at 1/2 per cent. The Bank Rate is correspondingly 3/4 per cent and the deposit rate is 1/4 per cent. Economic data suggest that global economic conditions have strengthened, as the Bank anticipated in its October Monetary Policy Report (MPR). However, uncertainty, which has been undermining business confidence and dampening investment in Canada’s major trading partners, remains undiminished. Following the election in the United States, there has been a rapid back-up in global bond yields, partly reflecting market anticipation of fiscal expansion in a US economy that is near full capacity. Canadian yields have risen significantly in this context. In Canada, the dynamics of growth are largely as the Bank anticipated. Following a very weak first half of 2016, growth in the third quarter rebounded strongly, but more moderate growth is anticipated in the fourth quarter. Consumption growth was robust in the third quarter, supported by the new Canada Child Benefit, while the effects of federal infrastructure spending are not yet evident in the GDP data. Meanwhile, business investment and non-energy goods exports continue to disappoint. There have been ongoing gains in employment, but a significant amount of economic slack remains in Canada, in contrast to the United States. While household imbalances continue to rise, these will be mitigated over time by announced changes to housing finance rules. Total CPI inflation has picked up in recent months but is slightly below expectations, largely because of lower food prices. Core inflation is close to 2 per cent because the effect of persistent economic slack is still being offset by that of past exchange rate depreciation, although the latter effect is dissipating. Overall, the Bank’s Governing Council judges that the current stance of monetary policy remains appropriate. Therefore, the target for the overnight rate remains at 1/2 per cent. Information note The next scheduled date for announcing the overnight rate target is 18 January 2017. The next full update of the Bank’s outlook for the economy and inflation, including risks to the projection, will be published in the MPR at the same time.",0.0
2017-01-18,https://www.bankofcanada.ca/2017/01/fad-press-release-2017-01-18/,Bank of Canada maintains overnight rate target at 1/2 per cent,0.5,474,21,2938,"The Bank of Canada today announced that it is maintaining its target for the overnight rate at 1/2 per cent. The Bank Rate is correspondingly 3/4 per cent and the deposit rate is 1/4 per cent. Uncertainty about the global outlook is undiminished, particularly with respect to policies in the United States. The Bank has made initial assumptions about prospective tax policies only, resulting in a modest upward revision to its US growth outlook. Overall, the global economy is strengthening largely as expected and prices of some commodities, including oil, have risen. The rapid back-up in global bond yields, partly reflecting market anticipation of US fiscal expansion, has pulled up Canadian yields relative to the October Monetary Policy Report (MPR). In contrast to the United States, Canada’s economy continues to operate with material excess capacity. While employment growth has remained firm, indicators still point to significant slack in the labour market. The resource sector’s adjustment to past commodity price declines appears to be largely complete, but negative wealth and income effects will persist. Meanwhile, the Canadian dollar has strengthened along with the US dollar against other currencies, exacerbating ongoing competitiveness challenges and muting the outlook for exports. Consumption is expected to remain solid, while residential investment will be tempered by previously announced changes to housing finance rules and by mortgage rates that have risen in response to higher bond yields. Federal and provincial fiscal measures are still expected to support growth in 2017. Bearing in mind the important assumptions embedded in its forecast, the Bank projects that Canada’s real GDP will grow by 2.1 per cent in both 2017 and 2018. This implies a return to full capacity around mid-2018, in line with October’s projection. Inflation in Canada has been lower than anticipated since October, mainly because of declines in food prices. Measures of core inflation are below 2 per cent, reflecting material excess capacity in the economy. As consumer energy prices rise and the impact of lower food prices dissipates, inflation is expected to move close to the 2 per cent target in the months ahead and remain there throughout the projection horizon while excess capacity is being absorbed. In the context of a projection that is largely unchanged, the Bank’s Governing Council judges that the current stance of monetary policy is still appropriate and maintains the target for the overnight rate at 1/2 per cent. Governing Council will continue to assess the impact of ongoing developments, mindful of the significant uncertainties weighing on the outlook. Information note The next scheduled date for announcing the overnight rate target is 1 March 2017. The next full update of the Bank’s outlook for the economy and inflation, including risks to the projection, will be published in the MPR on 12 April 2017.",0.0
2017-03-01,https://www.bankofcanada.ca/2017/03/fad-press-release-2017-03-01/,Bank of Canada maintains overnight rate target at 1/2 per cent,0.5,308,14,1845,"The Bank of Canada today announced that it is maintaining its target for the overnight rate at 1/2 per cent. The Bank Rate is correspondingly 3/4 per cent and the deposit rate is 1/4 per cent. CPI inflation rose to 2.1 per cent in January, reflecting higher energy prices due in part to carbon pricing measures introduced in two provinces. The Bank is looking through these effects, as their impact on inflation will be temporary. The Bank’s three measures of core inflation, taken together, continue to point to material excess capacity in the economy. Overall, recent data on the global and Canadian economies have been consistent with the Bank’s projection of improving growth, as set out in the January Monetary Policy Report (MPR). In Canada, recent consumption and housing indicators suggest growth in the fourth quarter of 2016 may have been slightly stronger than expected. However, exports continue to face the ongoing competitiveness challenges described in the January MPR. The Canadian dollar and bond yields remain near levels observed at that time. While there have been recent gains in employment, subdued growth in wages and hours worked continue to reflect persistent economic slack in Canada, in contrast to the United States. The Bank’s Governing Council remains attentive to the impact of significant uncertainties weighing on the outlook and continues to monitor risks outlined in the January MPR. In this context, Governing Council judges that the current stance of monetary policy is still appropriate and maintains the target for the overnight rate at 1/2 per cent. Information note The next scheduled date for announcing the overnight rate target is 12 April 2017. The next full update of the Bank’s outlook for the economy and inflation, including risks to the projection, will be published in the MPR at the same time.",0.0
2017-04-12,https://www.bankofcanada.ca/2017/04/fad-press-release-2017-04-12/,Bank of Canada maintains overnight rate target at 1/2 per cent,0.5,593,26,3523,"The Bank of Canada today announced that it is maintaining its target for the overnight rate at 1/2 per cent. The Bank Rate is correspondingly 3/4 per cent and the deposit rate is 1/4 per cent. Global economic growth is strengthening and becoming more broadly-based than the Bank had expected in its January Monetary Policy Report (MPR), although there is still considerable uncertainty about the outlook. In the United States, some temporary factors weighed on economic activity in the first quarter but the drivers of growth remain solid. The US is close to full employment, unlike many other advanced economies, including Canada, where material slack remains. Global financial conditions remain accommodative. The Bank expects global GDP growth to increase from 3 1/4 per cent this year to about 3 1/2 per cent in 2018 and 2019. In Canada, recent data indicate that economic growth has been faster than was expected in the January MPR. Growth was temporarily boosted by a resumption of spending in the oil and gas sector and the effects of the Canada Child Benefit on consumer spending. Residential investment has also been stronger than expected. Employment data have been robust, although gains in hours worked are still soft. Meanwhile, export growth has been uneven in the face of ongoing competitiveness challenges. Further, despite a recent uptick in sentiment, business investment remains well below what could be expected at this stage in the recovery. Accordingly, while the recent rebound in GDP is encouraging, it is too early to conclude that the economy is on a sustainable growth path. During the rest of this year and into 2018 and 2019, growth in Canada is expected to moderate but remain above potential. At the same time, its composition is expected to broaden as the pace of household spending, especially residential investment, slows while the contributions from exports and business investment increase. The Bank now projects real GDP growth of 2 1/2 per cent in 2017 and just below 2 per cent in 2018 and 2019. Meanwhile, the Bank has revised down its projection of potential growth, reflecting persistently weak investment. With this combination of a higher profile for economic activity and a lower profile for potential, the output gap is projected to close in the first half of 2018, a bit sooner than the Bank anticipated in January. CPI inflation is now at the 2 per cent target, largely because of the transitory effects of higher oil prices and carbon pricing measures in two provinces, as well as other temporary factors. The Bank’s three measures of core inflation, on the other hand, have been drifting down in recent quarters and wage growth remains subdued, consistent with material excess capacity in the economy. CPI inflation is expected to dip in the months ahead, as the temporary factors unwind, and then return to 2 per cent later in the projection horizon as the output gap closes. The Bank’s Governing Council acknowledges the strength of recent data, some of which is temporary, and is mindful of the significant uncertainties weighing on the outlook. In this context, Governing Council judges that the current stance of monetary policy is still appropriate and maintains the target for the overnight rate at 1/2 per cent. Information note The next scheduled date for announcing the overnight rate target is 24 May 2017. The next full update of the Bank’s outlook for the economy and inflation, including risks to the projection, will be published in the MPR on 12 July 2017.",0.0
2017-05-24,https://www.bankofcanada.ca/2017/05/fad-press-release-2017-05-24/,Bank of Canada maintains overnight rate target at 1/2 per cent,0.5,381,17,2349,"Bank of Canada maintains overnight rate target at 1/2 per cent FOR IMMEDIATE RELEASE Media Relations Ottawa, Ontario May 24, 2017 Available as: PDF The Bank of Canada is maintaining its target for the overnight rate at 1/2 per cent. The Bank Rate is correspondingly 3/4 per cent and the deposit rate is 1/4 per cent. Inflation is broadly in line with the Bank’s projection in its April Monetary Policy Report (MPR). Food prices continue to decline, mainly because of intense retail competition, pushing inflation temporarily lower. The Bank’s three measures of core inflation remain below two per cent and wage growth is still subdued, consistent with ongoing excess capacity in the economy. The global economy continues to gain traction and recent developments reinforce the Bank’s view that growth will gradually strengthen and broaden over the projection horizon. As anticipated, growth in the United States during the first quarter was weak, reflecting mostly temporary factors. Recent data point to a rebound in the second quarter. The uncertainties outlined in the April MPR continue to cloud the global and Canadian outlooks. The Canadian economy’s adjustment to lower oil prices is largely complete and recent economic data have been encouraging, including indicators of business investment. Consumer spending and the housing sector continue to be robust on the back of an improving labour market, and these are becoming more broadly based across regions. Macroprudential and other policy measures, while contributing to more sustainable debt profiles, have yet to have a substantial cooling effect on housing markets. Meanwhile, export growth remains subdued, as anticipated in the April MPR, in the face of ongoing competitiveness challenges. The Bank’s monitoring of the economic data suggests that very strong growth in the first quarter will be followed by some moderation in the second quarter. All things considered, Governing Council judges that the current degree of monetary stimulus is appropriate at present, and maintains the target for the overnight rate at 1/2 per cent. Information note: The next scheduled date for announcing the overnight rate target is 12 July 2017. The next full update of the Bank’s outlook for the economy and inflation, including risks to the projection, will be published in the MPR at the same time.",0.0
2017-07-12,https://www.bankofcanada.ca/2017/07/fad-press-release-2017-07-12/,Bank of Canada increases overnight rate target to 3/4 per cent,0.75,590,28,3577,"Bank of Canada increases overnight rate target to 3/4 per cent FOR IMMEDIATE RELEASE Media Relations Ottawa, Ontario July 12, 2017 Available as: PDF The Bank of Canada is raising its target for the overnight rate to 3/4 per cent. The Bank Rate is correspondingly 1 per cent and the deposit rate is 1/2 per cent. Recent data have bolstered the Bank’s confidence in its outlook for above-potential growth and the absorption of excess capacity in the economy. The Bank acknowledges recent softness in inflation but judges this to be temporary. Recognizing the lag between monetary policy actions and future inflation, Governing Council considers it appropriate to raise its overnight rate target at this time. The global economy continues to strengthen and growth is broadening across countries and regions. The US economy was tepid in the first quarter of 2017 but is now growing at a solid pace, underpinned by a robust labour market and stronger investment. Above-potential growth is becoming more widespread in the euro area. However, elevated geopolitical uncertainty still clouds the global outlook, particularly for trade and investment. Meanwhile, world oil prices have softened as markets work toward a new supply/demand balance. Canada’s economy has been robust, fuelled by household spending. As a result, a significant amount of economic slack has been absorbed. The very strong growth of the first quarter is expected to moderate over the balance of the year, but remain above potential. Growth is broadening across industries and regions and therefore becoming more sustainable. As the adjustment to lower oil prices is largely complete, both the goods and services sectors are expanding. Household spending will likely remain solid in the months ahead, supported by rising employment and wages, but its pace is expected to slow over the projection horizon. At the same time, exports should make an increasing contribution to GDP growth. Business investment should also add to growth, a view supported by the most recent Business Outlook Survey. The Bank estimates real GDP growth will moderate further over the projection horizon, from 2.8 per cent in 2017 to 2.0 per cent in 2018 and 1.6 per cent in 2019. The output gap is now projected to close around the end of 2017, earlier than the Bank anticipated in its April Monetary Policy Report (MPR). CPI inflation has eased in recent months and the Bank’s three measures of core inflation all remain below 2 per cent. The factors behind soft inflation appear to be mostly temporary, including heightened food price competition, electricity rebates in Ontario, and changes in automobile pricing. As the effects of these relative price movements fade and excess capacity is absorbed, the Bank expects inflation to return to close to 2 per cent by the middle of 2018. The Bank will continue to analyze short-term inflation fluctuations to determine the extent to which it remains appropriate to look through them. Governing Council judges that the current outlook warrants today’s withdrawal of some of the monetary policy stimulus in the economy. Future adjustments to the target for the overnight rate will be guided by incoming data as they inform the Bank’s inflation outlook, keeping in mind continued uncertainty and financial system vulnerabilities. Information note The next scheduled date for announcing the overnight rate target is September 6, 2017. The next full update of the Bank’s outlook for the economy and inflation, including risks to the projection, will be published in the MPR on October 25, 2017.",25.0
2017-09-06,https://www.bankofcanada.ca/2017/09/fad-press-release-2017-09-06/,Bank of Canada increases overnight rate target to 1 per cent,1.0,456,19,2867,"Bank of Canada increases overnight rate target to 1 per cent FOR IMMEDIATE RELEASE Media Relations Ottawa, Ontario September 6, 2017 Available as: PDF The Bank of Canada is raising its target for the overnight rate to 1 per cent. The Bank Rate is correspondingly 1 1/4 per cent and the deposit rate is 3/4 per cent. Recent economic data have been stronger than expected, supporting the Bank’s view that growth in Canada is becoming more broadly-based and self-sustaining. Consumer spending remains robust, underpinned by continued solid employment and income growth. There has also been more widespread strength in business investment and in exports. Meanwhile, the housing sector appears to be cooling in some markets in response to recent changes in tax and housing finance policies. The Bank continues to expect a moderation in the pace of economic growth in the second half of 2017, for the reasons described in the July Monetary Policy Report (MPR), but the level of GDP is now higher than the Bank had expected. The global economic expansion is becoming more synchronous, as anticipated in July, with stronger-than-expected indicators of growth, including higher industrial commodity prices. However, significant geopolitical risks and uncertainties around international trade and fiscal policies remain, leading to a weaker US dollar against many major currencies. In this context, the Canadian dollar has appreciated, also reflecting the relative strength of Canada’s economy. While inflation remains below the 2 per cent target, it has evolved largely as expected in July. There has been a slight increase in both total CPI and the Bank’s core measures of inflation, consistent with the dissipating negative impact of temporary price shocks and the absorption of economic slack. Nonetheless, there remains some excess capacity in Canada’s labour market, and wage and price pressures are still more subdued than historical relationships would suggest, as observed in some other advanced economies. Given the stronger-than-expected economic performance, Governing Council judges that today’s removal of some of the considerable monetary policy stimulus in place is warranted. Future monetary policy decisions are not predetermined and will be guided by incoming economic data and financial market developments as they inform the outlook for inflation. Particular focus will be given to the evolution of the economy’s potential, and to labour market conditions. Furthermore, given elevated household indebtedness, close attention will be paid to the sensitivity of the economy to higher interest rates. Information note The next scheduled date for announcing the overnight rate target is October 25, 2017. The next full update of the Bank’s outlook for the economy and inflation, including risks to the projection, will be published in the MPR at the same time.",25.0
2017-10-25,https://www.bankofcanada.ca/2017/10/fad-press-release-2017-10-25/,Bank of Canada maintains overnight rate target at 1 per cent,1.0,526,25,3137,"The Bank of Canada today maintained its target for the overnight rate at 1 per cent. The Bank Rate is correspondingly 1 1/4 per cent and the deposit rate is 3/4 per cent. Inflation has picked up in recent months, as anticipated in the Bank’s July Monetary Policy Report (MPR), reflecting stronger economic activity and higher gasoline prices. Measures of core inflation have edged up, in line with a narrowing output gap and the diminishing effects of lower food prices. The Bank projects inflation will rise to 2 per cent in the second half of 2018. This is a little later than anticipated in July because of the recent strength in the Canadian dollar. The Bank is also mindful that global structural factors could be weighing on inflation in Canada and other advanced economies. The global and Canadian economies are progressing as outlined in the July MPR. Economic activity continues to strengthen and broaden across countries. The Bank still expects global growth to average around 3 1/2 per cent over 2017-19. However, this outlook remains subject to substantial uncertainty about geopolitical developments and fiscal and trade policies, notably the renegotiation of the North American Free Trade Agreement. Canada’s economic growth in the second quarter was stronger than expected, and was more broad-based across regions and sectors. Growth is expected to moderate to a more sustainable pace in the second half of 2017 and remain close to potential over the next two years, with real GDP expanding at 3.1 per cent in 2017, 2.1 per cent in 2018 and 1.5 per cent in 2019. Exports and business investment are both expected to continue to make a solid contribution to GDP growth. However, projected export growth is slightly slower than before, in part because of a stronger Canadian dollar than assumed in July. Housing and consumption are forecast to slow in light of policy changes affecting housing markets and higher interest rates. Because of high debt levels, household spending is likely more sensitive to interest rates than in the past. The Bank estimates that the economy is operating close to its potential. However, wage and other data indicate that there is still slack in the labour market. This suggests that there could be room for more economic growth than the Bank is projecting without inflation rising materially above target. Based on this outlook and the risks and uncertainties identified in today’s MPR, Governing Council judges that the current stance of monetary policy is appropriate. While less monetary policy stimulus will likely be required over time, Governing Council will be cautious in making future adjustments to the policy rate. In particular, the Bank will be guided by incoming data to assess the sensitivity of the economy to interest rates, the evolution of economic capacity, and the dynamics of both wage growth and inflation. Information note The next scheduled date for announcing the overnight rate target is December 6, 2017. The next full update of the Bank’s outlook for the economy and inflation, including risks to the projection, will be published in the MPR on January 17, 2018.",0.0
2017-12-06,https://www.bankofcanada.ca/2017/12/fad-press-release-2017-12-06/,Bank of Canada maintains overnight rate target at 1 per cent,1.0,436,22,2772,"The Bank of Canada today maintained its target for the overnight rate at 1 per cent. The Bank Rate is correspondingly 1 1/4 per cent and the deposit rate is 3/4 per cent. The global economy is evolving largely as expected in the Bank’s October Monetary Policy Report (MPR). In the United States, growth in the third quarter was stronger than forecast but is still expected to moderate in the months ahead. Growth has firmed in other advanced economies. Meanwhile, oil prices have moved higher and financial conditions have eased. The global outlook remains subject to considerable uncertainty, notably about geopolitical developments and trade policies. Recent Canadian data are in line with October’s outlook, which was for growth to moderate while remaining above potential in the second half of 2017. Employment growth has been very strong and wages have shown some improvement, supporting robust consumer spending in the third quarter. Business investment continued to contribute to growth after a strong first half, and public infrastructure spending is becoming more evident in the data. Following exceptionally strong growth earlier in 2017, exports declined by more than was expected in the third quarter. However, the latest trade data support the MPR projection that export growth will resume as foreign demand strengthens. Housing has continued to moderate, as expected. Inflation has been slightly higher than anticipated and will continue to be boosted in the short term by temporary factors, particularly gasoline prices. Measures of core inflation have edged up in recent months, reflecting the continued absorption of economic slack. Revisions to past quarterly national accounts have resulted in a higher level of GDP. However, this is unlikely to have significant implications for the output gap because the revisions also imply a higher level of potential output. Meanwhile, despite rising employment and participation rates, other indicators point to ongoing­ – albeit diminishing – slack in the labour market. Based on the outlook for inflation and the evolution of the risks and uncertainties identified in October’s MPR, Governing Council judges that the current stance of monetary policy remains appropriate. While higher interest rates will likely be required over time, Governing Council will continue to be cautious, guided by incoming data in assessing the economy’s sensitivity to interest rates, the evolution of economic capacity, and the dynamics of both wage growth and inflation. Information note The next scheduled date for announcing the overnight rate target is January 17, 2018. The next full update of the Bank’s outlook for the economy and inflation, including risks to the projection, will be published in the MPR at the same time.",0.0
2018-01-17,https://www.bankofcanada.ca/2018/01/fad-press-release-2018-01-17/,Bank of Canada increases overnight rate target to 1 1/4 per cent,1.25,604,27,3770,"The Bank of Canada today increased its target for the overnight rate to 1 1/4 per cent. The Bank Rate is correspondingly 1 1/2 per cent and the deposit rate is 1 per cent. Recent data have been strong, inflation is close to target, and the economy is operating roughly at capacity. However, uncertainty surrounding the future of the North American Free Trade Agreement (NAFTA) is clouding the economic outlook. The global economy continues to strengthen, with growth expected to average 3 1/2 per cent over the projection horizon. Growth in advanced economies is projected to be stronger than in the Bank’s October Monetary Policy Report (MPR). In particular, there are signs of increasing momentum in the US economy, which will be boosted further by recent tax changes. Global commodity prices are higher, although the benefits to Canada are being diluted by wider spreads between benchmark world and Canadian oil prices. In Canada, real GDP growth is expected to slow to 2.2 per cent in 2018 and 1.6 per cent in 2019, following an estimated 3.0 per cent in 2017. Growth is expected to remain above potential through the first quarter of 2018 and then slow to a rate close to potential for the rest of the projection horizon. Consumption and residential investment have been stronger than anticipated, reflecting strong employment growth. Business investment has been increasing at a solid pace, and investment intentions remain positive. Exports have been weaker than expected although, apart from cross-border shifts in automotive production, there have been positive signs in most other categories. Looking forward, consumption and residential investment are expected to contribute less to growth, given higher interest rates and new mortgage guidelines, while business investment and exports are expected to contribute more. The Bank’s outlook takes into account a small benefit to Canada’s economy from stronger US demand arising from recent tax changes. However, as uncertainty about the future of NAFTA is weighing increasingly on the outlook, the Bank has incorporated into its projection additional negative judgement on business investment and trade. The Bank continues to monitor the extent to which strong demand is boosting potential, creating room for more non-inflationary expansion. In this respect, capital investment, firm creation, labour force participation, and hours worked are all showing promising signs. Recent data show that labour market slack is being absorbed more quickly than anticipated. Wages have picked up but are rising by less than would be typical in the absence of labour market slack. In this context, inflation is close to 2 per cent and core measures of inflation have edged up, consistent with diminishing slack in the economy. The Bank expects CPI inflation to fluctuate in the months ahead as various temporary factors (including gasoline and electricity prices) unwind. Looking through these temporary factors, inflation is expected to remain close to 2 per cent over the projection horizon. While the economic outlook is expected to warrant higher interest rates over time, some continued monetary policy accommodation will likely be needed to keep the economy operating close to potential and inflation on target. Governing Council will remain cautious in considering future policy adjustments, guided by incoming data in assessing the economy’s sensitivity to interest rates, the evolution of economic capacity, and the dynamics of both wage growth and inflation. Information note The next scheduled date for announcing the overnight rate target is March 7, 2018. The next full update of the Bank’s outlook for the economy and inflation, including risks to the projection, will be published in the MPR on April 18, 2018.",25.0
2018-03-07,https://www.bankofcanada.ca/2018/03/fad-press-release-2018-03-07/,Bank of Canada maintains overnight rate target at 1 1/4 per cent,1.25,459,21,2786,"The Bank of Canada today maintained its target for the overnight rate at 1 1/4 per cent. The Bank Rate is correspondingly 1 1/2 per cent and the deposit rate is 1 per cent. Global growth remains solid and broad-based. In the United States, new government spending and previously-announced tax cuts are anticipated to boost growth in 2018 and 2019. However, trade policy developments are an important and growing source of uncertainty for the global and Canadian outlooks. In Canada, the national accounts data show that the economy grew by 3 per cent in 2017, bringing the level of real GDP in line with the projection in the Bank’s January Monetary Policy Report (MPR). In the fourth quarter, GDP growth was slower than expected, largely due to higher imports, while exports made only a partial recovery from their third-quarter decline. The gain in imports mainly reflected stronger business investment, which adds to the economy’s capacity. Strong housing data in late 2017, and softer data at the beginning of this year, indicate some pulling forward of demand ahead of new mortgage guidelines and other policy measures. It will take some time to fully assess the impact of these, as well as recently announced provincial measures, on housing demand and prices. More broadly, the Bank continues to monitor the economy’s sensitivity to higher interest rates. Notably, household credit growth has decelerated for three consecutive months. The implications of the recent federal budget for the outlook for growth and inflation will be incorporated in the Bank’s April projection. Inflation is running close to the 2 per cent target and the Bank’s core measures of inflation have edged up, consistent with an economy operating near capacity. Wage growth has firmed, but remains lower than would be typical in an economy with no labour market slack. Inflation is fluctuating because of temporary factors related to gasoline, electricity, and minimum wages. In this context, Governing Council maintained the target for the overnight rate at 1 1/4 per cent. While the economic outlook is expected to warrant higher interest rates over time, some continued monetary policy accommodation will likely be needed to keep the economy operating close to potential and inflation on target. Governing Council will remain cautious in considering future policy adjustments, guided by incoming data in assessing the economy’s sensitivity to interest rates, the evolution of economic capacity, and the dynamics of both wage growth and inflation. Information note The next scheduled date for announcing the overnight rate target is April 18, 2018. The next full update of the Bank’s outlook for the economy and inflation, including risks to the projection, will be published in the MPR at the same time.",0.0
2018-04-18,https://www.bankofcanada.ca/2018/04/fad-press-release-2018-04-18/,Bank of Canada maintains overnight rate target at 1 ¼ per cent,1.25,602,30,3743,"The Bank of Canada today maintained its target for the overnight rate at 1 ¼ per cent. The Bank Rate is correspondingly 1 ½ per cent and the deposit rate is 1 per cent. Inflation in Canada is close to 2 per cent as temporary factors that have been weighing on inflation have largely dissipated, as expected. Consistent with an economy operating with little slack, core measures of inflation have continued to edge up and are all now close to 2 per cent. The transitory impact of higher gasoline prices and recent minimum wage increases will likely cause inflation in 2018 to be modestly higher than the Bank expected in its January Monetary Policy Report (MPR) , returning to the 2 per cent target for the rest of the projection horizon. The global economy is on a modestly stronger track than forecast in January, with upward revisions to growth and potential output in a number of major advanced economies. The outlook for the U.S. economy has been further boosted by new government spending plans. However, escalating geopolitical and trade conflicts risk undermining the global expansion. In Canada, GDP growth in the first quarter was weaker than the Bank had expected, but should rebound in the second quarter, resulting in 2 per cent average growth in the first half of 2018. The economy is projected to operate slightly above its potential over the next three years, with real GDP growth of about 2 per cent in both 2018 and 2019, and 1.8 per cent in 2020. This stronger profile for GDP incorporates new provincial and federal fiscal measures announced since January. It also reflects upward revisions to estimates of potential output growth, which suggest the Canadian economy has made some progress in building capacity. Slower economic growth in the first quarter primarily reflects weakness in two areas. Housing markets responded to new mortgage guidelines and other policy measures by pulling forward transactions to late 2017. Exports also faltered, partly owing to transportation bottlenecks. Some of the weakness in housing and exports is expected to be unwound as 2018 progresses. The Bank anticipates that Canadian exports will strengthen as foreign demand increases, but not sufficiently to recover the ground lost during recent quarters. Export growth is being increasingly limited by capacity constraints in some sectors. Continued gains in business investment should build additional capacity in those sectors and in the economy more generally. However, both exports and investment are being held back by ongoing competitiveness challenges and uncertainty about trade policies. Growth in consumption remains robust, supported by strong labour income growth. Wages have continued to pick up as expected, even after factoring out recent minimum wage increases in Ontario and Alberta. The Bank will continue to assess labour market data for signs of remaining slack. Some progress has been made on the key issues being watched closely by Governing Council, particularly the dynamics of inflation and wage growth. This progress reinforces Governing Council’s view that higher interest rates will be warranted over time, although some monetary policy accommodation will still be needed to keep inflation on target. The Bank will also continue to monitor the economy’s sensitivity to interest rate movements and the evolution of economic capacity. In this context, Governing Council will remain cautious with respect to future policy adjustments, guided by incoming data. Information note The next scheduled date for announcing the overnight rate target is May 30, 2018. The next full update of the Bank’s outlook for the economy and inflation, including risks to the projection, will be published in the MPR on July 11, 2018.",0.0
2018-05-30,https://www.bankofcanada.ca/2018/05/fad-press-release-2018-05-30/,Bank of Canada maintains overnight rate target at 1¼ per cent,1.25,384,19,2361,"The Bank of Canada today maintained its target for the overnight rate at 1¼ per cent. The Bank Rate is correspondingly 1½ per cent and the deposit rate is 1 per cent. Global economic activity remains broadly on track with the Bank’s April Monetary Policy Report (MPR ) forecast. Recent data point to some upside to the outlook for the US economy. At the same time, ongoing uncertainty about trade policies is dampening global business investment and stresses are developing in some emerging market economies. Global oil prices have been higher than assumed in April, in part reflecting geopolitical developments. Inflation in Canada has been close to the 2 per cent target and will likely be a bit higher in the near term than forecast in April, largely because of recent increases in gasoline prices. Core measures of inflation remain near 2 per cent, consistent with an economy operating close to potential. As usual, the Bank will look through the transitory impact of fluctuations in gasoline prices. In Canada, economic data since the April MPR have, on balance, supported the Bank’s outlook for growth around 2 per cent in the first half of 2018. Activity in the first quarter appears to have been a little stronger than projected. Exports of goods were more robust than forecast, and data on imports of machinery and equipment suggest continued recovery in investment. Housing resale activity has remained soft into the second quarter, as the housing market continues to adjust to new mortgage guidelines and higher borrowing rates. Going forward, solid labour income growth supports the expectation that housing activity will pick up and consumption will continue to contribute importantly to growth in 2018. Overall, developments since April further reinforce Governing Council’s view that higher interest rates will be warranted to keep inflation near target. Governing Council will take a gradual approach to policy adjustments, guided by incoming data. In particular, the Bank will continue to assess the economy’s sensitivity to interest rate movements and the evolution of economic capacity. Information note The next scheduled date for announcing the overnight rate target is July 11, 2018. The next full update of the Bank’s outlook for the economy and inflation, including risks to the projection, will be published in the MPR at the same time.",0.0
2018-07-11,https://www.bankofcanada.ca/2018/07/fad-press-release-2018-07-11/,Bank of Canada raises overnight rate target to 1 ½ per cent,1.5,536,26,3180,"The Bank of Canada today increased its target for the overnight rate to 1 ½ per cent. The Bank Rate is correspondingly 1 ¾ per cent and the deposit rate is 1 ¼ per cent. The Bank expects the global economy to grow by about 3 ¾ per cent in 2018 and 3 ½ per cent in 2019, in line with the April Monetary Policy Report (MPR). The US economy is proving stronger than expected, reinforcing market expectations of higher policy rates and pushing up the US dollar. This is contributing to financial stresses in some emerging market economies. Meanwhile, oil prices have risen. Yet, the Canadian dollar is lower, reflecting broad-based US dollar strength and concerns about trade actions. The possibility of more trade protectionism is the most important threat to global prospects. Canada’s economy continues to operate close to its capacity and the composition of growth is shifting. Temporary factors are causing volatility in quarterly growth rates: the Bank projects a pick-up to 2.8 per cent in the second quarter and a moderation to 1.5 per cent in the third. Household spending is being dampened by higher interest rates and tighter mortgage lending guidelines. Recent data suggest housing markets are beginning to stabilize following a weak start to 2018. Meanwhile, exports are being buoyed by strong global demand and higher commodity prices. Business investment is growing in response to solid demand growth and capacity pressures, although trade tensions are weighing on investment in some sectors. Overall, the Bank still expects average growth of close to 2 per cent over 2018-2020. CPI and the Bank’s core measures of inflation remain near 2 per cent, consistent with an economy operating close to capacity. CPI inflation is expected to edge up further to about 2.5 per cent before settling back to 2 per cent by the second half of 2019. The Bank estimates that underlying wage growth is running at about 2.3 per cent, slower than would be expected in a labour market with no slack. As in April, the projection incorporates an estimate of the impact of trade uncertainty on Canadian investment and exports. This effect is now judged to be larger, given mounting trade tensions. The July projection also incorporates the estimated impact of tariffs on steel and aluminum recently imposed by the United States, as well as the countermeasures enacted by Canada. Although there will be difficult adjustments for some industries and their workers, the effect of these measures on Canadian growth and inflation is expected to be modest. Governing Council expects that higher interest rates will be warranted to keep inflation near target and will continue to take a gradual approach, guided by incoming data. In particular, the Bank is monitoring the economy’s adjustment to higher interest rates and the evolution of capacity and wage pressures, as well as the response of companies and consumers to trade actions. Information note The next scheduled date for announcing the overnight rate target is September 5, 2018. The next full update of the Bank’s outlook for the economy and inflation, including risks to the projection, will be published in the MPR on October 24, 2018.",25.0
2018-09-05,https://www.bankofcanada.ca/2018/09/fad-press-release-2018-09-05/,Bank of Canada maintains overnight rate target at 1 ½ per cent,1.5,469,25,2863,"The Bank of Canada today maintained its target for the overnight rate at 1 ½ per cent. The Bank Rate is correspondingly 1 ¾ per cent and the deposit rate is 1 ¼ per cent. CPI inflation moved up to 3 per cent in July. This was higher than expected, in large part because of a jump in the airfare component of the consumer price index. The Bank expects CPI inflation to move back towards 2 per cent in early 2019, as the effects of past increases in gasoline prices dissipate. The Bank’s core measures of inflation remain firmly around 2 per cent, consistent with an economy that has been operating near capacity for some time. Wage growth remains moderate. Recent data on the global economy have been consistent with the Bank’s July Monetary Policy Report (MPR) projections. The US economy is particularly robust, with strong consumer spending and business investment. Elevated trade tensions remain a key risk to the global outlook and are pulling some commodity prices lower. Meanwhile, financial stresses have intensified in certain emerging market economies, but with limited spillovers to other countries. The Canadian economy is evolving closely in line with the Bank’s July projection for growth to average near potential. Following growth of 1.4 per cent in the first quarter, GDP rebounded by 2.9 per cent in the second quarter, as the Bank had forecast. GDP growth is expected to slow temporarily in the third quarter, mainly because of further fluctuations in energy production and exports. While uncertainty about trade policies continues to weigh on businesses, the rotation of demand towards business investment and exports is proceeding. Despite choppiness in the data, both business investment and exports have been growing solidly for several quarters. Meanwhile, activity in the housing market is beginning to stabilize as households adjust to higher interest rates and changes in housing policies. Continuing gains in employment and labour income are helping to support consumption. As past interest rate increases work their way through the economy, credit growth has moderated and the household debt-to-income ratio is beginning to edge down. Recent data reinforce Governing Council’s assessment that higher interest rates will be warranted to achieve the inflation target. We will continue to take a gradual approach, guided by incoming data. In particular, the Bank continues to gauge the economy’s reaction to higher interest rates. The Bank is also monitoring closely the course of NAFTA negotiations and other trade policy developments, and their impact on the inflation outlook. Information note The next scheduled date for announcing the overnight rate target is October 24, 2018. The next full update of the Bank’s outlook for the economy and inflation, including risks to the projection, will be published in the MPR at the same time.",0.0
2018-10-24,https://www.bankofcanada.ca/2018/10/fad-press-release-2018-10-24/,Bank of Canada increases overnight rate target to 1 ¾ per cent,1.75,554,27,3432,"The Bank of Canada today increased its target for the overnight rate to 1 ¾ per cent. The Bank Rate is correspondingly 2 per cent and the deposit rate is 1 ½ per cent. The global economic outlook remains solid. The US economy is especially robust and is expected to moderate over the projection horizon, as forecast in the Bank’s July Monetary Policy Report (MPR). The new US-Mexico-Canada Agreement (USMCA) will reduce trade policy uncertainty in North America, which has been an important curb on business confidence and investment. However, trade conflict, particularly between the United States and China, is weighing on global growth and commodity prices. Financial market volatility has resurfaced and some emerging markets are under stress but, overall, global financial conditions remain accommodative. The Canadian economy continues to operate close to its potential and the composition of growth is more balanced. Despite some quarterly fluctuations, growth is expected to average about 2 per cent over the second half of 2018. Real GDP is projected to grow by 2.1 per cent this year and next before slowing to 1.9 per cent in 2020. The projections for business investment and exports have been revised up, reflecting the USMCA and the recently-approved liquid natural gas project in British Columbia. Still, investment and exports will be dampened by the recent decline in commodity prices, as well as ongoing competitiveness challenges and limited transportation capacity. The Bank will be monitoring the extent to which the USMCA leads to more confidence and business investment in Canada. Household spending is expected to continue growing at a healthy pace, underpinned by solid employment income growth. Households are adjusting their spending as expected in response to higher interest rates and housing market policies. In this context, household credit growth continues to moderate and housing activity across Canada is stabilizing. As a result, household vulnerabilities are edging lower in a number of respects, although they remain elevated. CPI inflation dropped to 2.2 per cent in September, in large part because the summer spike in airfares was reversed. Other temporary factors pushing up inflation, such as past increases in gasoline prices and minimum wages, should fade in early 2019. Inflation is then expected to remain close to the 2 per cent target through the end of 2020. The Bank’s core measures of inflation all remain around 2 per cent, consistent with an economy that is operating at capacity. Wage growth remains moderate, although it is projected to pick up in the coming quarters, consistent with the Bank’s latest Business Outlook Survey . Given all of these factors, Governing Council agrees that the policy interest rate will need to rise to a neutral stance to achieve the inflation target. In determining the appropriate pace of rate increases, Governing Council will continue to take into account how the economy is adjusting to higher interest rates, given the elevated level of household debt. In addition, we will pay close attention to global trade policy developments and their implications for the inflation outlook. Information note The next scheduled date for announcing the overnight rate target is December 5, 2018. The next full update of the Bank’s outlook for the economy and inflation, including risks to the projection, will be published in the MPR on January 9, 2019.",25.0
2018-12-05,https://www.bankofcanada.ca/2018/12/fad-press-release-2018-12-05/,Bank of Canada maintains overnight rate target at 1 ¾ per cent,1.75,544,25,3422,"The Bank of Canada today maintained its target for the overnight rate at 1 ¾ per cent. The Bank Rate is correspondingly 2 per cent and the deposit rate is 1 ½ per cent. The global economic expansion is moderating largely as expected, but signs are emerging that trade conflicts are weighing more heavily on global demand. Recent encouraging developments at the G20 meetings are a reminder that there are upside as well as downside risks around trade policy. Growth in major advanced economies has slowed, although activity in the United States remains above potential. Oil prices have fallen sharply since the October Monetary Policy Report (MPR), reflecting a combination of geopolitical developments, uncertainty about global growth prospects, and expansion of U.S. shale oil production. Benchmarks for western Canadian oil – both heavy and, more recently, light – have been pulled down even further by transportation constraints and a buildup of inventories. In light of these developments and associated cutbacks in production, activity in Canada’s energy sector will likely be materially weaker than expected. The Canadian economy as a whole grew in line with the Bank’s projection in the third quarter, although data suggest less momentum going into the fourth quarter. Business investment fell in the third quarter, in large part due to heightened trade uncertainty during the summer. Business investment outside the energy sector is expected to strengthen with the signing of the USMCA, new federal government tax measures, and ongoing capacity constraints. Along with strong foreign demand, this increase in productive capacity should support continued growth in exports. Household credit and regional housing markets appear to be stabilizing following a significant slowdown in recent quarters. The Bank continues to monitor the impact on both builders and buyers of tighter mortgage rules, regional housing policy changes, and higher interest rates. Inflation has been evolving as expected and the Bank’s core measures are all tracking 2 per cent, consistent with an economy that has been operating close to its capacity. CPI inflation, at 2.4 per cent in October, is just above target but is expected to ease in coming months by more than the Bank had previously forecast, due to lower gasoline prices. Downward historical revisions by Statistics Canada to GDP, together with recent macroeconomic developments, indicate there may be additional room for non-inflationary growth. The Bank will reassess all of these factors in its new projection for the January MPR. Weighing all of these developments, Governing Council continues to judge that the policy interest rate will need to rise into a neutral range to achieve the inflation target. The appropriate pace of rate increases will depend on a number of factors. These include the effect of higher interest rates on consumption and housing, and global trade policy developments. The persistence of the oil price shock, the evolution of business investment, and the Bank’s assessment of the economy’s capacity will also factor importantly into our decisions about the future stance of monetary policy. Information note The next scheduled date for announcing the overnight rate target is January 9, 2019. The next full update of the Bank’s outlook for the economy and inflation, including risks to the projection, will be published in the MPR at the same time.",0.0
2019-01-09,https://www.bankofcanada.ca/2019/01/fad-press-release-2019-01-09/,Bank of Canada maintains overnight rate target at 1 ¾ per cent,1.75,622,30,3763,"The Bank of Canada today maintained its target for the overnight rate at 1 ¾ per cent. The Bank Rate is correspondingly 2 per cent and the deposit rate is 1 ½ per cent. The global economic expansion continues to moderate, with growth forecast to slow to 3.4 per cent in 2019 from 3.7 per cent in 2018. In particular, growth in the United States remains solid but is expected to slow to a more sustainable pace through 2019. However, there are increasing signs that the US-China trade conflict is weighing on global demand and commodity prices. Global benchmark prices for oil have been about 25 per cent lower than assumed in the October Monetary Policy Report (MPR). The lower prices primarily reflect sustained increases in US oil supply and, more recently, increased worries about global demand. These worries among market participants have also been reflected in bond and equity markets. The drop in global oil prices has a material impact on the Canadian outlook, resulting in lower terms of trade and national income. As well, transportation constraints and rising production have combined to push up oil inventories in the west and exert even more downward pressure on Canadian benchmark prices. While price differentials have narrowed in recent weeks following announced mandatory production cuts in Alberta, investment in Canada’s oil sector is projected to weaken further. These developments are occurring in the context of a Canadian economy that has been performing well overall. Growth has been running close to potential, employment growth has been strong and unemployment is at a 40-year low. Looking ahead, exports and non-energy investment are projected to grow solidly, supported by foreign demand, the CUSMA, the lower Canadian dollar, and federal tax measures targeted at investment. Meanwhile, consumption spending and housing investment have been weaker than expected as housing markets adjust to municipal and provincial measures, changes to mortgage guidelines, and higher interest rates. Household spending will be dampened further by slow growth in oil-producing provinces. The Bank will continue to monitor these adjustments. The Bank projects real GDP will grow by 1.7 per cent in 2019, 0.4 percentage points slower than the October outlook. This revised forecast reflects a temporary slowing in the fourth quarter of 2018 and the first quarter of 2019. This will open up a modest amount of excess capacity, primarily in oil-producing regions. Nevertheless, indicators of demand should start to show renewed momentum in early 2019, leading to above-potential growth of 2.1 per cent in 2020. Core inflation measures remain clustered close to 2 per cent. As expected, CPI inflation eased to 1.7% in November, due to lower gasoline prices. CPI inflation is projected to edge further down and be below 2 per cent through much of 2019, owing mainly to lower gasoline prices. On the other hand, the lower level of the Canadian dollar will exert some upward pressure on inflation. As these transitory effects unwind and excess capacity is absorbed, inflation will return to around the 2 per cent target by late 2019. Weighing all of these factors, Governing Council continues to judge that the policy interest rate will need to rise over time into a neutral range to achieve the inflation target. The appropriate pace of rate increases will depend on how the outlook evolves, with a particular focus on developments in oil markets, the Canadian housing market, and global trade policy. Information note The next scheduled date for announcing the overnight rate target is March 6, 2019. The next full update of the Bank’s outlook for the economy and inflation, including risks to the projection, will be published in the MPR on April 24, 2019.",0.0
2019-03-06,https://www.bankofcanada.ca/2019/03/fad-press-release-2019-03-06/,Bank of Canada maintains overnight rate target at 1 ¾ per cent,1.75,449,21,2700,"The Bank of Canada today maintained its target for the overnight rate at 1 ¾ per cent. The Bank Rate is correspondingly 2 per cent and the deposit rate is 1 ½ per cent. Recent data suggest that the slowdown in the global economy has been more pronounced and widespread than the Bank had forecast in its January Monetary Policy Report (MPR). While the sources of moderation appear to be multiple, trade tensions and uncertainty are weighing heavily on confidence and economic activity. It is difficult to disentangle these confidence effects from other adverse factors, but it is clear that global economic prospects would be buoyed by the resolution of trade conflicts. Many central banks have acknowledged the building headwinds to growth, and financial conditions have eased as a result. Meanwhile, progress in US-China trade talks and policy stimulus in China have improved market sentiment and contributed to firmer commodity prices. For Canada, the Bank was projecting a temporary slowdown in late 2018 and early 2019, mainly because of last year’s drop in oil prices. The Bank had forecast weak exports and investment in the energy sector and a decline in household spending in oil-producing provinces. However, the slowdown in the fourth quarter was sharper and more broadly based. Consumer spending and the housing market were soft, despite strong growth in employment and labour income. Both exports and business investment also fell short of expectations. After growing at a pace of 1.8 per cent in 2018, it now appears that the economy will be weaker in the first half of 2019 than the Bank projected in January. Core inflation measures remain close to 2 per cent. CPI inflation eased to 1.4 per cent in January, largely because of lower gasoline prices. The Bank expects CPI inflation to be slightly below the 2 per cent target through most of 2019, reflecting the impact of temporary factors, including the drag from lower energy prices and a wider output gap. Governing Council judges that the outlook continues to warrant a policy interest rate that is below its neutral range. Given the mixed picture that the data present, it will take time to gauge the persistence of below-potential growth and the implications for the inflation outlook. With increased uncertainty about the timing of future rate increases, Governing Council will be watching closely developments in household spending, oil markets, and global trade policy. Information note The next scheduled date for announcing the overnight rate target is April 24, 2019. The next full update of the Bank’s outlook for the economy and inflation, including risks to the projection, will be published in the MPR at the same time.",0.0
2019-04-24,https://www.bankofcanada.ca/2019/04/fad-press-release-2019-04-24/,Bank of Canada maintains overnight rate target at 1 ¾ per cent,1.75,546,27,3364,"The Bank of Canada today maintained its target for the overnight rate at 1 ¾ per cent. The Bank Rate is correspondingly 2 per cent and the deposit rate is 1 ½ per cent. Global economic growth has slowed by more than the Bank forecast in its January Monetary Policy Report (MPR). Ongoing uncertainty related to trade conflicts has undermined business sentiment and activity, contributing to a synchronous slowdown across many countries. In response, many central banks have signalled a slower pace of monetary policy normalization. Financial conditions and market sentiment have improved as a result, pushing up prices for oil and other commodities. Global economic activity is expected to pick up during 2019 and average 3 ¼ per cent over the projection period, supported by accommodative financial conditions and as a number of temporary factors weighing on growth fade. This is roughly in line with the global economy’s potential and a modest downgrade to the Bank’s January projection. In Canada, growth during the first half of 2019 is now expected to be slower than was anticipated in January. Last year’s oil price decline and ongoing transportation constraints have curbed investment and exports in the energy sector. Investment and exports outside the energy sector, meanwhile, have been negatively affected by trade policy uncertainty and the global slowdown. Weaker-than-anticipated housing and consumption also contributed to slower growth. The Bank expects growth to pick up, starting in the second quarter of this year. Housing activity is expected to stabilize given continued population gains, the fading effects of past housing policy changes, and improved global financial conditions. Consumption will be underpinned by strong growth in employment income. Outside of the oil and gas sector, investment will be supported by high rates of capacity utilization and exports will expand with strengthening global demand. Meanwhile, the contribution to growth from government spending has been revised down in light of Ontario’s new budget. Overall, the Bank projects real GDP growth of 1.2 per cent in 2019 and around 2 per cent in 2020 and 2021. This forecast implies a modest widening of the output gap, which will be absorbed over the projection period. CPI and measures of core inflation are all close to 2 per cent. CPI inflation will likely dip in the third quarter, largely because of the dynamics of gasoline prices, before returning to about 2 per cent by year end. Taking into account the effects of the new carbon pollution charge, as well as modest excess capacity, the Bank expects inflation to remain around 2 per cent through 2020 and 2021. Given all of these developments, Governing Council judges that an accommodative policy interest rate continues to be warranted. We will continue to evaluate the appropriate degree of monetary policy accommodation as new data arrive. In particular, we are monitoring developments in household spending, oil markets, and global trade policy to gauge the extent to which the factors weighing on growth and the inflation outlook are dissipating. Information note The next scheduled date for announcing the overnight rate target is May 29, 2019. The next full update of the Bank’s outlook for the economy and inflation, including risks to the projection, will be published in the MPR on July 10, 2019.",0.0
2019-05-29,https://www.bankofcanada.ca/2019/05/fad-press-release-2019-05-29/,Bank of Canada maintains overnight rate target at 1 ¾ per cent,1.75,386,19,2413,"The Bank of Canada today maintained its target for the overnight rate at 1 ¾ per cent. The Bank Rate is correspondingly 2 per cent and the deposit rate is 1 ½ per cent. Recent Canadian economic data are in line with the projections in the Bank’s April Monetary Policy Report (MPR), with accumulating evidence that the slowdown in late 2018 and early 2019 is being followed by a pickup starting in the second quarter. The oil sector is beginning to recover as production increases and prices remain above recent lows. Meanwhile, housing market indicators point to a more stable national market, albeit with continued weakness in some regions. Continued strong job growth suggests that businesses see the weakness in the past two quarters as temporary. Recent data support a pickup in both consumer spending and exports in the second quarter, and it appears that overall growth in business investment has firmed. That said, inventories rose sharply in the first quarter, which may dampen production growth in coming months. The global economy is also evolving largely as expected since April, although the recent escalation of trade conflicts is heightening uncertainty about economic prospects. In addition, trade restrictions introduced by China are having direct effects on Canadian exports. In contrast, the removal of steel and aluminum tariffs and increasing prospects for the ratification of CUSMA will have positive implications for Canadian exports and investment. Inflation has evolved in line with the Bank’s April projection. The Bank expects CPI inflation to remain around the 2 per cent target in the coming months. Core inflation measures all remain close to 2 per cent. Overall, recent data have reinforced Governing Council’s view that the slowdown in late 2018 and early 2019 was temporary, although global trade risks have increased. In this context, the degree of accommodation being provided by the current policy interest rate remains appropriate. In taking future policy decisions, Governing Council will remain data dependent and especially attentive to developments in household spending, oil markets and the global trade environment. Information note The next scheduled date for announcing the overnight rate target is July 10, 2019. The next full update of the Bank’s outlook for the economy and inflation, including risks to the projection, will be published in the MPR at the same time.",0.0
2019-07-10,https://www.bankofcanada.ca/2019/07/fad-press-release-2019-07-10/,Bank of Canada maintains overnight rate target at 1 ¾ percent,1.75,524,27,3293,"The Bank of Canada today maintained its target for the overnight rate at 1 ¾ percent. The Bank Rate is correspondingly 2 percent and the deposit rate is 1 ½ percent. Evidence has been accumulating that ongoing trade tensions are having a material effect on the global economic outlook. The Bank had already incorporated such negative effects in previous Monetary Policy Reports (MPR) and in this forecast has made further adjustments in light of weaker sentiment and activity in major economies. Trade conflicts between the United States and China, in particular, are curbing manufacturing activity and business investment and pushing down commodity prices. Policy is responding to the slowdown: central banks in the US and Europe have signalled their readiness to provide more accommodative monetary policy and further policy stimulus has been implemented in China. In this context, global financial conditions have eased substantially. The Bank now expects global GDP to grow by 3 percent in 2019 and to strengthen to around 3 ¼ percent in 2020 and 2021, with the US slowing to a pace near its potential. Escalation of trade conflicts remains the biggest downside risk to the global and Canadian outlooks. Following temporary weakness in late 2018 and early 2019, Canada’s economy is returning to growth around potential, as expected. Growth in the second quarter appears to be stronger than predicted due to some temporary factors, including the reversal of weather-related slowdowns in the first quarter and a surge in oil production. Consumption is being supported by a healthy labour market. At the national level, the housing market is stabilizing, although there are still significant adjustments underway in some regions. A material decline in longer-term mortgage rates is supporting housing activity. Exports rebounded in the second quarter and will grow moderately as foreign demand continues to expand. However, ongoing trade conflicts and competitiveness challenges are dampening the outlook for trade and investment. The Bank projects real GDP growth to average 1.3 percent in 2019 and about 2 percent in 2020 and 2021. Inflation remains around the 2 percent target, with some recent upward pressure from higher food and automobile prices. Core measures of inflation are also close to 2 percent. CPI inflation will likely dip this year because of the dynamics of gasoline prices and some other temporary factors. As slack in the economy is absorbed and these temporary effects wane, inflation is expected to return sustainably to 2 percent by mid-2020. Recent data show the Canadian economy is returning to potential growth. However, the outlook is clouded by persistent trade tensions. Taken together, the degree of accommodation being provided by the current policy interest rate remains appropriate. As Governing Council continues to monitor incoming data, it will pay particular attention to developments in the energy sector and the impact of trade conflicts on the prospects for Canadian growth and inflation. Information note The next scheduled date for announcing the overnight rate target is September 4, 2019. The next full update of the Bank’s outlook for the economy and inflation, including risks to the projection, will be published in the MPR on October 30, 2019.",0.0
2019-09-04,https://www.bankofcanada.ca/2019/09/fad-press-release-2019-09-04/,Bank of Canada maintains overnight rate target at 1 ¾ percent,1.75,442,24,2806,"The Bank of Canada today maintained its target for the overnight rate at 1 ¾ percent. The Bank Rate is correspondingly 2 percent and the deposit rate is 1 ½ percent. As the US-China trade conflict has escalated, world trade has contracted and business investment has weakened. This is weighing more heavily on global economic momentum than the Bank had projected in its July Monetary Policy Report (MPR). Meanwhile, growth in the United States has moderated but remains solid, supported by consumer and government spending. Commodity prices have drifted down as concerns about global growth prospects have increased. These concerns, combined with policy responses by some central banks, have pushed bond yields to historic lows and inverted yield curves in a number of economies, including Canada. In Canada, growth in the second quarter was strong and exceeded the Bank’s July expectation, although some of this strength is expected to be temporary. The rebound was driven by stronger energy production and robust export growth, both recovering from very weak performance in the first quarter. Housing activity has regained strength more quickly than expected as resales and housing starts catch up to underlying demand, supported by lower mortgage rates. This could add to already-high household debt levels, although mortgage underwriting rules should help to contain the buildup of vulnerabilities. Wages have picked up further, boosting labour income, yet consumption spending was unexpectedly soft in the quarter. Business investment contracted sharply after a strong first quarter, amid heightened trade uncertainty. Given this composition of growth, the Bank expects economic activity to slow in the second half of the year. Inflation is at the 2 percent target. CPI inflation in July was stronger than expected, largely because of temporary factors. These include higher prices for air travel, mobile phones, and some food items, which are offsetting the effects of lower gasoline prices. Measures of core inflation all remain around 2 percent. In sum, Canada’s economy is operating close to potential and inflation is on target. However, escalating trade conflicts and related uncertainty are taking a toll on the global and Canadian economies. In this context, the current degree of monetary policy stimulus remains appropriate. As the Bank works to update its projection in light of incoming data, Governing Council will pay particular attention to global developments and their impact on the outlook for Canadian growth and inflation. Information note The next scheduled date for announcing the overnight rate target is October 30, 2019. The next full update of the Bank’s outlook for the economy and inflation, including risks to the projection, will be published in the MPR at the same time.",0.0
2019-10-30,https://www.bankofcanada.ca/2019/10/fad-press-release-2019-10-30/,Bank of Canada maintains overnight rate target at 1 ¾ percent,1.75,506,28,3143,"The Bank of Canada today maintained its target for the overnight rate at 1 ¾ percent. The Bank Rate is correspondingly 2 percent and the deposit rate is 1 ½ percent. The outlook for the global economy has weakened further since the Bank’s July Monetary Policy Report ( MPR ). Ongoing trade conflicts and uncertainty are restraining business investment, trade, and global growth. A growing number of countries have responded with monetary and other policy measures to support their economies. Still, global growth is expected to slow to around 3 percent this year before edging up over the next two years. Canada has not been immune to these developments. Commodity prices have fallen amid concerns about global demand. Despite this, the Canada-US exchange rate is still near its July level, and the Canadian dollar has strengthened against other currencies. Growth in Canada is expected to slow in the second half of this year to a rate below its potential. This reflects the uncertainty associated with trade conflicts, continuing adjustment in the energy sector, and the unwinding of temporary factors that boosted growth in the second quarter. Business investment and exports are likely to contract before expanding again in 2020 and 2021. At the same time, government spending and lower borrowing rates are supporting domestic demand, and activity in the services sector remains robust. Employment is showing continuing strength and wage growth is picking up, although with some variation among regions. Consumer spending has been choppy, but will be supported by solid income growth. Meanwhile, housing activity is picking up in most markets. The Bank continues to monitor the evolution of financial vulnerabilities in light of lower mortgage rates and past changes to housing market policies. The Bank projects real GDP will grow by 1.5 percent this year, 1.7 percent in 2020 and 1.8 percent in 2021. This implies that the current modest output gap will narrow over the projection horizon. Measures of inflation are all around 2 percent. CPI inflation likely will dip temporarily in 2020 as the effect of a previous spike in energy prices fades. Overall, the Bank expects inflation to track close to the 2 percent target over the projection horizon. All things considered, Governing Council judges it appropriate to maintain the current level of the overnight rate target. Governing Council is mindful that the resilience of Canada’s economy will be increasingly tested as trade conflicts and uncertainty persist. In considering the appropriate path for monetary policy, the Bank will be monitoring the extent to which the global slowdown spreads beyond manufacturing and investment. In this context, it will pay close attention to the sources of resilience in the Canadian economy – notably consumer spending and housing activity – as well as to fiscal policy developments. Information note: The next scheduled date for announcing the overnight rate target is December 4, 2019. The next full update of the Bank’s outlook for the economy and inflation, including risks to the projection, will be published in the MPR on January 22, 2020.",0.0
2019-12-04,https://www.bankofcanada.ca/2019/12/fad-press-release-2019-12-04/,Bank of Canada maintains overnight rate target at 1 ¾ percent,1.75,394,22,2505,"The Bank of Canada today maintained its target for the overnight rate at 1 ¾ percent. The Bank Rate is correspondingly 2 percent and the deposit rate is 1 ½ percent. The Bank’s October projection for global economic growth appears to be intact. There is nascent evidence that the global economy is stabilizing, with growth still expected to edge higher over the next couple of years. Financial markets have been supported by central bank actions and waning recession concerns, while being buffeted by news on the trade front. Indeed, ongoing trade conflicts and related uncertainty are still weighing on global economic activity, and remain the biggest source of risk to the outlook. In this context, commodity prices and the Canadian dollar have remained relatively stable. Growth in Canada slowed in the third quarter of 2019 to 1.3 percent, as expected. Consumer spending expanded moderately, underpinned by stronger wage growth. Housing investment was also a source of strength, supported by population growth and low mortgage rates. The Bank continues to monitor the evolution of financial vulnerabilities related to the household sector. As expected, exports contracted, driven by non-energy commodities. However, investment spending unexpectedly showed strong growth, notably in transportation equipment and engineering projects. The Bank will be assessing the extent to which this points to renewed momentum in investment. CPI inflation in Canada remains at target, and measures of core inflation are around 2 percent, consistent with an economy operating near capacity. Inflation will increase temporarily in the coming months due to year-over-year movements in gasoline prices. The Bank continues to expect inflation to track close to the 2 percent target over the next two years. Based on developments since October, Governing Council judges it appropriate to maintain the current level of the overnight rate target. Future interest rate decisions will be guided by the Bank’s continuing assessment of the adverse impact of trade conflicts against the sources of resilience in the Canadian economy – notably consumer spending and housing activity. Fiscal policy developments will also figure into the Bank’s updated outlook in January. Information note The next scheduled date for announcing the overnight rate target is January 22, 2020. The next full update of the Bank’s outlook for the economy and inflation, including risks to the projection, will be published in the MPR at the same time.",0.0
2020-01-22,https://www.bankofcanada.ca/2020/01/fad-press-release-2020-01-22/,Bank of Canada maintains overnight rate target at 1 ¾ percent,1.75,532,26,3229,"The Bank of Canada today maintained its target for the overnight rate at 1 ¾ percent. The Bank Rate is correspondingly 2 percent and the deposit rate is 1 ½ percent. The global economy is showing signs of stabilization, and some recent trade developments have been positive. However, there remains a high degree of uncertainty and geopolitical tensions have re-emerged, with tragic consequences. The Canadian economy has been resilient but indicators since the October Monetary Policy Report (MPR) have been mixed. Data for Canada indicate that growth in the near term will be weaker, and the output gap wider, than the Bank projected in October. The Bank now estimates growth of 0.3 percent in the fourth quarter of 2019 and 1.3 percent in the first quarter of 2020. Exports fell in late 2019, and business investment appears to have weakened after a strong third quarter. Job creation has slowed and indicators of consumer confidence and spending have been unexpectedly soft. In contrast, residential investment was robust through most of 2019, moderating to a still-solid pace in the fourth quarter. Some of the slowdown in growth in late 2019 was related to special factors that include strikes, poor weather, and inventory adjustments. The weaker data could also signal that global economic conditions have been affecting Canada’s economy to a greater extent than was predicted. Moreover, during the past year Canadians have been saving a larger share of their incomes, which could signal increased consumer caution. This could dampen consumer spending but help to alleviate financial vulnerabilities at the same time. Looking ahead, Canadian business investment and exports are expected to contribute modestly to growth, supported by stronger global activity and demand. The Bank is also projecting a pickup in household spending, supported by population and income growth, as well as by the recent federal income tax cut. In its January MPR, the Bank projects the global economy will grow by just over 3 percent in 2020 and 3 ¼ percent in 2021. For Canada, the Bank now forecasts real GDP will grow by 1.6 percent this year and 2 percent in 2021, following 1.6 percent growth in 2019. While the output gap has widened in recent months, measures of inflation remain around 2 percent. This is consistent with an economy that, until recently, has been operating close to capacity. The Bank expects inflation will stay around the 2 percent target over the projection horizon, with some fluctuations in 2020 from volatility in energy prices. Meanwhile, labour markets in most regions have little slack and wages continue to firm. In determining the future path for the Bank’s policy interest rate, Governing Council will be watching closely to see if the recent slowdown in growth is more persistent than forecast. In assessing incoming data, the Bank will be paying particular attention to developments in consumer spending, the housing market, and business investment. Information note The next scheduled date for announcing the overnight rate target is March 4, 2020. The next full update of the Bank’s outlook for the economy and inflation, including risks to the projection, will be published in the MPR on April 15, 2020.",0.0
2020-03-04,https://www.bankofcanada.ca/2020/03/fad-press-release-2020-03-04/,Bank of Canada lowers overnight rate target to 1 ¼ percent,1.25,471,25,2947,"The Bank of Canada today lowered its target for the overnight rate by 50 basis points to 1 ¼ percent. The Bank Rate is correspondingly 1 ½ percent and the deposit rate is 1 percent. While Canada’s economy has been operating close to potential with inflation on target, the COVID-19 virus is a material negative shock to the Canadian and global outlooks, and monetary and fiscal authorities are responding. Before the outbreak, the global economy was showing signs of stabilizing, as the Bank had projected in its January Monetary Policy Report (MPR). However, COVID-19 represents a significant health threat to people in a growing number of countries. In consequence, business activity in some regions has fallen sharply and supply chains have been disrupted. This has pulled down commodity prices and the Canadian dollar has depreciated. Global markets are reacting to the spread of the virus by repricing risk across a broad set of assets, making financial conditions less accommodative. It is likely that as the virus spreads, business and consumer confidence will deteriorate, further depressing activity. In Canada, GDP growth slowed to 0.3 percent during the fourth quarter of 2019, in line with the Bank’s forecast, although its composition was different. Consumption was stronger than expected, supported by healthy labour income growth. Residential investment continued to grow, albeit at a more moderate pace than earlier in the year. Meanwhile, both business investment and exports weakened. It is becoming clear that the first quarter of 2020 will be weaker than the Bank had expected. The drop in Canada’s terms of trade, if sustained, will weigh on income growth. Meanwhile, business investment does not appear to be recovering as was expected following positive trade policy developments. In addition, rail line blockades, strikes by Ontario teachers, and winter storms in some regions are dampening economic activity in the first quarter. CPI inflation in January was stronger than expected, due to temporary factors. Core measures of inflation all remain around 2 percent, consistent with an economy that has been operating close to potential. In light of all these developments, the outlook is clearly weaker now than it was in January. As the situation evolves, Governing Council stands ready to adjust monetary policy further if required to support economic growth and keep inflation on target. While markets continue to function well, the Bank will continue to ensure that the Canadian financial system has sufficient liquidity. The Bank continues to closely monitor economic and financial conditions, in coordination with other G7 central banks and fiscal authorities. Information note The next scheduled date for announcing the overnight rate target is April 15, 2020. The next full update of the Bank’s outlook for the economy and inflation, including risks to the projection, will be published in the MPR at the same time.",-50.0
2020-04-15,https://www.bankofcanada.ca/2020/04/fad-press-release-2020-04-15/,Bank of Canada maintains overnight rate target and unveils new market operations,0.25,852,39,5237,"The Bank of Canada today maintained its target for the overnight rate at ¼ percent, which the Bank considers its effective lower bound. The Bank Rate is correspondingly ½ percent and the deposit rate is ¼ percent. The Bank also announced new measures to provide additional support to Canada’s financial system. The necessary efforts to contain the COVID-19 pandemic have caused a sudden and deep contraction in economic activity and employment worldwide. In financial markets, this has driven a flight to safety and a sharp repricing of a wide range of assets. It has also pushed down prices for commodities, especially oil. In this environment, the Canadian dollar has depreciated since January, although by less than many other currencies. The sudden halt in global activity will be followed by regional recoveries at different times, depending on the duration and severity of the outbreak in each region. This means that the global economic recovery, when it comes, could be protracted and uneven. The Canadian economy was in a solid position ahead of the COVID-19 outbreak, but has since been hit by widespread shutdowns and lower oil prices. One early measure of the extent of the damage was an unprecedented drop in employment in March, with more than one million jobs lost across Canada. Many more workers reported shorter hours, and by early April some six million Canadians had applied for the Canada Emergency Response Benefit. The outlook is too uncertain at this point to provide a complete forecast. However, Bank analysis of alternative scenarios suggests the level of real activity was down 1-3 percent in the first quarter of 2020, and will be 15-30 percent lower in the second quarter than in fourth-quarter 2019. CPI inflation is expected to be close to 0 percent in the second quarter of 2020. This is primarily due to the transitory effects of lower gasoline prices. The pandemic-driven contraction has prompted decisive policy action to support individuals and businesses and to lay the foundation for economic recovery once containment measures start to ease. Fiscal programs, designed to expand according to the magnitude of the shock, will help individuals and businesses weather this shutdown phase of the pandemic, and support incomes and confidence leading into the recovery. These programs have been complemented by actions taken by other federal agencies and provincial governments. For its part, the Bank of Canada has taken measures to improve market function so that monetary policy actions have their intended effect on the economy. This helps ensure that households and businesses continue to have access to the credit they need to bridge this difficult time, and that lower interest rates find their way to ultimate borrowers. The Bank has lowered its target for the overnight rate 150 basis points over the last three weeks, to its effective lower bound. It has also conducted lending operations to financial institutions and asset purchases in core funding markets amounting to around $200 billion. These actions have served to ease market dysfunction and help keep credit channels open, although they remain strained. The next challenge for markets will be managing increased demand for near-term financing by federal and provincial governments, and businesses and households. The situation calls for special actions by the central bank. To this end, the Bank is furthering its efforts with several important steps. Under its previously-announced program, the Bank will continue to purchase at least $5 billion in Government of Canada securities per week in the secondary market, and will increase the level of purchases as required to maintain proper functioning of the government bond market. Also, the Bank is temporarily increasing the amount of Treasury Bills it acquires at auctions to up to 40 percent, effective immediately. The Bank is also announcing today the development of a new Provincial Bond Purchase Program of up to $50 billion, to supplement its Provincial Money Market Purchase Program. Further, the Bank is announcing a new Corporate Bond Purchase Program, in which the Bank will acquire up to a total of $10 billion in investment grade corporate bonds in the secondary market. Both of these programs will be put in place in the coming weeks. Finally, the Bank is further enhancing its term repo facility to permit funding for up to 24 months. These measures will work in combination to ease pressure on Canadian borrowers. As containment restrictions are eased and economic activity resumes, fiscal and monetary policy actions will help underpin confidence and stimulate spending by consumers and businesses to restore growth. The Bank’s Governing Council stands ready to adjust the scale or duration of its programs if necessary. All the Bank’s actions are aimed at helping to bridge the current period of containment and create the conditions for a sustainable recovery and achievement of the inflation target over time. Information note The next scheduled date for announcing the overnight rate target is June 3, 2020. The next full update of the Bank’s outlook for the economy and inflation, including risks to the projection, will be published in the MPR on July 15, 2020.",-100.0
2020-06-03,https://www.bankofcanada.ca/2020/06/fad-press-release-2020-06-03/,"Bank of Canada maintains target for the overnight rate, scales back some market operations as financial conditions improve",0.25,589,29,3607,"The Bank of Canada today maintained its target for the overnight rate at the effective lower bound of ¼ percent. The Bank Rate is correspondingly ½ percent and the deposit rate is ¼ percent. Incoming data confirm the severe impact of the COVID-19 pandemic on the global economy. This impact appears to have peaked, although uncertainty about how the recovery will unfold remains high. Massive policy responses in advanced economies have helped to replace lost income and cushion the effect of economic shutdowns. Financial conditions have improved, and commodity prices have risen in recent weeks after falling sharply earlier this year. Because different countries’ containment measures will be lifted at different times, the global recovery likely will be protracted and uneven. In Canada, the pandemic has led to historic losses in output and jobs. Still, the Canadian economy appears to have avoided the most severe scenario presented in the Bank’s April Monetary Policy Report (MPR). The level of real GDP in the first quarter was 2.1 percent lower than in the fourth quarter of 2019. This GDP reading is in the middle of the Bank’s April monitoring range and reflects the combined impact of falling oil prices and widespread shutdowns. The level of real GDP in the second quarter will likely show a further decline of 10-20 percent, as continued shutdowns and sharply lower investment in the energy sector take a further toll on output. Decisive and targeted fiscal actions, combined with lower interest rates, are buffering the impact of the shutdown on disposable income and helping to lay the foundation for economic recovery. While the outlook for the second half of 2020 and beyond remains heavily clouded, the Bank expects the economy to resume growth in the third quarter. CPI inflation has decreased to near zero, as anticipated in the April MPR, mainly due to lower prices for gasoline. The Bank expects temporary factors to keep CPI inflation below the target band in the near term. The Bank’s core measures of inflation have drifted down, although by much less than the CPI, and are now between 1.6 and 2 percent. The Bank’s programs to improve market function are having their intended effect. After significant strains in March, short-term funding conditions have improved. Therefore, the Bank is reducing the frequency of its term repo operations to once per week, and its program to purchase bankers’ acceptances to bi-weekly operations. The Bank stands ready to adjust these programs if market conditions warrant. Meanwhile, its other programs to purchase federal, provincial, and corporate debt are continuing at their present frequency and scope. As market function improves and containment restrictions ease, the Bank’s focus will shift to supporting the resumption of growth in output and employment. The Bank maintains its commitment to continue large-scale asset purchases until the economic recovery is well underway. Any further policy actions would be calibrated to provide the necessary degree of monetary policy accommodation required to achieve the inflation target. Information notes Tiff Macklem assumes his role as the Bank’s tenth Governor today. He participated as an observer in Governing Council’s deliberations for this policy interest rate decision and endorses the rate decision and measures announced in this press release. The next scheduled date for announcing the overnight rate target is July 15, 2020. The next full update of the Bank’s outlook for the economy and inflation, including risks to the projection, will be published in the MPR at the same time.",0.0
2020-07-15,https://www.bankofcanada.ca/2020/07/fad-press-release-2020-07-15/,"Bank of Canada will maintain current level of policy rate until inflation objective is achieved, continues program of quantitative easing",0.25,789,34,4807,"The Bank of Canada today maintained its target for the overnight rate at the effective lower bound of ¼ percent. The Bank Rate is correspondingly ½ percent and the deposit rate is ¼ percent. The Bank is also continuing its quantitative easing (QE) program, with large-scale asset purchases of at least $5 billion per week of Government of Canada bonds. The Bank’s short-term liquidity programs announced since March to improve market functioning are having their intended effect and, with reduced market strains, their use has declined. The provincial and corporate bond purchase programs will continue as announced. The Bank stands ready to adjust its programs if market conditions warrant. While economies are re-opening, the global and Canadian outlook is extremely uncertain, given the unpredictability of the course of the COVID-19 pandemic. Reflecting this, the Bank’s July Monetary Policy Report (MPR) presents a central scenario for global and Canadian growth rather than the usual economic projections. The central scenario is based on assumptions outlined in the MPR, including that there is no widespread second wave of the virus. After a sharp drop in the first half of 2020, global economic activity is picking up. This return to growth reflects the relaxation of necessary containment measures put in place to slow the spread of the coronavirus, combined with extraordinary fiscal and monetary policy support. As a result, financial conditions have improved. The prices of most commodities, including oil, have risen from very low levels. In the central scenario, the global economy overall shrinks by about 5 percent in 2020 and then grows by around 5 percent on average in 2021 and 2022. The timing and pace of the recovery varies among regions and could be hampered by a resurgence of infections and the limited capacity of some countries to contain the virus or support their economies. The Canadian economy is starting to recover as it re-opens from the shutdowns needed to limit the virus spread. With economic activity in the second quarter estimated to have been 15 percent below its level at the end of 2019, this is the deepest decline in economic activity since the Great Depression, but considerably less severe than the worst scenarios presented in the April MPR. Decisive and necessary fiscal and monetary policy actions have supported incomes and kept credit flowing, cushioning the fall and laying the foundation for recovery. Since early June, the government has announced additional support programs, and extended others. There are early signs that the reopening of businesses and pent-up demand are leading to an initial bounce-back in employment and output. In the central scenario, roughly 40 percent of the collapse in the first half of the year is made up in the third quarter. Subsequently, the Bank expects the economy’s recuperation to slow as the pandemic continues to affect confidence and consumer behaviour and as the economy works through structural challenges. As a result, in the central scenario, real GDP declines by 7.8 percent in 2020 and resumes with growth of 5.1 percent in 2021 and 3.7 percent in 2022. The Bank expects economic slack to persist as the recovery in demand lags that of supply, creating significant disinflationary pressures. CPI inflation is close to zero, pulled down by sharp declines in components such as gasoline and travel services. The Bank’s core measures of inflation have drifted down, although by much less than the CPI, and are now between 1.4 and 1.9 percent. Inflation is expected to remain weak before gradually strengthening toward 2 percent as the drag from low gas prices and other temporary effects dissipates and demand recovers, reducing economic slack. As the economy moves from reopening to recuperation, it will continue to require extraordinary monetary policy support. The Governing Council will hold the policy interest rate at the effective lower bound until economic slack is absorbed so that the 2 percent inflation target is sustainably achieved. In addition, to reinforce this commitment and keep interest rates low across the yield curve, the Bank is continuing its large-scale asset purchase program at a pace of at least $5 billion per week of Government of Canada bonds. This QE program is making borrowing more affordable for households and businesses and will continue until the recovery is well underway. To support the recovery and achieve the inflation objective, the Bank is prepared to provide further monetary stimulus as needed. Information note The next scheduled date for announcing the overnight rate target is September 9, 2020. The next full update of the Bank’s outlook for the economy and inflation, including risks to the projection, will be published in the MPR on October 28, 2020.",0.0
2020-09-09,https://www.bankofcanada.ca/2020/09/fad-press-release-2020-09-09/,"Bank of Canada maintains commitment to current level of policy rate, continues program of quantitative easing",0.25,606,28,3770,"The Bank of Canada today maintained its target for the overnight rate at the effective lower bound of ¼ percent. The Bank Rate is correspondingly ½ percent and the deposit rate is ¼ percent. The Bank is also continuing its quantitative easing (QE) program, with large-scale asset purchases of at least $5 billion per week of Government of Canada bonds. Both the global and Canadian economies are evolving broadly in line with the scenario in the July Monetary Policy Report (MPR), with activity bouncing back as countries lift containment measures. The Bank continues to expect this strong reopening phase to be followed by a protracted and uneven recuperation phase, which will be heavily reliant on policy support. The pace of the recovery remains highly dependent on the path of the COVID-19 pandemic and the evolution of social distancing measures required to contain its spread. The rebound in the United States has been stronger than expected, while economic performance among emerging markets has been more mixed. Global financial conditions have remained accommodative. Although prices for some commodities have firmed, oil prices remain weak. In Canada, real GDP fell by 11.5 percent (39 percent annualized) in the second quarter, resulting in a decline of just over 13 percent in the first half of the year, largely in line with the Bank’s July MPR central scenario. All components of aggregate demand weakened, as expected. As the economy reopens, the bounce-back in activity in the third quarter looks to be faster than anticipated in July. Economic activity has been supported by government programs to replace incomes and subsidize wages. Core funding markets are functioning well, and this has led to a decline in the use of the Bank’s short-term liquidity programs. Monetary policy is working to support household spending and business investment by making borrowing more affordable. Household spending rebounded sharply over the summer, with stronger-than-expected goods consumption and housing activity largely reflecting pent-up demand. There has also been a large but uneven rebound in employment. Exports are recovering in response to strengthening foreign demand, but are still well below pre-pandemic levels. Business confidence and investment remain subdued. While recent data during the reopening phase is encouraging, the Bank continues to expect the recuperation phase to be slow and choppy as the economy copes with ongoing uncertainty and structural challenges. CPI inflation is close to zero, with downward pressure from energy prices and travel services, and is expected to remain well below target in the near term. Measures of core inflation are between 1.3 percent and 1.9 percent, reflecting the large degree of economic slack, with the core measure most influenced by services prices showing the weakest growth. As the economy moves from reopening to recuperation, it will continue to require extraordinary monetary policy support. The Governing Council will hold the policy interest rate at the effective lower bound until economic slack is absorbed so that the 2 percent inflation target is sustainably achieved. To reinforce this commitment and keep interest rates low across the yield curve, the Bank is continuing its large-scale asset purchase program at the current pace. This QE program will continue until the recovery is well underway and will be calibrated to provide the monetary policy stimulus needed to support the recovery and achieve the inflation objective. Information note The next scheduled date for announcing the overnight rate target is October 28, 2020. The next full update of the Bank’s outlook for the economy and inflation, including risks to the projection, will be published in the MPR at the same time.",0.0
2020-10-28,https://www.bankofcanada.ca/2020/10/fad-press-release-2020-10-28/,"Bank of Canada will maintain current level of policy rate until inflation objective is achieved, recalibrates its quantitative easing program",0.25,666,34,4114,"The Bank of Canada today maintained its target for the overnight rate at the effective lower bound of ¼ percent, with the Bank Rate at ½ percent and the deposit rate at ¼ percent. The Bank is maintaining its extraordinary forward guidance, reinforced and supplemented by its quantitative easing (QE) program. The Bank is recalibrating the QE program to shift purchases towards longer-term bonds, which have more direct influence on the borrowing rates that are most important for households and businesses. At the same time, total purchases will be gradually reduced to at least $4 billion a week. The Governing Council judges that, with these combined adjustments, the QE program is providing at least as much monetary stimulus as before. The global and Canadian economic outlooks have evolved largely as anticipated in the July Monetary Policy Report (MPR), with rapid expansions as economies reopened giving way to slower growth, despite considerable remaining excess capacity. Looking ahead, rising COVID-19 infections are likely to weigh on the economic outlook in many countries, and growth will continue to rely heavily on policy support. In the United States, GDP growth rebounded strongly but appears to be slowing considerably. China’s economic output is back to pre-pandemic levels and its recovery continues to broaden. Emerging-market economies have been hit harder, especially those with severe outbreaks. The recovery in Europe is slowing amid mounting lockdowns. Overall, global GDP is projected to contract by about 4 percent in 2020 before growing by just over 4 ½ percent, on average, in 2021–22. Oil prices remain about 30 percent below pre-pandemic levels. Meanwhile, non-energy commodity prices, on average, have more than fully recovered. Despite continued low oil prices, the Canadian dollar has appreciated since July, largely reflecting a broad-based depreciation of the US dollar. In Canada, the rebound in employment and GDP was stronger than expected as the economy reopened through the summer. The economy is now transitioning to a more moderate recuperation phase. In the fourth quarter, growth is expected to slow markedly, due in part to rising COVID-19 case numbers. The economic effects of the pandemic are highly uneven across sectors and are particularly affecting low-income workers. Recognizing these challenges, governments have extended and modified business and income support programs. After a decline of about 5 ½ percent in 2020, the Bank expects Canada’s economy to grow by almost 4 percent on average in 2021 and 2022. Growth will likely be choppy as domestic demand is influenced by the evolution of the virus and its impact on consumer and business confidence. Considering the likely long-lasting effects of the pandemic, the Bank has revised down its estimate of Canada’s potential growth over the projection horizon. CPI inflation was at 0.5 percent in September and is expected to stay below the Bank’s target band of 1 to 3 percent until early 2021, largely due to low energy prices. Measures of core inflation are all below 2 percent, consistent with an economy where demand has fallen by more than supply. Inflation is expected to remain below target throughout the projection horizon. As the economy recuperates, it will continue to require extraordinary monetary policy support. The Governing Council will hold the policy interest rate at the effective lower bound until economic slack is absorbed so that the 2 percent inflation target is sustainably achieved. In our current projection, this does not happen until into 2023. The Bank is continuing its QE program and recalibrating it as described above. The program will continue until the recovery is well underway. We are committed to providing the monetary policy stimulus needed to support the recovery and achieve the inflation objective. Information note The next scheduled date for announcing the overnight rate target is December 9, 2020. The next full update of the Bank’s outlook for the economy and inflation, including risks to the projection, will be published in the MPR on January 20, 2021.",0.0
2020-12-09,https://www.bankofcanada.ca/2020/12/fad-press-release-2020-12-09/,"Bank of Canada will maintain current level of policy rate until inflation objective is achieved, continues its quantitative easing program",0.25,613,26,3775,"The Bank of Canada today maintained its target for the overnight rate at the effective lower bound of ¼ percent, with the Bank Rate at ½ percent and the deposit rate at ¼ percent. The Bank is maintaining its extraordinary forward guidance, reinforced and supplemented by its quantitative easing (QE) program, which continues at its current pace of at least $4 billion per week. The rebound in the global and Canadian economies has unfolded largely as the Bank had anticipated in its October Monetary Policy Report (MPR). More recently, news on the development of effective vaccines is providing reassurance that the pandemic will end and more normal activities will resume, although the pace and breadth of the global rollout of vaccinations remain uncertain. Near term, new waves of infections are expected to set back recoveries in many parts of the world. Accommodative policy and financial conditions are continuing to provide support across most regions. Stronger demand is pushing up prices for most commodities, including oil. A broad-based decline in the US exchange rate has contributed to a further appreciation of the Canadian dollar. In Canada, national accounts data for the third quarter were consistent with the Bank’s expectations of a sharp economic rebound following the precipitous decline in the second quarter. The labour market continues to recoup the jobs that were lost at the start of the pandemic, albeit at a slower pace. However, activity remains highly uneven across different sectors and groups of workers. Economic momentum heading into the fourth quarter appears to be stronger than was expected in October but, in recent weeks, record high cases of COVID-19 in many parts of Canada are forcing re-imposition of restrictions. This can be expected to weigh on growth in the first quarter of 2021 and contribute to a choppy trajectory until a vaccine is widely available. The federal government’s recently announced measures should help maintain business and household incomes during this second wave of the pandemic and support the recovery. CPI inflation in October picked up to 0.7 percent, largely reflecting higher prices for fresh fruits and vegetables. While this suggests a slightly firmer track for inflation in the fourth quarter, the outlook for inflation remains in line with the October MPR projection. Measures of core inflation are all below 2 percent, and considerable economic slack is expected to continue to weigh on inflation for some time. Canada’s economic recovery will continue to require extraordinary monetary policy support. The Governing Council will hold the policy interest rate at the effective lower bound until economic slack is absorbed so that the 2 percent inflation target is sustainably achieved. In our October projection, this does not happen until into 2023. To reinforce this commitment and keep interest rates low across the yield curve, the Bank will continue its QE program until the recovery is well underway and will adjust it as required to help bring inflation back to target on a sustainable basis. We remain committed to providing the monetary policy stimulus needed to support the recovery and achieve the inflation objective. Information note The next scheduled date for announcing the overnight rate target is January 20, 2021. The next full update of the Bank’s outlook for the economy and inflation, including risks to the projection, will be published in the MPR at the same time. Subsequent to the Bank’s previously announced review of the publication time of its interest rate announcements, the Bank re-confirms that it will remain at 10:00 (ET). As announced, starting in January the target for the overnight rate will take effect on the business day following each rate announcement.",0.0
2021-01-20,https://www.bankofcanada.ca/2021/01/fad-press-release-2021-01-20/,"Bank of Canada will hold current level of policy rate until inflation objective is achieved, continues quantitative easing",0.25,695,29,4211,"The Bank of Canada today held its target for the overnight rate at the effective lower bound of ¼ percent, with the Bank Rate at ½ percent and the deposit rate at ¼ percent. The Bank is maintaining its extraordinary forward guidance, reinforced and supplemented by its quantitative easing (QE) program, which continues at its current pace of at least $4 billion per week. The COVID-19 pandemic continues to take a severe human and economic toll in Canada and around the world. The earlier-than anticipated arrival of effective vaccines will save lives and livelihoods, and has reduced uncertainty from extreme levels. Nevertheless, uncertainty is still elevated, and the outlook remains highly conditional on the path of the virus and the timeline for the effective rollout of vaccines. The economic recovery has been interrupted in many countries as new waves of COVID-19 infections force governments to re-impose containment measures. However, the arrival of effective vaccines combined with further fiscal and monetary policy support have boosted the medium-term outlook for growth. In its January Monetary Policy Report (MPR), the Bank projects global growth to average just over 5 percent per year in 2021 and 2022, before slowing to just under 4 percent in 2023. Global financial markets and commodity prices have reacted positively to improving economic prospects. A broad-based decline in the US exchange rate combined with stronger commodity prices have led to a further appreciation of the Canadian dollar. Canada’s economy had strong momentum through to late 2020, but the resurgence of cases and the reintroduction of lockdown measures are a serious setback. Growth in the first quarter of 2021 is now expected to be negative. Assuming restrictions are lifted later in the first quarter, the Bank expects a strong second-quarter rebound. Consumption is forecast to gain strength as parts of the economy reopen and confidence improves, and exports and business investment will be buoyed by rising foreign demand. Beyond the near term, the outlook for Canada is now stronger and more secure than in the October projection, thanks to earlier-than-expected availability of vaccines and significant ongoing policy stimulus. After a decline in real GDP of 5 ½ percent in 2020, the Bank projects the economy will grow by 4 percent in 2021, almost 5 percent in 2022, and around 2 ½ percent in 2023. CPI inflation has risen to the low end of the Bank’s 1-3 percent target range in recent months, while measures of core inflation are still below 2 percent. CPI inflation is forecast to rise temporarily to around 2 percent in the first half of the year, as the base-year effects of price declines at the pandemic’s outset — mostly gasoline — dissipate. Excess supply is expected to weigh on inflation throughout the projection period. As it is absorbed, inflation is expected to return sustainably to the 2 percent target in 2023. In view of the weakness of near-term growth and the protracted nature of the recovery, the Canadian economy will continue to require extraordinary monetary policy support. The Governing Council will hold the policy interest rate at the effective lower bound until economic slack is absorbed so that the 2 percent inflation target is sustainably achieved. In our projection, this does not happen until into 2023. To reinforce this commitment and keep interest rates low across the yield curve, the Bank will continue its QE program until the recovery is well underway. As the Governing Council gains confidence in the strength of the recovery, the pace of net purchases of Government of Canada bonds will be adjusted as required. We remain committed to providing the appropriate degree of monetary policy stimulus to support the recovery and achieve the inflation objective. Information note The next scheduled date for announcing the overnight rate target is March 10, 2021. The next full update of the Bank’s outlook for the economy and inflation, including risks to the projection, will be published in the MPR on April 21, 2021. As announced, starting with this decision the target for the overnight rate will take effect on the business day following each rate announcement.",0.0
2021-03-10,https://www.bankofcanada.ca/2021/03/fad-press-release-2021-03-10/,"Bank of Canada will hold current level of policy rate until inflation objective is sustainably achieved, continues quantitative easing",0.25,658,30,4040,"The Bank of Canada today held its target for the overnight rate at the effective lower bound of ¼ percent, with the Bank Rate at ½ percent and the deposit rate at ¼ percent. The Bank is maintaining its extraordinary forward guidance, reinforced and supplemented by its quantitative easing (QE) program, which continues at its current pace of at least $4 billion per week. The global economy is recovering from the economic effects of COVID-19, albeit with ongoing unevenness across regions and sectors. The US economic recovery appears to be gaining momentum as virus infections decline and fiscal support boosts incomes and consumption. New fiscal stimulus will increase US consumption and output growth further. Global yield curves have steepened, largely reflecting the improved US growth outlook, but global financial conditions remain highly accommodative. Oil and other commodity prices have risen. The Canadian dollar has been relatively stable against the US dollar, but has appreciated against most other currencies. In Canada, the economy is proving to be more resilient than anticipated to the second wave of the virus and the associated containment measures. Although activity in hard-to-distance sectors continues to be held back, recent data point to continued recovery in the rest of the economy. GDP grew 9.6% in the final quarter of 2020, led by strong inventory accumulation. GDP growth in the first quarter of 2021 is now expected to be positive, rather than the contraction forecast in January. Consumers and businesses are adapting to containment measures, and housing market activity has been much stronger than expected. Improving foreign demand and higher commodity prices have also brightened the prospects for exports and business investment. Despite the stronger near-term outlook, there is still considerable economic slack and a great deal of uncertainty about the evolution of the virus and the path of economic growth. The labour market is a long way from recovery, with employment still well below pre-COVID levels. Low-wage workers, young people and women have borne the brunt of the job losses. The spread of more transmissible variants of the virus poses the largest downside risk to activity, as localized outbreaks and restrictions could restrain growth and add choppiness to the recovery. CPI inflation is near the bottom of the 1-3 percent target band but is likely to move temporarily to around the top of the band in the next few months. The expected rise in CPI inflation reflects base-year effects from deep price declines in some goods and services at the outset of the crisis a year ago, combined with higher gasoline prices pushed up by the recent run-up in oil prices. CPI inflation is then expected to moderate as base-year effects dissipate and excess capacity continues to exert downward pressure. Measures of core inflation currently range from 1.3 to 2 percent. While economic prospects have improved, the Governing Council judges that the recovery continues to require extraordinary monetary policy support. We remain committed to holding the policy interest rate at the effective lower bound until economic slack is absorbed so that the 2 percent inflation target is sustainably achieved. In the Bank’s January projection, this does not happen until into 2023. To reinforce this commitment and keep interest rates low across the yield curve, the Bank will continue its QE program until the recovery is well underway. As the Governing Council continues to gain confidence in the strength of the recovery, the pace of net purchases of Government of Canada bonds will be adjusted as required. We will continue to provide the appropriate degree of monetary policy stimulus to support the recovery and achieve the inflation objective. Information note The next scheduled date for announcing the overnight rate target is April 21, 2021. The next full update of the Bank’s outlook for the economy and inflation, including risks to the projection, will be published in the MPR at the same time.",0.0
2021-04-21,https://www.bankofcanada.ca/2021/04/fad-press-release-2021-04-21/,"Bank of Canada will hold current level of policy rate until inflation objective is sustainably achieved, adjusts quantitative easing program",0.25,879,38,5362,"The Bank of Canada today held its target for the overnight rate at the effective lower bound of ¼ percent, with the Bank Rate at ½ percent and the deposit rate at ¼ percent. The Bank continues to provide extraordinary forward guidance on the path for the overnight rate, reinforced and supplemented by the Bank’s quantitative easing (QE) program. Effective the week of April 26, weekly net purchases of Government of Canada bonds will be adjusted to a target of $3 billion. This adjustment to the amount of incremental stimulus being added each week reflects the progress made in the economic recovery. The outlook has improved for both the global and Canadian economies. Activity has proven more resilient than expected in the face of the COVID-19 pandemic, and the rollout of vaccines is progressing. A number of regions, including Canada, are experiencing a difficult third wave of infections and lockdowns. The more contagious variants of the virus are straining healthcare systems and affecting hard-to-distance activities, and have introduced a new dimension of uncertainty. The recovery remains highly dependent on the evolution of the pandemic and the pace of vaccinations. Global economic growth is stronger than was forecast in the January Monetary Policy Report (MPR), although the pace varies considerably across countries. After a contraction of 2 ½ percent in 2020, the Bank now projects global GDP to grow by just over 6 ¾ percent in 2021, about 4 percent in 2022, and almost 3 ½ percent in 2023. The recovery in the United States has been particularly strong, owing to fiscal stimulus and rapid vaccine rollouts. The global recovery has lifted commodity prices, including oil, contributing to the strength of the Canadian dollar. In Canada, growth in the first quarter appears considerably stronger than the Bank’s January forecast, as households and companies adapted to the second wave and associated restrictions. Substantial job gains in February and March boosted employment. However, new lockdowns will pose another setback and the labour market remains difficult for many Canadians, especially low-wage workers, young people and women. As vaccines roll out and the economy reopens, consumption is expected to rebound strongly in the second half of this year and remain robust over the projection. Housing construction and resales are at historic highs, driven by the desire for more living space, low mortgage rates, and limited supply. The Bank will continue to monitor the potential risks associated with the rapid rise in house prices. Meanwhile, strong growth in foreign demand and higher commodity prices are expected to drive a robust recovery in exports and business investment. Additional federal and provincial fiscal stimulus will contribute importantly to growth. The Bank now forecasts real GDP growth of 6 ½ percent in 2021, moderating to around 3 ¾ percent in 2022 and 3 ¼ percent in 2023. The Bank has revised up its estimate of potential output in light of greater resilience to the pandemic and accelerated digitalization. The virus and lockdowns have had very different impacts across sectors, businesses, and groups of workers, creating an unusual degree of uncertainty about the amount of slack in the economy and how long it will take to be absorbed. To gauge the evolution of slack, the Bank will look at a broad spectrum of indicators, including various measures of labour market conditions. Over the next few months, inflation is expected to rise temporarily to around the top of the 1-3 percent inflation-control range. This is largely the result of base-year effects—year-over-year CPI inflation is higher because prices of some goods and services fell sharply at the start of the pandemic. In addition, the increase in oil prices since December has driven gasoline prices above their pre-pandemic levels. The Bank expects CPI inflation to ease back toward 2 percent over the second half of 2021 as these base-year effects diminish, and inflation is expected to ease further because of the ongoing drag from excess capacity. As slack is absorbed, inflation should return to 2 per cent on a sustained basis some time in the second half of 2022. Even as economic prospects improve, the Governing Council judges that there is still considerable excess capacity, and the recovery continues to require extraordinary monetary policy support. We remain committed to holding the policy interest rate at the effective lower bound until economic slack is absorbed so that the 2 percent inflation target is sustainably achieved. Based on the Bank’s latest projection, this is now expected to happen some time in the second half of 2022. The Bank is continuing its QE program to reinforce this commitment and keep interest rates low across the yield curve. Decisions regarding further adjustments to the pace of net purchases will be guided by Governing Council’s ongoing assessment of the strength and durability of the recovery. We will continue to provide the appropriate degree of monetary policy stimulus to support the recovery and achieve the inflation objective. Information note The next scheduled date for announcing the overnight rate target is June 9, 2021. The next full update of the Bank’s outlook for the economy and inflation, including risks to the projection, will be published in the MPR on July 14, 2021.",0.0
2021-06-09,https://www.bankofcanada.ca/2021/06/fad-press-release-2021-06-09/,"Bank of Canada will hold current level of policy rate until inflation objective is sustainably achieved, continues quantitative easing",0.25,652,31,4071,"The Bank of Canada today held its target for the overnight rate at the effective lower bound of ¼ percent, with the Bank Rate at ½ percent and the deposit rate at ¼ percent. The Bank is maintaining its extraordinary forward guidance on the path for the overnight rate. This is reinforced and supplemented by the Bank’s quantitative easing (QE) program, which continues at a target pace of $3 billion per week. With COVID-19 cases falling in many countries and vaccine coverage rising, global economic activity is picking up. Growth remains uneven across regions, however. The US is experiencing a strong consumer-driven recovery and a rebound is beginning to take shape in Europe, while a resurgence of the virus is hampering the recovery in some emerging market economies. Financial conditions remain highly accommodative, reflected in broadly higher asset prices. Commodity prices have risen further, notably oil, and the Canadian dollar has seen a further appreciation. In Canada, economic developments have been broadly in line with the outlook in the April Monetary Policy Report (MPR). Despite the second wave of the virus, first quarter GDP growth came in at a robust 5.6 per cent. While this was lower than the Bank had projected, the underlying details indicate rising confidence and resilient demand. Household spending was stronger than expected, while businesses drew down inventories and increased imports more than anticipated. Renewed lockdowns associated with the third wave are dampening economic activity in the second quarter, largely as anticipated. Recent jobs data show that workers in contact-sensitive sectors have once again been most affected. The employment rate remains well below its pre-pandemic level, with low wage workers, youth and women continuing to bear the brunt of job losses. With vaccinations proceeding at a faster pace, and provincial containment restrictions on an easing path over the summer, the Canadian economy is expected to rebound strongly, led by consumer spending. Housing market activity is expected to moderate but remain elevated. Strong growth in foreign demand and higher commodity prices should also lead to a solid recovery in exports and business investment. Despite progress on vaccinations, there continues to be uncertainty about the evolution of new COVID-19 variants. More broadly, the risks to the inflation outlook identified in the April MPR remain relevant. As expected, CPI inflation has risen to around the top of the 1-3 percent inflation-control range, due largely to base-year effects and much stronger gasoline prices. Core measures of inflation have also risen, due primarily to temporary factors and base year effects, but by much less than CPI inflation. While CPI inflation will likely remain near 3 percent through the summer, it is expected to ease later in the year, as base-year effects diminish and excess capacity continues to exert downward pressure. The Governing Council judges that there remains considerable excess capacity in the Canadian economy, and that the recovery continues to require extraordinary monetary policy support. We remain committed to holding the policy interest rate at the effective lower bound until economic slack is absorbed so that the 2 percent inflation target is sustainably achieved. In the Bank’s April projection, this happens sometime in the second half of 2022. The Bank is continuing its QE program to reinforce this commitment and keep interest rates low across the yield curve. Decisions regarding adjustments to the pace of net bond purchases will be guided by Governing Council’s ongoing assessment of the strength and durability of the recovery. We will continue to provide the appropriate degree of monetary policy stimulus to support the recovery and achieve the inflation objective. Information note The next scheduled date for announcing the overnight rate target is July 14, 2021. The next full update of the Bank’s outlook for the economy and inflation, including risks to the projection, will be published in the MPR at the same time.",0.0
2021-07-14,https://www.bankofcanada.ca/2021/07/fad-press-release-2021-07-14/,"Bank of Canada maintains policy rate and forward guidance, adjusts quantitative easing program",0.25,779,35,4786,"The Bank of Canada today held its target for the overnight rate at the effective lower bound of ¼ percent, with the Bank Rate at ½ percent and the deposit rate at ¼ percent. The Bank is maintaining its extraordinary forward guidance on the path for the overnight rate. This is reinforced and supplemented by the Bank’s quantitative easing (QE) program, which is being adjusted to a target pace of $2 billion per week. This adjustment reflects continued progress towards recovery and the Bank’s increased confidence in the strength of the Canadian economic outlook. The global economy is recovering strongly from the COVID-19 pandemic, with continued progress on vaccinations, particularly in advanced economies. However, the recovery is still highly uneven and remains dependent on the course of the virus. The recent spread of new COVID-19 variants is a growing concern, especially for regions where vaccination rates remain low. Global GDP growth is expected to reach 7 percent this year and then moderate to about 4 ½ percent in 2022 and just over 3 percent in 2023. This is a slightly stronger forecast than the one in the Bank’s April Monetary Policy Report (MPR) and primarily reflects a stronger US outlook. Global financial conditions remain highly accommodative. Rising demand is supporting higher oil prices, while non-energy commodity prices remain elevated. The Canada-US exchange rate is little changed since April. In Canada, the third wave of the virus slowed growth in the second quarter. However, falling COVID-19 cases, progress on vaccinations and easing containment restrictions all point to a strong pickup in the second half of this year. The Bank now expects GDP growth of around 6 percent in 2021 – a little slower than was expected in April – but has revised up its 2022 forecast to 4 ½ percent and projects 3 ¼ percent growth in 2023. Consumption is expected to lead the recovery as households return to more normal spending patterns, while housing market activity is projected to ease back from historical highs. Stronger international demand should underpin a solid recovery in exports. As domestic and foreign demand increases and confidence improves, business investment will gain strength. Employment has once again begun to rebound, and we expect the hardest-hit segments of the labour market to post strong gains as the economy re-opens. However, the pace of the recovery will vary among industries and workers, and it could take some time to hire workers with the right skills to fill jobs. The aftermath of lockdowns and ongoing structural changes in the economy both mean that estimates of potential output and when the output gap will close are particularly uncertain. CPI inflation was 3.6 percent in May, boosted by temporary factors that include base-year effects and stronger gasoline prices, as well as pandemic-related bottlenecks as economies re-open. Core measures of inflation have also risen but by less than the CPI. In some high-contact services, demand is rebounding faster than supply, pushing up prices from low levels. Transitory supply constraints in shipping and value chain disruptions for semiconductors are also translating into higher prices for cars and some other goods. With higher gasoline prices and on-going supply bottlenecks, inflation is likely to remain above 3 percent through the second half of this year and ease back toward 2 percent in 2022, as short-run imbalances diminish and the considerable overall slack in the economy pulls inflation lower. The factors pushing up inflation are transitory, but their persistence and magnitude are uncertain and will be monitored closely. The Governing Council judges that the Canadian economy still has considerable excess capacity, and that the recovery continues to require extraordinary monetary policy support. We remain committed to holding the policy interest rate at the effective lower bound until economic slack is absorbed so that the 2 percent inflation target is sustainably achieved. In the Bank’s July projection, this happens sometime in the second half of 2022. The Bank's QE program continues to reinforce this commitment and keep interest rates low across the yield curve. Decisions regarding further adjustments to the pace of net bond purchases will be guided by Governing Council's ongoing assessment of the strength and durability of the recovery. We will continue to provide the appropriate degree of monetary policy stimulus to support the recovery and achieve the inflation objective. Information note The next scheduled date for announcing the overnight rate target is September 8, 2021. The next full update of the Bank’s outlook for the economy and inflation, including risks to the projection, will be published in the MPR on October 27, 2021.",0.0
2021-09-08,https://www.bankofcanada.ca/2021/09/fad-press-release-2021-09-08/,"Bank of Canada maintains policy rate, continues forward guidance  and current pace of quantitative easing",0.25,528,25,3339,"The Bank of Canada today held its target for the overnight rate at the effective lower bound of ¼ percent, with the Bank Rate at ½ percent and the deposit rate at ¼ percent. The Bank is maintaining its extraordinary forward guidance on the path for the overnight rate. This is reinforced and supplemented by the Bank’s quantitative easing (QE) program, which is being maintained at a target pace of $2 billion per week. The global economic recovery continued through the second quarter, led by strong US growth, and had solid momentum heading into the third quarter. However, supply chain disruptions are restraining activity in some sectors and rising cases of COVID-19 in many regions pose a risk to the strength of the global recovery. Financial conditions remain highly accommodative. In Canada, GDP contracted by about 1 percent in the second quarter, weaker than anticipated in the Bank’s July Monetary Policy Report (MPR). This largely reflects a contraction in exports, due in part to supply chain disruptions, especially in the auto sector. Housing market activity pulled back from recent high levels, largely as expected. Consumption, business investment and government spending all contributed positively to growth, with domestic demand growing at more than 3 percent. Employment rebounded through June and July, with hard-to-distance sectors hiring as public health restrictions eased. This is reducing unevenness in the labour market, although considerable slack remains and some groups – particularly low-wage workers – are still disproportionately affected. The Bank continues to expect the economy to strengthen in the second half of 2021, although the fourth wave of COVID-19 infections and ongoing supply bottlenecks could weigh on the recovery. CPI inflation remains above 3 percent as expected, boosted by base-year effects, gasoline prices, and pandemic-related supply bottlenecks. These factors pushing up inflation are expected to be transitory, but their persistence and magnitude are uncertain and will be monitored closely. Wage increases have been moderate to date, and medium-term inflation expectations remain well-anchored. Core measures of inflation have risen, but by less than the CPI. The Governing Council judges that the Canadian economy still has considerable excess capacity, and that the recovery continues to require extraordinary monetary policy support. We remain committed to holding the policy interest rate at the effective lower bound until economic slack is absorbed so that the 2 percent inflation target is sustainably achieved. In the Bank’s July projection, this happens in the second half of 2022. The Bank's QE program continues to reinforce this commitment and keep interest rates low across the yield curve. Decisions regarding future adjustments to the pace of net bond purchases will be guided by Governing Council's ongoing assessment of the strength and durability of the recovery. We will continue to provide the appropriate degree of monetary policy stimulus to support the recovery and achieve the inflation objective. Information note The next scheduled date for announcing the overnight rate target is October 27, 2021. The next full update of the Bank’s outlook for the economy and inflation, including risks to the projection, will be published in the MPR at the same time.",0.0
2021-10-27,https://www.bankofcanada.ca/2021/10/fad-press-release-2021-10-27/,"Bank of Canada maintains policy rate and forward guidance,  ends quantitative easing",0.25,690,31,4231,"The Bank of Canada today held its target for the overnight rate at the effective lower bound of ¼ percent, with the Bank Rate at ½ percent and the deposit rate at ¼ percent. The Bank’s extraordinary forward guidance on the path for the overnight rate is being maintained. The Bank is ending quantitative easing (QE) and moving into the reinvestment phase, during which it will purchase Government of Canada bonds solely to replace maturing bonds. The global economic recovery from the COVID-19 pandemic is progressing. Vaccines are proving highly effective against the virus, although their availability and distribution globally remain uneven and COVID variants pose risks to health and economic activity. In the face of strong global demand for goods, pandemic-related disruptions to production and transportation are constraining growth. Inflation rates have increased in many countries, boosted by these supply bottlenecks and by higher energy prices. While bond yields have risen in recent weeks, financial conditions remain accommodative and continue to support economic activity. The Bank projects global GDP will grow by 6½ percent in 2021 – a strong pace but less than projected in the July Monetary Policy Report (MPR) – and by 4¼ percent in 2022 and about 3½ percent in 2023. In Canada, robust economic growth has resumed, following a pause in the second quarter. Strong employment gains in recent months were concentrated in hard-to-distance sectors and among workers most affected by lockdowns. This has significantly reduced the very uneven impact of the pandemic on workers. As the economy reopens, it is taking time for workers to find the right jobs and for employers to hire people with the right skills. This is contributing to labour shortages in certain sectors, even as slack remains in the overall labour market. The Bank now forecasts Canada’s economy will grow by 5 percent this year before moderating to 4¼ percent in 2022 and 3¾ percent in 2023. Demand is expected to be supported by strong consumption and business investment, and a rebound in exports as the US economy continues to recover. Housing activity has moderated, but is expected to remain elevated. On the supply side, shortages of manufacturing inputs, transportation bottlenecks, and difficulties in matching jobs to workers are limiting the economy’s productive capacity. Although the impact and persistence of these supply factors are hard to quantify, the output gap is likely to be narrower than the Bank had forecast in July. The recent increase in CPI inflation was anticipated in July, but the main forces pushing up prices – higher energy prices and pandemic-related supply bottlenecks – now appear to be stronger and more persistent than expected. Core measures of inflation have also risen, but by less than the CPI. The Bank now expects CPI inflation to be elevated into next year, and ease back to around the 2 percent target by late 2022. The Bank is closely watching inflation expectations and labour costs to ensure that the temporary forces pushing up prices do not become embedded in ongoing inflation. The Governing Council judges that in view of ongoing excess capacity, the economy continues to require considerable monetary policy support. We remain committed to holding the policy interest rate at the effective lower bound until economic slack is absorbed so that the 2 percent inflation target is sustainably achieved. In the Bank’s projection, this happens sometime in the middle quarters of 2022. In light of the progress made in the economic recovery, the Governing Council has decided to end quantitative easing and keep its overall holdings of Government of Canada bonds roughly constant. We will continue to provide the appropriate degree of monetary policy stimulus to support the recovery and achieve the inflation target. Information notes A market notice outlining details of the reinvestment phase will be published on the Bank’s web site at 10:30 am ET today. The next scheduled date for announcing the overnight rate target is December 8, 2021. The next full update of the Bank’s outlook for the economy and inflation, including risks to the projection, will be published in the MPR on January 26, 2022.",0.0
2021-12-08,https://www.bankofcanada.ca/2021/12/fad-press-release-2021-12-08/,Bank of Canada maintains policy rate and forward guidance,0.25,579,29,3673,"The Bank of Canada today held its target for the overnight rate at the effective lower bound of ¼ percent, with the Bank Rate at ½ percent and the deposit rate at ¼ percent. The Bank’s extraordinary forward guidance on the path for the overnight rate is being maintained. The Bank is continuing its reinvestment phase, keeping its overall holdings of Government of Canada bonds roughly constant. The global economy continues to recover from the effects of the COVID-19 pandemic. Economic growth in the United States has accelerated, led by consumption, while growth in some other regions is moderating after a strong third quarter. Inflation has increased further in many countries, reflecting strong demand for goods amid ongoing supply disruptions. The new Omicron COVID-19 variant has prompted a tightening of travel restrictions in many countries and a decline in oil prices, and has injected renewed uncertainty. Accommodative financial conditions are still supporting economic activity. Canada’s economy grew by about 5½ percent in the third quarter, as expected. Together with a downward revision to the second quarter, this brings the level of GDP to about 1½ percent below its level in the last quarter of 2019, before the pandemic began. Third-quarter growth was led by a rebound in consumption, particularly services, as restrictions were further eased and higher vaccination rates improved confidence. Persistent supply bottlenecks continued to inhibit growth in other components of GDP, including non-commodity exports and business investment. Recent economic indicators suggest the economy had considerable momentum into the fourth quarter. This includes broad-based job gains in recent months that have brought the employment rate essentially back to its pre-pandemic level. Job vacancies remain elevated and wage growth has also picked up. Housing activity had been moderating, but appears to be regaining strength, notably in resales. The devastating floods in British Columbia and uncertainties arising from the Omicron variant could weigh on growth by compounding supply chain disruptions and reducing demand for some services. CPI inflation is elevated and the impact of global supply constraints is feeding through to a broader range of goods prices. The effects of these constraints on prices will likely take some time to work their way through, given existing supply backlogs. Gasoline prices, which had been a major factor pushing up CPI inflation, have recently declined. Meanwhile, core measures of inflation are little changed since September. The Bank continues to expect CPI inflation to remain elevated in the first half of 2022 and ease back towards 2 percent in the second half of the year. The Bank is closely watching inflation expectations and labour costs to ensure that the forces pushing up prices do not become embedded in ongoing inflation. The Governing Council judges that in view of ongoing excess capacity, the economy continues to require considerable monetary policy support. We remain committed to holding the policy interest rate at the effective lower bound until economic slack is absorbed so that the 2 percent inflation target is sustainably achieved. In the Bank’s October projection, this happens sometime in the middle quarters of 2022. We will provide the appropriate degree of monetary policy stimulus to support the recovery and achieve the inflation target. Information note The next scheduled date for announcing the overnight rate target is January 26, 2022. The Bank will publish its full outlook for the economy and inflation, including risks to the projection, in the Monetary Policy Report at the same time.",0.0
2022-01-26,https://www.bankofcanada.ca/2022/01/fad-press-release-2022-01-26/,"Bank of Canada maintains policy rate, removes exceptional forward guidance",0.25,677,30,4156,"The Bank of Canada today held its target for the overnight rate at the effective lower bound of ¼ %, with the Bank Rate at ½ % and the deposit rate at ¼ %. With overall economic slack now absorbed, the Bank has removed its exceptional forward guidance on its policy interest rate. The Bank is continuing its reinvestment phase, keeping its overall holdings of Government of Canada bonds roughly constant. The global recovery from the COVID-19 pandemic is strong but uneven. The US economy is growing robustly while growth in some other regions appears more moderate, especially in China due to current weakness in its property sector. Strong global demand for goods combined with supply bottlenecks that hinder production and transportation are pushing up inflation in most regions. As well, oil prices have rebounded to well above pre-pandemic levels following a decline at the onset of the Omicron variant of COVID-19. Financial conditions remain broadly accommodative but have tightened with growing expectations that monetary policy will normalize sooner than was anticipated, and with rising geopolitical tensions. Overall, the Bank projects global GDP growth to moderate from 6¾ % in 2021 to about 3½ % in 2022 and 2023. In Canada, GDP growth in the second half of 2021 now looks to have been even stronger than expected. The economy entered 2022 with considerable momentum, and a broad set of measures are now indicating that economic slack is absorbed. With strong employment growth, the labour market has tightened significantly. Job vacancies are elevated, hiring intentions are strong, and wage gains are picking up. Elevated housing market activity continues to put upward pressure on house prices. The Omicron variant is weighing on activity in the first quarter. While its economic impact will depend on how quickly this wave passes, it is expected to be less severe than previous waves. Economic growth is then expected to bounce back and remain robust over the projection horizon, led by consumer spending on services, and supported by strength in exports and business investment. After GDP growth of 4½ % in 2021, the Bank expects Canada’s economy to grow by 4% in 2022 and about 3½ % in 2023. CPI inflation remains well above the target range and core measures of inflation have edged up since October. Persistent supply constraints are feeding through to a broader range of goods prices and, combined with higher food and energy prices, are expected to keep CPI inflation close to 5% in the first half of 2022. As supply shortages diminish, inflation is expected to decline reasonably quickly to about 3% by the end of this year and then gradually ease towards the target over the projection period. Near-term inflation expectations have moved up, but longer-run expectations remain anchored on the 2% target. The Bank will use its monetary policy tools to ensure that higher near-term inflation expectations do not become embedded in ongoing inflation. While COVID-19 continues to affect economic activity unevenly across sectors, the Governing Council judges that overall slack in the economy is absorbed, thus satisfying the condition outlined in the Bank’s forward guidance on its policy interest rate. The Governing Council therefore decided to end its extraordinary commitment to hold its policy rate at the effective lower bound. Looking ahead, the Governing Council expects interest rates will need to increase, with the timing and pace of those increases guided by the Bank’s commitment to achieving the 2% inflation target. The Bank will keep its holdings of Government of Canada bonds on its balance sheet roughly constant at least until it begins to raise the policy interest rate. At that time, the Governing Council will consider exiting the reinvestment phase and reducing the size of its balance sheet by allowing roll-off of maturing Government of Canada bonds. Information note The next scheduled date for announcing the overnight rate target is March 2, 2022. The Bank will publish its next full outlook for the economy and inflation, including risks to the projection, in the Monetary Policy Report on April 13, 2022.",0.0
2022-03-02,https://www.bankofcanada.ca/2022/03/fad-press-release-2022-03-02/,Bank of Canada increases policy interest rate,0.25,591,32,3663,"The Bank of Canada today increased its target for the overnight rate to ½ %, with the Bank Rate at ¾ % and the deposit rate at ½ %. The Bank is continuing its reinvestment phase, keeping its overall holdings of Government of Canada bonds on its balance sheet roughly constant until such time as it becomes appropriate to allow the size of its balance sheet to decline. The unprovoked invasion of Ukraine by Russia is a major new source of uncertainty. Prices for oil and other commodities have risen sharply. This will add to inflation around the world, and negative impacts on confidence and new supply disruptions could weigh on global growth. Financial market volatility has increased. The situation remains fluid and we are following events closely. Global economic data has come in broadly in line with projections in the Bank’s January Monetary Policy Report (MPR). Economies are emerging from the impact of the Omicron variant of COVID-19 more quickly than expected, although the virus continues to circulate and the possibility of new variants remains a concern. Demand is robust, particularly in the United States. Global supply bottlenecks remain challenging, although there are indications that some constraints have eased. Economic growth in Canada was very strong in the fourth quarter of last year at 6.7%. This is stronger than the Bank’s projection and confirms its view that economic slack has been absorbed. Both exports and imports have picked up, consistent with solid global demand. In January, the recovery in Canada’s labour market suffered a setback due to the Omicron variant, with temporary layoffs in service sectors and elevated employee absenteeism. However, the rebound from Omicron now appears to be well in train: household spending is proving resilient and should strengthen further with the lifting of public health restrictions. Housing market activity is more elevated, adding further pressure to house prices. Overall, first-quarter growth is now looking more solid than previously projected. CPI inflation is currently at 5.1%, as expected in January, and remains well above the Bank’s target range. Price increases have become more pervasive, and measures of core inflation have all risen. Poor harvests and higher transportation costs have pushed up food prices. The invasion of Ukraine is putting further upward pressure on prices for both energy and food-related commodities. All told, inflation is now expected to be higher in the near term than projected in January. Persistently elevated inflation is increasing the risk that longer-run inflation expectations could drift upwards. The Bank will use its monetary policy tools to return inflation to the 2% target and keep inflation expectations well-anchored. The policy rate is the Bank’s primary monetary policy instrument. As the economy continues to expand and inflation pressures remain elevated, the Governing Council expects interest rates will need to rise further. The Governing Council will also be considering when to end the reinvestment phase and allow its holdings of Government of Canada bonds to begin to shrink. The resulting quantitative tightening (QT) would complement increases in the policy interest rate. The timing and pace of further increases in the policy rate, and the start of QT, will be guided by the Bank’s ongoing assessment of the economy and its commitment to achieving the 2% inflation target. Information note The next scheduled date for announcing the overnight rate target is April 13, 2022. The Bank will publish its next full outlook for the economy and inflation, including risks to the projection, in the MPR at the same time.",0.0
2022-04-13,https://www.bankofcanada.ca/2022/04/fad-press-release-2022-04-13/,"Bank of Canada increases policy interest rate by 50 basis points, begins quantitative tightening",0.5,726,37,4412,"The Bank of Canada today increased its target for the overnight rate to 1%, with the Bank Rate at 1¼% and the deposit rate at 1%. The Bank is also ending reinvestment and will begin quantitative tightening (QT), effective April 25. Maturing Government of Canada bonds on the Bank’s balance sheet will no longer be replaced and, as a result, the size of the balance sheet will decline over time. Russia’s ongoing invasion of Ukraine is causing unimaginable human suffering and new economic uncertainty. Price spikes in oil, natural gas and other commodities are adding to inflation around the world. Supply disruptions resulting from the war are also exacerbating ongoing supply constraints and weighing on activity. These factors are the primary drivers of a substantial upward revision to the Bank’s outlook for inflation in Canada. The war in Ukraine is disrupting the global recovery, just as most economies are emerging from the impact of the Omicron variant of COVID-19. European countries are more directly impacted by confidence effects and supply dislocations caused by the war. China’s economy is facing new COVID outbreaks and an ongoing correction in its property market. In the United States, domestic demand remains very strong and the US Federal Reserve has clearly indicated its resolve to use its monetary policy tools to control inflation. As policy stimulus is withdrawn, US growth is expected to moderate to a pace more in line with potential growth. Global financial conditions have tightened and volatility has increased. The Bank now forecasts global growth of about 3½% this year, 2½% in 2023 and 3¼% in 2024. In Canada, growth is strong and the economy is moving into excess demand. Labour markets are tight, and wage growth is back to its pre-pandemic pace and rising. Businesses increasingly report they are having difficulty meeting demand, and are able to pass on higher input costs by increasing prices. While the COVID-19 virus continues to mutate and circulate, high rates of vaccination have reduced its health and economic impacts. Growth looks to have been stronger in the first quarter than projected in January and is likely to pick up in the second quarter. Consumer spending is strengthening with the lifting of pandemic containment measures. Exports and business investment will continue to recover, supported by strong foreign demand and high commodity prices. Housing market activity, which has been exceptionally high, is expected to moderate. The Bank forecasts that Canada’s economy will grow by 4¼% this year before slowing to 3¼% in 2023 and 2¼% in 2024. Robust business investment, labour productivity growth and higher immigration will add to the economy’s productive capacity, while higher interest rates should moderate growth in domestic demand. CPI inflation in Canada is 5.7%, above the Bank’s forecast in its January Monetary Policy Report (MPR) . Inflation is being driven by rising energy and food prices and supply disruptions, in combination with strong global and domestic demand. Core measures of inflation have all moved higher as price pressures broaden. CPI inflation is now expected to average almost 6% in the first half of 2022 and remain well above the control range throughout this year. It is then expected to ease to about 2½% in the second half of 2023 and return to the 2% target in 2024. There is an increasing risk that expectations of elevated inflation could become entrenched. The Bank will use its monetary policy tools to return inflation to target and keep inflation expectations well-anchored. With the economy moving into excess demand and inflation persisting well above target, the Governing Council judges that interest rates will need to rise further. The policy interest rate is the Bank’s primary monetary policy instrument, and quantitative tightening will complement increases in the policy rate. The timing and pace of further increases in the policy rate will be guided by the Bank’s ongoing assessment of the economy and its commitment to achieving the 2% inflation target. Information note The next scheduled date for announcing the overnight rate target is June 1, 2022. The Bank will publish its next full outlook for the economy and inflation, including risks to the projection, in the MPR on July 13, 2022. A market notice providing operational details for QT will be published this morning on the Bank’s web site.",25.0
2022-06-01,https://www.bankofcanada.ca/2022/06/fad-press-release-2022-06-01/,"Bank of Canada increases policy interest rate by 50 basis points, continues quantitative tightening",1.0,483,25,3020,"The Bank of Canada today increased its target for the overnight rate to 1½%, with the Bank Rate at 1¾% and the deposit rate at 1½%. The Bank is also continuing its policy of quantitative tightening (QT). Inflation globally and in Canada continues to rise, largely driven by higher prices for energy and food. In Canada, CPI inflation reached 6.8% for the month of April – well above the Bank’s forecast – and will likely move even higher in the near term before beginning to ease. As pervasive input price pressures feed through into consumer prices, inflation continues to broaden, with core measures of inflation ranging between 3.2% and 5.1%. Almost 70% of CPI categories now show inflation above 3%. The risk of elevated inflation becoming entrenched has risen. The Bank will use its monetary policy tools to return inflation to target and keep inflation expectations well anchored. The increase in global inflation is occurring as the global economy slows. The Russian invasion of Ukraine, China’s COVID-related lockdowns, and ongoing supply disruptions are all weighing on activity and boosting inflation. The war has increased uncertainty and is putting further upward pressure on prices for energy and agricultural commodities. This is dampening the outlook, particularly in Europe. In the United States, private domestic demand remains robust, despite the economy contracting in the first quarter of 2022. US labour market strength continues, with wage pressures intensifying. Global financial conditions have tightened and markets have been volatile. Canadian economic activity is strong and the economy is clearly operating in excess demand. National accounts data for the first quarter of 2022 showed GDP growth of 3.1 percent, in line with the Bank’s April Monetary Policy Report (MPR) projection. Job vacancies are elevated, companies are reporting widespread labour shortages, and wage growth has been picking up and broadening across sectors. Housing market activity is moderating from exceptionally high levels. With consumer spending in Canada remaining robust and exports anticipated to strengthen, growth in the second quarter is expected to be solid. With the economy in excess demand, and inflation persisting well above target and expected to move higher in the near term, the Governing Council continues to judge that interest rates will need to rise further. The policy interest rate remains the Bank’s primary monetary policy instrument, with quantitative tightening acting as a complementary tool. The pace of further increases in the policy rate will be guided by the Bank’s ongoing assessment of the economy and inflation, and the Governing Council is prepared to act more forcefully if needed to meet its commitment to achieve the 2% inflation target. Information note The next scheduled date for announcing the overnight rate target is July 13, 2022. The Bank will publish its next full outlook for the economy and inflation, including risks to the projection, in the MPR at the same time.",50.0
2022-07-13,https://www.bankofcanada.ca/2022/07/fad-press-release-2022-07-13/,"Bank of Canada increases policy interest rate by 100 basis points, continues quantitative tightening",1.5,647,32,3935,"The Bank of Canada today increased its target for the overnight rate to 2½%, with the Bank Rate at 2¾% and the deposit rate at 2½%. The Bank is also continuing its policy of quantitative tightening (QT). Inflation in Canada is higher and more persistent than the Bank expected in its April Monetary Policy Report (MPR), and will likely remain around 8% in the next few months. While global factors such as the war in Ukraine and ongoing supply disruptions have been the biggest drivers, domestic price pressures from excess demand are becoming more prominent. More than half of the components that make up the CPI are now rising by more than 5%. With this broadening of price pressures, the Bank’s core measures of inflation have moved up to between 3.9% and 5.4%. Also, surveys indicate more consumers and businesses are expecting inflation to be higher for longer, raising the risk that elevated inflation becomes entrenched in price- and wage-setting. If that occurs, the economic cost of restoring price stability will be higher. Global inflation is higher, reflecting the impact of the Russian invasion of Ukraine, ongoing supply constraints, and strong demand. Many central banks are tightening monetary policy to combat inflation, and the resulting tighter financial conditions are moderating economic growth. In the United States, high inflation and rising interest rates are contributing to a slowdown in domestic demand. China’s economy is being held back by waves of restrictive measures to contain COVID-19 outbreaks. Oil prices remain high and volatile. The Bank now expects global economic growth to slow to about 3½% this year and 2% in 2023 before strengthening to 3% in 2024. Further excess demand has built up in the Canadian economy. Labour markets are tight with a record low unemployment rate, widespread labour shortages, and increasing wage pressures. With strong demand, businesses are passing on higher input and labour costs by raising prices. Consumption is robust, led by a rebound in spending on hard-to-distance services. Business investment is solid and exports are being boosted by elevated commodity prices. The Bank estimates that GDP grew by about 4% in the second quarter. Growth is expected to slow to about 2% in the third quarter as consumption growth moderates and housing market activity pulls back following unsustainable strength during the pandemic. The Bank expects Canada’s economy to grow by 3½% in 2022, 1¾% in 2023, and 2½% in 2024. Economic activity will slow as global growth moderates and tighter monetary policy works its way through the economy. This, combined with the resolution of supply disruptions, will bring demand and supply back into balance and alleviate inflationary pressures. Global energy prices are also projected to decline. The July outlook has inflation starting to come back down later this year, easing to about 3% by the end of next year and returning to the 2% target by the end of 2024. With the economy clearly in excess demand, inflation high and broadening, and more businesses and consumers expecting high inflation to persist for longer, the Governing Council decided to front-load the path to higher interest rates by raising the policy rate by 100 basis points today. The Governing Council continues to judge that interest rates will need to rise further, and the pace of increases will be guided by the Bank’s ongoing assessment of the economy and inflation. Quantitative tightening continues and is complementing increases in the policy interest rate. The Governing Council is resolute in its commitment to price stability and will continue to take action as required to achieve the 2% inflation target. Information note The next scheduled date for announcing the overnight rate target is September 7, 2022. The Bank will publish its next full outlook for the economy and inflation, including risks to the projection, in the MPR on October 26, 2022.",50.0
2022-09-07,https://www.bankofcanada.ca/2022/09/fad-press-release-2022-09-07/,"Bank of Canada increases policy interest rate by 75 basis points,  continues quantitative tightening",2.5,452,25,2773,"The Bank of Canada today increased its target for the overnight rate to 3¼%, with the Bank Rate at 3½% and the deposit rate at 3¼%. The Bank is also continuing its policy of quantitative tightening. The global and Canadian economies are evolving broadly in line with the Bank’s July projection. The effects of COVID-19 outbreaks, ongoing supply disruptions, and the war in Ukraine continue to dampen growth and boost prices. Global inflation remains high and measures of core inflation are moving up in most countries. In response, central banks around the world continue to tighten monetary policy. Economic activity in the United States has moderated, although the US labour market remains tight. China is facing ongoing challenges from COVID shutdowns. Commodity prices have been volatile: oil, wheat and lumber prices have moderated while natural gas prices have risen. In Canada, CPI inflation eased in July to 7.6% from 8.1% because of a drop in gasoline prices. However, inflation excluding gasoline increased and data indicate a further broadening of price pressures, particularly in services. The Bank’s core measures of inflation continued to move up, ranging from 5% to 5.5% in July. Surveys suggest that short-term inflation expectations remain high. The longer this continues, the greater the risk that elevated inflation becomes entrenched. The Canadian economy continues to operate in excess demand and labour markets remain tight. Canada’s GDP grew by 3.3% in the second quarter. While this was somewhat weaker than the Bank had projected, indicators of domestic demand were very strong – consumption grew by about 9½% and business investment was up by close to 12%. With higher mortgage rates, the housing market is pulling back as anticipated, following unsustainable growth during the pandemic. The Bank continues to expect the economy to moderate in the second half of this year, as global demand weakens and tighter monetary policy here in Canada begins to bring demand more in line with supply. Given the outlook for inflation, the Governing Council still judges that the policy interest rate will need to rise further. Quantitative tightening is complementing increases in the policy rate. As the effects of tighter monetary policy work through the economy, we will be assessing how much higher interest rates need to go to return inflation to target. The Governing Council remains resolute in its commitment to price stability and will continue to take action as required to achieve the 2% inflation target. Information note The next scheduled date for announcing the overnight rate target is October 26, 2022. The Bank will publish its next full outlook for the economy and inflation, including risks to the projection, in the MPR at the same time.",100.0
2022-10-26,https://www.bankofcanada.ca/2022/10/fad-press-release-2022-10-26/,"Bank of Canada increases policy interest rate by 50 basis points, continues quantitative tightening",3.25,687,32,4163,"The Bank of Canada today increased its target for the overnight rate to 3¾%, with the Bank Rate at 4% and the deposit rate at 3¾%. The Bank is also continuing its policy of quantitative tightening. Inflation around the world remains high and broadly based. This reflects the strength of the global recovery from the pandemic, a series of global supply disruptions, and elevated commodity prices, particularly for energy, which have been pushed up by Russia’s attack on Ukraine. The strength of the US dollar is adding to inflationary pressures in many countries. Tighter monetary policies aimed at controlling inflation are weighing on economic activity around the world. As economies slow and supply disruptions ease, global inflation is expected to come down. In the United States, labour markets remain very tight even as restrictive financial conditions are slowing economic activity. The Bank projects no growth in the US economy through most of next year. In the euro area, the economy is forecast to contract in the quarters ahead, largely due to acute energy shortages. China’s economy appears to have picked up after the recent round of pandemic lockdowns, although ongoing challenges related to its property market will continue to weigh on growth. Overall, the Bank projects that global growth will slow from 3% in 2022 to about 1½% in 2023, and then pick back up to roughly 2½% in 2024. This is a slower pace of growth than was projected in the Bank’s July Monetary Policy Report (MPR). In Canada, the economy continues to operate in excess demand and labour markets remain tight. The demand for goods and services is still running ahead of the economy’s ability to supply them, putting upward pressure on domestic inflation. Businesses continue to report widespread labour shortages and, with the full reopening of the economy, strong demand has led to a sharp rise in the price of services. The effects of recent policy rate increases by the Bank are becoming evident in interest-sensitive areas of the economy: housing activity has retreated sharply, and spending by households and businesses is softening. Also, the slowdown in international demand is beginning to weigh on exports. Economic growth is expected to stall through the end of this year and the first half of next year as the effects of higher interest rates spread through the economy. The Bank projects GDP growth will slow from 3¼% this year to just under 1% next year and 2% in 2024. In the last three months, CPI inflation has declined from 8.1% to 6.9%, primarily due to a fall in gasoline prices. However, price pressures remain broadly based, with two-thirds of CPI components increasing more than 5% over the past year. The Bank’s preferred measures of core inflation are not yet showing meaningful evidence that underlying price pressures are easing. Near-term inflation expectations remain high, increasing the risk that elevated inflation becomes entrenched. The Bank expects CPI inflation to ease as higher interest rates help rebalance demand and supply, price pressures from global supply disruptions fade, and the past effects of higher commodity prices dissipate. CPI inflation is projected to move down to about 3% by the end of 2023, and then return to the 2% target by the end of 2024. Given elevated inflation and inflation expectations, as well as ongoing demand pressures in the economy, the Governing Council expects that the policy interest rate will need to rise further. Future rate increases will be influenced by our assessments of how tighter monetary policy is working to slow demand, how supply challenges are resolving, and how inflation and inflation expectations are responding. Quantitative tightening is complementing increases in the policy rate. We are resolute in our commitment to restore price stability for Canadians and will continue to take action as required to achieve the 2% inflation target. Information note The next scheduled date for announcing the overnight rate target is December 7, 2022. The Bank will publish its next full outlook for the economy and inflation, including risks to the projection, in the MPR on January 25, 2023.",75.0
2022-12-07,https://www.bankofcanada.ca/2022/12/fad-press-release-2022-12-07/,"Bank of Canada increases policy interest rate by 50 basis points,  continues quantitative tightening",3.75,408,21,2598,"The Bank of Canada today increased its target for the overnight rate to 4¼%, with the Bank Rate at 4½% and the deposit rate at 4¼%. The Bank is also continuing its policy of quantitative tightening. Inflation around the world remains high and broadly based. Global economic growth is slowing, although it is proving more resilient than was expected at the time of the October Monetary Policy Report (MPR). In the United States, the economy is weakening but consumption continues to be solid and the labour market remains overheated. The gradual easing of global supply bottlenecks continues, although further progress could be disrupted by geopolitical events. In Canada, GDP growth in the third quarter was stronger than expected, and the economy continued to operate in excess demand. Canada’s labour market remains tight, with unemployment near historic lows. While commodity exports have been strong, there is growing evidence that tighter monetary policy is restraining domestic demand: consumption moderated in the third quarter, and housing market activity continues to decline. Overall, the data since the October MPR support the Bank’s outlook that growth will essentially stall through the end of this year and the first half of next year. CPI inflation remained at 6.9% in October, with many of the goods and services Canadians regularly buy showing large price increases. Measures of core inflation remain around 5%. Three-month rates of change in core inflation have come down, an early indicator that price pressures may be losing momentum. However, inflation is still too high and short-term inflation expectations remain elevated. The longer that consumers and businesses expect inflation to be above the target, the greater the risk that elevated inflation becomes entrenched. Looking ahead, Governing Council will be considering whether the policy interest rate needs to rise further to bring supply and demand back into balance and return inflation to target. Governing Council continues to assess how tighter monetary policy is working to slow demand, how supply challenges are resolving, and how inflation and inflation expectations are responding. Quantitative tightening is complementing increases in the policy rate. We are resolute in our commitment to achieving the 2% inflation target and restoring price stability for Canadians. Information note The next scheduled date for announcing the overnight rate target is January 25, 2023. The Bank will publish its next full outlook for the economy and inflation, including risks to the projection, in the MPR at the same time.",50.0
2023-01-25,https://www.bankofcanada.ca/2023/01/fad-press-release-2023-01-25/,"Bank of Canada increases policy interest rate by 25 basis points, continues quantitative tightening",4.25,635,32,3933,"The Bank of Canada today increased its target for the overnight rate to 4½%, with the Bank Rate at 4¾% and the deposit rate at 4½%. The Bank is also continuing its policy of quantitative tightening. Global inflation remains high and broad-based. Inflation is coming down in many countries, largely reflecting lower energy prices as well as improvements in global supply chains. In the United States and Europe, economies are slowing but proving more resilient than was expected at the time of the Bank’s October Monetary Policy Report (MPR). China’s abrupt lifting of COVID-19 restrictions has prompted an upward revision to the growth forecast for China and poses an upside risk to commodity prices. Russia’s war on Ukraine remains a significant source of uncertainty. Financial conditions remain restrictive but have eased since October, and the Canadian dollar has been relatively stable against the US dollar. The Bank estimates the global economy grew by about 3½% in 2022, and will slow to about 2% in 2023 and 2½% in 2024. This projection is slightly higher than October’s. In Canada, recent economic growth has been stronger than expected and the economy remains in excess demand. Labour markets are still tight: the unemployment rate is near historic lows and businesses are reporting ongoing difficulty finding workers. However, there is growing evidence that restrictive monetary policy is slowing activity, especially household spending. Consumption growth has moderated from the first half of 2022 and housing market activity has declined substantially. As the effects of interest rate increases continue to work through the economy, spending on consumer services and business investment are expected to slow. Meanwhile, weaker foreign demand will likely weigh on exports. This overall slowdown in activity will allow supply to catch up with demand. The Bank estimates Canada’s economy grew by 3.6% in 2022, slightly stronger than was projected in October. Growth is expected to stall through the middle of 2023, picking up later in the year. The Bank expects GDP growth of about 1% in 2023 and about 2% in 2024, little changed from the October outlook. Inflation has declined from 8.1% in June to 6.3% in December, reflecting lower gasoline prices and, more recently, moderating prices for durable goods. Despite this progress, Canadians are still feeling the hardship of high inflation in their essential household expenses, with persistent price increases for food and shelter. Short-term inflation expectations remain elevated. Year-over-year measures of core inflation are still around 5%, but 3-month measures of core inflation have come down, suggesting that core inflation has peaked. Inflation is projected to come down significantly this year. Lower energy prices, improvements in global supply conditions, and the effects of higher interest rates on demand are expected to bring CPI inflation down to around 3% in the middle of this year and back to the 2% target in 2024. With persistent excess demand putting continued upward pressure on many prices, Governing Council decided to increase the policy interest rate by a further 25 basis points. The Bank’s ongoing program of quantitative tightening is complementing the restrictive stance of the policy rate. If economic developments evolve broadly in line with the MPR outlook, Governing Council expects to hold the policy rate at its current level while it assesses the impact of the cumulative interest rate increases. Governing Council is prepared to increase the policy rate further if needed to return inflation to the 2% target, and remains resolute in its commitment to restoring price stability for Canadians. Information note The next scheduled date for announcing the overnight rate target is March 8, 2023. The Bank will publish its next full outlook for the economy and inflation, including risks to the projection, in the MPR on April 12, 2023.",50.0
2023-03-08,https://www.bankofcanada.ca/2023/03/fad-press-release-2023-03-08/,"Bank of Canada maintains policy rate, continues quantitative tightening",4.5,550,29,3444,"The Bank of Canada today held its target for the overnight rate at 4½%, with the Bank Rate at 4¾% and the deposit rate at 4½%. The Bank is also continuing its policy of quantitative tightening. Global economic developments have evolved broadly in line with the outlook in the January Monetary Policy Report (MPR). Global growth continues to slow, and inflation, while still too high, is coming down due primarily to lower energy prices. In the United States and Europe, near-term outlooks for growth and inflation are both somewhat higher than expected in January. In particular, labour markets remain tight, and elevated core inflation is persisting. Growth in China is rebounding in the first quarter. Commodity prices have evolved roughly in line with the Bank’s expectations, but the strength of China’s recovery and the impact of Russia’s war in Ukraine remain key sources of upside risk. Financial conditions have tightened since January, and the US dollar has strengthened. In Canada, economic growth came in flat in the fourth quarter of 2022, lower than the Bank projected. With consumption, government spending and net exports all increasing, the weaker-than-expected GDP was largely because of a sizeable slowdown in inventory investment. Restrictive monetary policy continues to weigh on household spending, and business investment has weakened alongside slowing domestic and foreign demand. The labour market remains very tight. Employment growth has been surprisingly strong, the unemployment rate remains near historic lows, and job vacancies are elevated. Wages continue to grow at 4% to 5%, while productivity has declined in recent quarters. Inflation eased to 5.9% in January, reflecting lower price increases for energy, durable goods and some services. Price increases for food and shelter remain high, causing continued hardship for Canadians. With weak economic growth for the next couple of quarters, pressures in product and labour markets are expected to ease. This should moderate wage growth and also increase competitive pressures, making it more difficult for businesses to pass on higher costs to consumers. Overall, the latest data remains in line with the Bank’s expectation that CPI inflation will come down to around 3% in the middle of this year. Year-over-year measures of core inflation ticked down to about 5%, and 3-month measures are around 3½%. Both will need to come down further, as will short-term inflation expectations, to return inflation to the 2% target. At its January decision, the Governing Council indicated that it expected to hold the policy interest rate at its current level, conditional on economic developments evolving broadly in line with the MPR outlook. Based on its assessment of recent data, Governing Council decided to maintain the policy rate at 4½%. Quantitative tightening is complementing this restrictive stance. Governing Council will continue to assess economic developments and the impact of past interest rate increases, and is prepared to increase the policy rate further if needed to return inflation to the 2% target. The Bank remains resolute in its commitment to restoring price stability for Canadians. Information note The next scheduled date for announcing the overnight rate target is April 12, 2023. The Bank will publish its next full outlook for the economy and inflation, including risks to the projection, in the Monetary Policy Report at the same time.",25.0
2023-04-12,https://www.bankofcanada.ca/2023/04/fad-press-release-2023-04-12/,"Bank of Canada maintains policy rate, continues quantitative tightening",4.5,637,32,3929,"The Bank of Canada today held its target for the overnight rate at 4½%, with the Bank Rate at 4¾% and the deposit rate at 4½%. The Bank is also continuing its policy of quantitative tightening. Inflation in many countries is easing in the face of lower energy prices, normalizing global supply chains, and tighter monetary policy. At the same time, labour markets remain tight and measures of core inflation in many advanced economies suggest persistent price pressures, especially for services. Global economic growth has been stronger than anticipated. Growth in the United States and Europe has surprised on the upside, but is expected to weaken as tighter monetary policy continues to feed through those economies. In the United States, recent stress in the banking sector has tightened credit conditions further. US growth is expected to slow considerably in the coming months, with particular weakness in sectors that are important for Canadian exports. Meanwhile, activity in China’s economy has rebounded, particularly in services. Overall, commodity prices are close to their January levels. The Bank’s April Monetary Policy Report (MPR) projects global growth of 2.6% this year, 2.1% in 2024, and 2.8% in 2025. In Canada, demand is still exceeding supply and the labour market remains tight. Economic growth in the first quarter looks to be stronger than was projected in January, with a bounce in exports and solid consumption growth. While the Bank’s Business Outlook Survey suggests acute labour shortages are starting to ease, wage growth is still elevated relative to productivity growth. Strong population gains are adding to labour supply and supporting employment growth while also boosting aggregate consumption. Housing market activity remains subdued. As more households renew their mortgages at higher rates and restrictive monetary policy works its way through the economy more broadly, consumption is expected to moderate this year. Softening foreign demand is expected to restrain exports and business investment. Overall, GDP growth is projected to be weak through the remainder of this year before strengthening gradually next year. This implies the economy will move into excess supply in the second half of this year. The Bank now projects Canada’s economy to grow by 1.4% this year and 1.3% in 2024 before picking up to 2.5% in 2025. CPI inflation eased to 5.2% in February, and the Bank’s preferred measures of core inflation were just under 5%. The Bank expects CPI inflation to fall quickly to around 3% in the middle of this year and then decline more gradually to the 2% target by the end of 2024. Recent data is reinforcing Governing Council’s confidence that inflation will continue to decline in the next few months. However, getting inflation the rest of the way back to 2% could prove to be more difficult because inflation expectations are coming down slowly, service price inflation and wage growth remain elevated, and corporate pricing behaviour has yet to normalize. As it sets monetary policy, Governing Council will be particularly focused on these indicators, and the evolution of core inflation, to gauge the progress of CPI inflation back to target. In light of its outlook for growth and inflation, Governing Council decided to maintain the policy rate at 4½%. Quantitative tightening continues to complement this restrictive stance. Governing Council continues to assess whether monetary policy is sufficiently restrictive to relieve price pressures and remains prepared to raise the policy rate further if needed to return inflation to the 2% target. The Bank remains resolute in its commitment to restoring price stability for Canadians. Information note The next scheduled date for announcing the overnight rate target is June 7, 2023. The Bank will publish its next full outlook for the economy and inflation, including risks to the projection, in the MPR on July 12, 2023.",0.0
2023-06-07,https://www.bankofcanada.ca/2023/06/fad-press-release-2023-06-07/,"Bank of Canada raises policy rate 25 basis points, continues quantitative tightening",4.5,537,26,3417,"The Bank of Canada today increased its target for the overnight rate to 4¾%, with the Bank Rate at 5% and the deposit rate at 4¾%. The Bank is also continuing its policy of quantitative tightening. Globally, consumer price inflation is coming down, largely reflecting lower energy prices compared to a year ago, but underlying inflation remains stubbornly high. While economic growth around the world is softening in the face of higher interest rates, major central banks are signalling that interest rates may have to rise further to restore price stability. In the United States, the economy is slowing, although consumer spending remains surprisingly resilient and the labour market is still tight. Economic growth has essentially stalled in Europe but upward pressure on core prices is persisting. Growth in China is expected to slow after surging in the first quarter. Financial conditions have tightened back to those seen before the bank failures in the United States and Switzerland. Canada’s economy was stronger than expected in the first quarter of 2023, with GDP growth of 3.1%. Consumption growth was surprisingly strong and broad-based, even after accounting for the boost from population gains. Demand for services continued to rebound. In addition, spending on interest-sensitive goods increased and, more recently, housing market activity has picked up. The labour market remains tight: higher immigration and participation rates are expanding the supply of workers but new workers have been quickly hired, reflecting continued strong demand for labour. Overall, excess demand in the economy looks to be more persistent than anticipated. CPI inflation ticked up in April to 4.4%, the first increase in 10 months, with prices for a broad range of goods and services coming in higher than expected. Goods price inflation increased, despite lower energy costs. Services price inflation remained elevated, reflecting strong demand and a tight labour market. The Bank continues to expect CPI inflation to ease to around 3% in the summer, as lower energy prices feed through and last year’s large price gains fall out of the yearly data. However, with three-month measures of core inflation running in the 3½-4% range for several months and excess demand persisting, concerns have increased that CPI inflation could get stuck materially above the 2% target. Based on the accumulation of evidence, Governing Council decided to increase the policy interest rate, reflecting our view that monetary policy was not sufficiently restrictive to bring supply and demand back into balance and return inflation sustainably to the 2% target. Quantitative tightening is complementing the restrictive stance of monetary policy and normalizing the Bank’s balance sheet. Governing Council will continue to assess the dynamics of core inflation and the outlook for CPI inflation. In particular, we will be evaluating whether the evolution of excess demand, inflation expectations, wage growth and corporate pricing behaviour are consistent with achieving the inflation target. The Bank remains resolute in its commitment to restoring price stability for Canadians. Information note The next scheduled date for announcing the overnight rate target is July 12, 2023. The Bank will publish its next full outlook for the economy and inflation, including risks to the projection, in the Monetary Policy Report at the same time.",0.0
2023-07-12,https://www.bankofcanada.ca/2023/07/fad-press-release-2023-07-12/,"Bank of Canada raises policy rate 25 basis points, continues quantitative tightening",4.75,739,34,4531,"The Bank of Canada today increased its target for the overnight rate to 5%, with the Bank Rate at 5¼% and the deposit rate at 5%. The Bank is also continuing its policy of quantitative tightening. Global inflation is easing, with lower energy prices and a decline in goods price inflation. However, robust demand and tight labour markets are causing persistent inflationary pressures in services. Economic growth has been stronger than expected, especially in the United States, where consumer and business spending has been surprisingly resilient. After a surge in early 2023, China’s economic growth is softening, with slowing exports and ongoing weakness in its property sector. Growth in the euro area is effectively stalled: while the service sector continues to grow, manufacturing is contracting. Global financial conditions have tightened, with bond yields up in North America and Europe as major central banks signal further interest rate increases may be needed to combat inflation. The Bank’s July Monetary Policy Report (MPR) projects the global economy will grow by around 2.8% this year and 2.4% in 2024, followed by 2.7% growth in 2025. Canada’s economy has been stronger than expected, with more momentum in demand. Consumption growth has been surprisingly strong at 5.8% in the first quarter. While the Bank expects consumer spending to slow in response to the cumulative increase in interest rates, recent retail trade and other data suggest more persistent excess demand in the economy. In addition, the housing market has seen some pickup. New construction and real estate listings are lagging demand, which is adding pressure to prices. In the labour market, there are signs of more availability of workers, but conditions remain tight, and wage growth has been around 4-5%. Strong population growth from immigration is adding both demand and supply to the economy: newcomers are helping to ease the shortage of workers while also boosting consumer spending and adding to demand for housing. As higher interest rates continue to work their way through the economy, the Bank expects economic growth to slow, averaging around 1% through the second half of this year and the first half of next year. This implies real GDP growth of 1.8% in 2023 and 1.2% in 2024. The economy will move into modest excess supply early next year before growth picks up to 2.4% in 2025. Inflation in Canada eased to 3.4% in May, a substantial and welcome drop from its peak of 8.1% last summer. While CPI inflation has come down largely as expected so far this year, the downward momentum has come more from lower energy prices, and less from easing underlying inflation. With the large price increases of last year out of the annual data, there will be less near-term downward momentum in CPI inflation. Moreover, with three-month rates of core inflation running around 3½-4% since last September, underlying price pressures appear to be more persistent than anticipated. This is reinforced by the Bank’s business surveys, which find businesses are still increasing their prices more frequently than normal. In the July MPR projection, CPI inflation is forecast to hover around 3% for the next year before gradually declining to 2% in the middle of 2025. This is a slower return to target than was forecast in the January and April projections. Governing Council remains concerned that progress towards the 2% target could stall, jeopardizing the return to price stability. In light of the accumulation of evidence that excess demand and elevated core inflation are both proving more persistent, and taking into account its revised outlook for economic activity and inflation, Governing Council decided to increase the policy interest rate to 5%. Quantitative tightening is complementing the restrictive stance of monetary policy and normalizing the Bank’s balance sheet. Governing Council will continue to assess the dynamics of core inflation and the outlook for CPI inflation. In particular, we will be evaluating whether the evolution of excess demand, inflation expectations, wage growth and corporate pricing behaviour are consistent with achieving the 2% inflation target. The Bank remains resolute in its commitment to restoring price stability for Canadians. Information note The next scheduled date for announcing the overnight rate target is September 6, 2023. The Bank will publish its next full outlook for the economy and inflation, including risks to the projection, in the Monetary Policy Report on October 25, 2023.",25.0
2023-09-06,https://www.bankofcanada.ca/2023/09/fad-press-release-2023-09-06/,"Bank of Canada maintains policy rate, continues quantitative tightening",5.0,543,27,3416,"The Bank of Canada today held its target for the overnight rate at 5%, with the Bank Rate at 5¼% and the deposit rate at 5%. The Bank is also continuing its policy of quantitative tightening. Inflation in advanced economies has continued to come down, but with measures of core inflation still elevated, major central banks remain focused on restoring price stability. Global growth slowed in the second quarter of 2023, largely reflecting a significant deceleration in China. With ongoing weakness in the property sector undermining confidence, growth prospects in China have diminished. In the United States, growth was stronger than expected, led by robust consumer spending. In Europe, strength in the service sector supported growth, offsetting an ongoing contraction in manufacturing. Global bond yields have risen, reflecting higher real interest rates, and international oil prices are higher than was assumed in the July Monetary Policy Report (MPR). The Canadian economy has entered a period of weaker growth, which is needed to relieve price pressures. Economic growth slowed sharply in the second quarter of 2023, with output contracting by 0.2% at an annualized rate. This reflected a marked weakening in consumption growth and a decline in housing activity, as well as the impact of wildfires in many regions of the country. Household credit growth slowed as the impact of higher rates restrained spending among a wider range of borrowers. Final domestic demand grew by 1% in the second quarter, supported by government spending and a boost to business investment. The tightness in the labour market has continued to ease gradually. However, wage growth has remained around 4% to 5%. Recent CPI data indicate that inflationary pressures remain broad-based. After easing to 2.8% in June, CPI inflation moved up to 3.3% in July, averaging close to 3% in line with the Bank’s projection. With the recent increase in gasoline prices, CPI inflation is expected to be higher in the near term before easing again. Year-over-year and three-month measures of core inflation are now both running at about 3.5%, indicating there has been little recent downward momentum in underlying inflation. The longer high inflation persists, the greater the risk that elevated inflation becomes entrenched, making it more difficult to restore price stability. With recent evidence that excess demand in the economy is easing, and given the lagged effects of monetary policy, Governing Council decided to hold the policy interest rate at 5% and continue to normalize the Bank’s balance sheet. However, Governing Council remains concerned about the persistence of underlying inflationary pressures, and is prepared to increase the policy interest rate further if needed. Governing Council will continue to assess the dynamics of core inflation and the outlook for CPI inflation. In particular, we will be evaluating whether the evolution of excess demand, inflation expectations, wage growth and corporate pricing behavior are consistent with achieving the 2% inflation target. The Bank remains resolute in its commitment to restoring price stability for Canadians. Information note The next scheduled date for announcing the overnight rate target is October 25, 2023. The Bank will publish its next full outlook for the economy and inflation, including risks to the projection, in the Monetary Policy Report at the same time.",25.0
2023-10-25,https://www.bankofcanada.ca/2023/10/fad-press-release-2023-10-25/,"Bank of Canada maintains policy rate, continues quantitative tightening",5.0,700,35,4273,"The Bank of Canada today held its target for the overnight rate at 5%, with the Bank Rate at 5¼% and the deposit rate at 5%. The Bank is continuing its policy of quantitative tightening. The global economy is slowing and growth is forecast to moderate further as past increases in policy rates and the recent surge in global bond yields weigh on demand. The Bank projects global GDP growth of 2.9% this year, 2.3% in 2024 and 2.6% in 2025. While this global growth outlook is little changed from the July Monetary Policy Report (MPR), the composition has shifted, with the US economy proving stronger and economic activity in China weaker than expected. Growth in the euro area has slowed further. Inflation has been easing in most economies, as supply bottlenecks resolve and weaker demand relieves price pressures. However, with underlying inflation persisting, central banks continue to be vigilant. Oil prices are higher than was assumed in July, and the war in Israel and Gaza is a new source of geopolitical uncertainty. In Canada, there is growing evidence that past interest rate increases are dampening economic activity and relieving price pressures. Consumption has been subdued, with softer demand for housing, durable goods and many services. Weaker demand and higher borrowing costs are weighing on business investment. The surge in Canada’s population is easing labour market pressures in some sectors while adding to housing demand and consumption. In the labour market, recent job gains have been below labour force growth and job vacancies have continued to ease. However, the labour market remains on the tight side and wage pressures persist. Overall, a range of indicators suggest that supply and demand in the economy are now approaching balance. After averaging 1% over the past year, economic growth is expected to continue to be weak for the next year before increasing in late 2024 and through 2025. The near-term weakness in growth reflects both the broadening impact of past increases in interest rates and slower foreign demand. The subsequent pickup is driven by household spending as well as stronger exports and business investment in response to improving foreign demand. Spending by governments contributes materially to growth over the forecast horizon. Overall, the Bank expects the Canadian economy to grow by 1.2% this year, 0.9% in 2024 and 2.5% in 2025. CPI inflation has been volatile in recent months—2.8% in June, 4.0% in August, and 3.8% in September. Higher interest rates are moderating inflation in many goods that people buy on credit, and this is spreading to services. Food inflation is easing from very high rates. However, in addition to elevated mortgage interest costs, inflation in rent and other housing costs remains high. Near-term inflation expectations and corporate pricing behaviour are normalizing only gradually, and wages are still growing around 4% to 5%. The Bank’s preferred measures of core inflation show little downward momentum. In the Bank’s October projection, CPI inflation is expected to average about 3½% through the middle of next year before gradually easing to 2% in 2025. Inflation returns to target about the same time as in the July projection, but the near-term path is higher because of energy prices and ongoing persistence in core inflation. With clearer signs that monetary policy is moderating spending and relieving price pressures, Governing Council decided to hold the policy rate at 5% and to continue to normalize the Bank’s balance sheet. However, Governing Council is concerned that progress towards price stability is slow and inflationary risks have increased, and is prepared to raise the policy rate further if needed. Governing Council wants to see downward momentum in core inflation, and continues to be focused on the balance between demand and supply in the economy, inflation expectations, wage growth and corporate pricing behaviour. The Bank remains resolute in its commitment to restoring price stability for Canadians. Information note The next scheduled date for announcing the overnight rate target is December 6, 2023. The Bank will publish its next full outlook for the economy and inflation, including risks to the projection, in the MPR on January 24, 2024.",0.0
2023-12-06,https://www.bankofcanada.ca/2023/12/fad-press-release-2023-12-06/,"Bank of Canada maintains policy rate, continues quantitative tightening",5.0,526,25,3222,"The Bank of Canada today held its target for the overnight rate at 5%, with the Bank Rate at 5¼% and the deposit rate at 5%. The Bank is continuing its policy of quantitative tightening. The global economy continues to slow and inflation has eased further. In the United States, growth has been stronger than expected, led by robust consumer spending, but is likely to weaken in the months ahead as past policy rate increases work their way through the economy. Growth in the euro area has weakened and, combined with lower energy prices, this has reduced inflationary pressures. Oil prices are about $10-per-barrel lower than was assumed in the October Monetary Policy Report (MPR). Financial conditions have also eased, with long-term interest rates unwinding some of the sharp increases seen earlier in the autumn. The US dollar has weakened against most currencies, including Canada’s. In Canada, economic growth stalled through the middle quarters of 2023. Real GDP contracted at a rate of 1.1% in the third quarter, following growth of 1.4% in the second quarter. Higher interest rates are clearly restraining spending: consumption growth in the last two quarters was close to zero, and business investment has been volatile but essentially flat over the past year. Exports and inventory adjustment subtracted from GDP growth in the third quarter, while government spending and new home construction provided a boost. The labour market continues to ease: job creation has been slower than labour force growth, job vacancies have declined further, and the unemployment rate has risen modestly. Even so, wages are still rising by 4-5%. Overall, these data and indicators for the fourth quarter suggest the economy is no longer in excess demand. The slowdown in the economy is reducing inflationary pressures in a broadening range of goods and services prices. Combined with the drop in gasoline prices, this contributed to the easing of CPI inflation to 3.1% in October. However, shelter price inflation has picked up, reflecting faster growth in rent and other housing costs along with the continued contribution from elevated mortgage interest costs. In recent months, the Bank’s preferred measures of core inflation have been around 3½-4%, with the October data coming in towards the lower end of this range. With further signs that monetary policy is moderating spending and relieving price pressures, Governing Council decided to hold the policy rate at 5% and to continue to normalize the Bank’s balance sheet. Governing Council is still concerned about risks to the outlook for inflation and remains prepared to raise the policy rate further if needed. Governing Council wants to see further and sustained easing in core inflation, and continues to focus on the balance between demand and supply in the economy, inflation expectations, wage growth, and corporate pricing behaviour. The Bank remains resolute in its commitment to restoring price stability for Canadians. Information note The next scheduled date for announcing the overnight rate target is January 24, 2024. The Bank will publish its next full outlook for the economy and inflation, including risks to the projection, in the MPR at the same time.",0.0
2024-01-24,https://www.bankofcanada.ca/2024/01/fad-press-release-2024-01-24/,"Bank of Canada maintains policy rate, continues quantitative tightening",5.0,546,29,3358,"The Bank of Canada today held its target for the overnight rate at 5%, with the Bank Rate at 5¼% and the deposit rate at 5%. The Bank is continuing its policy of quantitative tightening. Global economic growth continues to slow, with inflation easing gradually across most economies. While growth in the United States has been stronger than expected, it is anticipated to slow in 2024, with weakening consumer spending and business investment. In the euro area, the economy looks to be in a mild contraction. In China, low consumer confidence and policy uncertainty will likely restrain activity. Meanwhile, oil prices are about $10 per barrel lower than was assumed in the October Monetary Policy Report (MPR). Financial conditions have eased, largely reversing the tightening that occurred last autumn. The Bank now forecasts global GDP growth of 2½% in 2024 and 2¾% in 2025, following 2023’s 3% pace. With softer growth this year, inflation rates in most advanced economies are expected to come down slowly, reaching central bank targets in 2025. In Canada, the economy has stalled since the middle of 2023 and growth will likely remain close to zero through the first quarter of 2024. Consumers have pulled back their spending in response to higher prices and interest rates, and business investment has contracted. With weak growth, supply has caught up with demand and the economy now looks to be operating in modest excess supply. Labour market conditions have eased, with job vacancies returning to near pre-pandemic levels and new jobs being created at a slower rate than population growth. However, wages are still rising around 4% to 5%. Economic growth is expected to strengthen gradually around the middle of 2024. In the second half of 2024, household spending will likely pick up and exports and business investment should get a boost from recovering foreign demand. Spending by governments contributes materially to growth through the year. Overall, the Bank forecasts GDP growth of 0.8% in 2024 and 2.4% in 2025, roughly unchanged from its October projection. CPI inflation ended the year at 3.4%. Shelter costs remain the biggest contributor to above-target inflation. The Bank expects inflation to remain close to 3% during the first half of this year before gradually easing, returning to the 2% target in 2025. While the slowdown in demand is reducing price pressures in a broader number of CPI components and corporate pricing behaviour continues to normalize, core measures of inflation are not showing sustained declines. Given the outlook, Governing Council decided to hold the policy rate at 5% and to continue to normalize the Bank’s balance sheet. The Council is still concerned about risks to the outlook for inflation, particularly the persistence in underlying inflation. Governing Council wants to see further and sustained easing in core inflation and continues to focus on the balance between demand and supply in the economy, inflation expectations, wage growth, and corporate pricing behaviour. The Bank remains resolute in its commitment to restoring price stability for Canadians. Information note The next scheduled date for announcing the overnight rate target is March 6, 2024. The Bank will publish its next full outlook for the economy and inflation, including risks to the projection, in the MPR on April 10, 2024.",0.0
2024-03-06,https://www.bankofcanada.ca/2024/03/fad-press-release-2024-03-06/,"Bank of Canada maintains policy rate, continues quantitative tightening",5.0,429,25,2622,"The Bank of Canada today held its target for the overnight rate at 5%, with the Bank Rate at 5¼% and the deposit rate at 5%. The Bank is continuing its policy of quantitative tightening. Global economic growth slowed in the fourth quarter. US GDP growth also slowed but remained surprisingly robust and broad-based, with solid contributions from consumption and exports. Euro area economic growth was flat at the end of the year after contracting in the third quarter. Inflation in the United States and the euro area continued to ease. Bond yields have increased since January while corporate credit spreads have narrowed. Equity markets have risen sharply. Global oil prices are slightly higher than what was assumed in the January Monetary Policy Report (MPR). In Canada, the economy grew in the fourth quarter by more than expected, although the pace remained weak and below potential. Real GDP expanded by 1% after contracting 0.5% in the third quarter. Consumption was up a modest 1%, and final domestic demand contracted with a large decline in business investment. A strong increase in exports boosted growth. Employment continues to grow more slowly than the population, and there are now some signs that wage pressures may be easing. Overall, the data point to an economy in modest excess supply. CPI inflation eased to 2.9% in January, as goods price inflation moderated further. Shelter price inflation remains elevated and is the biggest contributor to inflation. Underlying inflationary pressures persist: year-over-year and three-month measures of core inflation are in the 3% to 3.5% range, and the share of CPI components growing above 3% declined but is still above the historical average. The Bank continues to expect inflation to remain close to 3% during the first half of this year before gradually easing. Governing Council decided to hold the policy rate at 5% and to continue to normalize the Bank’s balance sheet. The Council is still concerned about risks to the outlook for inflation, particularly the persistence in underlying inflation. Governing Council wants to see further and sustained easing in core inflation and continues to focus on the balance between demand and supply in the economy, inflation expectations, wage growth, and corporate pricing behaviour. The Bank remains resolute in its commitment to restoring price stability for Canadians. Information note The next scheduled date for announcing the overnight rate target is April 10, 2024. The Bank will publish its next full outlook for the economy and inflation, including risks to the projection, in the MPR at the same time.",0.0
2024-04-10,https://www.bankofcanada.ca/2024/04/fad-press-release-2024-04-10/,"Bank of Canada maintains policy rate, continues quantitative tightening",5.0,607,34,3713,"The Bank of Canada today held its target for the overnight rate at 5%, with the Bank Rate at 5¼% and the deposit rate at 5%. The Bank is continuing its policy of quantitative tightening. The Bank expects the global economy to continue growing at a rate of about 3%, with inflation in most advanced economies easing gradually. The US economy has again proven stronger than anticipated, buoyed by resilient consumption and robust business and government spending. US GDP growth is expected to slow in the second half of this year, but remain stronger than forecast in January. The euro area is projected to gradually recover from current weak growth. Global oil prices have moved up, averaging about $5 higher than assumed in the January Monetary Policy Report (MPR). Since January, bond yields have increased but, with narrower corporate credit spreads and sharply higher equity markets, overall financial conditions have eased. The Bank has revised up its forecast for global GDP growth to 2¾% in 2024 and about 3% in 2025 and 2026. Inflation continues to slow across most advanced economies, although progress will likely be bumpy. Inflation rates are projected to reach central bank targets in 2025. In Canada, economic growth stalled in the second half of last year and the economy moved into excess supply. A broad range of indicators suggest that labour market conditions continue to ease. Employment has been growing more slowly than the working-age population and the unemployment rate has risen gradually, reaching 6.1% in March. There are some recent signs that wage pressures are moderating. Economic growth is forecast to pick up in 2024. This largely reflects both strong population growth and a recovery in spending by households. Residential investment is strengthening, responding to continued robust demand for housing. The contribution to growth from spending by governments has also increased. Business investment is projected to recover gradually after considerable weakness in the second half of last year. The Bank expects exports to continue to grow solidly through 2024. Overall, the Bank forecasts GDP growth of 1.5% in 2024, 2.2% in 2025, and 1.9% in 2026. The strengthening economy will gradually absorb excess supply through 2025 and into 2026. CPI inflation slowed to 2.8% in February, with easing in price pressures becoming more broad-based across goods and services. However, shelter price inflation is still very elevated, driven by growth in rent and mortgage interest costs. Core measures of inflation, which had been running around 3½%, slowed to just over 3% in February, and 3-month annualized rates are suggesting downward momentum. The Bank expects CPI inflation to be close to 3% during the first half of this year, move below 2½% in the second half, and reach the 2% inflation target in 2025. Based on the outlook, Governing Council decided to hold the policy rate at 5% and to continue to normalize the Bank’s balance sheet. While inflation is still too high and risks remain, CPI and core inflation have eased further in recent months. The Council will be looking for evidence that this downward momentum is sustained. Governing Council is particularly watching the evolution of core inflation, and continues to focus on the balance between demand and supply in the economy, inflation expectations, wage growth, and corporate pricing behaviour. The Bank remains resolute in its commitment to restoring price stability for Canadians. Information note The next scheduled date for announcing the overnight rate target is June 5, 2024. The Bank will publish its next full outlook for the economy and inflation, including risks to the projection, in the MPR on July 24, 2024.",0.0
2024-06-05,https://www.bankofcanada.ca/2024/06/fad-press-release-2024-06-05/,Bank of Canada reduces policy rate by 25 basis points,5.0,458,27,2889,"The Bank of Canada today reduced its target for the overnight rate to 4¾%, with the Bank Rate at 5% and the deposit rate at 4¾%. The Bank is continuing its policy of balance sheet normalization. The global economy grew by about 3% in the first quarter of 2024, broadly in line with the Bank’s April Monetary Policy Report (MPR) projection. In the United States, the economy expanded more slowly than was expected, as weakness in exports and inventories weighed on activity. Growth in private domestic demand remained strong but eased. In the euro area, activity picked up in the first quarter of 2024. China’s economy was also stronger in the first quarter, buoyed by exports and industrial production, although domestic demand remained weak. Inflation in most advanced economies continues to ease, although progress towards price stability is bumpy and is proceeding at different speeds across regions. Oil prices have averaged close to the MPR assumptions, and financial conditions are little changed since April. In Canada, economic growth resumed in the first quarter of 2024 after stalling in the second half of last year. At 1.7%, first-quarter GDP growth was slower than forecast in the MPR. Weaker inventory investment dampened activity. Consumption growth was solid at about 3%, and business investment and housing activity also increased. Labour market data show businesses continue to hire, although employment has been growing at a slower pace than the working-age population. Wage pressures remain but look to be moderating gradually. Overall, recent data suggest the economy is still operating in excess supply. CPI inflation eased further in April, to 2.7%. The Bank’s preferred measures of core inflation also slowed and three-month measures suggest continued downward momentum. Indicators of the breadth of price increases across components of the CPI have moved down further and are near their historical average. However, shelter price inflation remains high. With continued evidence that underlying inflation is easing, Governing Council agreed that monetary policy no longer needs to be as restrictive and reduced the policy interest rate by 25 basis points. Recent data has increased our confidence that inflation will continue to move towards the 2% target. Nonetheless, risks to the inflation outlook remain. Governing Council is closely watching the evolution of core inflation and remains particularly focused on the balance between demand and supply in the economy, inflation expectations, wage growth, and corporate pricing behaviour. The Bank remains resolute in its commitment to restoring price stability for Canadians. Information note The next scheduled date for announcing the overnight rate target is July 24, 2024. The Bank will publish its next full outlook for the economy and inflation, including risks to the projection, in the MPR at the same time.",0.0
2024-07-24,https://www.bankofcanada.ca/2024/07/fad-press-release-2024-07-24/,Bank of Canada reduces policy rate by 25 basis points to 4½%,4.75,651,38,3998,"The Bank of Canada today reduced its target for the overnight rate to 4½%, with the Bank Rate at 4¾% and the deposit rate at 4½%. The Bank is continuing its policy of balance sheet normalization. The global economy is expected to continue expanding at an annual rate of about 3% through 2026. While inflation is still above central bank targets in most advanced economies, it is forecast to ease gradually. In the United States, the anticipated economic slowdown is materializing, with consumption growth moderating. US inflation looks to have resumed its downward path. In the euro area, growth is picking up following a weak 2023. China’s economy is growing modestly, with weak domestic demand partially offset by strong exports. Global financial conditions have eased, with lower bond yields, buoyant equity prices, and robust corporate debt issuance. The Canadian dollar has been relatively stable and oil prices are around the levels assumed in April’s Monetary Policy Report (MPR). In Canada, economic growth likely picked up to about 1½% through the first half of this year. However, with robust population growth of about 3%, the economy’s potential output is still growing faster than GDP, which means excess supply has increased. Household spending, including both consumer purchases and housing, has been weak. There are signs of slack in the labour market. The unemployment rate has risen to 6.4%, with employment continuing to grow more slowly than the labour force and job seekers taking longer to find work. Wage growth is showing some signs of moderating, but remains elevated. GDP growth is forecast to increase in the second half of 2024 and through 2025. This reflects stronger exports and a recovery in household spending and business investment as borrowing costs ease. Residential investment is expected to grow robustly. With new government limits on admissions of non-permanent residents, population growth should slow in 2025. Overall, the Bank forecasts GDP growth of 1.2% in 2024, 2.1% in 2025, and 2.4% in 2026. The strengthening economy will gradually absorb excess supply through 2025 and into 2026. CPI inflation moderated to 2.7% in June after increasing in May. Broad inflationary pressures are easing. The Bank’s preferred measures of core inflation have been below 3% for several months and the breadth of price increases across components of the CPI is now near its historical norm. Shelter price inflation remains high, driven by rent and mortgage interest costs, and is still the biggest contributor to total inflation. Inflation is also elevated in services that are closely affected by wages, such as restaurants and personal care. The Bank’s preferred measures of core inflation are expected to slow to about 2½% in the second half of 2024 and ease gradually through 2025. The Bank expects CPI inflation to come down below core inflation in the second half of this year, largely because of base year effects on gasoline prices. As those effects wear off, CPI inflation may edge up again before settling around the 2% target next year. With broad price pressures continuing to ease and inflation expected to move closer to 2%, Governing Council decided to reduce the policy interest rate by a further 25 basis points. Ongoing excess supply is lowering inflationary pressures. At the same time, price pressures in some important parts of the economy—notably shelter and some other services—are holding inflation up. Governing Council is carefully assessing these opposing forces on inflation. Monetary policy decisions will be guided by incoming information and our assessment of their implications for the inflation outlook. The Bank remains resolute in its commitment to restoring price stability for Canadians. Information note The next scheduled date for announcing the overnight rate target is September 4, 2024. The Bank will publish its next full outlook for the economy and inflation, including risks to the projection, in the MPR on October 23, 2024.",-25.0
2024-09-04,https://www.bankofcanada.ca/2024/09/fad-press-release-2024-09-04/,Bank of Canada reduces policy rate by 25 basis points to 4¼%,4.5,403,25,2533,"The Bank of Canada today reduced its target for the overnight rate to 4¼%, with the Bank Rate at 4½% and the deposit rate at 4¼%. The Bank is continuing its policy of balance sheet normalization. The global economy expanded by about 2½% in the second quarter, consistent with projections in the Bank’s July Monetary Policy Report (MPR). In the United States, economic growth was stronger than expected, led by consumption, but the labour market has slowed. Euro-area growth has been boosted by tourism and other services, while manufacturing has been soft. Inflation in both regions continues to moderate. In China, weak domestic demand weighed on economic growth. Global financial conditions have eased further since July, with declines in bond yields. The Canadian dollar has appreciated modestly, largely reflecting a lower US dollar. Oil prices are lower than assumed in the July MPR. In Canada, the economy grew by 2.1% in the second quarter, led by government spending and business investment. This was slightly stronger than forecast in July, but preliminary indicators suggest that economic activity was soft through June and July. The labour market continues to slow, with little change in employment in recent months. Wage growth, however, remains elevated relative to productivity. As expected, inflation slowed further to 2.5% in July. The Bank’s preferred measures of core inflation averaged around 2 ½% and the share of components of the consumer price index growing above 3% is roughly at its historical norm. High shelter price inflation is still the biggest contributor to total inflation but is starting to slow. Inflation also remains elevated in some other services. With continued easing in broad inflationary pressures, Governing Council decided to reduce the policy interest rate by a further 25 basis points. Excess supply in the economy continues to put downward pressure on inflation, while price increases in shelter and some other services are holding inflation up. Governing Council is carefully assessing these opposing forces on inflation. Monetary policy decisions will be guided by incoming information and our assessment of their implications for the inflation outlook. The Bank remains resolute in its commitment to restoring price stability for Canadians. Information note The next scheduled date for announcing the overnight rate target is October 23, 2024. The Bank will publish its next full outlook for the economy and inflation, including risks to the projection, in the MPR at the same time.",-25.0
2024-10-23,https://www.bankofcanada.ca/2024/10/fad-press-release-2024-10-23/,Bank of Canada reduces policy rate by 50 basis points to 3¾%,4.25,649,38,3905,"The Bank of Canada today reduced its target for the overnight rate to 3¾%, with the Bank Rate at 4% and the deposit rate at 3¾%. The Bank is continuing its policy of balance sheet normalization. The Bank continues to expect the global economy to expand at a rate of about 3% over the next two years. Growth in the United States is now expected to be stronger than previously forecast while the outlook for China remains subdued. Growth in the euro area has been soft but should recover modestly next year. Inflation in advanced economies has declined in recent months, and is now around central bank targets. Global financial conditions have eased since July, in part because of market expectations of lower policy interest rates. Global oil prices are about $10 lower than assumed in the July Monetary Policy Report (MPR). In Canada, the economy grew at around 2% in the first half of the year and we expect growth of 1¾% in the second half. Consumption has continued to grow but is declining on a per person basis. Exports have been boosted by the opening of the Trans Mountain Expansion pipeline. The labour market remains soft—the unemployment rate was at 6.5% in September. Population growth has continued to expand the labour force while hiring has been modest. This has particularly affected young people and newcomers to Canada. Wage growth remains elevated relative to productivity growth. Overall, the economy continues to be in excess supply. GDP growth is forecast to strengthen gradually over the projection horizon, supported by lower interest rates. This forecast largely reflects the net effect of a gradual pick up in consumer spending per person and slower population growth. Residential investment growth is also projected to rise as strong demand for housing lifts sales and spending on renovations. Business investment is expected to strengthen as demand picks up, and exports should remain strong, supported by robust demand from the United States. Overall, the Bank forecasts GDP growth of 1.2% in 2024, 2.1% in 2025, and 2.3% in 2026. As the economy strengthens, excess supply is gradually absorbed. CPI inflation has declined significantly from 2.7% in June to 1.6% in September. Inflation in shelter costs remains elevated but has begun to ease. Excess supply elsewhere in the economy has reduced inflation in the prices of many goods and services. The drop in global oil prices has led to lower gasoline prices. These factors have all combined to bring inflation down. The Bank’s preferred measures of core inflation are now below 2½%. With inflationary pressures no longer broad-based, business and consumer inflation expectations have largely normalized. The Bank expects inflation to remain close to the target over the projection horizon, with the upward and downward pressures on inflation roughly balancing out. The upward pressure from shelter and other services gradually diminishes, and the downward pressure on inflation recedes as excess supply in the economy is absorbed. With inflation now back around the 2% target, Governing Council decided to reduce the policy rate by 50 basis points to support economic growth and keep inflation close to the middle of the 1% to 3% range. If the economy evolves broadly in line with our latest forecast, we expect to reduce the policy rate further. However, the timing and pace of further reductions in the policy rate will be guided by incoming information and our assessment of its implications for the inflation outlook. We will take decisions one meeting at a time. The Bank is committed to maintaining price stability for Canadians by keeping inflation close to the 2% target. Information note The next scheduled date for announcing the overnight rate target is December 11, 2024. The Bank will publish its next full outlook for the economy and inflation, including risks to the projection, in the MPR on January 29, 2025.",-25.0
2024-12-11,https://www.bankofcanada.ca/2024/12/fad-press-release-2024-12-11/,Bank of Canada reduces policy rate by 50 basis points to 3¼%,3.75,619,31,3845,"The Bank of Canada today reduced its target for the overnight rate to 3¼%, with the Bank Rate at 3½% and the deposit rate at 3¼%. The Bank is continuing its policy of balance sheet normalization. The global economy is evolving largely as expected in the Bank’s October Monetary Policy Report (MPR). In the United States, the economy continues to show broad-based strength, with robust consumption and a solid labour market. US inflation has been holding steady, with some price pressures persisting. In the euro area, recent indicators point to weaker growth. In China, recent policy actions combined with strong exports are supporting growth, but household spending remains subdued. Global financial conditions have eased and the Canadian dollar has depreciated in the face of broad-based strength in the US dollar. In Canada, the economy grew by 1% in the third quarter, somewhat below the Bank’s October projection, and the fourth quarter also looks weaker than projected. Third-quarter GDP growth was pulled down by business investment, inventories and exports. In contrast, consumer spending and housing activity both picked up, suggesting lower interest rates are beginning to boost household spending. Historical revisions to the National Accounts have increased the level of GDP over the past three years, largely reflecting higher investment and consumption. The unemployment rate rose to 6.8% in November as employment continued to grow more slowly than the labour force. Wage growth showed some signs of easing, but remains elevated relative to productivity. A number of policy measures have been announced that will affect the outlook for near-term growth and inflation in Canada. Reductions in targeted immigration levels suggest GDP growth next year will be below the Bank’s October forecast. The effects on inflation will likely be more muted, given that lower immigration dampens both demand and supply. Other federal and provincial policies—including a temporary suspension of the GST on some consumer products, one-time payments to individuals, and changes to mortgage rules—will affect the dynamics of demand and inflation. The Bank will look through effects that are temporary and focus on underlying trends to guide its policy decisions. In addition, the possibility the incoming US administration will impose new tariffs on Canadian exports to the United States has increased uncertainty and clouded the economic outlook. CPI inflation has been about 2% since the summer, and is expected to average close to the 2% target over the next couple of years. Since October, the upward pressure on inflation from shelter and the downward pressure from goods prices have both moderated as expected. Looking ahead, the GST holiday will temporarily lower inflation but that will be unwound once the GST break ends. Measures of core inflation will help us assess the trend in CPI inflation. With inflation around 2%, the economy in excess supply, and recent indicators tilted towards softer growth than projected, Governing Council decided to reduce the policy rate by a further 50 basis points to support growth and keep inflation close to the middle of the 1-3% target range. Governing Council has reduced the policy rate substantially since June. Going forward, we will be evaluating the need for further reductions in the policy rate one decision at a time. Our decisions will be guided by incoming information and our assessment of the implications for the inflation outlook. The Bank is committed to maintaining price stability for Canadians by keeping inflation close to the 2% target. Information note The next scheduled date for announcing the overnight rate target is January 29, 2025. The Bank will publish its next full outlook for the economy and inflation, including risks to the projection, in the MPR at the same time.",-50.0
2025-01-29,https://www.bankofcanada.ca/2025/01/fad-press-release-2025-01-29/,"Bank of Canada reduces policy rate by 25 basis points to 3%, announces end of quantitative tightening",3.25,1416,70,8817,"The Bank of Canada today reduced its target for the overnight rate to 3%, with the Bank Rate at 3.25% and the deposit rate at 2.95%. 1 The Bank is also announcing its plan to complete the normalization of its balance sheet, ending quantitative tightening. The Bank will restart asset purchases in early March, beginning gradually so that its balance sheet stabilizes and then grows modestly, in line with growth in the economy. 2 Projections in the January Monetary Policy Report (MPR) published today are subject to more-than-usual uncertainty because of the rapidly evolving policy landscape, particularly the threat of trade tariffs by the new administration in the United States. Since the scope and duration of a possible trade conflict are impossible to predict, this MPR provides a baseline forecast in the absence of new tariffs. In the MPR projection, the global economy is expected to continue growing by about 3% over the next two years. Growth in the United States has been revised up, mainly due to stronger consumption. Growth in the euro area is likely to be subdued as the region copes with competitiveness pressures. In China, recent policy actions are boosting demand and supporting near-term growth, although structural challenges remain. Since October, financial conditions have diverged across countries. US bond yields have risen, supported by strong growth and more persistent inflation. In contrast, yields in Canada are down slightly. The Canadian dollar has depreciated materially against the US dollar, largely reflecting trade uncertainty and broader strength in the US currency. Oil prices have been volatile and in recent weeks have been about $5 higher than was assumed in the October MPR. In Canada, past cuts to interest rates have started to boost the economy. The recent strengthening in both consumption and housing activity is expected to continue. However, business investment remains weak. The outlook for exports is being supported by new export capacity for oil and gas. Canada’s labour market remains soft, with the unemployment rate at 6.7% in December. Job growth has strengthened in recent months, after lagging growth in the labour force for more than a year. Wage pressures, which have proven sticky, are showing some signs of easing. The Bank forecasts GDP growth will strengthen in 2025. However, with slower population growth because of reduced immigration targets, both GDP and potential growth will be more moderate than was expected in October. Following growth of 1.3% in 2024, the Bank now projects GDP will grow by 1.8% in both 2025 and 2026, somewhat higher than potential growth. As a result, excess supply in the economy is gradually absorbed over the projection horizon. CPI inflation remains close to 2%, with some volatility due to the temporary suspension of the GST/HST on some consumer products. Shelter price inflation is still elevated but it is easing gradually, as expected. A broad range of indicators, including surveys of inflation expectations and the distribution of price changes among components of the CPI, suggests that underlying inflation is close to 2%. The Bank forecasts CPI inflation will be around the 2% target over the next two years. Setting aside threatened US tariffs, the upside and downside risks around the outlook are reasonably balanced. However, as discussed in the MPR, a protracted trade conflict would most likely lead to weaker GDP and higher prices in Canada. With inflation around 2% and the economy in excess supply, Governing Council decided to reduce the policy rate a further 25 basis points to 3%. The cumulative reduction in the policy rate since last June is substantial. Lower interest rates are boosting household spending and, in the outlook published today, the economy is expected to strengthen gradually and inflation to stay close to target. However, if broad-based and significant tariffs were imposed, the resilience of Canada’s economy would be tested. We will be following developments closely and assessing the implications for economic activity, inflation and monetary policy in Canada. The Bank is committed to maintaining price stability for Canadians. Information note The next scheduled date for announcing the overnight rate target is March 12, 2025. The Bank will publish its next full outlook for the economy and inflation, including risks to the projection, in the MPR on April 16, 2025. Footnotes 1. Effective January 30, the deposit rate will be set at 5 basis points below the Bank’s policy interest rate to improve the effectiveness of monetary policy implementation. For more details, see the market notice published simultaneously with this press release.[ ← ] 2. A market notice published simultaneously with this press release provides operational details.[ ← ] Bank of Canada announces an adjustment to the deposit rate and some changes to terms and conditions for Overnight Reverse Repo Operations January 29, 2025 The Bank announced it is making an adjustment to the deposit rate. Effective January 30, the deposit rate will be set at a spread of 5bps below the Bank’s policy interest rate. This change to the monetary policy implementation framework is being made to improve its effectiveness. The intent of this change is to improve the circulation of settlement balances as they decline towards steady state levels over the coming months and support the functioning of short-term funding markets. Adjusting the deposit rate should also help mitigate some of the upward pressure that has been seen on the overnight rate relative to the Bank’s target rate in recent months and help reinforce the effect of the Bank’s Overnight Repo (OR) operations. Occasional adjustments to the deposit rate spread may be required in the course of normal operations. These spread adjustments would be considered, among other factors, following a period of sustained and persistent upward, or downward pressure, on CORRA and would be communicated via a market notice. We will assess the impact of this change as the balance sheet continues to evolve and evaluate the need for any additional adjustments to our implementation framework. In addition, the Bank is realigning its framework for Overnight Reverse Repo (ORR) operations with that of OR operations. Effective January 30, when they are required, ORR operations will be conducted through a uniform price auction with an aggregate cash value amount offered in each operation of a minimum of $8 billion and individual dealer limits for each ORR of $3 billion. The terms and conditions of ORR operations have been updated to reflect this change and provide further operational details. Director Financial Markets Department Director Financial Markets Department Bank of Canada provides operational details for restarting asset purchases to end quantitative tightening January 29, 2025 Today, the Bank of Canada is announcing its plan to complete its balance sheet normalization, ending quantitative tightening. Beginning in early March, the Bank will begin purchasing assets as part of normal balance sheet management. Purchases are intended to replace maturing assets, to offset the growth of currency notes in circulation and to stabilize settlement balances within a range over the course of the year. Asset purchases will begin with the restart of the regular term repo program, followed by Government of Canada (GoC) treasury bill purchases to restore a more balanced mix of assets on the Bank’s balance sheet. As such, the Bank will restart its term repo program effective March 5, 2025 and operations will be conducted every two weeks. Terms will alternate between 1-month operations and 1- and 3-months operations depending on the week. Initially, term repo operations will range between $2bln and $5bln. The sizes will increase over time as the Bank’s needs for additional assets grow. Final operational details, including the size and specific maturity date of the term repos, will be published one week prior to the operation date. See the updated terms and conditions for additional information. Treasury bill purchases will resume later this year and be conducted via GoC auctions. Purchase amounts will be announced via the regular call for tender process. The timing for the resumption of treasury bill purchases will ultimately depend on the evolution of the Bank’s balance sheet, including take-up of the term repo program. Purchases of GoC bonds will likely not need to start until towards the end of 2026 at the earliest based on current projections for the Bank’s future asset needs. When they begin, they will be conducted in the secondary market . A subsequent market notice containing operational details will be published well in advance. Director Financial Markets Department Director Financial Markets Department",-50.0
2025-03-12,https://www.bankofcanada.ca/2025/03/fad-press-release-2025-03-12/,Bank of Canada reduces policy rate by 25 basis points to 2¾%,3.0,619,35,3796,"The Bank of Canada today reduced its target for the overnight rate to 2.75%, with the Bank Rate at 3% and the deposit rate at 2.70%. The Canadian economy entered 2025 in a solid position, with inflation close to the 2% target and robust GDP growth. However, heightened trade tensions and tariffs imposed by the United States will likely slow the pace of economic activity and increase inflationary pressures in Canada. The economic outlook continues to be subject to more-than-usual uncertainty because of the rapidly evolving policy landscape. After a period of solid growth, the US economy looks to have slowed in recent months. US inflation remains slightly above target. Economic growth in the euro zone was modest in late 2024. China’s economy has posted strong gains, supported by government policies. Equity prices have fallen and bond yields have eased on market expectations of weaker North American growth. Oil prices have been volatile and are trading below the assumptions in the Bank’s January Monetary Policy Report (MPR). The Canadian dollar is broadly unchanged against the US dollar but weaker against other currencies. Canada’s economy grew by 2.6% in the fourth quarter of 2024 following upwardly revised growth of 2.2% in the third quarter. This growth path is stronger than was expected at the time of the January MPR. Past cuts to interest rates have boosted economic activity, particularly consumption and housing. However, economic growth in the first quarter of 2025 will likely slow as the intensifying trade conflict weighs on sentiment and activity. Recent surveys suggest a sharp drop in consumer confidence and a slowdown in business spending as companies postpone or cancel investments. The negative impact of slowing domestic demand has been partially offset by a surge in exports in advance of tariffs being imposed. Employment growth strengthened in November through January and the unemployment rate declined to 6.6%. In February, job growth stalled. While past interest rate cuts have boosted demand for labour in recent months, there are warning signs that heightened trade tensions could disrupt the recovery in the jobs market. Meanwhile, wage growth has shown signs of moderation. Inflation remains close to the 2% target. The temporary suspension of the GST/HST lowered some consumer prices, but January’s CPI was slightly firmer than expected at 1.9%. Inflation is expected to increase to about 2½% in March with the end of the tax break. The Bank’s preferred measures of core inflation remain above 2%, mainly because of the persistence of shelter price inflation. Short-term inflation expectations have risen in light of fears about the impact of tariffs on prices. While economic growth has come in stronger than expected, the pervasive uncertainty created by continuously changing US tariff threats is restraining consumers’ spending intentions and businesses’ plans to hire and invest. Against this background, and with inflation close to the 2% target, Governing Council decided to reduce the policy rate by a further 25 basis points. Monetary policy cannot offset the impacts of a trade war. What it can and must do is ensure that higher prices do not lead to ongoing inflation. Governing Council will be carefully assessing the timing and strength of both the downward pressures on inflation from a weaker economy and the upward pressures on inflation from higher costs. The Council will also be closely monitoring inflation expectations. The Bank is committed to maintaining price stability for Canadians. Information note The next scheduled date for announcing the overnight rate target is April 16, 2025. The Bank will publish its next full outlook for the economy and inflation, including risks to the projection, in the MPR at the same time.",-25.0
2025-04-16,https://www.bankofcanada.ca/2025/04/fad-press-release-2025-04-16/,Bank of Canada holds policy rate at 2¾%,2.75,699,40,4446,"The Bank of Canada today maintained its target for the overnight rate at 2.75%, with the Bank Rate at 3% and the deposit rate at 2.70%. The major shift in direction of US trade policy and the unpredictability of tariffs have increased uncertainty, diminished prospects for economic growth, and raised inflation expectations. Pervasive uncertainty makes it unusually challenging to project GDP growth and inflation in Canada and globally. Instead, the April Monetary Policy Report (MPR) presents two scenarios that explore different paths for US trade policy. In the first scenario, uncertainty is high but tariffs are limited in scope. Canadian growth weakens temporarily and inflation remains around the 2% target. In the second scenario, a protracted trade war causes Canada’s economy to fall into recession this year and inflation rises temporarily above 3% next year. Many other trade policy scenarios are possible. There is also an unusual degree of uncertainty about the economic outcomes within any scenario, since the magnitude and speed of the shift in US trade policy are unprecedented. Global economic growth was solid in late 2024 and inflation has been easing towards central bank targets. However, tariffs and uncertainty have weakened the outlook. In the United States, the economy is showing signs of slowing amid rising policy uncertainty and rapidly deteriorating sentiment, while inflation expectations have risen. In the euro area, growth has been modest in early 2025, with continued weakness in the manufacturing sector. China’s economy was strong at the end of 2024 but more recent data shows it slowing modestly. Financial markets have been roiled by serial tariff announcements, postponements and continued threats of escalation. This extreme market volatility is adding to uncertainty. Oil prices have declined substantially since January, mainly reflecting weaker prospects for global growth. Canada’s exchange rate has recently appreciated as a result of broad US dollar weakness. In Canada, the economy is slowing as tariff announcements and uncertainty pull down consumer and business confidence. Consumption, residential investment and business spending all look to have weakened in the first quarter. Trade tensions are also disrupting recovery in the labour market. Employment declined in March and businesses are reporting plans to slow their hiring. Wage growth continues to show signs of moderation. Inflation was 2.3% in March, lower than in February but still higher than 1.8% at the time of the January MPR. The higher inflation in the last couple of months reflects some rebound in goods price inflation and the end of the temporary suspension of the GST/HST. Starting in April, CPI inflation will be pulled down for one year by the removal of the consumer carbon tax. Lower global oil prices will also dampen inflation in the near term. However, we expect tariffs and supply chain disruptions to push up some prices. How much upward pressure this puts on inflation will depend on the evolution of tariffs and how quickly businesses pass on higher costs to consumers. Short-term inflation expectations have moved up, as businesses and consumers anticipate higher costs from trade conflict and supply disruptions. Longer term inflation expectations are little changed. Governing Council will continue to assess the timing and strength of both the downward pressures on inflation from a weaker economy and the upward pressures on inflation from higher costs. Our focus will be on ensuring that Canadians continue to have confidence in price stability through this period of global upheaval. This means we will support economic growth while ensuring that inflation remains well controlled. Governing Council will proceed carefully, with particular attention to the risks and uncertainties facing the Canadian economy. These include: the extent to which higher tariffs reduce demand for Canadian exports; how much this spills over into business investment, employment and household spending; how much and how quickly cost increases are passed on to consumer prices; and how inflation expectations evolve. Monetary policy cannot resolve trade uncertainty or offset the impacts of a trade war. What it can and must do is maintain price stability for Canadians. Information note The next scheduled date for announcing the overnight rate target is June 4, 2025. The Bank will publish its next MPR on July 30, 2025.",-25.0
2025-06-04,https://www.bankofcanada.ca/2025/06/fad-press-release-2025-06-04/,Bank of Canada holds policy rate at 2¾%,2.75,676,34,4234,"The Bank of Canada today maintained its target for the overnight rate at 2.75%, with the Bank Rate at 3% and the deposit rate at 2.70%. Since the April Monetary Policy Report , the US administration has continued to increase and decrease various tariffs. China and the United States have stepped back from extremely high tariffs and bilateral trade negotiations have begun with a number of countries. However, the outcomes of these negotiations are highly uncertain, tariff rates are well above their levels at the beginning of 2025, and new trade actions are still being threatened. Uncertainty remains high. While the global economy has shown resilience in recent months, this partly reflects a temporary surge in activity to get ahead of tariffs. In the United States, domestic demand remained relatively strong but higher imports pulled down first-quarter GDP. US inflation has ticked down but remains above 2%, with the price effects of tariffs still to come. In Europe, economic growth has been supported by exports, while defence spending is set to increase. China’s economy has slowed as the effects of past fiscal support fade. More recently, high tariffs have begun to curtail Chinese exports to the US. Since the financial market turmoil in April, risk assets have largely recovered and volatility has diminished, although markets remain sensitive to US policy announcements. Oil prices have fluctuated but remain close to their levels at the time of the April MPR. In Canada, economic growth in the first quarter came in at 2.2%, slightly stronger than the Bank had forecast, while the composition of GDP growth was largely as expected. The pull-forward of exports to the United States and inventory accumulation boosted activity, with final domestic demand roughly flat. Strong spending on machinery and equipment held up growth in business investment by more than expected. Consumption slowed from its very strong fourth-quarter pace, but continued to grow despite a large drop in consumer confidence. Housing activity was down, driven by a sharp contraction in resales. Government spending also declined. The labour market has weakened, particularly in trade-intensive sectors, and unemployment has risen to 6.9%. The economy is expected to be considerably weaker in the second quarter, with the strength in exports and inventories reversing and final domestic demand remaining subdued. CPI inflation eased to 1.7% in April, as the elimination of the federal consumer carbon tax reduced inflation by 0.6 percentage points. Excluding taxes, inflation rose 2.3% in April, slightly stronger than the Bank had expected. The Bank’s preferred measures of core inflation, as well as other measures of underlying inflation, moved up. Recent surveys indicate that households continue to expect that tariffs will raise prices and many businesses say they intend to pass on the costs of higher tariffs. The Bank will be watching all these indicators closely to gauge how inflationary pressures are evolving. With uncertainty about US tariffs still high, the Canadian economy softer but not sharply weaker, and some unexpected firmness in recent inflation data, Governing Council decided to hold the policy rate as we gain more information on US trade policy and its impacts. We will continue to assess the timing and strength of both the downward pressures on inflation from a weaker economy and the upward pressures on inflation from higher costs. Governing Council is proceeding carefully, with particular attention to the risks and uncertainties facing the Canadian economy. These include: the extent to which higher US tariffs reduce demand for Canadian exports; how much this spills over into business investment, employment and household spending; how much and how quickly cost increases are passed on to consumer prices; and how inflation expectations evolve. We are focused on ensuring that Canadians continue to have confidence in price stability through this period of global upheaval. We will support economic growth while ensuring inflation remains well controlled. Information note The next scheduled date for announcing the overnight rate target is July 30, 2025. The Bank will publish its next MPR at the same time.",0.0
2025-07-30,https://www.bankofcanada.ca/2025/07/fad-press-release-2025-07-30/,Bank of Canada holds policy rate at 2¾%,2.75,871,42,5325,"The Bank of Canada today maintained its target for the overnight rate at 2.75%, with the Bank Rate at 3% and the deposit rate at 2.70%. While some elements of US trade policy have started to become more concrete in recent weeks, trade negotiations are fluid, threats of new sectoral tariffs continue, and US trade actions remain unpredictable. Against this backdrop, the July Monetary Policy Report (MPR) does not present conventional base case projections for GDP growth and inflation in Canada and globally. Instead, it presents a current tariff scenario based on tariffs in place or agreed as of July 27, and two alternative scenarios—one with an escalation and another with a de-escalation of tariffs. While US tariffs have created volatility in global trade, the global economy has been reasonably resilient. In the United States, the pace of growth moderated in the first half of 2025, but the labour market has remained solid. US CPI inflation ticked up in June with some evidence that tariffs are starting to be passed on to consumer prices. The euro area economy grew modestly in the first half of the year. In China, the decline in exports to the United States has been largely offset by an increase in exports to the rest of the world. Global oil prices are close to their levels in April despite some volatility. Global equity markets have risen, and corporate credit spreads have narrowed. Longer-term government bond yields have moved up. Canada’s exchange rate has appreciated against a broadly weaker US dollar. The current tariff scenario has global growth slowing modestly to around 2½% by the end of 2025 before returning to around 3% over 2026 and 2027. In Canada, US tariffs are disrupting trade but overall, the economy is showing some resilience so far. After robust growth in the first quarter of 2025 due to a pull-forward in exports to get ahead of tariffs, GDP likely declined by about 1.5% in the second quarter. This contraction is mostly due to a sharp reversal in exports following the pull-forward, as well as lower US demand for Canadian goods due to tariffs. Growth in business and household spending is being restrained by uncertainty. Labour market conditions have weakened in sectors affected by trade, but employment has held up in other parts of the economy. The unemployment rate has moved up gradually since the beginning of the year to 6.9% in June and wage growth has continued to ease. A number of economic indicators suggest excess supply in the economy has increased since January. In the current tariff scenario , after contracting in the second quarter, GDP growth picks up to about 1% in the second half of this year as exports stabilize and household spending increases gradually. In this scenario, economic slack persists in 2026 and diminishes as growth picks up to close to 2% in 2027. In the de-escalation scenario , economic growth rebounds faster, while in the escalation scenario , the economy contracts through the rest of this year. CPI inflation was 1.9% in June, up slightly from the previous month. Excluding taxes, inflation rose to 2.5% in June, up from around 2% in the second half of last year. This largely reflects an increase in non-energy goods prices. High shelter price inflation remains the main contributor to overall inflation, but it continues to ease. Based on a range of indicators, underlying inflation is assessed to be around 2½%. In the current tariff scenario , total inflation stays close to 2% over the scenario horizon as the upward and downward pressures on inflation roughly offset. There are risks around this inflation scenario. As the alternative scenarios illustrate, lower tariffs would reduce the direct upward pressure on inflation and higher tariffs would increase it. In addition, many businesses are reporting costs related to sourcing new suppliers and developing new markets. These costs could add upward pressure to consumer prices. With still high uncertainty, the Canadian economy showing some resilience, and ongoing pressures on underlying inflation, Governing Council decided to hold the policy interest rate unchanged. We will continue to assess the timing and strength of both the downward pressures on inflation from a weaker economy and the upward pressures on inflation from higher costs related to tariffs and the reconfiguration of trade. If a weakening economy puts further downward pressure on inflation and the upward price pressures from the trade disruptions are contained, there may be a need for a reduction in the policy interest rate. Governing Council is proceeding carefully, with particular attention to the risks and uncertainties facing the Canadian economy. These include: the extent to which higher US tariffs reduce demand for Canadian exports; how much this spills over into business investment, employment and household spending; how much and how quickly cost increases from tariffs and trade disruptions are passed on to consumer prices; and how inflation expectations evolve. We are focused on ensuring that Canadians continue to have confidence in price stability through this period of global upheaval. We will support economic growth while ensuring inflation remains well controlled. Information note The next scheduled date for announcing the overnight rate target is September 17, 2025.",0.0
2025-09-17,https://www.bankofcanada.ca/2025/09/fad-press-release-2025-09-17/,Bank of Canada lowers policy rate to 2½%,2.75,595,30,3640,"The Bank of Canada today reduced its target for the overnight rate by 25 basis points to 2.5%, with the Bank Rate at 2.75% and the deposit rate at 2.45%. After remaining resilient to sharply higher US tariffs and ongoing uncertainty, global economic growth is showing signs of slowing. In the United States, business investment has been strong but consumers are cautious and employment gains have slowed. US inflation has picked up in recent months as businesses appear to be passing on some tariff costs to consumer prices. Growth in the euro area has moderated as US tariffs affect trade. China’s economy held up in the first half of the year but growth appears to be softening as investment weakens. Global oil prices are close to their levels assumed in the July Monetary Policy Report (MPR). Financial conditions have eased further, with higher equity prices and lower bond yields. Canada’s exchange rate has been stable relative to the US dollar. Canada’s GDP declined by about 1½% in the second quarter, as expected, with tariffs and trade uncertainty weighing heavily on economic activity. Exports fell by 27% in the second quarter, a sharp reversal from first-quarter gains when companies were rushing orders to get ahead of tariffs. Business investment also declined in the second quarter. Consumption and housing activity both grew at a healthy pace. In the months ahead, slow population growth and the weakness in the labour market will likely weigh on household spending. Employment has declined in the past two months since the Bank’s July MPR was published. Job losses have largely been concentrated in trade-sensitive sectors, while employment growth in the rest of the economy has slowed, reflecting weak hiring intentions. The unemployment rate has moved up since March, hitting 7.1% in August, and wage growth has continued to ease. CPI inflation was 1.9% in August, the same as at the time of the July MPR. Excluding taxes, inflation was 2.4%. Preferred measures of core inflation have been around 3% in recent months, but on a monthly basis the upward momentum seen earlier this year has dissipated. A broader range of indicators, including alternative measures of core inflation and the distribution of price changes across CPI components, continue to suggest underlying inflation is running around 2½%. The federal government’s recent decision to remove most retaliatory tariffs on imported goods from the US will mean less upward pressure on the prices of these goods going forward. With a weaker economy and less upside risk to inflation, Governing Council judged that a reduction in the policy rate was appropriate to better balance the risks. Looking ahead, the disruptive effects of shifts in trade will continue to add costs even as they weigh on economic activity. Governing Council is proceeding carefully, with particular attention to the risks and uncertainties. Governing Council will be assessing how exports evolve in the face of US tariffs and changing trade relationships; how much this spills over into business investment, employment, and household spending; how the cost effects of trade disruptions and reconfigured supply chains are passed on to consumer prices; and how inflation expectations evolve. The Bank is focused on ensuring that Canadians continue to have confidence in price stability through this period of global upheaval. We will support economic growth while ensuring inflation remains well controlled. Information note The next scheduled date for announcing the overnight rate target is October 29, 2025. The Bank’s October Monetary Policy Report will be released at the same time.",0.0
2025-10-29,https://www.bankofcanada.ca/2025/10/fad-press-release-2025-10-29/,Bank of Canada lowers policy rate to 2¼%,2.5,715,40,4332,"The Bank of Canada today reduced its target for the overnight rate by 25 basis points to 2.25%, with the Bank Rate at 2.5% and the deposit rate at 2.20%. With the effects of US trade actions on economic growth and inflation somewhat clearer, the Bank has returned to its usual practice of providing a projection for the global and Canadian economies in this Monetary Policy Report (MPR). Because US trade policy remains unpredictable and uncertainty is still higher than normal, this projection is subject to a wider-than-usual range of risks. While the global economy has been resilient to the historic rise in US tariffs, the impact is becoming more evident. Trade relationships are being reconfigured and ongoing trade tensions are dampening investment in many countries. In the MPR projection, the global economy slows from about 3¼% in 2025 to about 3% in 2026 and 2027. In the United States, economic activity has been strong, supported by the boom in AI investment. At the same time, employment growth has slowed and tariffs have started to push up consumer prices. Growth in the euro area is decelerating due to weaker exports and slowing domestic demand. In China, lower exports to the United States have been offset by higher exports to other countries, but business investment has weakened. Global financial conditions have eased further since July and oil prices have been fairly stable. The Canadian dollar has depreciated slightly against the US dollar. Canada’s economy contracted by 1.6% in the second quarter, reflecting a drop in exports and weak business investment amid heightened uncertainty. Meanwhile, household spending grew at a healthy pace. US trade actions and related uncertainty are having severe effects on targeted sectors including autos, steel, aluminum, and lumber. As a result, GDP growth is expected to be weak in the second half of the year. Growth will get some support from rising consumer and government spending and residential investment, and then pick up gradually as exports and business investment begin to recover. Canada’s labour market remains soft. Employment gains in September followed two months of sizeable losses. Job losses continue to build in trade-sensitive sectors and hiring has been weak across the economy. The unemployment rate remained at 7.1% in September and wage growth has slowed. Slower population growth means fewer new jobs are needed to keep the employment rate steady. The Bank projects GDP will grow by 1.2% in 2025, 1.1% in 2026 and 1.6% in 2027. On a quarterly basis, growth strengthens in 2026 after a weak second half of this year. Excess capacity in the economy is expected to persist and be taken up gradually. CPI inflation was 2.4% in September, slightly higher than the Bank had anticipated. Inflation excluding taxes was 2.9%. The Bank’s preferred measures of core inflation have been sticky around 3%. Expanding the range of indicators to include alternative measures of core inflation and the distribution of price changes among CPI components suggests underlying inflation remains around 2½%. The Bank expects inflationary pressures to ease in the months ahead and CPI inflation to remain near 2% over the projection horizon. With ongoing weakness in the economy and inflation expected to remain close to the 2% target, Governing Council decided to cut the policy rate by 25 basis points. If inflation and economic activity evolve broadly in line with the October projection, Governing Council sees the current policy rate at about the right level to keep inflation close to 2% while helping the economy through this period of structural adjustment. If the outlook changes, we are prepared to respond. Governing Council will be assessing incoming data carefully relative to the Bank’s forecast. The Canadian economy faces a difficult transition. The structural damage caused by the trade conflict reduces the capacity of the economy and adds costs. This limits the role that monetary policy can play to boost demand while maintaining low inflation. The Bank is focused on ensuring that Canadians continue to have confidence in price stability through this period of global upheaval. Information note The next scheduled date for announcing the overnight rate target is December 10, 2025. The Bank’s next MPR will be released on January 28, 2026.",-25.0
2025-12-10,https://www.bankofcanada.ca/2025/12/fad-press-release-2025-12-10/,Bank of Canada maintains policy rate at 2¼%,2.25,490,26,2943,"The Bank of Canada today held its target for the overnight rate at 2.25%, with the Bank Rate at 2.5% and the deposit rate at 2.20%. Major economies around the world continue to show resilience to US trade protectionism, but uncertainty is still high. In the United States, economic growth is being supported by strong consumption and a surge in AI investment. The US government shutdown caused volatility in quarterly growth and delayed the release of some key economic data. Tariffs are causing some upward pressure on US inflation. In the euro area, economic growth has been stronger than expected, with the services sector showing particular resilience. In China, soft domestic demand, including more weakness in the housing market, is weighing on growth. Global financial conditions, oil prices, and the Canadian dollar are all roughly unchanged since the Bank’s October Monetary Policy Report (MPR). Canada’s economy grew by a surprisingly strong 2.6% in the third quarter, even as final domestic demand was flat. The increase in GDP largely reflected volatility in trade. The Bank expects final domestic demand will grow in the fourth quarter, but with an anticipated decline in net exports, GDP will likely be weak. Growth is forecast to pick up in 2026, although uncertainty remains high and large swings in trade may continue to cause quarterly volatility. Canada’s labour market is showing some signs of improvement. Employment has shown solid gains in the past three months and the unemployment rate declined to 6.5% in November. Nevertheless, job markets in trade-sensitive sectors remain weak and economy-wide hiring intentions continue to be subdued. CPI inflation slowed to 2.2% in October, as gasoline prices fell and food prices rose more slowly. CPI inflation has been close to the 2% target for more than a year, while measures of core inflation remain in the range of 2½% to 3%. The Bank assesses that underlying inflation is still around 2½%. In the near term, CPI inflation is likely to be higher due to the effects of last year’s GST/HST holiday on the prices of some goods and services. Looking through this choppiness, the Bank expects ongoing economic slack to roughly offset cost pressures associated with the reconfiguration of trade, keeping CPI inflation close to the 2% target. If inflation and economic activity evolve broadly in line with the October projection, Governing Council sees the current policy rate at about the right level to keep inflation close to 2% while helping the economy through this period of structural adjustment. Uncertainty remains elevated. If the outlook changes, we are prepared to respond. The Bank is focused on ensuring that Canadians continue to have confidence in price stability through this period of global upheaval. Information note The next scheduled date for announcing the overnight rate target is January 28, 2026. The Bank’s next MPR will be released at the same time.",-25.0
2026-01-28,https://www.bankofcanada.ca/2026/01/fad-press-release-2026-01-28/,Bank of Canada maintains policy rate at 2¼%,2.25,551,31,3366,"The Bank of Canada today held its target for the overnight rate at 2.25%, with the Bank Rate at 2.5% and the deposit rate at 2.20%. The outlook for the global and Canadian economies is little changed relative to the projection in the October Monetary Policy Report (MPR). However, the outlook is vulnerable to unpredictable US trade policies and geopolitical risks. Economic growth in the United States continues to outpace expectations and is projected to remain solid, driven by AI-related investment and consumer spending. Tariffs are pushing up US inflation, although their effect is expected to fade gradually later this year. In the euro area, growth has been supported by activity in service sectors and will get additional support from fiscal policy. China’s GDP growth is expected to slow gradually, as weakening domestic demand offsets strength in exports. Overall, the Bank expects global growth to average about 3% over the projection horizon. Global financial conditions have remained accommodative overall. Recent weakness in the US dollar has pushed the Canadian dollar above 72 cents, roughly where it had been since the October MPR. Oil prices have been fluctuating in response to geopolitical events and, going forward, are assumed to be slightly below the levels in the October report. US trade restrictions and uncertainty continue to disrupt growth in Canada. After a strong third quarter, GDP growth in the fourth quarter likely stalled. Exports continue to be buffeted by US tariffs, while domestic demand appears to be picking up. Employment has risen in recent months. Still, the unemployment rate remains elevated at 6.8% and relatively few businesses say they plan to hire more workers. Economic growth is projected to be modest in the near term as population growth slows and Canada adjusts to US protectionism. In the projection, consumer spending holds up and business investment strengthens gradually, with fiscal policy providing some support. The Bank projects growth of 1.1% in 2026 and 1.5% in 2027, broadly in line with the October projection. A key source of uncertainty is the upcoming review of the Canada-US-Mexico Agreement. CPI inflation picked up in December to 2.4%, boosted by base-year effects linked to last winter’s GST/HST holiday. Excluding the effect of changes in taxes, inflation has been slowing since September. The Bank’s preferred measures of core inflation have eased from 3% in October to around 2½% in December. Inflation was 2.1% in 2025 and the Bank expects inflation to stay close to the 2% target over the projection period, with trade-related cost pressures offset by excess supply. Monetary policy is focused on keeping inflation close to the 2% target while helping the economy through this period of structural adjustment. Governing Council judges the current policy rate remains appropriate, conditional on the economy evolving broadly in line with the outlook we published today. However, uncertainty is heightened and we are monitoring risks closely. If the outlook changes, we are prepared to respond. The Bank is committed to ensuring that Canadians continue to have confidence in price stability through this period of global upheaval. Information note The next scheduled date for announcing the overnight rate target is March 18, 2026. The Bank’s next MPR will be released on April 29, 2026.",0.0
2026-03-18,https://www.bankofcanada.ca/2026/03/fad-press-release-2026-03-18/,Bank of Canada maintains policy rate at 2¼%,2.25,626,34,3729,"The Bank of Canada today held its target for the overnight rate at 2.25%, with the Bank Rate at 2.5% and the deposit rate at 2.20%. The war in the Middle East has increased volatility in global energy prices and financial markets, and heightened the risks to the global economy. The breadth and duration of the conflict, and hence its economic impacts, are highly uncertain. Prior to the war, the global economy was on pace to grow at around 3%, as expected in the January Monetary Policy Report (MPR). Economic growth in the United States has moderated but remains solid, driven by consumption and strong AI-related investment. US inflation remains above target and has evolved largely as expected. In the euro area, domestic demand is supporting growth while exports have contracted. China’s economy continues to be boosted by strength in exports, but domestic demand remains weak. Since the outbreak of the conflict in the Middle East, global oil and natural gas prices have risen sharply, and this will boost global inflation in the near-term. In addition to energy supply disruptions, transportation bottlenecks stemming from the effective closure of the Strait of Hormuz could impact the supply of other commodities, such as fertilizer. Financial conditions have tightened from accommodative levels. Global bond yields have risen, equity market prices have declined, and credit spreads have widened. The Canada-US dollar exchange rate has remained relatively stable. After expanding by 2.4% in the third quarter of last year, GDP in Canada contracted 0.6% in the fourth quarter. This was weaker than expected at the time of the January MPR, but mainly because of a larger-than-expected drawdown in inventories. Domestic demand grew by more than 2% due to strength in consumer and government spending, even as housing markets remained weak. We continue to expect the Canadian economy to grow modestly as it adjusts to US tariffs and trade policy uncertainty, but recent data suggest that near-term economic growth will be weaker than anticipated in January. The labour market remains soft. Employment gains in the fourth quarter of 2025 were largely reversed in the first two months of 2026, and the unemployment rate rose to 6.7% in February. Looking through the volatility, recent data also suggest ongoing weakness in exports. It’s too early to assess the impact of the conflict in the Middle East on growth in Canada. CPI inflation eased further to 1.8% in February, down from 2.3% in January. CPI inflation excluding changes in indirect taxes as well as core inflation measures have also come down and are all close to 2%. Food inflation slowed in February but remains elevated. The sharp increase in global energy prices has led to increases in gasoline prices, and this will push up total inflation in the coming months. Against this overall backdrop, Governing Council decided to maintain the policy rate at 2.25%. With recent data pointing to weaker economic activity and uncertainty elevated, risks to growth look tilted to the downside. At the same time, inflation risks have gone up due to higher energy prices. We will continue to assess the impact of US tariffs and trade policy uncertainty, and how the Canadian economy is adjusting. We are also monitoring the unfolding conflict in the Middle East closely and assessing its impact on growth and inflation. As the outlook evolves, we stand ready to respond as needed. The Bank is committed to ensuring that Canadians continue to have confidence in price stability through this period of global upheaval. Information note The next scheduled date for announcing the overnight rate target is April 29, 2026. The Bank’s next MPR will be released at the same time.",0.0
2026-04-29,https://www.bankofcanada.ca/2026/04/fad-press-release-2026-04-29/,Bank of Canada maintains policy rate at 2¼%,2.25,744,38,4525,"The Bank of Canada today held its target for the overnight rate at 2.25%, with the Bank Rate at 2.5% and the deposit rate at 2.20%. The evolving conflict in the Middle East is causing heightened volatility and US trade policy continues to reshape global trade patterns. Both are ongoing sources of uncertainty. The Bank’s April outlook assumes tariffs remain unchanged and the global benchmark price of oil declines to US$75 per barrel by mid 2027. The Iran war has led to sharply higher energy prices and transportation disruptions, diminishing growth prospects in oil-importing countries and boosting inflation worldwide. In the United States, growth is still expected to be solid over the projection horizon, boosted by AI-related investment and consumption growth. China’s economy is being supported by robust exports. In the euro area, higher prices for oil and natural gas will weigh on economic activity. Financial conditions have been volatile, reflecting daily developments in the Middle East and shifting market expectations for inflation and interest rates. Bond yields are modestly higher since January while equity markets, which weakened sharply at the outset of the war, have recovered. Since the start of the war, the US dollar has appreciated against most major currencies. The Canada-US exchange rate has been relatively stable. Overall, the global economy is expected to grow by about 3% in 2026, 2027 and 2028. Projections for inflation over the next year are revised up because of the jump in energy prices. The outlook for economic growth in Canada is little changed from the January Monetary Policy Report (MPR) projection. After a contraction in the fourth quarter of 2025, growth is forecast to have resumed in early 2026. Consumer and government spending are supporting economic activity, while tariffs and trade uncertainty are weighing on exports and business investment. Housing activity declined in the fourth quarter and is being held back by slow population growth, economic uncertainty and ongoing affordability issues. The labour market is soft, with subdued employment growth over the past year and job losses in sectors targeted by US tariffs. The unemployment rate remains in the 6½%‑7% range, reflecting both weak hiring and fewer job seekers. The Bank’s April forecast projects GDP growth of 1.2% in 2026, rising to 1.6% in 2027 and 1.7% in 2028 as growth in exports and business investment resumes along a lower trajectory. With GDP growing slightly above potential, the current excess supply in the economy is gradually absorbed. While the war in Iran may alter its composition, overall GDP growth is little changed in the updated forecast: Since Canada is a large net exporter of oil, higher oil prices increase national income even as consumers are squeezed by higher gasoline prices. CPI inflation climbed to 2.4% in March because of sharply higher gasoline prices. The March increase follows several months of slowing inflation data. Core inflation has been easing and held steady at just above 2% in the most recent inflation report. The proportion of components of the CPI basket rising above 3% has also declined in recent months. As expected, so far there is little evidence that oil prices have fed through more broadly to goods and services prices, but this warrants close attention in the months ahead. Near-term inflation expectations have moved up with higher gasoline prices and still-elevated food price inflation, but longer-term inflation expectations have remained anchored. CPI inflation will likely rise further in April to about 3%. Based on the assumption that oil prices will ease, inflation is forecast to come down to the 2% target early next year and remain around 2% over the projection horizon. Against this backdrop and taking into account the current projection, Governing Council decided to maintain the policy rate at 2.25%. We are closely monitoring the impact of the conflict in the Middle East and how the economy is responding to US tariffs and trade policy uncertainty. Governing Council is looking through the war’s immediate impact on inflation but will not let higher energy prices become persistent inflation. As the outlook evolves, we stand ready to respond as needed. The Bank is committed to maintaining Canadians’ confidence in price stability through this period of global upheaval. Information note The next scheduled date for announcing the overnight rate target is June 10, 2026. The Bank’s next MPR will be released on July 15, 2026.",0.0
