date,GoC_10Y,GoC_2Y,GoC_5Y,OvernightTarget,USDCAD
2001-01-02,5.28,5.11,5.19,,
2001-01-03,5.43,5.11,5.28,,
2001-01-04,5.39,4.99,5.2,,
2001-01-05,5.32,4.88,5.1,,
2001-01-08,5.35,4.89,5.12,,
2001-01-09,5.37,4.95,5.17,,
2001-01-10,5.41,5.0,5.21,,
2001-01-11,5.41,4.99,5.21,,
2001-01-12,5.45,5.04,5.24,,
2001-01-15,5.45,5.04,5.24,,
2001-01-16,5.45,5.07,5.27,,
2001-01-17,5.41,5.06,5.24,,
2001-01-18,5.39,4.99,5.19,,
2001-01-19,5.43,4.99,5.21,,
2001-01-22,5.46,5.04,5.25,,
2001-01-23,5.48,5.04,5.27,,
2001-01-24,5.51,5.08,5.3,,
2001-01-25,5.46,5.03,5.25,,
2001-01-26,5.46,5.01,5.24,,
2001-01-29,5.46,4.99,5.23,,
2001-01-30,5.45,4.95,5.21,,
2001-01-31,5.39,4.88,5.14,,
2001-02-01,5.37,4.87,5.13,,
2001-02-02,5.43,4.96,5.21,,
2001-02-05,5.41,4.96,5.2,,
2001-02-06,5.41,4.95,5.2,,
2001-02-07,5.41,4.94,5.19,,
2001-02-08,5.39,4.95,5.18,,
2001-02-09,5.37,4.92,5.15,,
2001-02-12,5.38,4.94,5.17,,
2001-02-13,5.42,4.99,5.21,,
2001-02-14,5.48,5.07,5.29,,
2001-02-15,5.52,5.05,5.28,,
2001-02-16,5.47,4.97,5.22,,
2001-02-19,5.47,4.95,5.21,,
2001-02-20,5.48,4.96,5.23,,
2001-02-21,5.48,4.94,5.2,,
2001-02-22,5.49,4.92,5.2,,
2001-02-23,5.47,4.88,5.17,,
2001-02-26,5.43,4.81,5.11,,
2001-02-27,5.36,4.8,5.07,,
2001-02-28,5.36,4.81,5.09,,
2001-03-01,5.34,4.83,5.09,,
2001-03-02,5.36,4.85,5.11,,
2001-03-05,5.36,4.86,5.11,,
2001-03-06,5.34,4.76,5.06,,
2001-03-07,5.29,4.72,5.01,,
2001-03-08,5.29,4.71,5.0,,
2001-03-09,5.29,4.73,5.02,,
2001-03-12,5.26,4.67,4.97,,
2001-03-13,5.3,4.71,5.01,,
2001-03-14,5.24,4.62,4.93,,
2001-03-15,5.22,4.53,4.88,,
2001-03-16,5.2,4.53,4.87,,
2001-03-19,5.22,4.62,4.9,,
2001-03-20,5.18,4.54,4.83,,
2001-03-21,5.21,4.54,4.85,,
2001-03-22,5.2,4.52,4.82,,
2001-03-23,5.27,4.58,4.91,,
2001-03-26,5.33,4.61,4.94,,
2001-03-27,5.45,4.74,5.08,,
2001-03-28,5.41,4.69,5.03,,
2001-03-29,5.45,4.73,5.08,,
2001-03-30,5.42,4.76,5.08,,
2001-04-02,5.52,4.87,5.19,,
2001-04-03,5.44,4.79,5.11,,
2001-04-04,5.42,4.71,5.05,,
2001-04-05,5.47,4.77,5.11,,
2001-04-06,5.41,4.64,5.01,,
2001-04-09,5.42,4.64,5.01,,
2001-04-10,5.52,4.73,5.11,,
2001-04-11,5.56,4.8,5.17,,
2001-04-12,5.59,4.83,5.21,,
2001-04-16,5.65,4.88,5.25,,
2001-04-17,5.66,4.91,5.28,,
2001-04-18,5.6,4.73,5.15,,
2001-04-19,5.72,4.77,5.26,,
2001-04-20,5.73,4.75,5.25,,
2001-04-23,5.64,4.68,5.17,,
2001-04-24,5.65,4.7,5.19,,
2001-04-25,5.66,4.76,5.23,,
2001-04-26,5.63,4.73,5.2,,
2001-04-27,5.75,4.85,5.33,,
2001-04-30,5.79,4.88,5.37,,
2001-05-01,5.76,4.83,5.33,,
2001-05-02,5.74,4.84,5.35,,
2001-05-03,5.67,4.8,5.28,,
2001-05-04,5.68,4.73,5.25,,
2001-05-07,5.69,4.71,5.24,,
2001-05-08,5.74,4.72,5.27,,
2001-05-09,5.68,4.69,5.23,,
2001-05-10,5.74,4.75,5.29,,
2001-05-11,5.89,4.9,5.47,,
2001-05-14,5.91,4.9,5.48,,
2001-05-15,5.95,4.86,5.5,,
2001-05-16,5.95,4.81,5.51,,
2001-05-17,5.94,4.95,5.57,,
2001-05-18,5.92,4.98,5.6,,
2001-05-22,5.91,4.99,5.57,,
2001-05-23,5.92,4.97,5.56,,
2001-05-24,5.99,5.01,5.63,,
2001-05-25,5.96,4.96,5.6,,
2001-05-28,5.94,4.93,5.57,,
2001-05-29,5.95,4.98,5.59,,
2001-05-30,5.96,4.99,5.61,,
2001-05-31,5.84,4.93,5.52,,
2001-06-01,5.79,4.9,5.47,,
2001-06-04,5.73,4.86,5.41,,
2001-06-05,5.7,4.82,5.36,,
2001-06-06,5.71,4.82,5.36,,
2001-06-07,5.76,4.82,5.4,,
2001-06-08,5.78,4.82,5.41,,
2001-06-11,5.69,4.77,5.34,,
2001-06-12,5.65,4.77,5.32,,
2001-06-13,5.69,4.78,5.33,,
2001-06-14,5.67,4.74,5.29,,
2001-06-15,5.68,4.75,5.29,,
2001-06-18,5.7,4.73,5.3,,
2001-06-19,5.74,4.74,5.33,,
2001-06-20,5.7,4.73,5.29,,
2001-06-21,5.65,4.73,5.26,,
2001-06-22,5.6,4.69,5.21,,
2001-06-25,5.64,4.7,5.24,,
2001-06-26,5.7,4.76,5.31,,
2001-06-27,5.73,4.87,5.39,,
2001-06-28,5.86,5.0,5.54,,
2001-06-29,5.91,5.03,5.6,,
2001-07-03,5.93,5.04,5.61,,
2001-07-04,5.92,5.03,5.59,,
2001-07-05,5.93,4.99,5.57,,
2001-07-06,5.89,4.92,5.52,,
2001-07-09,5.88,4.91,5.5,,
2001-07-10,5.86,4.89,5.48,,
2001-07-11,5.89,4.9,5.52,,
2001-07-12,5.9,4.9,5.52,,
2001-07-13,5.88,4.9,5.51,,
2001-07-16,5.84,4.86,5.47,,
2001-07-17,5.84,4.86,5.47,,
2001-07-18,5.74,4.76,5.37,,
2001-07-19,5.77,4.77,5.39,,
2001-07-20,5.73,4.73,5.35,,
2001-07-23,5.71,4.71,5.32,,
2001-07-24,5.7,4.7,5.31,,
2001-07-25,5.76,4.73,5.36,,
2001-07-26,5.7,4.69,5.31,,
2001-07-27,5.65,4.66,5.27,,
2001-07-30,5.64,4.65,5.25,,
2001-07-31,5.65,4.63,5.25,,
2001-08-01,5.69,4.66,5.29,,
2001-08-02,5.74,4.69,5.34,,
2001-08-03,5.74,4.69,5.34,,
2001-08-07,5.71,4.65,5.3,,
2001-08-08,5.61,4.56,5.2,,
2001-08-09,5.6,4.53,5.18,,
2001-08-10,5.55,4.48,5.13,,
2001-08-13,5.53,4.46,5.11,,
2001-08-14,5.53,4.49,5.12,,
2001-08-15,5.58,4.53,5.17,,
2001-08-16,5.54,4.49,5.14,,
2001-08-17,5.47,4.43,5.06,,
2001-08-20,5.51,4.46,5.1,,
2001-08-21,5.48,4.4,5.05,,
2001-08-22,5.49,4.45,5.09,,
2001-08-23,5.47,4.4,5.05,,
2001-08-24,5.47,4.41,5.05,,
2001-08-27,5.45,4.38,5.03,,
2001-08-28,5.41,4.3,4.97,,
2001-08-29,5.36,4.26,4.93,,
2001-08-30,5.39,4.22,4.95,,
2001-08-31,5.36,4.15,4.88,,
2001-09-04,5.5,4.25,5.0,,
2001-09-05,5.48,4.21,4.97,,
2001-09-06,5.37,4.09,4.84,,
2001-09-07,5.28,3.95,4.72,,
2001-09-10,5.32,3.97,4.74,,
2001-09-11,5.25,3.85,4.66,,
2001-09-12,5.19,3.67,4.56,,
2001-09-13,5.22,3.65,4.52,,
2001-09-14,5.13,3.57,4.43,,
2001-09-17,5.19,3.57,4.62,,
2001-09-18,5.27,3.55,4.67,,
2001-09-19,5.25,3.42,4.61,,
2001-09-20,5.31,3.42,4.63,,
2001-09-21,5.33,3.4,4.64,,
2001-09-24,5.37,3.45,4.69,,
2001-09-25,5.35,3.39,4.64,,
2001-09-26,5.32,3.38,4.62,,
2001-09-27,5.29,3.33,4.58,,
2001-09-28,5.33,3.66,4.64,,
2001-10-01,5.31,3.62,4.61,,
2001-10-02,5.25,3.53,4.55,,
2001-10-03,5.24,3.49,4.51,,
2001-10-04,5.25,3.45,4.51,,
2001-10-05,5.23,3.43,4.49,,
2001-10-09,5.3,3.45,4.53,,
2001-10-10,5.32,3.47,4.54,,
2001-10-11,5.39,3.56,4.65,,
2001-10-12,5.4,3.52,4.6,,
2001-10-15,5.35,3.48,4.55,,
2001-10-16,5.3,3.47,4.53,,
2001-10-17,5.25,3.49,4.52,,
2001-10-18,5.24,3.45,4.51,,
2001-10-19,5.28,3.44,4.52,,
2001-10-22,5.31,3.45,4.54,,
2001-10-23,5.27,3.26,4.45,,
2001-10-24,5.21,3.21,4.4,,
2001-10-25,5.16,3.15,4.35,,
2001-10-26,5.14,3.12,4.34,,
2001-10-29,5.08,3.04,4.26,,
2001-10-30,4.98,2.95,4.16,,
2001-10-31,4.86,2.92,4.08,,
2001-11-01,4.93,2.97,4.17,,
2001-11-02,5.01,2.94,4.21,,
2001-11-05,4.93,2.89,4.14,,
2001-11-06,4.89,2.77,4.05,,
2001-11-07,4.81,2.65,3.96,,
2001-11-08,4.87,2.66,3.99,,
2001-11-09,4.86,2.68,4.0,,
2001-11-13,4.94,2.76,4.09,,
2001-11-14,5.12,2.99,4.31,,
2001-11-15,5.3,3.29,4.55,,
2001-11-16,5.39,3.4,4.68,,
2001-11-19,5.32,3.27,4.59,,
2001-11-20,5.38,3.33,4.65,,
2001-11-21,5.45,3.38,4.72,,
2001-11-22,5.46,3.4,4.73,,
2001-11-23,5.47,3.43,4.76,,
2001-11-26,5.43,3.41,4.74,,
2001-11-27,5.36,3.35,4.68,,
2001-11-28,5.36,3.37,4.68,,
2001-11-29,5.22,3.22,4.52,,
2001-11-30,5.22,3.18,4.49,,
2001-12-03,5.12,3.08,4.38,,
2001-12-04,5.14,3.11,4.4,,
2001-12-05,5.38,3.42,4.68,,
2001-12-06,5.43,3.51,4.76,,
2001-12-07,5.53,3.49,4.83,,
2001-12-10,5.48,3.34,4.73,,
2001-12-11,5.43,3.28,4.67,,
2001-12-12,5.4,3.26,4.65,,
2001-12-13,5.47,3.34,4.73,,
2001-12-14,5.55,3.41,4.81,,
2001-12-17,5.54,3.35,4.79,,
2001-12-18,5.48,3.3,4.73,,
2001-12-19,5.4,3.24,4.67,,
2001-12-20,5.38,3.19,4.65,,
2001-12-21,5.39,3.17,4.65,,
2001-12-24,5.44,3.21,4.69,,
2001-12-27,5.42,3.18,4.66,,
2001-12-28,5.43,3.2,4.68,,
2001-12-31,5.35,3.15,4.61,,
2002-01-02,5.44,3.25,4.71,,
2002-01-03,5.4,3.19,4.66,,
2002-01-04,5.43,3.24,4.71,,
2002-01-07,5.36,3.15,4.62,,
2002-01-08,5.37,3.14,4.63,,
2002-01-09,5.31,3.05,4.56,,
2002-01-10,5.28,3.03,4.52,,
2002-01-11,5.17,2.75,4.32,,
2002-01-14,5.18,2.74,4.32,,
2002-01-15,5.2,2.85,4.36,,
2002-01-16,5.23,2.84,4.38,,
2002-01-17,5.34,3.02,4.54,,
2002-01-18,5.27,2.99,4.49,,
2002-01-21,5.3,3.05,4.53,,
2002-01-22,5.32,3.09,4.56,,
2002-01-23,5.39,3.12,4.62,,
2002-01-24,5.43,3.22,4.71,,
2002-01-25,5.46,3.27,4.75,,
2002-01-28,5.44,3.26,4.74,,
2002-01-29,5.38,3.16,4.64,,
2002-01-30,5.42,3.25,4.71,,
2002-01-31,5.44,3.32,4.75,,
2002-02-01,5.4,3.27,4.71,,
2002-02-04,5.3,3.15,4.59,,
2002-02-05,5.3,3.15,4.58,,
2002-02-06,5.32,3.14,4.59,,
2002-02-07,5.32,3.16,4.6,,
2002-02-08,5.28,3.2,4.6,,
2002-02-11,5.3,3.23,4.61,,
2002-02-12,5.36,3.27,4.66,,
2002-02-13,5.38,3.32,4.69,,
2002-02-14,5.38,3.36,4.7,,
2002-02-15,5.29,3.25,4.59,,
2002-02-18,5.31,3.27,4.62,,
2002-02-19,5.32,3.26,4.62,,
2002-02-20,5.31,3.28,4.61,,
2002-02-21,5.29,3.27,4.59,,
2002-02-22,5.26,3.24,4.57,,
2002-02-25,5.29,3.28,4.6,,
2002-02-26,5.37,3.33,4.66,,
2002-02-27,5.31,3.23,4.58,,
2002-02-28,5.33,3.29,4.62,,
2002-03-01,5.42,3.42,4.72,,
2002-03-04,5.46,3.45,4.76,,
2002-03-05,5.48,3.48,4.78,,
2002-03-06,5.49,3.48,4.79,,
2002-03-07,5.6,3.7,4.94,,
2002-03-08,5.69,3.87,5.09,,
2002-03-11,5.66,3.85,5.07,,
2002-03-12,5.67,3.9,5.09,,
2002-03-13,5.65,3.85,5.06,,
2002-03-14,5.75,3.98,5.17,,
2002-03-15,5.7,3.99,5.15,,
2002-03-18,5.68,4.02,5.15,,
2002-03-19,5.66,4.34,5.12,,
2002-03-20,5.74,4.46,5.23,,
2002-03-21,5.77,4.63,5.32,,
2002-03-22,5.79,4.65,5.33,,
2002-03-25,5.8,4.59,5.32,,
2002-03-26,5.76,4.5,5.26,,
2002-03-27,5.79,4.5,5.28,,
2002-03-28,5.78,4.49,5.27,,
2002-04-01,5.79,4.5,5.29,,
2002-04-02,5.74,4.43,5.22,,
2002-04-03,5.71,4.34,5.16,,
2002-04-04,5.66,4.32,5.11,,
2002-04-05,5.64,4.33,5.1,,
2002-04-08,5.71,4.39,5.17,,
2002-04-09,5.67,4.36,5.14,,
2002-04-10,5.69,4.37,5.16,,
2002-04-11,5.65,4.3,5.1,,
2002-04-12,5.6,4.21,5.03,,
2002-04-15,5.57,4.17,4.99,,
2002-04-16,5.63,4.29,5.08,,
2002-04-17,5.68,4.28,5.1,,
2002-04-18,5.65,4.18,5.05,,
2002-04-19,5.66,4.19,5.05,,
2002-04-22,5.66,4.19,5.05,,
2002-04-23,5.67,4.2,5.07,,
2002-04-24,5.64,4.21,5.05,,
2002-04-25,5.62,4.18,5.03,,
2002-04-26,5.61,4.15,5.01,,
2002-04-29,5.63,4.18,5.03,,
2002-04-30,5.61,4.18,5.02,,
2002-05-01,5.58,4.14,4.97,,
2002-05-02,5.61,4.16,5.0,,
2002-05-03,5.56,4.05,4.93,,
2002-05-06,5.52,4.01,4.89,,
2002-05-07,5.51,3.94,4.85,,
2002-05-08,5.63,4.1,4.99,,
2002-05-09,5.58,4.06,4.95,,
2002-05-10,5.58,4.13,4.98,,
2002-05-13,5.67,4.21,5.06,,
2002-05-14,5.74,4.34,5.16,,
2002-05-15,5.72,4.31,5.13,,
2002-05-16,5.69,4.25,5.08,,
2002-05-17,5.72,4.33,5.12,,
2002-05-21,5.62,4.21,5.02,,
2002-05-22,5.61,4.17,5.0,,
2002-05-23,5.6,4.19,4.99,,
2002-05-24,5.57,4.17,4.97,,
2002-05-27,5.59,4.21,5.0,,
2002-05-28,5.56,4.2,4.97,,
2002-05-29,5.49,4.15,4.9,,
2002-05-30,5.46,4.07,4.85,,
2002-05-31,5.5,4.14,4.89,,
2002-06-03,5.48,4.12,4.87,,
2002-06-04,5.51,4.14,4.89,,
2002-06-05,5.53,4.16,4.92,,
2002-06-06,5.51,4.11,4.89,,
2002-06-07,5.52,4.14,4.91,,
2002-06-10,5.51,4.16,4.91,,
2002-06-11,5.5,4.16,4.91,,
2002-06-12,5.49,4.17,4.9,,
2002-06-13,5.42,4.08,4.82,,
2002-06-14,5.35,3.94,4.72,,
2002-06-17,5.37,3.95,4.74,,
2002-06-18,5.37,3.93,4.72,,
2002-06-19,5.31,3.88,4.66,,
2002-06-20,5.36,3.97,4.73,,
2002-06-21,5.33,3.94,4.7,,
2002-06-24,5.37,3.95,4.72,,
2002-06-25,5.36,3.93,4.7,,
2002-06-26,5.37,3.84,4.67,,
2002-06-27,5.39,3.86,4.7,,
2002-06-28,5.43,3.92,4.74,,
2002-07-02,5.34,3.82,4.65,,
2002-07-03,5.35,3.81,4.65,,
2002-07-04,5.36,3.83,4.67,,
2002-07-05,5.47,3.98,4.79,,
2002-07-08,5.45,3.95,4.77,,
2002-07-09,5.41,3.89,4.73,,
2002-07-10,5.34,3.78,4.62,,
2002-07-11,5.35,3.74,4.62,,
2002-07-12,5.28,3.63,4.52,,
2002-07-15,5.31,3.56,4.51,,
2002-07-16,5.33,3.6,4.53,,
2002-07-17,5.33,3.61,4.54,,
2002-07-18,5.28,3.55,4.48,,
2002-07-19,5.21,3.47,4.4,,
2002-07-22,5.15,3.32,4.3,,
2002-07-23,5.1,3.2,4.19,,
2002-07-24,5.22,3.34,4.33,,
2002-07-25,5.14,3.24,4.21,,
2002-07-26,5.16,3.2,4.19,,
2002-07-29,5.29,3.44,4.39,,
2002-07-30,5.29,3.46,4.4,,
2002-07-31,5.23,3.32,4.3,,
2002-08-01,5.14,3.13,4.16,,
2002-08-02,5.11,3.02,4.06,,
2002-08-06,5.13,3.08,4.11,,
2002-08-07,5.1,3.01,4.06,,
2002-08-08,5.13,3.07,4.09,,
2002-08-09,5.08,3.12,4.09,,
2002-08-12,5.05,3.13,4.08,,
2002-08-13,4.97,3.02,3.98,,
2002-08-14,5.14,3.26,4.14,,
2002-08-15,5.16,3.32,4.19,,
2002-08-16,5.22,3.39,4.28,,
2002-08-19,5.18,3.4,4.27,,
2002-08-20,5.07,3.29,4.4,,
2002-08-21,5.11,3.38,4.45,,
2002-08-22,5.2,3.55,4.58,,
2002-08-23,5.15,3.5,4.51,,
2002-08-26,5.12,3.48,4.46,,
2002-08-27,5.17,3.57,4.53,,
2002-08-28,5.14,3.53,4.49,,
2002-08-29,5.08,3.47,4.45,,
2002-08-30,5.08,3.48,4.43,,
2002-09-03,4.91,3.29,4.21,,
2002-09-04,4.89,3.21,4.18,,
2002-09-05,4.84,3.13,4.09,,
2002-09-06,4.93,3.31,4.2,,
2002-09-09,4.95,3.37,4.23,,
2002-09-10,4.91,3.34,4.2,,
2002-09-11,4.96,3.41,4.25,,
2002-09-12,4.9,3.34,4.19,,
2002-09-13,4.86,3.49,4.17,,
2002-09-16,4.9,3.57,4.24,,
2002-09-17,4.83,3.48,4.14,,
2002-09-18,4.88,3.52,4.19,,
2002-09-19,4.83,3.44,4.12,,
2002-09-20,4.85,3.47,4.14,,
2002-09-23,4.8,3.38,4.08,,
2002-09-24,4.82,3.39,4.11,,
2002-09-25,4.92,3.48,4.2,,
2002-09-26,4.93,3.47,4.22,,
2002-09-27,4.9,3.36,4.16,,
2002-09-30,4.9,3.34,4.14,,
2002-10-01,4.99,3.41,4.24,,
2002-10-02,4.93,3.37,4.2,,
2002-10-03,4.94,3.39,4.22,,
2002-10-04,4.98,3.48,4.28,,
2002-10-07,4.96,3.43,4.23,,
2002-10-08,4.98,3.46,4.26,,
2002-10-09,4.95,3.4,4.21,,
2002-10-10,4.97,3.38,4.22,,
2002-10-11,5.05,3.41,4.29,,
2002-10-15,5.19,3.55,4.45,,
2002-10-16,5.22,3.55,4.47,,
2002-10-17,5.27,3.58,4.53,,
2002-10-18,5.25,3.55,4.49,,
2002-10-21,5.34,3.64,4.6,,
2002-10-22,5.32,3.64,4.57,,
2002-10-23,5.3,3.59,4.53,,
2002-10-24,5.26,3.54,4.49,,
2002-10-25,5.25,3.51,4.46,,
2002-10-28,5.27,3.49,4.46,,
2002-10-29,5.18,3.42,4.37,,
2002-10-30,5.16,3.39,4.34,,
2002-10-31,5.04,3.27,4.2,,
2002-11-01,5.07,3.26,4.2,,
2002-11-04,5.1,3.25,4.23,,
2002-11-05,5.17,3.26,4.28,,
2002-11-06,5.14,3.27,4.27,,
2002-11-07,5.03,3.24,4.19,,
2002-11-08,5.01,3.31,4.21,,
2002-11-12,5.0,3.27,4.2,,
2002-11-13,5.01,3.26,4.19,,
2002-11-14,5.12,3.36,4.32,,
2002-11-15,5.09,3.34,4.29,,
2002-11-18,5.05,3.32,4.26,,
2002-11-19,5.02,3.31,4.23,,
2002-11-20,5.05,3.34,4.26,,
2002-11-21,5.12,3.41,4.33,,
2002-11-22,5.15,3.4,4.34,,
2002-11-25,5.14,3.39,4.33,,
2002-11-26,5.07,3.34,4.25,,
2002-11-27,5.18,3.47,4.39,,
2002-11-28,5.15,3.46,4.37,,
2002-11-29,5.12,3.43,4.34,,
2002-12-02,5.15,3.45,4.38,,
2002-12-03,5.1,3.42,4.33,,
2002-12-04,5.05,3.37,4.27,,
2002-12-05,5.06,3.38,4.27,,
2002-12-06,5.04,3.36,4.25,,
2002-12-09,4.99,3.29,4.2,,
2002-12-10,5.0,3.33,4.22,,
2002-12-11,4.99,3.31,4.2,,
2002-12-12,5.0,3.3,4.21,,
2002-12-13,5.01,3.29,4.2,,
2002-12-16,5.03,3.33,4.24,,
2002-12-17,4.99,3.29,4.19,,
2002-12-18,4.94,3.24,4.14,,
2002-12-19,4.89,3.2,4.07,,
2002-12-20,4.91,3.21,4.09,,
2002-12-23,4.93,3.23,4.1,,
2002-12-24,4.88,3.18,4.06,,
2002-12-27,4.8,3.08,3.96,,
2002-12-30,4.8,3.09,3.96,,
2002-12-31,4.79,3.09,3.96,,
2003-01-02,4.93,3.22,4.1,,
2003-01-03,4.96,3.22,4.12,,
2003-01-06,4.98,3.24,4.15,,
2003-01-07,4.93,3.16,4.08,,
2003-01-08,4.92,3.12,4.06,,
2003-01-09,4.98,3.16,4.11,,
2003-01-10,4.99,3.18,4.12,,
2003-01-13,5.01,3.22,4.13,,
2003-01-14,5.0,3.22,4.12,,
2003-01-15,5.01,3.3,4.16,,
2003-01-16,4.97,3.32,4.15,,
2003-01-17,4.94,3.28,4.11,,
2003-01-20,4.92,3.26,4.09,,
2003-01-21,4.9,3.31,4.09,,
2003-01-22,4.91,3.36,4.12,,
2003-01-23,4.92,3.37,4.13,,
2003-01-24,4.93,3.36,4.14,,
2003-01-27,4.93,3.4,4.16,,
2003-01-28,4.96,3.43,4.19,,
2003-01-29,5.02,3.51,4.27,,
2003-01-30,5.03,3.53,4.3,,
2003-01-31,5.02,3.53,4.3,,
2003-02-03,5.05,3.57,4.32,,
2003-02-04,5.03,3.55,4.31,,
2003-02-05,5.08,3.56,4.35,,
2003-02-06,5.04,3.51,4.3,,
2003-02-07,5.03,3.47,4.28,,
2003-02-10,5.07,3.51,4.32,,
2003-02-11,5.06,3.46,4.29,,
2003-02-12,5.02,3.4,4.23,,
2003-02-13,4.97,3.35,4.19,,
2003-02-14,5.03,3.41,4.24,,
2003-02-17,5.04,3.45,4.27,,
2003-02-18,5.03,3.44,4.27,,
2003-02-19,5.02,3.48,4.27,,
2003-02-20,4.98,3.49,4.27,,
2003-02-21,5.03,3.54,4.31,,
2003-02-24,4.98,3.47,4.24,,
2003-02-25,4.97,3.47,4.22,,
2003-02-26,4.93,3.45,4.18,,
2003-02-27,4.94,3.52,4.22,,
2003-02-28,4.94,3.48,4.21,,
2003-03-03,4.93,3.45,4.18,,
2003-03-04,4.92,3.59,4.24,,
2003-03-05,4.86,3.55,4.18,,
2003-03-06,4.87,3.53,4.17,,
2003-03-07,4.84,3.51,4.15,,
2003-03-10,4.8,3.45,4.08,,
2003-03-11,4.8,3.46,4.09,,
2003-03-12,4.82,3.56,4.15,,
2003-03-13,4.93,3.68,4.28,,
2003-03-14,4.92,3.63,4.25,,
2003-03-17,5.01,3.71,4.33,,
2003-03-18,5.04,3.74,4.37,,
2003-03-19,5.12,3.8,4.45,,
2003-03-20,5.13,3.79,4.46,,
2003-03-21,5.22,3.89,4.55,,
2003-03-24,5.13,3.81,4.46,,
2003-03-25,5.14,3.86,4.48,,
2003-03-26,5.13,3.84,4.47,,
2003-03-27,5.14,3.79,4.46,,
2003-03-28,5.11,3.78,4.44,,
2003-03-31,5.08,3.76,4.4,,
2003-04-01,5.13,3.76,4.45,,
2003-04-02,5.16,3.81,4.48,,
2003-04-03,5.14,3.71,4.43,,
2003-04-04,5.15,3.71,4.44,,
2003-04-07,5.16,3.76,4.47,,
2003-04-08,5.1,3.78,4.43,,
2003-04-09,5.06,3.76,4.4,,
2003-04-10,5.07,3.81,4.42,,
2003-04-11,5.09,3.84,4.44,,
2003-04-14,5.12,3.86,4.47,,
2003-04-15,5.09,3.73,4.4,,
2003-04-16,5.05,3.69,4.37,,
2003-04-17,5.05,3.81,4.37,,
2003-04-21,5.02,3.71,4.29,,
2003-04-22,5.03,3.73,4.3,,
2003-04-23,5.04,3.74,4.32,,
2003-04-24,4.97,3.67,4.24,,
2003-04-25,4.92,3.65,4.2,,
2003-04-28,4.91,3.68,4.2,,
2003-04-29,4.93,3.68,4.21,,
2003-04-30,4.9,3.65,4.18,,
2003-05-01,4.9,3.65,4.18,,
2003-05-02,4.95,3.7,4.24,,
2003-05-05,4.94,3.69,4.23,,
2003-05-06,4.88,3.62,4.16,,
2003-05-07,4.82,3.56,4.09,,
2003-05-08,4.84,3.58,4.1,,
2003-05-09,4.84,3.56,4.08,,
2003-05-12,4.82,3.57,4.09,,
2003-05-13,4.8,3.56,4.05,,
2003-05-14,4.74,3.55,4.02,,
2003-05-15,4.73,3.56,4.02,,
2003-05-16,4.69,3.5,3.97,,
2003-05-20,4.57,3.39,3.84,,
2003-05-21,4.55,3.4,3.85,,
2003-05-22,4.45,3.26,3.72,,
2003-05-23,4.44,3.19,3.69,,
2003-05-26,4.39,3.14,3.64,,
2003-05-27,4.46,3.14,3.68,,
2003-05-28,4.5,3.17,3.72,,
2003-05-29,4.39,3.11,3.62,,
2003-05-30,4.41,3.18,3.66,,
2003-06-02,4.45,3.21,3.71,,
2003-06-03,4.35,3.1,3.58,,
2003-06-04,4.35,3.1,3.58,,
2003-06-05,4.35,3.1,3.58,,
2003-06-06,4.3,3.0,3.49,,
2003-06-09,4.22,2.96,3.42,,
2003-06-10,4.13,2.91,3.34,,
2003-06-11,4.18,2.94,3.39,,
2003-06-12,4.12,2.91,3.31,,
2003-06-13,4.02,2.83,3.22,,
2003-06-16,4.12,2.88,3.31,,
2003-06-17,4.23,2.94,3.4,,
2003-06-18,4.26,2.85,3.36,,
2003-06-19,4.28,2.87,3.41,,
2003-06-20,4.35,2.96,3.49,,
2003-06-23,4.28,2.9,3.41,,
2003-06-24,4.27,2.9,3.41,,
2003-06-25,4.37,3.05,3.55,,
2003-06-26,4.47,3.11,3.67,,
2003-06-27,4.5,3.07,3.67,,
2003-06-30,4.45,3.01,3.6,,
2003-07-02,4.46,3.02,3.62,,
2003-07-03,4.55,3.04,3.68,,
2003-07-04,4.53,3.03,3.66,,
2003-07-07,4.67,3.17,3.81,,
2003-07-08,4.65,3.16,3.79,,
2003-07-09,4.62,3.15,3.77,,
2003-07-10,4.61,3.12,3.76,,
2003-07-11,4.64,3.23,3.83,,
2003-07-14,4.68,3.25,3.87,,
2003-07-15,4.8,3.1,3.89,,
2003-07-16,4.7,3.03,3.8,,
2003-07-17,4.65,2.86,3.7,,
2003-07-18,4.68,2.9,3.71,,
2003-07-21,4.78,2.93,3.82,,
2003-07-22,4.73,2.79,3.7,,
2003-07-23,4.66,2.79,3.63,,
2003-07-24,4.69,2.77,3.64,,
2003-07-25,4.72,2.8,3.66,,
2003-07-28,4.77,2.8,3.71,,
2003-07-29,4.82,2.83,3.77,,
2003-07-30,4.78,2.85,3.76,,
2003-07-31,4.84,2.95,3.84,,
2003-08-01,4.83,2.98,3.85,,
2003-08-05,4.92,3.04,3.95,,
2003-08-06,4.87,2.98,3.9,,
2003-08-07,4.82,2.95,3.86,,
2003-08-08,4.8,2.89,3.82,,
2003-08-11,4.89,2.97,3.91,,
2003-08-12,4.97,2.97,3.91,,
2003-08-13,5.05,3.07,3.99,,
2003-08-14,5.05,3.07,3.99,,
2003-08-15,4.99,3.04,3.94,,
2003-08-18,4.92,3.04,3.89,,
2003-08-19,4.8,2.92,3.77,,
2003-08-20,4.83,2.98,3.8,,
2003-08-21,4.9,3.05,3.88,,
2003-08-22,4.89,3.04,3.87,,
2003-08-25,4.92,3.04,3.91,,
2003-08-26,4.89,3.04,3.89,,
2003-08-27,4.96,3.18,3.97,,
2003-08-28,4.88,3.12,3.91,,
2003-08-29,4.86,3.09,3.89,,
2003-09-02,4.93,3.13,3.94,,
2003-09-03,4.97,3.25,4.27,,
2003-09-04,4.9,3.2,4.2,,
2003-09-05,4.81,3.04,4.07,,
2003-09-08,4.82,3.04,4.08,,
2003-09-09,4.79,3.02,4.06,,
2003-09-10,4.77,2.99,4.02,,
2003-09-11,4.82,3.07,4.09,,
2003-09-12,4.79,3.02,4.04,,
2003-09-15,4.8,3.0,4.03,,
2003-09-16,4.82,3.01,4.05,,
2003-09-17,4.77,3.0,4.02,,
2003-09-18,4.76,3.02,4.02,,
2003-09-19,4.76,3.02,4.01,,
2003-09-22,4.7,2.88,3.92,,
2003-09-23,4.68,3.05,3.89,,
2003-09-24,4.64,3.02,3.86,,
2003-09-25,4.61,3.02,3.83,,
2003-09-26,4.57,3.01,3.79,,
2003-09-29,4.64,3.04,3.86,,
2003-09-30,4.55,2.96,3.76,,
2003-10-01,4.54,2.93,3.76,,
2003-10-02,4.6,2.97,3.81,,
2003-10-03,4.75,3.09,3.97,,
2003-10-06,4.71,3.05,3.92,,
2003-10-07,4.78,3.05,3.97,,
2003-10-08,4.76,3.04,3.96,,
2003-10-09,4.83,3.08,4.03,,
2003-10-10,4.81,3.11,4.03,,
2003-10-14,4.9,3.17,4.11,,
2003-10-15,4.96,3.2,4.18,,
2003-10-16,5.02,3.27,4.25,,
2003-10-17,4.92,3.25,4.17,,
2003-10-20,4.89,3.26,4.14,,
2003-10-21,4.86,3.25,4.12,,
2003-10-22,4.79,3.15,4.03,,
2003-10-23,4.85,3.14,4.07,,
2003-10-24,4.78,3.09,4.01,,
2003-10-27,4.83,3.12,4.05,,
2003-10-28,4.79,3.1,4.01,,
2003-10-29,4.85,3.14,4.07,,
2003-10-30,4.89,3.18,4.13,,
2003-10-31,4.83,3.16,4.07,,
2003-11-03,4.9,3.21,4.13,,
2003-11-04,4.86,3.21,4.1,,
2003-11-05,4.91,3.28,4.16,,
2003-11-06,4.96,3.33,4.21,,
2003-11-07,5.01,3.43,4.28,,
2003-11-10,5.01,3.43,4.28,,
2003-11-12,4.99,3.39,4.26,,
2003-11-13,4.88,3.28,4.13,,
2003-11-14,4.83,3.26,4.09,,
2003-11-17,4.83,3.24,4.1,,
2003-11-18,4.78,3.2,4.05,,
2003-11-19,4.83,3.25,4.1,,
2003-11-20,4.77,3.18,4.04,,
2003-11-21,4.73,3.06,3.97,,
2003-11-24,4.79,3.14,4.05,,
2003-11-25,4.76,3.16,4.04,,
2003-11-26,4.79,3.18,4.07,,
2003-11-27,4.81,3.2,4.09,,
2003-11-28,4.84,3.19,4.11,,
2003-12-01,4.86,3.2,4.12,,
2003-12-02,4.82,3.19,4.09,,
2003-12-03,4.84,3.19,4.11,,
2003-12-04,4.86,3.22,4.14,,
2003-12-05,4.77,3.18,4.06,,
2003-12-08,4.79,3.16,4.07,,
2003-12-09,4.84,3.19,4.12,,
2003-12-10,4.81,3.16,4.08,,
2003-12-11,4.75,3.1,4.02,,
2003-12-12,4.74,3.06,3.99,,
2003-12-15,4.73,3.05,3.98,,
2003-12-16,4.7,3.04,3.96,,
2003-12-17,4.67,3.01,3.93,,
2003-12-18,4.62,2.99,3.89,,
2003-12-19,4.65,3.02,3.92,,
2003-12-22,4.64,3.01,3.92,,
2003-12-23,4.68,3.02,3.94,,
2003-12-24,4.6,2.98,3.88,,
2003-12-29,4.62,2.97,3.87,,
2003-12-30,4.66,2.97,3.9,,
2003-12-31,4.66,2.96,3.91,,
2004-01-02,4.77,3.01,4.0,,
2004-01-05,4.79,2.96,3.98,,
2004-01-06,4.71,2.93,3.92,,
2004-01-07,4.7,2.93,3.91,,
2004-01-08,4.72,2.95,3.93,,
2004-01-09,4.6,2.85,3.8,,
2004-01-12,4.6,2.85,3.8,,
2004-01-13,4.55,2.82,3.76,,
2004-01-14,4.54,2.81,3.76,,
2004-01-15,4.52,2.81,3.75,,
2004-01-16,4.57,2.81,3.78,,
2004-01-19,4.57,2.81,3.78,,
2004-01-20,4.53,2.69,3.69,,
2004-01-21,4.47,2.61,3.61,,
2004-01-22,4.39,2.54,3.52,,
2004-01-23,4.51,2.6,3.62,,
2004-01-26,4.54,2.56,3.63,,
2004-01-27,4.49,2.5,3.56,,
2004-01-28,4.61,2.64,3.71,,
2004-01-29,4.6,2.69,3.72,,
2004-01-30,4.53,2.6,3.63,,
2004-02-02,4.53,2.61,3.64,,
2004-02-03,4.52,2.58,3.62,,
2004-02-04,4.54,2.61,3.65,,
2004-02-05,4.55,2.61,3.66,,
2004-02-06,4.45,2.52,3.55,,
2004-02-09,4.42,2.47,3.51,,
2004-02-10,4.47,2.47,3.54,,
2004-02-11,4.4,2.41,3.48,,
2004-02-12,4.43,2.4,3.49,,
2004-02-13,4.41,2.4,3.48,,
2004-02-16,4.41,2.41,3.48,,
2004-02-17,4.44,2.44,3.51,,
2004-02-18,4.46,2.47,3.53,,
2004-02-19,4.46,2.45,3.52,,
2004-02-20,4.49,2.46,3.56,,
2004-02-23,4.45,2.4,3.51,,
2004-02-24,4.42,2.4,3.48,,
2004-02-25,4.41,2.39,3.47,,
2004-02-26,4.41,2.38,3.46,,
2004-02-27,4.36,2.37,3.42,,
2004-03-01,4.34,2.36,3.4,,
2004-03-02,4.36,2.42,3.45,,
2004-03-03,4.38,2.45,3.48,,
2004-03-04,4.38,2.46,3.49,,
2004-03-05,4.29,2.34,3.36,,
2004-03-08,4.24,2.3,3.31,,
2004-03-09,4.24,2.3,3.31,,
2004-03-10,4.24,2.31,3.31,,
2004-03-11,4.23,2.28,3.29,,
2004-03-12,4.26,2.28,3.29,,
2004-03-15,4.24,2.27,3.27,,
2004-03-16,4.21,2.24,3.24,,
2004-03-17,4.18,2.24,3.22,,
2004-03-18,4.2,2.25,3.25,,
2004-03-19,4.22,2.26,3.27,,
2004-03-22,4.17,2.21,3.22,,
2004-03-23,4.17,2.21,3.23,,
2004-03-24,4.17,2.2,3.22,,
2004-03-25,4.18,2.19,3.23,,
2004-03-26,4.28,2.27,3.33,,
2004-03-29,4.34,2.31,3.38,,
2004-03-30,4.34,2.47,3.38,,
2004-03-31,4.33,2.43,3.35,,
2004-04-01,4.34,2.45,3.38,,
2004-04-02,4.52,2.66,3.59,,
2004-04-05,4.55,2.68,3.61,,
2004-04-06,4.54,2.64,3.59,,
2004-04-07,4.5,2.62,3.56,,
2004-04-08,4.5,2.58,3.54,,
2004-04-12,4.54,2.61,3.58,,
2004-04-13,4.64,2.74,3.71,,
2004-04-14,4.68,2.81,3.77,,
2004-04-15,4.68,2.79,3.78,,
2004-04-16,4.62,2.73,3.71,,
2004-04-19,4.66,2.76,3.76,,
2004-04-20,4.72,2.85,3.84,,
2004-04-21,4.68,2.82,3.8,,
2004-04-22,4.63,2.78,3.74,,
2004-04-23,4.68,2.82,3.79,,
2004-04-26,4.68,2.83,3.78,,
2004-04-27,4.66,2.8,3.76,,
2004-04-28,4.71,2.84,3.81,,
2004-04-29,4.72,2.83,3.81,,
2004-04-30,4.62,2.7,3.68,,
2004-05-03,4.59,2.67,3.65,,
2004-05-04,4.62,2.69,3.67,,
2004-05-05,4.64,2.7,3.68,,
2004-05-06,4.64,2.72,3.69,,
2004-05-07,4.81,2.95,3.92,,
2004-05-10,4.78,2.94,3.91,,
2004-05-11,4.76,2.93,3.89,,
2004-05-12,4.85,2.95,3.95,,
2004-05-13,4.89,3.03,4.01,,
2004-05-14,4.85,3.04,4.0,,
2004-05-17,4.78,3.01,3.95,,
2004-05-18,4.82,3.07,4.01,,
2004-05-19,4.86,3.1,4.04,,
2004-05-20,4.82,3.05,3.99,,
2004-05-21,4.85,3.06,4.01,,
2004-05-25,4.87,3.14,4.06,,
2004-05-26,4.77,3.08,3.96,,
2004-05-27,4.72,3.02,3.91,,
2004-05-28,4.76,3.07,3.95,,
2004-05-31,4.78,3.09,3.97,,
2004-06-01,4.8,3.12,4.0,,
2004-06-02,4.86,3.15,4.05,,
2004-06-03,4.86,3.14,4.04,,
2004-06-04,4.96,3.29,4.18,,
2004-06-07,4.97,3.29,4.19,,
2004-06-08,4.94,3.26,4.16,,
2004-06-09,4.95,3.27,4.17,,
2004-06-10,4.96,3.3,4.2,,
2004-06-11,5.01,3.39,4.27,,
2004-06-14,5.04,3.46,4.32,,
2004-06-15,4.93,3.34,4.2,,
2004-06-16,4.98,3.38,4.25,,
2004-06-17,4.96,3.37,4.23,,
2004-06-18,5.0,3.39,4.27,,
2004-06-21,4.96,3.36,4.23,,
2004-06-22,4.98,3.36,4.23,,
2004-06-23,4.92,3.33,4.19,,
2004-06-24,4.88,3.29,4.15,,
2004-06-25,4.88,3.26,4.12,,
2004-06-28,4.94,3.33,4.19,,
2004-06-29,4.91,3.32,4.17,,
2004-06-30,4.83,3.22,4.07,,
2004-07-02,4.73,3.12,3.96,,
2004-07-05,4.74,3.12,3.96,,
2004-07-06,4.75,3.11,3.96,,
2004-07-07,4.75,3.08,3.96,,
2004-07-08,4.73,3.04,3.93,,
2004-07-09,4.71,3.07,3.93,,
2004-07-12,4.73,3.11,3.95,,
2004-07-13,4.75,3.14,3.98,,
2004-07-14,4.77,3.18,4.0,,
2004-07-15,4.78,3.19,4.02,,
2004-07-16,4.68,3.11,3.92,,
2004-07-19,4.69,3.13,3.93,,
2004-07-20,4.74,3.16,3.98,,
2004-07-21,4.77,3.19,4.01,,
2004-07-22,4.75,3.19,4.0,,
2004-07-23,4.72,3.15,3.97,,
2004-07-26,4.74,3.2,4.0,,
2004-07-27,4.83,3.28,4.09,,
2004-07-28,4.82,3.25,4.07,,
2004-07-29,4.82,3.23,4.06,,
2004-07-30,4.75,3.17,4.0,,
2004-08-03,4.68,3.07,3.92,,
2004-08-04,4.68,3.09,3.93,,
2004-08-05,4.67,3.08,3.91,,
2004-08-06,4.52,2.84,3.71,,
2004-08-09,4.59,2.9,3.77,,
2004-08-10,4.64,3.0,3.86,,
2004-08-11,4.6,2.95,3.8,,
2004-08-12,4.57,2.93,3.77,,
2004-08-13,4.58,2.96,3.79,,
2004-08-16,4.62,3.01,3.84,,
2004-08-17,4.58,2.96,3.78,,
2004-08-18,4.62,2.99,3.82,,
2004-08-19,4.63,2.92,3.76,,
2004-08-20,4.64,2.92,3.76,,
2004-08-23,4.69,2.95,3.8,,
2004-08-24,4.71,3.02,3.85,,
2004-08-25,4.68,3.03,3.83,,
2004-08-26,4.66,3.02,3.81,,
2004-08-27,4.66,3.02,3.81,,
2004-08-30,4.63,3.01,3.78,,
2004-08-31,4.6,2.94,3.98,,
2004-09-01,4.6,2.95,3.98,,
2004-09-02,4.64,3.03,4.03,,
2004-09-03,4.71,3.12,4.11,,
2004-09-07,4.71,3.13,4.12,,
2004-09-08,4.66,3.14,4.09,,
2004-09-09,4.68,3.14,4.09,,
2004-09-10,4.66,3.11,4.06,,
2004-09-13,4.62,3.07,4.02,,
2004-09-14,4.62,3.08,4.03,,
2004-09-15,4.63,3.09,4.04,,
2004-09-16,4.57,3.03,3.96,,
2004-09-17,4.57,3.02,3.96,,
2004-09-20,4.52,3.01,3.93,,
2004-09-21,4.55,3.06,3.96,,
2004-09-22,4.53,3.22,3.95,,
2004-09-23,4.56,3.26,3.99,,
2004-09-24,4.56,3.26,3.99,,
2004-09-27,4.53,3.25,3.97,,
2004-09-28,4.52,3.23,3.95,,
2004-09-29,4.58,3.28,4.0,,
2004-09-30,4.63,3.29,4.04,,
2004-10-01,4.67,3.31,4.07,,
2004-10-04,4.66,3.32,4.07,,
2004-10-05,4.64,3.31,4.05,,
2004-10-06,4.68,3.34,4.09,,
2004-10-07,4.7,3.34,4.11,,
2004-10-08,4.63,3.29,4.04,,
2004-10-12,4.58,3.24,3.99,,
2004-10-13,4.57,3.21,3.96,,
2004-10-14,4.52,3.16,3.91,,
2004-10-15,4.55,3.2,3.94,,
2004-10-18,4.53,3.18,3.92,,
2004-10-19,4.5,3.17,3.9,,
2004-10-20,4.46,3.1,3.85,,
2004-10-21,4.48,3.16,3.89,,
2004-10-22,4.45,3.14,3.85,,
2004-10-25,4.44,3.1,3.84,,
2004-10-26,4.46,3.16,3.87,,
2004-10-27,4.52,3.23,3.94,,
2004-10-28,4.49,3.23,3.92,,
2004-10-29,4.47,3.24,3.91,,
2004-11-01,4.5,3.26,3.93,,
2004-11-02,4.48,3.25,3.92,,
2004-11-03,4.47,3.24,3.9,,
2004-11-04,4.48,3.23,3.9,,
2004-11-05,4.55,3.34,4.0,,
2004-11-08,4.55,3.34,4.0,,
2004-11-09,4.57,3.35,4.02,,
2004-11-10,4.54,3.32,3.98,,
2004-11-12,4.48,3.27,3.92,,
2004-11-15,4.51,3.27,3.93,,
2004-11-16,4.52,3.3,3.96,,
2004-11-17,4.45,3.2,3.87,,
2004-11-18,4.47,3.22,3.9,,
2004-11-19,4.51,3.23,3.92,,
2004-11-22,4.51,3.26,3.94,,
2004-11-23,4.47,3.23,3.9,,
2004-11-24,4.44,3.17,3.85,,
2004-11-25,4.38,3.06,3.75,,
2004-11-26,4.39,3.06,3.76,,
2004-11-29,4.47,3.1,3.82,,
2004-11-30,4.44,3.01,3.76,,
2004-12-01,4.42,3.0,3.74,,
2004-12-02,4.46,3.04,3.78,,
2004-12-03,4.34,2.88,3.61,,
2004-12-06,4.32,2.9,3.62,,
2004-12-07,4.3,2.83,3.57,,
2004-12-08,4.26,2.82,3.55,,
2004-12-09,4.32,2.9,3.63,,
2004-12-10,4.31,2.91,3.63,,
2004-12-13,4.29,2.92,3.62,,
2004-12-14,4.25,2.88,3.57,,
2004-12-15,4.22,2.86,3.54,,
2004-12-16,4.28,2.91,3.61,,
2004-12-17,4.32,2.95,3.66,,
2004-12-20,4.32,2.96,3.66,,
2004-12-21,4.32,2.98,3.67,,
2004-12-22,4.36,3.01,3.71,,
2004-12-23,4.3,2.96,3.65,,
2004-12-24,4.32,2.98,3.67,,
2004-12-29,4.39,3.05,3.74,,
2004-12-30,4.33,3.01,3.69,,
2004-12-31,4.3,2.99,3.66,,
2005-01-04,4.34,3.05,3.72,,
2005-01-05,4.32,3.04,3.7,,
2005-01-06,4.31,3.01,3.68,,
2005-01-07,4.36,3.09,3.76,,
2005-01-10,4.37,3.1,3.76,,
2005-01-11,4.33,3.07,3.72,,
2005-01-12,4.31,3.02,3.69,,
2005-01-13,4.24,2.94,3.6,,
2005-01-14,4.25,2.95,3.62,,
2005-01-17,4.24,2.94,3.62,,
2005-01-18,4.22,2.91,3.58,,
2005-01-19,4.2,2.89,3.55,,
2005-01-20,4.23,2.91,3.58,,
2005-01-21,4.22,2.91,3.58,,
2005-01-24,4.21,2.91,3.58,,
2005-01-25,4.22,2.86,3.55,,
2005-01-26,4.21,2.81,3.52,,
2005-01-27,4.23,2.91,3.58,,
2005-01-28,4.19,2.88,3.55,,
2005-01-31,4.21,2.9,3.57,,
2005-02-01,4.23,2.91,3.58,,
2005-02-02,4.23,2.92,3.59,,
2005-02-03,4.26,2.96,3.63,,
2005-02-04,4.17,2.87,3.53,,
2005-02-07,4.14,2.9,3.53,,
2005-02-08,4.13,2.92,3.53,,
2005-02-09,4.11,2.88,3.5,,
2005-02-10,4.16,2.91,3.55,,
2005-02-11,4.17,2.92,3.56,,
2005-02-14,4.14,2.89,3.54,,
2005-02-15,4.16,2.89,3.55,,
2005-02-16,4.18,2.92,3.57,,
2005-02-17,4.19,2.92,3.57,,
2005-02-18,4.24,2.95,3.61,,
2005-02-21,4.25,2.92,3.6,,
2005-02-22,4.23,2.85,3.55,,
2005-02-23,4.28,2.94,3.63,,
2005-02-24,4.31,2.97,3.66,,
2005-02-25,4.24,2.92,3.6,,
2005-02-28,4.28,2.94,3.63,,
2005-03-01,4.28,2.93,3.63,,
2005-03-02,4.29,2.95,3.64,,
2005-03-03,4.28,2.96,3.64,,
2005-03-04,4.24,2.93,3.6,,
2005-03-07,4.23,2.93,3.6,,
2005-03-08,4.25,2.92,3.6,,
2005-03-09,4.34,2.98,3.68,,
2005-03-10,4.35,3.0,3.7,,
2005-03-11,4.41,3.08,3.78,,
2005-03-14,4.39,3.08,3.76,,
2005-03-15,4.43,3.15,3.81,,
2005-03-16,4.38,3.15,3.78,,
2005-03-17,4.35,3.1,3.74,,
2005-03-18,4.35,3.13,3.75,,
2005-03-21,4.38,3.18,3.8,,
2005-03-22,4.45,3.29,3.89,,
2005-03-23,4.44,3.4,3.88,,
2005-03-24,4.44,3.4,3.87,,
2005-03-28,4.47,3.42,3.91,,
2005-03-29,4.42,3.38,3.86,,
2005-03-30,4.39,3.36,3.83,,
2005-03-31,4.32,3.27,3.74,,
2005-04-01,4.29,3.24,3.71,,
2005-04-04,4.28,3.24,3.7,,
2005-04-05,4.31,3.27,3.74,,
2005-04-06,4.28,3.24,3.7,,
2005-04-07,4.31,3.24,3.72,,
2005-04-08,4.27,3.16,3.65,,
2005-04-11,4.21,3.13,3.61,,
2005-04-12,4.17,3.13,3.58,,
2005-04-13,4.19,3.11,3.59,,
2005-04-14,4.18,3.03,3.54,,
2005-04-15,4.15,2.99,3.5,,
2005-04-18,4.17,3.01,3.53,,
2005-04-19,4.12,2.98,3.49,,
2005-04-20,4.11,2.97,3.47,,
2005-04-21,4.17,3.03,3.54,,
2005-04-22,4.16,3.06,3.54,,
2005-04-25,4.16,3.09,3.56,,
2005-04-26,4.16,3.08,3.55,,
2005-04-27,4.14,3.07,3.54,,
2005-04-28,4.1,3.04,3.49,,
2005-04-29,4.14,3.08,3.54,,
2005-05-02,4.13,3.06,3.53,,
2005-05-03,4.12,3.06,3.53,,
2005-05-04,4.13,3.06,3.53,,
2005-05-05,4.13,3.03,3.52,,
2005-05-06,4.22,3.19,3.65,,
2005-05-09,4.21,3.2,3.65,,
2005-05-10,4.16,3.14,3.58,,
2005-05-11,4.12,3.09,3.54,,
2005-05-12,4.09,3.04,3.5,,
2005-05-13,4.03,2.97,3.44,,
2005-05-16,4.05,2.99,3.46,,
2005-05-17,4.04,2.98,3.45,,
2005-05-18,4.03,3.01,3.45,,
2005-05-19,4.09,3.07,3.51,,
2005-05-20,4.09,3.08,3.52,,
2005-05-24,4.03,3.03,3.45,,
2005-05-25,4.02,3.0,3.44,,
2005-05-26,4.01,3.0,3.43,,
2005-05-27,3.97,2.97,3.39,,
2005-05-30,3.96,2.97,3.39,,
2005-05-31,3.92,2.91,3.33,,
2005-06-01,3.8,2.78,3.19,,
2005-06-02,3.81,2.79,3.2,,
2005-06-03,3.88,2.83,3.27,,
2005-06-06,3.84,2.81,3.23,,
2005-06-07,3.78,2.77,3.16,,
2005-06-08,3.81,2.81,3.2,,
2005-06-09,3.81,2.82,3.2,,
2005-06-10,3.89,2.93,3.29,,
2005-06-13,3.9,2.93,3.29,,
2005-06-14,3.93,2.94,3.33,,
2005-06-15,3.93,2.94,3.33,,
2005-06-16,3.9,2.9,3.29,,
2005-06-17,3.89,2.9,3.29,,
2005-06-20,3.88,2.89,3.27,,
2005-06-21,3.84,2.87,3.24,,
2005-06-22,3.77,2.8,3.16,,
2005-06-23,3.76,2.79,3.15,,
2005-06-24,3.74,2.78,3.13,,
2005-06-27,3.73,2.81,3.13,,
2005-06-28,3.78,2.85,3.18,,
2005-06-29,3.81,2.86,3.2,,
2005-06-30,3.74,2.83,3.16,,
2005-07-04,3.85,2.97,3.28,,
2005-07-05,3.9,3.0,3.33,,
2005-07-06,3.89,2.97,3.32,,
2005-07-07,3.88,2.94,3.31,,
2005-07-08,3.89,2.99,3.33,,
2005-07-11,3.91,3.01,3.34,,
2005-07-12,3.96,3.08,3.42,,
2005-07-13,3.94,3.07,3.4,,
2005-07-14,3.92,3.05,3.38,,
2005-07-15,3.91,3.06,3.38,,
2005-07-18,3.95,3.07,3.4,,
2005-07-19,3.91,3.04,3.37,,
2005-07-20,3.92,3.05,3.38,,
2005-07-21,3.96,3.06,3.41,,
2005-07-22,3.86,2.96,3.3,,
2005-07-25,3.84,2.95,3.28,,
2005-07-26,3.88,2.98,3.32,,
2005-07-27,3.91,3.04,3.37,,
2005-07-28,3.85,3.01,3.33,,
2005-07-29,3.86,3.04,3.34,,
2005-08-02,3.94,3.08,3.4,,
2005-08-03,3.93,3.07,3.39,,
2005-08-04,3.93,3.08,3.39,,
2005-08-05,4.01,3.15,3.47,,
2005-08-08,4.02,3.17,3.5,,
2005-08-09,4.0,3.15,3.48,,
2005-08-10,4.04,3.17,3.51,,
2005-08-11,3.98,3.13,3.46,,
2005-08-12,3.92,3.11,3.42,,
2005-08-15,3.95,3.14,3.45,,
2005-08-16,3.93,3.1,3.38,,
2005-08-17,3.96,3.14,3.42,,
2005-08-18,3.92,3.1,3.38,,
2005-08-19,3.91,3.13,3.38,,
2005-08-22,3.92,3.16,3.41,,
2005-08-23,3.91,3.15,3.4,,
2005-08-24,3.87,3.11,3.35,,
2005-08-25,3.84,3.07,3.32,,
2005-08-26,3.85,3.09,3.33,,
2005-08-29,3.83,3.1,3.44,,
2005-08-30,3.81,3.07,3.42,,
2005-08-31,3.78,2.97,3.35,,
2005-09-01,3.73,2.85,3.27,,
2005-09-02,3.73,2.9,3.29,,
2005-09-06,3.79,2.99,3.37,,
2005-09-07,3.85,3.03,3.43,,
2005-09-08,3.85,3.02,3.42,,
2005-09-09,3.82,3.03,3.41,,
2005-09-12,3.85,3.05,3.44,,
2005-09-13,3.82,3.04,3.42,,
2005-09-14,3.85,3.08,3.45,,
2005-09-15,3.87,3.08,3.46,,
2005-09-16,3.92,3.13,3.52,,
2005-09-19,3.88,3.14,3.47,,
2005-09-20,3.9,3.19,3.5,,
2005-09-21,3.85,3.17,3.47,,
2005-09-22,3.86,3.18,3.47,,
2005-09-23,3.91,3.25,3.54,,
2005-09-26,3.95,3.28,3.58,,
2005-09-27,3.94,3.3,3.58,,
2005-09-28,3.94,3.3,3.58,,
2005-09-29,3.97,3.34,3.61,,
2005-09-30,3.96,3.35,3.62,,
2005-10-03,3.98,3.36,3.64,,
2005-10-04,3.94,3.34,3.6,,
2005-10-05,3.93,3.33,3.59,,
2005-10-06,3.93,3.32,3.58,,
2005-10-07,3.94,3.35,3.61,,
2005-10-11,3.99,3.39,3.66,,
2005-10-12,4.05,3.41,3.69,,
2005-10-13,4.05,3.41,3.7,,
2005-10-14,4.04,3.42,3.7,,
2005-10-17,4.06,3.45,3.73,,
2005-10-18,4.06,3.48,3.75,,
2005-10-19,4.1,3.51,3.78,,
2005-10-20,4.06,3.48,3.74,,
2005-10-21,4.02,3.48,3.72,,
2005-10-24,4.05,3.5,3.74,,
2005-10-25,4.11,3.57,3.82,,
2005-10-26,4.16,3.6,3.86,,
2005-10-27,4.14,3.58,3.85,,
2005-10-28,4.16,3.61,3.87,,
2005-10-31,4.17,3.64,3.89,,
2005-11-01,4.17,3.65,3.9,,
2005-11-02,4.18,3.65,3.9,,
2005-11-03,4.18,3.66,3.91,,
2005-11-04,4.2,3.7,3.94,,
2005-11-07,4.18,3.69,3.92,,
2005-11-08,4.14,3.67,3.89,,
2005-11-09,4.18,3.71,3.93,,
2005-11-10,4.16,3.71,3.92,,
2005-11-14,4.19,3.77,3.97,,
2005-11-15,4.15,3.76,3.94,,
2005-11-16,4.09,3.71,3.88,,
2005-11-17,4.08,3.71,3.88,,
2005-11-18,4.11,3.75,3.91,,
2005-11-21,4.09,3.76,3.91,,
2005-11-22,4.03,3.67,3.83,,
2005-11-23,4.01,3.68,3.82,,
2005-11-24,4.01,3.69,3.81,,
2005-11-25,4.01,3.69,3.83,,
2005-11-28,3.99,3.69,3.81,,
2005-11-29,4.04,3.73,3.86,,
2005-11-30,4.06,3.77,3.89,,
2005-12-01,4.05,3.76,3.89,,
2005-12-02,4.08,3.79,3.92,,
2005-12-05,4.11,3.81,3.95,,
2005-12-06,4.05,3.76,3.9,,
2005-12-07,4.07,3.77,3.91,,
2005-12-08,4.04,3.76,3.89,,
2005-12-09,4.11,3.81,3.95,,
2005-12-12,4.13,3.85,3.99,,
2005-12-13,4.12,3.85,3.98,,
2005-12-14,4.08,3.83,3.95,,
2005-12-15,4.06,3.84,3.95,,
2005-12-16,4.01,3.81,3.9,,
2005-12-19,4.0,3.8,3.89,,
2005-12-20,4.02,3.81,3.91,,
2005-12-21,4.03,3.82,3.92,,
2005-12-22,4.0,3.83,3.91,,
2005-12-23,3.99,3.83,3.91,,
2005-12-28,3.93,3.8,3.87,,
2005-12-29,3.96,3.82,3.89,,
2005-12-30,3.98,3.85,3.92,,
2006-01-03,3.97,3.81,3.89,,
2006-01-04,3.93,3.71,3.81,,
2006-01-05,3.95,3.69,3.81,,
2006-01-06,3.97,3.73,3.85,,
2006-01-09,3.99,3.74,3.86,,
2006-01-10,4.03,3.78,3.9,,
2006-01-11,4.05,3.82,3.93,,
2006-01-12,4.03,3.81,3.92,,
2006-01-13,3.99,3.79,3.88,,
2006-01-16,3.98,3.79,3.88,,
2006-01-17,3.94,3.76,3.84,,
2006-01-18,3.94,3.75,3.84,,
2006-01-19,4.0,3.8,3.89,,
2006-01-20,4.01,3.79,3.9,,
2006-01-23,4.04,3.82,3.93,,
2006-01-24,4.05,3.78,3.92,,
2006-01-25,4.11,3.83,3.98,,
2006-01-26,4.14,3.85,4.01,,
2006-01-27,4.15,3.86,4.03,,
2006-01-30,4.17,3.87,4.04,,
2006-01-31,4.17,3.86,4.04,,
2006-02-01,4.18,3.89,4.06,,
2006-02-02,4.18,3.92,4.07,,
2006-02-03,4.16,3.93,4.07,,
2006-02-06,4.21,3.98,4.12,,
2006-02-07,4.2,3.98,4.11,,
2006-02-08,4.21,3.99,4.11,,
2006-02-09,4.21,3.99,4.11,,
2006-02-10,4.22,3.98,4.12,,
2006-02-13,4.2,3.95,4.1,,
2006-02-14,4.22,3.96,4.11,,
2006-02-15,4.21,3.95,4.11,,
2006-02-16,4.19,3.93,4.08,,
2006-02-17,4.12,3.9,4.03,,
2006-02-20,4.11,3.9,4.02,,
2006-02-21,4.13,3.93,4.05,,
2006-02-22,4.1,3.91,4.02,,
2006-02-23,4.13,3.96,4.07,,
2006-02-24,4.15,3.98,4.09,,
2006-02-27,4.15,3.98,4.09,,
2006-02-28,4.12,3.95,4.06,,
2006-03-01,4.15,3.95,4.08,,
2006-03-02,4.18,3.94,4.09,,
2006-03-03,4.22,3.98,4.13,,
2006-03-06,4.27,3.99,4.16,,
2006-03-07,4.22,3.93,4.11,,
2006-03-08,4.2,3.89,4.07,,
2006-03-09,4.21,3.93,4.1,,
2006-03-10,4.24,3.96,4.13,,
2006-03-13,4.25,3.96,4.14,,
2006-03-14,4.18,3.91,4.08,,
2006-03-15,4.19,3.91,4.08,,
2006-03-16,4.12,3.85,4.0,,
2006-03-17,4.14,3.89,4.03,,
2006-03-20,4.16,3.9,4.04,,
2006-03-21,4.2,3.95,4.1,,
2006-03-22,4.19,3.95,4.1,,
2006-03-23,4.21,3.98,4.12,,
2006-03-24,4.13,3.91,4.05,,
2006-03-27,4.16,3.92,4.08,,
2006-03-28,4.21,3.96,4.11,,
2006-03-29,4.23,3.98,4.13,,
2006-03-30,4.27,3.99,4.17,,
2006-03-31,4.26,3.99,4.15,,
2006-04-03,4.29,4.02,4.2,,
2006-04-04,4.32,4.04,4.22,,
2006-04-05,4.32,4.03,4.22,,
2006-04-06,4.35,4.05,4.23,,
2006-04-07,4.41,4.12,4.3,,
2006-04-10,4.4,4.14,4.3,,
2006-04-11,4.38,4.12,4.27,,
2006-04-12,4.4,4.11,4.28,,
2006-04-13,4.44,4.12,4.31,,
2006-04-17,4.42,4.07,4.26,,
2006-04-18,4.4,4.04,4.23,,
2006-04-19,4.44,4.07,4.27,,
2006-04-20,4.48,4.1,4.3,,
2006-04-21,4.45,4.07,4.27,,
2006-04-24,4.42,4.07,4.26,,
2006-04-25,4.5,4.16,4.35,,
2006-04-26,4.52,4.19,4.38,,
2006-04-27,4.5,4.14,4.34,,
2006-04-28,4.46,4.13,4.3,,
2006-05-01,4.51,4.17,4.36,,
2006-05-02,4.48,4.16,4.33,,
2006-05-03,4.48,4.18,4.33,,
2006-05-04,4.47,4.15,4.32,,
2006-05-05,4.45,4.14,4.31,,
2006-05-08,4.45,4.12,4.3,,
2006-05-09,4.46,4.1,4.29,,
2006-05-10,4.47,4.12,4.3,,
2006-05-11,4.46,4.08,4.28,,
2006-05-12,4.45,4.07,4.27,,
2006-05-15,4.41,4.06,4.24,,
2006-05-16,4.37,4.05,4.21,,
2006-05-17,4.38,4.08,4.22,,
2006-05-18,4.31,4.02,4.16,,
2006-05-19,4.33,4.08,4.2,,
2006-05-23,4.32,4.06,4.18,,
2006-05-24,4.3,4.09,4.19,,
2006-05-25,4.29,4.08,4.17,,
2006-05-26,4.3,4.09,4.18,,
2006-05-29,4.3,4.11,4.19,,
2006-05-30,4.35,4.13,4.23,,
2006-05-31,4.45,4.18,4.31,,
2006-06-01,4.39,4.15,4.26,,
2006-06-02,4.31,4.09,4.19,,
2006-06-05,4.31,4.11,4.19,,
2006-06-06,4.29,4.11,4.18,,
2006-06-07,4.31,4.13,4.2,,
2006-06-08,4.32,4.13,4.2,,
2006-06-09,4.37,4.23,4.28,,
2006-06-12,4.35,4.23,4.26,,
2006-06-13,4.31,4.2,4.22,,
2006-06-14,4.35,4.22,4.25,,
2006-06-15,4.39,4.24,4.29,,
2006-06-16,4.39,4.24,4.29,,
2006-06-19,4.41,4.25,4.3,,
2006-06-20,4.49,4.35,4.4,,
2006-06-21,4.52,4.36,4.42,,
2006-06-22,4.56,4.37,4.45,,
2006-06-23,4.61,4.41,4.49,,
2006-06-26,4.64,4.43,4.53,,
2006-06-27,4.6,4.43,4.51,,
2006-06-28,4.63,4.45,4.53,,
2006-06-29,4.58,4.38,4.47,,
2006-06-30,4.58,4.4,4.47,,
2006-07-04,4.6,4.42,4.5,,
2006-07-05,4.61,4.43,4.51,,
2006-07-06,4.59,4.42,4.49,,
2006-07-07,4.49,4.31,4.38,,
2006-07-10,4.46,4.29,4.36,,
2006-07-11,4.44,4.24,4.32,,
2006-07-12,4.46,4.23,4.32,,
2006-07-13,4.45,4.22,4.31,,
2006-07-14,4.44,4.21,4.3,,
2006-07-17,4.44,4.22,4.3,,
2006-07-18,4.49,4.26,4.35,,
2006-07-19,4.43,4.21,4.3,,
2006-07-20,4.42,4.21,4.29,,
2006-07-21,4.38,4.16,4.24,,
2006-07-24,4.37,4.13,4.23,,
2006-07-25,4.4,4.16,4.26,,
2006-07-26,4.38,4.15,4.25,,
2006-07-27,4.38,4.15,4.24,,
2006-07-28,4.34,4.15,4.22,,
2006-07-31,4.31,4.12,4.18,,
2006-08-01,4.31,4.11,4.17,,
2006-08-02,4.32,4.13,4.19,,
2006-08-03,4.33,4.16,4.22,,
2006-08-04,4.3,4.13,4.19,,
2006-08-08,4.28,4.12,4.18,,
2006-08-09,4.32,4.13,4.17,,
2006-08-10,4.33,4.14,4.18,,
2006-08-11,4.36,4.16,4.21,,
2006-08-14,4.38,4.19,4.23,,
2006-08-15,4.32,4.15,4.19,,
2006-08-16,4.28,4.11,4.14,,
2006-08-17,4.26,4.1,4.13,,
2006-08-18,4.22,4.07,4.11,,
2006-08-21,4.21,4.06,4.1,,
2006-08-22,4.19,4.06,4.09,,
2006-08-23,4.2,4.06,4.1,,
2006-08-24,4.2,4.06,4.09,,
2006-08-25,4.18,4.05,4.07,,
2006-08-28,4.18,4.05,4.08,,
2006-08-29,4.16,4.05,4.06,,
2006-08-30,4.12,4.02,4.03,,
2006-08-31,4.11,3.97,4.01,,
2006-09-01,4.08,3.94,3.98,,
2006-09-04,4.08,,,,
2006-09-05,4.14,3.97,4.02,,
2006-09-06,4.14,3.98,4.03,,
2006-09-07,4.13,3.98,4.03,,
2006-09-08,4.1,3.94,3.99,,
2006-09-11,4.15,3.97,4.03,,
2006-09-12,4.11,3.97,4.01,,
2006-09-13,4.12,3.98,4.01,,
2006-09-14,4.13,4.0,4.03,,
2006-09-15,4.1,3.99,4.01,,
2006-09-18,4.12,4.0,4.02,,
2006-09-19,4.08,3.96,3.98,,
2006-09-20,4.08,3.97,3.98,,
2006-09-21,4.02,3.92,3.92,,
2006-09-22,3.99,3.89,3.89,,
2006-09-25,3.93,3.84,3.83,,
2006-09-26,3.97,3.88,3.87,,
2006-09-27,3.98,3.89,3.88,,
2006-09-28,3.99,3.9,3.89,,
2006-09-29,4.0,3.91,3.9,,
2006-10-02,3.98,3.89,3.88,,
2006-10-03,3.99,3.9,3.89,,
2006-10-04,3.96,3.88,3.86,,
2006-10-05,4.01,3.92,3.91,,
2006-10-06,4.08,3.99,3.99,,
2006-10-10,4.11,4.01,4.02,,
2006-10-11,4.13,4.06,4.05,,
2006-10-12,4.14,4.04,4.05,,
2006-10-13,4.17,4.05,4.06,,
2006-10-16,4.15,4.03,4.04,,
2006-10-17,4.17,4.05,4.06,,
2006-10-18,4.15,4.04,4.06,,
2006-10-19,4.18,4.06,4.08,,
2006-10-20,4.18,4.08,4.08,,
2006-10-23,4.2,4.11,4.11,,
2006-10-24,4.2,4.11,4.11,,
2006-10-25,4.17,4.08,4.08,,
2006-10-26,4.11,4.03,4.02,,
2006-10-27,4.07,4.01,3.99,,
2006-10-30,4.07,4.0,3.98,,
2006-10-31,4.02,3.97,3.93,,
2006-11-01,3.98,3.91,3.89,,
2006-11-02,4.02,3.93,3.92,,
2006-11-03,4.11,4.03,4.02,,
2006-11-06,4.1,4.03,4.01,,
2006-11-07,4.05,3.98,3.96,,
2006-11-08,4.04,3.97,3.94,,
2006-11-09,4.03,3.96,3.94,,
2006-11-10,4.0,3.94,3.91,,
2006-11-14,3.98,3.95,3.9,,
2006-11-15,4.02,3.97,3.93,,
2006-11-16,4.03,3.98,3.94,,
2006-11-17,4.0,3.94,3.92,,
2006-11-20,4.0,3.92,3.9,,
2006-11-21,3.99,3.93,3.9,,
2006-11-22,3.98,3.93,3.89,,
2006-11-23,3.98,3.94,3.9,,
2006-11-24,3.97,3.93,3.89,,
2006-11-27,3.95,3.91,3.87,,
2006-11-28,3.92,3.89,3.83,,
2006-11-29,3.94,3.9,3.85,,
2006-11-30,3.9,3.87,3.81,,
2006-12-01,3.86,3.79,3.74,,
2006-12-04,3.87,3.79,3.75,,
2006-12-05,3.87,3.8,3.76,,
2006-12-06,3.9,3.83,3.8,,
2006-12-07,3.89,3.82,3.79,,
2006-12-08,3.94,3.88,3.84,,
2006-12-11,3.91,3.88,3.82,,
2006-12-12,3.89,3.86,3.8,,
2006-12-13,3.96,3.92,3.86,,
2006-12-14,3.98,3.95,3.89,,
2006-12-15,4.01,3.95,3.9,,
2006-12-18,4.04,3.97,3.94,,
2006-12-19,4.03,3.97,3.93,,
2006-12-20,4.02,3.97,3.92,,
2006-12-21,3.97,3.92,3.87,,
2006-12-22,4.01,3.95,3.91,,
2006-12-27,4.05,3.98,3.95,,
2006-12-28,4.08,4.02,3.99,,
2006-12-29,4.08,4.02,3.99,,
2007-01-02,4.06,3.99,3.96,,
2007-01-03,4.04,3.97,3.94,,
2007-01-04,3.99,3.92,3.89,,
2007-01-05,4.03,3.98,3.94,,
2007-01-08,4.05,4.0,3.95,,
2007-01-09,4.05,4.0,3.96,,
2007-01-10,4.07,4.01,3.97,,
2007-01-11,4.11,4.05,4.01,,
2007-01-12,4.13,4.06,4.04,,
2007-01-15,4.14,4.06,4.04,,
2007-01-16,4.13,4.06,4.04,,
2007-01-17,4.16,4.08,4.06,,
2007-01-18,4.13,4.07,4.04,,
2007-01-19,4.13,4.08,4.04,,
2007-01-22,4.13,4.07,4.04,,
2007-01-23,4.16,4.08,4.06,,
2007-01-24,4.17,4.08,4.07,,
2007-01-25,4.2,4.12,4.11,,
2007-01-26,4.19,4.13,4.11,,
2007-01-29,4.22,4.14,4.13,,
2007-01-30,4.22,4.13,4.13,,
2007-01-31,4.17,4.1,4.08,,
2007-02-01,4.19,4.13,4.11,,
2007-02-02,4.18,4.11,4.1,,
2007-02-05,4.16,4.1,4.08,,
2007-02-06,4.13,4.08,4.04,,
2007-02-07,4.11,4.06,4.03,,
2007-02-08,4.1,4.05,4.02,,
2007-02-09,4.16,4.11,4.08,,
2007-02-12,4.2,4.14,4.11,,
2007-02-13,4.22,4.15,4.13,,
2007-02-14,4.14,4.09,4.06,,
2007-02-15,4.11,4.07,4.03,,
2007-02-16,4.1,4.07,4.02,,
2007-02-19,4.09,4.06,4.02,,
2007-02-20,4.07,4.06,4.01,,
2007-02-21,4.09,4.08,4.03,,
2007-02-22,4.13,4.11,4.07,,
2007-02-23,4.1,4.08,4.03,,
2007-02-26,4.06,4.05,4.0,,
2007-02-27,3.98,3.93,3.91,,
2007-02-28,4.03,3.97,3.95,,
2007-03-01,4.02,3.96,3.93,,
2007-03-02,3.99,3.91,3.9,,
2007-03-05,3.99,3.89,3.89,,
2007-03-06,4.0,3.92,3.9,,
2007-03-07,3.95,3.87,3.86,,
2007-03-08,3.98,3.9,3.88,,
2007-03-09,4.05,3.98,3.96,,
2007-03-12,4.02,3.96,3.94,,
2007-03-13,3.98,3.9,3.88,,
2007-03-14,4.02,3.92,3.92,,
2007-03-15,4.02,3.92,3.92,,
2007-03-16,4.03,3.94,3.93,,
2007-03-19,4.06,3.97,3.96,,
2007-03-20,4.08,4.02,3.99,,
2007-03-21,4.08,3.99,3.97,,
2007-03-22,4.1,4.02,4.0,,
2007-03-23,4.11,3.97,4.0,,
2007-03-26,4.11,3.97,4.0,,
2007-03-27,4.09,3.97,3.99,,
2007-03-28,4.1,3.96,3.99,,
2007-03-29,4.12,3.98,4.01,,
2007-03-30,4.11,3.98,4.01,,
2007-04-02,4.11,3.98,4.01,,
2007-04-03,4.14,4.0,4.04,,
2007-04-04,4.11,3.98,4.01,,
2007-04-05,4.14,4.02,4.05,,
2007-04-09,4.19,4.09,4.11,,
2007-04-10,4.16,4.08,4.09,,
2007-04-11,4.18,4.1,4.11,,
2007-04-12,4.19,4.1,4.12,,
2007-04-13,4.21,4.13,4.15,,
2007-04-16,4.21,4.13,4.15,,
2007-04-17,4.18,4.11,4.11,,
2007-04-18,4.18,4.12,4.12,,
2007-04-19,4.19,4.12,4.12,,
2007-04-20,4.21,4.17,4.17,,
2007-04-23,4.18,4.15,4.13,,
2007-04-24,4.15,4.12,4.1,,
2007-04-25,4.15,4.13,4.11,,
2007-04-26,4.19,4.14,4.14,,
2007-04-27,4.22,4.16,4.16,,
2007-04-30,4.14,4.13,4.1,,
2007-05-01,4.16,4.15,4.11,,
2007-05-02,4.18,4.18,4.14,,
2007-05-03,4.22,4.23,4.19,,
2007-05-04,4.2,4.21,4.18,,
2007-05-07,4.18,4.2,4.16,,
2007-05-08,4.18,4.2,4.15,,
2007-05-09,4.19,4.22,4.17,,
2007-05-10,4.19,4.21,4.17,,
2007-05-11,4.18,4.19,4.16,,
2007-05-14,4.23,4.23,4.19,,
2007-05-15,4.23,4.23,4.21,,
2007-05-16,4.23,4.23,4.21,,
2007-05-17,4.3,4.35,4.31,,
2007-05-18,4.31,4.38,4.34,,
2007-05-22,4.35,4.41,4.38,,
2007-05-23,4.38,4.42,4.4,,
2007-05-24,4.4,4.42,4.41,,
2007-05-25,4.42,4.42,4.43,,
2007-05-28,4.44,4.44,4.45,,
2007-05-29,4.5,4.58,4.54,,
2007-05-30,4.48,4.56,4.53,,
2007-05-31,4.49,4.57,4.55,,
2007-06-01,4.51,4.6,4.58,,
2007-06-04,4.47,4.58,4.55,,
2007-06-05,4.52,4.62,4.6,,
2007-06-06,4.52,4.62,4.6,,
2007-06-07,4.61,4.67,4.67,,
2007-06-08,4.62,4.67,4.66,,
2007-06-11,4.65,4.69,4.69,,
2007-06-12,4.73,4.74,4.75,,
2007-06-13,4.68,4.73,4.72,,
2007-06-14,4.69,4.72,4.71,,
2007-06-15,4.61,4.66,4.63,,
2007-06-18,4.65,4.7,4.67,,
2007-06-19,4.62,4.66,4.64,,
2007-06-20,4.64,4.68,4.66,,
2007-06-21,4.67,4.68,4.68,,
2007-06-22,4.65,4.66,4.65,,
2007-06-25,4.62,4.64,4.63,,
2007-06-26,4.61,4.64,4.62,,
2007-06-27,4.62,4.64,4.62,,
2007-06-28,4.63,4.64,4.63,,
2007-06-29,4.55,4.58,4.55,,
2007-07-03,4.55,4.59,4.55,,
2007-07-04,4.58,4.62,4.58,,
2007-07-05,4.64,4.67,4.65,,
2007-07-06,4.7,4.72,4.72,,
2007-07-09,4.67,4.7,4.69,,
2007-07-10,4.57,4.6,4.57,,
2007-07-11,4.61,4.63,4.61,,
2007-07-12,4.66,4.67,4.66,,
2007-07-13,4.64,4.67,4.65,,
2007-07-16,4.59,4.65,4.62,,
2007-07-17,4.63,4.69,4.66,,
2007-07-18,4.61,4.65,4.63,,
2007-07-19,4.61,4.65,4.63,,
2007-07-20,4.56,4.61,4.58,,
2007-07-23,4.56,4.64,4.6,,
2007-07-24,4.57,4.68,4.62,,
2007-07-25,4.58,4.69,4.63,,
2007-07-26,4.52,4.61,4.56,,
2007-07-27,4.48,4.57,4.52,,
2007-07-30,4.54,4.62,4.57,,
2007-07-31,4.52,4.61,4.56,,
2007-08-01,4.52,4.64,4.57,,
2007-08-02,4.5,4.64,4.56,,
2007-08-03,4.47,4.61,4.53,,
2007-08-07,4.48,4.61,4.54,,
2007-08-08,4.55,4.67,4.6,,
2007-08-09,4.52,4.53,4.52,,
2007-08-10,4.52,4.53,4.53,,
2007-08-13,4.46,4.41,4.43,,
2007-08-14,4.42,4.3,4.36,,
2007-08-15,4.44,4.3,4.36,,
2007-08-16,4.43,4.26,4.35,,
2007-08-17,4.41,4.18,4.31,,
2007-08-20,4.37,4.09,4.24,,
2007-08-21,4.36,4.04,4.22,,
2007-08-22,4.41,4.2,4.31,,
2007-08-23,4.41,4.21,4.32,,
2007-08-24,4.38,4.26,4.32,,
2007-08-27,4.33,4.19,4.26,,
2007-08-28,4.29,4.12,4.2,,
2007-08-29,4.38,4.23,4.3,,
2007-08-30,4.36,4.21,4.28,,
2007-08-31,4.42,4.35,4.38,,
2007-09-04,4.4,4.34,4.36,,
2007-09-05,4.34,4.21,4.27,,
2007-09-06,4.35,4.25,4.29,,
2007-09-07,4.28,4.14,4.2,,
2007-09-10,4.27,4.14,4.19,,
2007-09-11,4.33,4.21,4.25,,
2007-09-12,4.33,4.22,4.27,,
2007-09-13,4.35,4.25,4.29,,
2007-09-14,4.33,4.25,4.27,,
2007-09-17,4.31,4.27,4.27,,
2007-09-18,4.31,4.19,4.23,,
2007-09-19,4.4,4.25,4.3,,
2007-09-20,4.48,4.33,4.39,,
2007-09-21,4.38,4.14,4.27,,
2007-09-24,4.39,4.15,4.27,,
2007-09-25,4.38,4.14,4.26,,
2007-09-26,4.41,4.16,4.29,,
2007-09-27,4.39,4.15,4.27,,
2007-09-28,4.34,4.07,4.2,,
2007-10-01,4.33,4.07,4.19,,
2007-10-02,4.32,4.1,4.19,,
2007-10-03,4.36,4.14,4.24,,
2007-10-04,4.31,4.13,4.2,,
2007-10-05,4.43,4.3,4.35,,
2007-10-09,4.48,4.39,4.43,,
2007-10-10,4.44,4.36,4.39,,
2007-10-11,4.43,4.31,4.36,,
2007-10-12,4.49,4.36,4.42,,
2007-10-15,4.48,4.36,4.41,,
2007-10-16,4.46,4.31,4.38,,
2007-10-17,4.43,4.28,4.36,,
2007-10-18,4.37,4.22,4.3,,
2007-10-19,4.3,4.13,4.21,,
2007-10-22,4.31,4.17,4.23,,
2007-10-23,4.31,4.16,4.22,,
2007-10-24,4.28,4.12,4.19,,
2007-10-25,4.32,4.15,4.23,,
2007-10-26,4.28,4.13,4.2,,
2007-10-29,4.27,4.1,4.18,,
2007-10-30,4.27,4.08,4.17,,
2007-10-31,4.31,4.17,4.23,,
2007-11-01,4.25,4.07,4.16,,
2007-11-02,4.3,4.11,4.2,,
2007-11-05,4.29,4.1,4.2,,
2007-11-06,4.31,4.1,4.21,,
2007-11-07,4.25,3.98,4.13,,
2007-11-08,4.26,3.95,4.12,,
2007-11-09,4.21,3.91,4.05,,
2007-11-13,4.23,3.96,4.11,,
2007-11-14,4.2,3.92,4.07,,
2007-11-15,4.12,3.82,3.97,,
2007-11-16,4.13,3.83,3.99,,
2007-11-19,4.03,3.62,3.84,,
2007-11-20,4.06,3.65,3.86,,
2007-11-21,4.0,3.55,3.76,,
2007-11-22,3.99,3.54,3.75,,
2007-11-23,3.99,3.58,3.78,,
2007-11-26,3.91,3.48,3.68,,
2007-11-27,4.0,3.65,3.81,,
2007-11-28,4.07,3.76,3.91,,
2007-11-29,3.97,3.65,3.8,,
2007-11-30,3.98,3.65,3.8,,
2007-12-03,3.89,3.55,3.69,,
2007-12-04,3.87,3.48,3.65,,
2007-12-05,3.93,3.55,3.71,,
2007-12-06,3.96,3.61,3.76,,
2007-12-07,4.03,3.7,3.85,,
2007-12-10,4.06,3.75,3.89,,
2007-12-11,3.93,3.62,3.76,,
2007-12-12,4.02,3.78,3.87,,
2007-12-13,4.15,3.92,4.02,,
2007-12-14,4.14,3.94,4.02,,
2007-12-17,4.05,3.87,3.94,,
2007-12-18,4.02,3.82,3.89,,
2007-12-19,3.98,3.76,3.85,,
2007-12-20,4.0,3.77,3.88,,
2007-12-21,4.08,3.85,3.96,,
2007-12-24,4.09,3.87,3.98,,
2007-12-27,4.09,3.85,3.96,,
2007-12-28,4.02,3.77,3.89,,
2007-12-31,3.99,3.74,3.87,,
2008-01-02,3.91,3.61,3.76,,
2008-01-03,3.93,3.61,3.76,,
2008-01-04,3.89,3.55,3.7,,
2008-01-07,3.87,3.54,3.68,,
2008-01-08,3.85,3.47,3.63,,
2008-01-09,3.87,3.48,3.65,,
2008-01-10,3.87,3.4,3.61,,
2008-01-11,3.79,3.23,3.49,,
2008-01-14,3.81,3.25,3.5,,
2008-01-15,3.78,3.23,3.47,,
2008-01-16,3.82,3.28,3.52,,
2008-01-17,3.77,3.23,3.46,,
2008-01-18,3.8,3.23,3.47,,
2008-01-21,3.74,3.07,3.36,,
2008-01-22,3.79,3.08,3.38,,
2008-01-23,3.88,3.19,3.48,,
2008-01-24,3.94,3.3,3.58,,
2008-01-25,3.85,3.22,3.49,,
2008-01-28,3.84,3.2,3.47,,
2008-01-29,3.9,3.29,3.56,,
2008-01-30,3.88,3.17,3.5,,
2008-01-31,3.88,3.17,3.5,,
2008-02-01,3.81,3.13,3.44,,
2008-02-04,3.84,3.15,3.46,,
2008-02-05,3.74,3.03,3.34,,
2008-02-06,3.78,3.04,3.35,,
2008-02-07,3.86,3.08,3.43,,
2008-02-08,3.82,3.06,3.39,,
2008-02-11,3.79,3.04,3.36,,
2008-02-12,3.84,3.09,3.41,,
2008-02-13,3.87,3.08,3.42,,
2008-02-14,3.88,3.04,3.41,,
2008-02-15,3.82,2.99,3.35,,
2008-02-19,3.93,3.11,3.48,,
2008-02-20,3.92,3.15,3.5,,
2008-02-21,3.86,3.1,3.43,,
2008-02-22,3.88,3.14,3.47,,
2008-02-25,3.92,3.18,3.51,,
2008-02-26,3.85,3.08,3.43,,
2008-02-27,3.81,3.05,3.4,,
2008-02-28,3.7,2.92,3.26,,
2008-02-29,3.64,2.77,3.14,,
2008-03-03,3.61,2.71,3.09,,
2008-03-04,3.64,2.68,3.08,,
2008-03-05,3.64,2.65,3.06,,
2008-03-06,3.55,2.52,2.95,,
2008-03-07,3.56,2.56,2.97,,
2008-03-10,3.52,2.54,2.94,,
2008-03-11,3.58,2.66,3.03,,
2008-03-12,3.52,2.61,2.97,,
2008-03-13,3.51,2.54,2.93,,
2008-03-14,3.48,2.43,2.86,,
2008-03-17,3.4,2.3,2.74,,
2008-03-18,3.48,2.49,2.9,,
2008-03-19,3.44,2.52,2.89,,
2008-03-20,3.45,2.56,2.91,,
2008-03-24,3.52,2.73,3.05,,
2008-03-25,3.48,2.7,3.0,,
2008-03-26,3.46,2.6,2.93,,
2008-03-27,3.46,2.57,2.92,,
2008-03-28,3.45,2.58,2.91,,
2008-03-31,3.43,2.62,2.91,,
2008-04-01,3.56,2.77,3.05,,
2008-04-02,3.62,2.9,3.16,,
2008-04-03,3.58,2.82,3.1,,
2008-04-04,3.52,2.75,3.04,,
2008-04-07,3.59,2.8,3.1,,
2008-04-08,3.61,2.77,3.1,,
2008-04-09,3.55,2.69,3.03,,
2008-04-10,3.62,2.74,3.09,,
2008-04-11,3.55,2.67,3.01,,
2008-04-14,3.56,2.65,3.0,,
2008-04-15,3.63,2.71,3.06,,
2008-04-16,3.66,2.77,3.12,,
2008-04-17,3.68,2.83,3.16,,
2008-04-18,3.68,2.85,3.18,,
2008-04-21,3.66,2.84,3.16,,
2008-04-22,3.64,2.8,3.13,,
2008-04-23,3.66,2.78,3.12,,
2008-04-24,3.72,2.87,3.2,,
2008-04-25,3.75,2.92,3.25,,
2008-04-28,3.72,2.87,3.2,,
2008-04-29,3.69,2.86,3.18,,
2008-04-30,3.58,2.73,3.04,,
2008-05-01,3.56,2.73,3.04,,
2008-05-02,3.61,2.78,3.09,,
2008-05-05,3.62,2.78,3.1,,
2008-05-06,3.69,2.81,3.16,,
2008-05-07,3.67,2.8,3.13,,
2008-05-08,3.64,2.76,3.1,,
2008-05-09,3.58,2.72,3.14,,
2008-05-12,3.56,2.73,3.13,,
2008-05-13,3.6,2.81,3.18,,
2008-05-14,3.6,2.83,3.19,,
2008-05-15,3.56,2.77,3.14,,
2008-05-16,3.57,2.8,3.16,,
2008-05-20,3.51,2.77,3.1,,
2008-05-21,3.58,2.9,3.2,,
2008-05-22,3.66,3.01,3.3,,
2008-05-23,3.63,2.99,3.27,,
2008-05-26,3.65,3.02,3.29,,
2008-05-27,3.66,3.06,3.32,,
2008-05-28,3.68,3.09,3.34,,
2008-05-29,3.71,3.1,3.37,,
2008-05-30,3.71,3.01,3.34,,
2008-06-02,3.64,2.9,3.24,,
2008-06-03,3.62,2.83,3.18,,
2008-06-04,3.63,2.85,3.21,,
2008-06-05,3.7,2.88,3.25,,
2008-06-06,3.65,2.87,3.22,,
2008-06-09,3.71,3.07,3.35,,
2008-06-10,3.84,3.39,3.56,,
2008-06-11,3.8,3.28,3.49,,
2008-06-12,3.88,3.4,3.59,,
2008-06-13,3.89,3.39,3.6,,
2008-06-16,3.88,3.36,3.6,,
2008-06-17,3.84,3.27,3.52,,
2008-06-18,3.82,3.25,3.5,,
2008-06-19,3.87,3.35,3.57,,
2008-06-20,3.83,3.3,3.52,,
2008-06-23,3.8,3.33,3.52,,
2008-06-24,3.71,3.24,3.42,,
2008-06-25,3.71,3.23,3.42,,
2008-06-26,3.7,3.15,3.38,,
2008-06-27,3.7,3.17,3.39,,
2008-06-30,3.74,3.24,3.45,,
2008-07-02,3.75,3.22,3.45,,
2008-07-03,3.74,3.21,3.44,,
2008-07-04,3.71,3.18,3.41,,
2008-07-07,3.67,3.15,3.37,,
2008-07-08,3.7,3.2,3.42,,
2008-07-09,3.68,3.18,3.39,,
2008-07-10,3.67,3.15,3.37,,
2008-07-11,3.7,3.18,3.4,,
2008-07-14,3.71,3.12,3.34,,
2008-07-15,3.68,3.06,3.28,,
2008-07-16,3.73,3.07,3.32,,
2008-07-17,3.77,3.11,3.36,,
2008-07-18,3.8,3.18,3.4,,
2008-07-21,3.81,3.16,3.4,,
2008-07-22,3.85,3.21,3.45,,
2008-07-23,3.85,3.22,3.46,,
2008-07-24,3.79,3.12,3.37,,
2008-07-25,3.84,3.14,3.42,,
2008-07-28,3.77,3.06,3.34,,
2008-07-29,3.78,3.05,3.35,,
2008-07-30,3.81,3.05,3.37,,
2008-07-31,3.7,2.94,3.24,,
2008-08-01,3.65,2.88,3.19,,
2008-08-05,3.69,2.89,3.21,,
2008-08-06,3.7,2.85,3.2,,
2008-08-07,3.64,2.77,3.12,,
2008-08-08,3.61,2.71,3.08,,
2008-08-11,3.63,2.74,3.11,,
2008-08-12,3.59,2.72,3.08,,
2008-08-13,3.61,2.76,3.12,,
2008-08-14,3.6,2.77,3.11,,
2008-08-15,3.57,2.76,3.09,,
2008-08-18,3.53,2.73,3.05,,
2008-08-19,3.56,2.74,3.06,,
2008-08-20,3.58,2.8,3.09,,
2008-08-21,3.59,2.86,3.12,,
2008-08-22,3.61,2.93,3.17,,
2008-08-25,3.57,2.87,3.12,,
2008-08-26,3.54,2.83,3.08,,
2008-08-27,3.52,2.75,3.03,,
2008-08-28,3.51,2.74,3.02,,
2008-08-29,3.53,2.71,3.02,,
2008-09-02,3.49,2.67,2.96,,
2008-09-03,3.47,2.71,2.98,,
2008-09-04,3.44,2.68,2.95,,
2008-09-05,3.47,2.73,3.0,,
2008-09-08,3.47,2.74,3.01,,
2008-09-09,3.46,2.69,2.98,,
2008-09-10,3.45,2.71,2.98,,
2008-09-11,3.49,2.73,3.01,,
2008-09-12,3.59,2.78,3.09,,
2008-09-15,3.37,2.44,2.81,,
2008-09-16,3.44,2.57,2.91,,
2008-09-17,3.43,2.56,2.9,,
2008-09-18,3.51,2.59,2.94,,
2008-09-19,3.69,2.88,3.18,,
2008-09-22,3.65,2.84,3.13,,
2008-09-23,3.65,2.87,3.14,,
2008-09-24,3.66,2.85,3.13,,
2008-09-25,3.69,2.89,3.17,,
2008-09-26,3.68,2.83,3.14,,
2008-09-29,3.51,2.54,2.89,,
2008-09-30,3.75,2.78,3.17,,
2008-10-01,3.71,2.7,3.11,,
2008-10-02,3.65,2.59,3.02,,
2008-10-03,3.58,2.51,2.94,,
2008-10-06,3.45,2.25,2.74,,
2008-10-07,3.51,2.27,2.77,,
2008-10-08,3.58,2.16,2.78,,
2008-10-09,3.63,2.11,2.76,,
2008-10-10,3.79,2.21,2.93,,
2008-10-14,3.82,2.34,3.03,,
2008-10-15,3.74,2.26,2.95,,
2008-10-16,3.75,2.3,2.96,,
2008-10-17,3.72,2.27,2.92,,
2008-10-20,3.72,2.2,2.88,,
2008-10-21,3.69,2.16,2.84,,
2008-10-22,3.6,2.09,2.77,,
2008-10-23,3.62,2.12,2.8,,
2008-10-24,3.63,2.09,2.8,,
2008-10-27,3.61,2.06,2.76,,
2008-10-28,3.69,2.09,2.79,,
2008-10-29,3.74,2.07,2.8,,
2008-10-30,3.71,2.02,2.78,,
2008-10-31,3.76,2.01,2.8,,
2008-11-03,3.8,2.01,2.82,,
2008-11-04,3.75,1.97,2.8,,
2008-11-05,3.74,1.97,2.79,,
2008-11-06,3.74,1.89,2.74,,
2008-11-07,3.71,1.9,2.76,,
2008-11-10,3.72,1.92,2.77,,
2008-11-12,3.65,1.84,2.69,,
2008-11-13,3.74,1.92,2.75,,
2008-11-14,3.64,1.9,2.69,,
2008-11-17,3.57,1.89,2.67,,
2008-11-18,3.55,1.92,2.67,,
2008-11-19,3.5,1.91,2.64,,
2008-11-20,3.35,1.77,2.51,,
2008-11-21,3.47,1.8,2.57,,
2008-11-24,3.5,1.82,2.59,,
2008-11-25,3.4,1.77,2.52,,
2008-11-26,3.36,1.73,2.48,,
2008-11-27,3.35,1.72,2.47,,
2008-11-28,3.32,1.7,2.44,,
2008-12-01,3.14,1.58,2.26,,
2008-12-02,3.16,1.58,2.26,,
2008-12-03,3.15,1.6,2.27,,
2008-12-04,3.05,1.52,2.17,,
2008-12-05,3.09,1.57,2.21,,
2008-12-08,3.1,1.58,2.21,,
2008-12-09,3.08,1.54,2.18,,
2008-12-10,3.09,1.53,2.2,,
2008-12-11,3.07,1.5,2.15,,
2008-12-12,3.09,1.48,2.15,,
2008-12-15,3.06,1.46,2.11,,
2008-12-16,2.94,1.28,1.93,,
2008-12-17,2.87,1.28,1.89,,
2008-12-18,2.78,1.19,1.79,,
2008-12-19,2.81,1.26,1.84,,
2008-12-22,2.82,1.25,1.85,,
2008-12-23,2.8,1.21,1.82,,
2008-12-24,2.8,1.2,1.82,,
2008-12-29,2.62,1.1,1.67,,
2008-12-30,2.65,1.08,1.67,,
2008-12-31,2.69,1.09,1.69,,
2009-01-02,2.83,1.15,1.83,,
2009-01-05,2.9,1.16,1.86,,
2009-01-06,2.88,1.15,1.84,,
2009-01-07,2.93,1.14,1.85,,
2009-01-08,2.87,1.14,1.82,,
2009-01-09,2.81,1.09,1.77,,
2009-01-12,2.75,1.03,1.72,,
2009-01-13,2.72,1.02,1.69,,
2009-01-14,2.55,0.92,1.52,,
2009-01-15,2.59,0.96,1.56,,
2009-01-16,2.62,0.95,1.58,,
2009-01-19,2.7,0.99,1.64,,
2009-01-20,2.68,1.04,1.64,,
2009-01-21,2.73,1.08,1.69,,
2009-01-22,2.75,1.15,1.74,,
2009-01-23,2.82,1.24,1.83,,
2009-01-26,2.92,1.31,1.95,,
2009-01-27,2.9,1.31,1.94,,
2009-01-28,2.97,1.37,2.03,,
2009-01-29,3.08,1.4,2.11,,
2009-01-30,3.06,1.41,2.11,,
2009-02-02,2.99,1.32,2.02,,
2009-02-03,3.07,1.33,2.08,,
2009-02-04,3.12,1.33,2.09,,
2009-02-05,3.01,1.23,1.97,,
2009-02-06,3.04,1.14,1.93,,
2009-02-09,3.08,1.18,1.99,,
2009-02-10,2.98,1.15,1.94,,
2009-02-11,2.94,1.16,2.12,,
2009-02-12,2.91,1.15,2.08,,
2009-02-13,2.95,1.2,2.11,,
2009-02-17,2.81,1.18,2.01,,
2009-02-18,2.86,1.25,2.07,,
2009-02-19,2.9,1.25,2.09,,
2009-02-20,2.87,1.22,2.05,,
2009-02-23,2.84,1.16,2.0,,
2009-02-24,2.86,1.19,2.04,,
2009-02-25,2.95,1.25,2.11,,
2009-02-26,2.95,1.21,2.1,,
2009-02-27,3.12,1.15,2.05,,
2009-03-02,3.01,1.04,1.91,,
2009-03-03,2.99,0.98,1.87,,
2009-03-04,3.01,0.97,1.88,,
2009-03-05,2.92,0.93,1.81,,
2009-03-06,2.94,0.96,1.87,,
2009-03-09,2.93,0.95,1.86,,
2009-03-10,2.99,0.98,1.92,,
2009-03-11,2.92,0.99,1.88,,
2009-03-12,2.92,0.99,1.91,,
2009-03-13,2.87,0.97,1.87,,
2009-03-16,2.88,0.99,1.87,,
2009-03-17,2.93,1.02,1.91,,
2009-03-18,2.7,0.95,1.7,,
2009-03-19,2.7,0.99,1.71,,
2009-03-20,2.74,1.02,1.73,,
2009-03-23,2.76,1.03,1.76,,
2009-03-24,2.89,1.09,1.87,,
2009-03-25,2.96,1.12,1.95,,
2009-03-26,2.89,1.17,1.89,,
2009-03-27,2.93,1.17,1.9,,
2009-03-30,2.82,1.11,1.8,,
2009-03-31,2.79,1.07,1.75,,
2009-04-01,2.77,1.08,1.75,,
2009-04-02,2.86,1.12,1.82,,
2009-04-03,2.93,1.14,1.88,,
2009-04-06,2.99,1.14,1.91,,
2009-04-07,2.94,1.12,1.86,,
2009-04-08,2.89,1.09,1.82,,
2009-04-09,2.94,1.12,1.87,,
2009-04-13,2.94,1.1,1.86,,
2009-04-14,2.91,1.09,1.84,,
2009-04-15,2.94,1.12,1.88,,
2009-04-16,2.96,1.12,1.9,,
2009-04-17,3.01,1.16,1.97,,
2009-04-20,2.88,1.1,1.86,,
2009-04-21,2.9,1.02,1.87,0.25,
2009-04-22,2.93,1.0,1.89,0.25,
2009-04-23,3.0,0.98,1.93,0.25,
2009-04-24,3.01,0.98,1.94,0.25,
2009-04-27,3.01,0.96,1.93,0.25,
2009-04-28,3.06,0.98,1.97,0.25,
2009-04-29,3.08,0.98,2.01,0.25,
2009-04-30,3.09,0.98,2.02,0.25,
2009-05-01,3.09,0.98,2.01,0.25,
2009-05-04,3.09,1.02,2.03,0.25,
2009-05-05,3.05,1.01,2.01,0.25,
2009-05-06,3.07,1.03,2.03,0.25,
2009-05-07,3.14,1.07,2.1,0.25,
2009-05-08,3.16,1.12,2.14,0.25,
2009-05-11,3.1,1.09,2.07,0.25,
2009-05-12,3.13,1.12,2.1,0.25,
2009-05-13,3.1,1.11,2.09,0.25,
2009-05-14,3.09,1.1,2.11,0.25,
2009-05-15,3.1,1.09,2.13,0.25,
2009-05-18,,,,0.25,
2009-05-19,3.14,1.1,2.16,0.25,
2009-05-20,3.14,1.1,2.15,0.25,
2009-05-21,3.27,1.14,2.26,0.25,
2009-05-22,3.26,1.15,2.27,0.25,
2009-05-25,3.27,1.15,2.28,0.25,
2009-05-26,3.42,1.21,2.42,0.25,
2009-05-27,3.57,1.27,2.57,0.25,
2009-05-28,3.46,1.27,2.51,0.25,
2009-05-29,3.39,1.23,2.45,0.25,
2009-06-01,3.45,1.26,2.51,0.25,
2009-06-02,3.42,1.23,2.48,0.25,
2009-06-03,3.34,1.15,2.41,0.25,
2009-06-04,3.4,1.16,2.47,0.25,
2009-06-05,3.44,1.28,2.58,0.25,
2009-06-08,3.52,1.4,2.71,0.25,
2009-06-09,3.54,1.35,2.68,0.25,
2009-06-10,3.65,1.43,2.82,0.25,
2009-06-11,3.53,1.4,2.74,0.25,
2009-06-12,3.5,1.4,2.71,0.25,
2009-06-15,3.51,1.39,2.72,0.25,
2009-06-16,3.44,1.36,2.65,0.25,
2009-06-17,3.44,1.29,2.59,0.25,
2009-06-18,3.51,1.33,2.65,0.25,
2009-06-19,3.52,1.28,2.64,0.25,
2009-06-22,3.43,1.23,2.54,0.25,
2009-06-23,3.43,1.24,2.55,0.25,
2009-06-24,3.45,1.27,2.57,0.25,
2009-06-25,3.42,1.23,2.53,0.25,
2009-06-26,3.4,1.2,2.49,0.25,
2009-06-29,3.4,1.2,2.49,0.25,
2009-06-30,3.36,1.2,2.46,0.25,
2009-07-01,,,,0.25,
2009-07-02,3.35,1.17,2.42,0.25,
2009-07-03,3.35,1.16,2.42,0.25,
2009-07-06,3.34,1.15,2.41,0.25,
2009-07-07,3.33,1.16,2.42,0.25,
2009-07-08,3.27,1.16,2.39,0.25,
2009-07-09,3.31,1.17,2.42,0.25,
2009-07-10,3.28,1.16,2.39,0.25,
2009-07-13,3.32,1.18,2.43,0.25,
2009-07-14,3.43,1.22,2.54,0.25,
2009-07-15,3.49,1.23,2.57,0.25,
2009-07-16,3.42,1.2,2.51,0.25,
2009-07-17,3.49,1.21,2.55,0.25,
2009-07-20,3.43,1.21,2.52,0.25,
2009-07-21,3.41,1.19,2.49,0.25,
2009-07-22,3.45,1.2,2.52,0.25,
2009-07-23,3.53,1.31,2.65,0.25,
2009-07-24,3.55,1.33,2.67,0.25,
2009-07-27,3.58,1.35,2.7,0.25,
2009-07-28,3.56,1.32,2.68,0.25,
2009-07-29,3.53,1.45,2.66,0.25,
2009-07-30,3.56,1.47,2.68,0.25,
2009-07-31,3.46,1.41,2.6,0.25,
2009-08-03,,,,0.25,
2009-08-04,3.53,1.44,2.66,0.25,
2009-08-05,3.58,1.47,2.7,0.25,
2009-08-06,3.55,1.45,2.67,0.25,
2009-08-07,3.61,1.47,2.73,0.25,
2009-08-10,3.55,1.41,2.66,0.25,
2009-08-11,3.5,1.35,2.61,0.25,
2009-08-12,3.52,1.32,2.62,0.25,
2009-08-13,3.5,1.33,2.61,0.25,
2009-08-14,3.47,1.31,2.58,0.25,
2009-08-17,3.41,1.28,2.51,0.25,
2009-08-18,3.42,1.29,2.53,0.25,
2009-08-19,3.4,1.27,2.52,0.25,
2009-08-20,3.39,1.26,2.5,0.25,
2009-08-21,3.48,1.35,2.62,0.25,
2009-08-24,3.43,1.31,2.56,0.25,
2009-08-25,3.4,1.29,2.54,0.25,
2009-08-26,3.39,1.29,2.65,0.25,
2009-08-27,3.39,1.28,2.64,0.25,
2009-08-28,3.4,1.28,2.64,0.25,
2009-08-31,3.37,1.28,2.6,0.25,
2009-09-01,3.35,1.24,2.57,0.25,
2009-09-02,3.32,1.24,2.56,0.25,
2009-09-03,3.34,1.25,2.57,0.25,
2009-09-04,3.37,1.28,2.61,0.25,
2009-09-07,,,,0.25,
2009-09-08,3.4,1.27,2.63,0.25,
2009-09-09,3.41,1.24,2.62,0.25,
2009-09-10,3.33,1.21,2.56,0.25,
2009-09-11,3.32,1.2,2.55,0.25,
2009-09-14,3.37,1.23,2.58,0.25,
2009-09-15,3.37,1.24,2.59,0.25,
2009-09-16,3.38,1.28,2.62,0.25,
2009-09-17,3.36,1.26,2.59,0.25,
2009-09-18,3.39,1.28,2.63,0.25,
2009-09-21,3.41,1.28,2.63,0.25,
2009-09-22,3.42,1.28,2.64,0.25,
2009-09-23,3.41,1.27,2.63,0.25,
2009-09-24,3.4,1.26,2.62,0.25,
2009-09-25,3.36,1.27,2.6,0.25,
2009-09-28,3.33,1.27,2.57,0.25,
2009-09-29,3.33,1.28,2.58,0.25,
2009-09-30,3.31,1.26,2.57,0.25,
2009-10-01,3.25,1.2,2.51,0.25,
2009-10-02,3.26,1.19,2.5,0.25,
2009-10-05,3.24,1.18,2.48,0.25,
2009-10-06,3.29,1.25,2.55,0.25,
2009-10-07,3.28,1.24,2.54,0.25,
2009-10-08,3.35,1.5,2.63,0.25,
2009-10-09,3.51,1.7,2.86,0.25,
2009-10-12,,,,0.25,
2009-10-13,3.49,1.66,2.82,0.25,
2009-10-14,3.52,1.7,2.86,0.25,
2009-10-15,3.55,1.68,2.88,0.25,
2009-10-16,3.48,1.6,2.78,0.25,
2009-10-19,3.5,1.62,2.81,0.25,
2009-10-20,3.42,1.5,2.7,0.25,
2009-10-21,3.44,1.51,2.72,0.25,
2009-10-22,3.46,1.49,2.73,0.25,
2009-10-23,3.5,1.52,2.77,0.25,
2009-10-26,3.54,1.54,2.81,0.25,
2009-10-27,3.48,1.47,2.73,0.25,
2009-10-28,3.45,1.43,2.7,0.25,
2009-10-29,3.5,1.47,2.76,0.25,
2009-10-30,3.42,1.38,2.68,0.25,
2009-11-02,3.44,1.41,2.69,0.25,
2009-11-03,3.43,1.4,2.68,0.25,
2009-11-04,3.48,1.4,2.69,0.25,
2009-11-05,3.53,1.42,2.74,0.25,
2009-11-06,3.52,1.4,2.73,0.25,
2009-11-09,3.5,1.41,2.72,0.25,
2009-11-10,3.5,1.4,2.71,0.25,
2009-11-11,,,,0.25,
2009-11-12,3.51,1.39,2.7,0.25,
2009-11-13,3.47,1.38,2.69,0.25,
2009-11-16,3.39,1.34,2.63,0.25,
2009-11-17,3.37,1.31,2.59,0.25,
2009-11-18,3.41,1.31,2.62,0.25,
2009-11-19,3.38,1.26,2.58,0.25,
2009-11-20,3.38,1.25,2.56,0.25,
2009-11-23,3.37,1.25,2.54,0.25,
2009-11-24,3.28,1.18,2.45,0.25,
2009-11-25,3.25,1.15,2.41,0.25,
2009-11-26,3.2,1.1,2.35,0.25,
2009-11-27,3.22,1.12,2.37,0.25,
2009-11-30,3.22,1.1,2.37,0.25,
2009-12-01,3.25,1.09,2.38,0.25,
2009-12-02,3.25,1.13,2.39,0.25,
2009-12-03,3.23,1.12,2.38,0.25,
2009-12-04,3.32,1.27,2.53,0.25,
2009-12-07,3.28,1.22,2.48,0.25,
2009-12-08,3.29,1.2,2.46,0.25,
2009-12-09,3.32,1.2,2.47,0.25,
2009-12-10,3.35,1.22,2.51,0.25,
2009-12-11,3.38,1.24,2.54,0.25,
2009-12-14,3.4,1.26,2.56,0.25,
2009-12-15,3.4,1.28,2.57,0.25,
2009-12-16,3.4,1.32,2.59,0.25,
2009-12-17,3.37,1.28,2.54,0.25,
2009-12-18,3.41,1.3,2.57,0.25,
2009-12-21,3.51,1.36,2.68,0.25,
2009-12-22,3.59,1.39,2.74,0.25,
2009-12-23,3.57,1.37,2.7,0.25,
2009-12-24,3.6,1.39,2.74,0.25,
2009-12-25,,,,0.25,
2009-12-28,,,,0.25,
2009-12-29,3.61,1.44,2.75,0.25,
2009-12-30,3.6,1.43,2.74,0.25,
2009-12-31,3.61,1.47,2.77,0.25,
2010-01-01,,,,0.25,
2010-01-04,3.6,1.45,2.75,0.25,
2010-01-05,3.56,1.38,2.7,0.25,
2010-01-06,3.62,1.38,2.74,0.25,
2010-01-07,3.63,1.38,2.75,0.25,
2010-01-08,3.59,1.31,2.69,0.25,
2010-01-11,3.61,1.29,2.7,0.25,
2010-01-12,3.55,1.27,2.66,0.25,
2010-01-13,3.61,1.34,2.72,0.25,
2010-01-14,3.55,1.32,2.69,0.25,
2010-01-15,3.49,1.28,2.63,0.25,
2010-01-18,3.47,1.27,2.61,0.25,
2010-01-19,3.48,1.26,2.6,0.25,
2010-01-20,3.42,1.2,2.54,0.25,
2010-01-21,3.39,1.18,2.5,0.25,
2010-01-22,3.37,1.17,2.46,0.25,
2010-01-25,3.38,1.18,2.47,0.25,
2010-01-26,3.36,1.17,2.44,0.25,
2010-01-27,3.35,1.22,2.46,0.25,
2010-01-28,3.33,1.18,2.44,0.25,
2010-01-29,3.34,1.32,2.45,0.25,
2010-02-01,3.38,1.33,2.47,0.25,
2010-02-02,3.37,1.29,2.45,0.25,
2010-02-03,3.42,1.33,2.5,0.25,
2010-02-04,3.36,1.28,2.43,0.25,
2010-02-05,3.36,1.25,2.42,0.25,
2010-02-08,3.35,1.25,2.41,0.25,
2010-02-09,3.38,1.28,2.45,0.25,
2010-02-10,3.43,1.34,2.51,0.25,
2010-02-11,3.47,1.37,2.54,0.25,
2010-02-12,3.46,1.34,2.52,0.25,
2010-02-15,,,,0.25,
2010-02-16,3.44,1.32,2.5,0.25,
2010-02-17,3.47,1.34,2.52,0.25,
2010-02-18,3.49,1.37,2.56,0.25,
2010-02-19,3.5,1.39,2.58,0.25,
2010-02-22,3.5,1.38,2.58,0.25,
2010-02-23,3.43,1.33,2.51,0.25,
2010-02-24,3.45,1.34,2.54,0.25,
2010-02-25,3.4,1.28,2.49,0.25,
2010-02-26,3.39,1.28,2.49,0.25,
2010-03-01,3.4,1.35,2.52,0.25,
2010-03-02,3.39,1.37,2.53,0.25,
2010-03-03,3.42,1.46,2.6,0.25,
2010-03-04,3.42,1.47,2.59,0.25,
2010-03-05,3.47,1.51,2.76,0.25,
2010-03-08,3.51,1.54,2.79,0.25,
2010-03-09,3.51,1.52,2.79,0.25,
2010-03-10,3.53,1.53,2.81,0.25,
2010-03-11,3.5,1.52,2.79,0.25,
2010-03-12,3.53,1.58,2.83,0.25,
2010-03-15,3.49,1.56,2.79,0.25,
2010-03-16,3.44,1.54,2.75,0.25,
2010-03-17,3.47,1.59,2.79,0.25,
2010-03-18,3.45,1.55,2.76,0.25,
2010-03-19,3.49,1.64,2.82,0.25,
2010-03-22,3.45,1.61,2.78,0.25,
2010-03-23,3.47,1.63,2.8,0.25,
2010-03-24,3.54,1.69,2.86,0.25,
2010-03-25,3.54,1.69,2.86,0.25,
2010-03-26,3.55,1.69,2.86,0.25,
2010-03-29,3.57,1.71,2.9,0.25,
2010-03-30,3.58,1.73,2.92,0.25,
2010-03-31,3.56,1.73,2.9,0.25,
2010-04-01,3.55,1.72,2.89,0.25,
2010-04-02,,,,0.25,
2010-04-05,3.66,1.83,3.02,0.25,
2010-04-06,3.68,1.85,3.04,0.25,
2010-04-07,3.62,1.78,2.98,0.25,
2010-04-08,3.67,1.85,3.05,0.25,
2010-04-09,3.65,1.84,3.04,0.25,
2010-04-12,3.66,1.86,3.06,0.25,
2010-04-13,3.68,1.9,3.1,0.25,
2010-04-14,3.71,1.93,3.12,0.25,
2010-04-15,3.72,1.94,3.14,0.25,
2010-04-16,3.68,1.86,3.09,0.25,
2010-04-19,3.65,1.83,3.06,0.25,
2010-04-20,3.7,2.01,3.19,0.25,
2010-04-21,3.72,2.05,3.2,0.25,
2010-04-22,3.72,2.02,3.16,0.25,
2010-04-23,3.69,1.98,3.11,0.25,
2010-04-26,3.68,1.98,3.09,0.25,
2010-04-27,3.6,1.91,3.01,0.25,
2010-04-28,3.66,1.97,3.09,0.25,
2010-04-29,3.72,1.96,3.08,0.25,
2010-04-30,3.65,1.9,2.99,0.25,
2010-05-03,3.64,1.88,2.98,0.25,
2010-05-04,3.55,1.75,2.85,0.25,
2010-05-05,3.54,1.72,2.83,0.25,
2010-05-06,3.47,1.76,2.74,0.25,
2010-05-07,3.5,1.81,2.8,0.25,
2010-05-10,3.58,1.93,2.91,0.25,
2010-05-11,3.58,1.96,2.93,0.25,
2010-05-12,3.59,2.01,2.96,0.25,
2010-05-13,3.51,1.94,2.87,0.25,
2010-05-14,3.43,1.82,2.76,0.25,
2010-05-17,3.5,1.87,2.81,0.25,
2010-05-18,3.4,1.78,2.71,0.25,
2010-05-19,3.4,1.75,2.69,0.25,
2010-05-20,3.32,1.63,2.57,0.25,
2010-05-21,3.36,1.69,2.62,0.25,
2010-05-24,,,,0.25,
2010-05-25,3.26,1.59,2.52,0.25,
2010-05-26,3.25,1.62,2.55,0.25,
2010-05-27,3.37,1.78,2.71,0.25,
2010-05-28,3.3,1.72,2.64,0.25,
2010-05-31,3.36,1.84,2.75,0.25,
2010-06-01,3.29,1.73,2.61,0.5,
2010-06-02,3.38,1.76,2.68,0.5,
2010-06-03,3.39,1.76,2.69,0.5,
2010-06-04,3.28,1.62,2.55,0.5,
2010-06-07,3.3,1.63,2.58,0.5,
2010-06-08,3.32,1.67,2.61,0.5,
2010-06-09,3.35,1.72,2.65,0.5,
2010-06-10,3.43,1.82,2.76,0.5,
2010-06-11,3.41,1.78,2.73,0.5,
2010-06-14,3.44,1.81,2.76,0.5,
2010-06-15,3.42,1.83,2.76,0.5,
2010-06-16,3.36,1.77,2.7,0.5,
2010-06-17,3.31,1.72,2.63,0.5,
2010-06-18,3.32,1.74,2.65,0.5,
2010-06-21,3.32,1.74,2.65,0.5,
2010-06-22,3.25,1.69,2.59,0.5,
2010-06-23,3.23,1.61,2.53,0.5,
2010-06-24,3.23,1.57,2.5,0.5,
2010-06-25,3.19,1.55,2.48,0.5,
2010-06-28,3.16,1.5,2.43,0.5,
2010-06-29,3.09,1.38,2.33,0.5,
2010-06-30,3.08,1.39,2.32,0.5,
2010-07-01,,,,0.5,
2010-07-02,3.1,1.43,2.36,0.5,
2010-07-05,3.07,1.41,2.33,0.5,
2010-07-06,3.07,1.42,2.34,0.5,
2010-07-07,3.16,1.49,2.44,0.5,
2010-07-08,3.19,1.5,2.47,0.5,
2010-07-09,3.23,1.71,2.54,0.5,
2010-07-12,3.21,1.68,2.51,0.5,
2010-07-13,3.27,1.72,2.56,0.5,
2010-07-14,3.26,1.71,2.54,0.5,
2010-07-15,3.23,1.66,2.49,0.5,
2010-07-16,3.16,1.56,2.39,0.5,
2010-07-19,3.16,1.52,2.37,0.5,
2010-07-20,3.2,1.58,2.41,0.75,
2010-07-21,3.15,1.52,2.35,0.75,
2010-07-22,3.21,1.55,2.4,0.75,
2010-07-23,3.23,1.59,2.43,0.75,
2010-07-26,3.23,1.6,2.44,0.75,
2010-07-27,3.26,1.64,2.47,0.75,
2010-07-28,3.22,1.6,2.44,0.75,
2010-07-29,3.17,1.53,2.36,0.75,
2010-07-30,3.11,1.46,2.29,0.75,
2010-08-02,,,,0.75,
2010-08-03,3.1,1.44,2.25,0.75,
2010-08-04,3.17,1.54,2.35,0.75,
2010-08-05,3.11,1.52,2.32,0.75,
2010-08-06,3.07,1.44,2.25,0.75,
2010-08-09,3.07,1.45,2.25,0.75,
2010-08-10,3.03,1.44,2.21,0.75,
2010-08-11,2.97,1.34,2.13,0.75,
2010-08-12,3.01,1.36,2.17,0.75,
2010-08-13,2.98,1.37,2.17,0.75,
2010-08-16,2.93,1.35,2.13,0.75,
2010-08-17,2.96,1.39,2.18,0.75,
2010-08-18,2.94,1.39,2.16,0.75,
2010-08-19,2.92,1.37,2.22,0.75,
2010-08-20,2.92,1.3,2.19,0.75,
2010-08-23,2.88,1.25,2.14,0.75,
2010-08-24,2.82,1.2,2.06,0.75,
2010-08-25,2.83,1.23,2.08,0.75,
2010-08-26,2.8,1.24,2.06,0.75,
2010-08-27,2.87,1.3,2.15,0.75,
2010-08-30,2.78,1.25,2.06,0.75,
2010-08-31,2.78,1.21,2.05,0.75,
2010-09-01,2.85,1.26,2.1,0.75,
2010-09-02,2.87,1.28,2.11,0.75,
2010-09-03,2.95,1.37,2.2,0.75,
2010-09-06,,,,0.75,
2010-09-07,2.81,1.27,2.07,0.75,
2010-09-08,2.92,1.41,2.19,1.0,
2010-09-09,2.97,1.47,2.24,1.0,
2010-09-10,2.97,1.46,2.24,1.0,
2010-09-13,2.95,1.45,2.22,1.0,
2010-09-14,2.94,1.46,2.22,1.0,
2010-09-15,2.96,1.49,2.25,1.0,
2010-09-16,2.97,1.51,2.26,1.0,
2010-09-17,2.93,1.47,2.22,1.0,
2010-09-20,2.94,1.5,2.24,1.0,
2010-09-21,2.89,1.45,2.18,1.0,
2010-09-22,2.87,1.41,2.14,1.0,
2010-09-23,2.83,1.41,2.11,1.0,
2010-09-24,2.86,1.47,2.16,1.0,
2010-09-27,2.8,1.42,2.09,1.0,
2010-09-28,2.74,1.39,2.04,1.0,
2010-09-29,2.74,1.39,2.01,1.0,
2010-09-30,2.75,1.36,2.01,1.0,
2010-10-01,2.79,1.37,2.03,1.0,
2010-10-04,2.75,1.36,1.99,1.0,
2010-10-05,2.77,1.36,2.0,1.0,
2010-10-06,2.74,1.35,1.97,1.0,
2010-10-07,2.75,1.33,1.94,1.0,
2010-10-08,2.68,1.31,1.87,1.0,
2010-10-11,,,,1.0,
2010-10-12,2.72,1.34,1.9,1.0,
2010-10-13,2.73,1.39,1.94,1.0,
2010-10-14,2.76,1.4,1.97,1.0,
2010-10-15,2.79,1.4,1.98,1.0,
2010-10-18,2.76,1.41,1.95,1.0,
2010-10-19,2.71,1.34,1.85,1.0,
2010-10-20,2.75,1.37,1.91,1.0,
2010-10-21,2.76,1.39,1.93,1.0,
2010-10-22,2.74,1.39,1.91,1.0,
2010-10-25,2.74,1.39,1.91,1.0,
2010-10-26,2.82,1.42,1.99,1.0,
2010-10-27,2.89,1.45,2.06,1.0,
2010-10-28,2.87,1.43,2.03,1.0,
2010-10-29,2.8,1.41,1.97,1.0,
2010-11-01,2.83,1.41,2.0,1.0,
2010-11-02,2.88,1.42,2.04,1.0,
2010-11-03,2.87,1.42,2.02,1.0,
2010-11-04,2.81,1.41,1.98,1.0,
2010-11-05,2.85,1.47,2.05,1.0,
2010-11-08,2.89,1.52,2.1,1.0,
2010-11-09,2.97,1.6,2.2,1.0,
2010-11-10,2.98,1.57,2.2,1.0,
2010-11-11,,,,1.0,
2010-11-12,3.02,1.58,2.27,1.0,
2010-11-15,3.14,1.62,2.38,1.0,
2010-11-16,3.07,1.57,2.3,1.0,
2010-11-17,3.1,1.58,2.32,1.0,
2010-11-18,3.12,1.63,2.37,1.0,
2010-11-19,3.14,1.64,2.4,1.0,
2010-11-22,3.08,1.6,2.32,1.0,
2010-11-23,3.11,1.66,2.37,1.0,
2010-11-24,3.19,1.74,2.48,1.0,
2010-11-25,3.16,1.73,2.45,1.0,
2010-11-26,3.11,1.67,2.4,1.0,
2010-11-29,3.08,1.66,2.38,1.0,
2010-11-30,3.07,1.62,2.35,1.0,
2010-12-01,3.17,1.67,2.44,1.0,
2010-12-02,3.2,1.68,2.47,1.0,
2010-12-03,3.19,1.63,2.42,1.0,
2010-12-06,3.12,1.56,2.32,1.0,
2010-12-07,3.23,1.62,2.39,1.0,
2010-12-08,3.25,1.68,2.49,1.0,
2010-12-09,3.25,1.67,2.48,1.0,
2010-12-10,3.31,1.72,2.56,1.0,
2010-12-13,3.24,1.66,2.49,1.0,
2010-12-14,3.34,1.72,2.58,1.0,
2010-12-15,3.3,1.72,2.56,1.0,
2010-12-16,3.26,1.68,2.48,1.0,
2010-12-17,3.18,1.63,2.39,1.0,
2010-12-20,3.17,1.63,2.38,1.0,
2010-12-21,3.14,1.62,2.38,1.0,
2010-12-22,3.17,1.66,2.42,1.0,
2010-12-23,3.18,1.69,2.45,1.0,
2010-12-24,3.17,1.69,2.44,1.0,
2010-12-27,,,,1.0,
2010-12-28,,,,1.0,
2010-12-29,3.16,1.69,2.45,1.0,
2010-12-30,3.16,1.71,2.46,1.0,
2010-12-31,3.11,1.67,2.41,1.0,
2011-01-03,,,,1.0,
2011-01-04,3.17,1.7,2.46,1.0,
2011-01-05,3.27,1.76,2.56,1.0,
2011-01-06,3.22,1.74,2.51,1.0,
2011-01-07,3.18,1.71,2.46,1.0,
2011-01-10,3.17,1.7,2.46,1.0,
2011-01-11,3.22,1.73,2.51,1.0,
2011-01-12,3.26,1.75,2.53,1.0,
2011-01-13,3.25,1.77,2.54,1.0,
2011-01-14,3.27,1.79,2.56,1.0,
2011-01-17,3.25,1.79,2.56,1.0,
2011-01-18,3.27,1.76,2.58,1.0,
2011-01-19,3.23,1.68,2.52,1.0,
2011-01-20,3.3,1.71,2.56,1.0,
2011-01-21,3.32,1.72,2.6,1.0,
2011-01-24,3.31,1.72,2.59,1.0,
2011-01-25,3.27,1.67,2.55,1.0,
2011-01-26,3.31,1.67,2.56,1.0,
2011-01-27,3.28,1.72,2.53,1.0,
2011-01-28,3.24,1.67,2.49,1.0,
2011-01-31,3.27,1.67,2.5,1.0,
2011-02-01,3.34,1.71,2.57,1.0,
2011-02-02,3.38,1.74,2.62,1.0,
2011-02-03,3.42,1.77,2.66,1.0,
2011-02-04,3.46,1.84,2.74,1.0,
2011-02-07,3.43,1.83,2.71,1.0,
2011-02-08,3.49,1.88,2.78,1.0,
2011-02-09,3.45,1.87,2.74,1.0,
2011-02-10,3.47,1.87,2.75,1.0,
2011-02-11,3.47,1.9,2.76,1.0,
2011-02-14,3.49,1.92,2.78,1.0,
2011-02-15,3.48,1.92,2.77,1.0,
2011-02-16,3.5,1.94,2.8,1.0,
2011-02-17,3.49,1.9,2.77,1.0,
2011-02-18,3.47,1.88,2.75,1.0,
2011-02-21,,,,1.0,
2011-02-22,3.36,1.79,2.63,1.0,
2011-02-23,3.32,1.79,2.61,1.0,
2011-02-24,3.32,1.8,2.6,1.0,
2011-02-25,3.29,1.78,2.58,1.0,
2011-02-28,3.3,1.84,2.63,1.0,
2011-03-01,3.29,1.79,2.6,1.0,
2011-03-02,3.33,1.82,2.64,1.0,
2011-03-03,3.39,1.88,2.72,1.0,
2011-03-04,3.33,1.84,2.76,1.0,
2011-03-07,3.35,1.85,2.77,1.0,
2011-03-08,3.4,1.88,2.81,1.0,
2011-03-09,3.34,1.84,2.76,1.0,
2011-03-10,3.27,1.78,2.68,1.0,
2011-03-11,3.27,1.74,2.65,1.0,
2011-03-14,3.22,1.67,2.58,1.0,
2011-03-15,3.2,1.62,2.54,1.0,
2011-03-16,3.13,1.53,2.44,1.0,
2011-03-17,3.19,1.61,2.52,1.0,
2011-03-18,3.17,1.6,2.51,1.0,
2011-03-21,3.21,1.68,2.58,1.0,
2011-03-22,3.18,1.67,2.57,1.0,
2011-03-23,3.21,1.68,2.58,1.0,
2011-03-24,3.22,1.71,2.61,1.0,
2011-03-25,3.23,1.74,2.65,1.0,
2011-03-28,3.26,1.75,2.67,1.0,
2011-03-29,3.3,1.79,2.71,1.0,
2011-03-30,3.29,1.77,2.71,1.0,
2011-03-31,3.35,1.82,2.77,1.0,
2011-04-01,3.37,1.83,2.78,1.0,
2011-04-04,3.35,1.81,2.76,1.0,
2011-04-05,3.38,1.86,2.8,1.0,
2011-04-06,3.41,1.88,2.84,1.0,
2011-04-07,3.43,1.88,2.85,1.0,
2011-04-08,3.44,1.9,2.86,1.0,
2011-04-11,3.48,1.93,2.89,1.0,
2011-04-12,3.42,1.86,2.8,1.0,
2011-04-13,3.37,1.82,2.75,1.0,
2011-04-14,3.36,1.82,2.74,1.0,
2011-04-15,3.3,1.75,2.67,1.0,
2011-04-18,3.23,1.69,2.6,1.0,
2011-04-19,3.27,1.77,2.67,1.0,
2011-04-20,3.33,1.8,2.72,1.0,
2011-04-21,3.29,1.8,2.7,1.0,
2011-04-22,,,,1.0,
2011-04-25,3.24,1.78,2.65,1.0,
2011-04-26,3.19,1.74,2.59,1.0,
2011-04-27,3.27,1.78,2.65,1.0,
2011-04-28,3.23,1.73,2.61,1.0,
2011-04-29,3.2,1.7,2.58,1.0,
2011-05-02,3.2,1.7,2.58,1.0,
2011-05-03,3.16,1.7,2.55,1.0,
2011-05-04,3.11,1.68,2.52,1.0,
2011-05-05,3.09,1.66,2.5,1.0,
2011-05-06,3.2,1.67,2.51,1.0,
2011-05-09,3.18,1.66,2.5,1.0,
2011-05-10,3.26,1.72,2.57,1.0,
2011-05-11,3.22,1.7,2.54,1.0,
2011-05-12,3.23,1.7,2.55,1.0,
2011-05-13,3.2,1.69,2.53,1.0,
2011-05-16,3.18,1.66,2.5,1.0,
2011-05-17,3.16,1.64,2.47,1.0,
2011-05-18,3.22,1.68,2.53,1.0,
2011-05-19,3.21,1.69,2.53,1.0,
2011-05-20,3.15,1.61,2.45,1.0,
2011-05-23,,,,1.0,
2011-05-24,3.11,1.6,2.42,1.0,
2011-05-25,3.08,1.59,2.4,1.0,
2011-05-26,3.04,1.53,2.33,1.0,
2011-05-27,3.06,1.51,2.32,1.0,
2011-05-30,3.06,1.5,2.32,1.0,
2011-05-31,3.07,1.54,2.34,1.0,
2011-06-01,2.99,1.45,2.24,1.0,
2011-06-02,3.02,1.48,2.27,1.0,
2011-06-03,2.99,1.44,2.23,1.0,
2011-06-06,3.0,1.43,2.23,1.0,
2011-06-07,3.03,1.45,2.25,1.0,
2011-06-08,3.01,1.43,2.22,1.0,
2011-06-09,3.04,1.44,2.25,1.0,
2011-06-10,3.01,1.44,2.23,1.0,
2011-06-13,3.0,1.46,2.24,1.0,
2011-06-14,3.07,1.51,2.31,1.0,
2011-06-15,2.95,1.41,2.19,1.0,
2011-06-16,2.92,1.37,2.15,1.0,
2011-06-17,2.94,1.49,2.17,1.0,
2011-06-20,2.97,1.51,2.19,1.0,
2011-06-21,2.98,1.52,2.2,1.0,
2011-06-22,2.97,1.51,2.19,1.0,
2011-06-23,2.9,1.45,2.1,1.0,
2011-06-24,2.86,1.39,2.04,1.0,
2011-06-27,2.9,1.4,2.05,1.0,
2011-06-28,2.98,1.45,2.15,1.0,
2011-06-29,3.09,1.56,2.3,1.0,
2011-06-30,3.11,1.59,2.33,1.0,
2011-07-01,,,,1.0,
2011-07-04,3.08,1.59,2.32,1.0,
2011-07-05,3.07,1.57,2.32,1.0,
2011-07-06,3.05,1.54,2.26,1.0,
2011-07-07,3.06,1.58,2.29,1.0,
2011-07-08,2.96,1.51,2.24,1.0,
2011-07-11,2.9,1.42,2.14,1.0,
2011-07-12,2.9,1.45,2.15,1.0,
2011-07-13,2.93,1.45,2.18,1.0,
2011-07-14,2.95,1.46,2.21,1.0,
2011-07-15,2.87,1.41,2.13,1.0,
2011-07-18,2.87,1.39,2.12,1.0,
2011-07-19,2.89,1.48,2.19,1.0,
2011-07-20,2.94,1.52,2.23,1.0,
2011-07-21,3.0,1.55,2.27,1.0,
2011-07-22,2.93,1.5,2.2,1.0,
2011-07-25,2.93,1.5,2.2,1.0,
2011-07-26,2.89,1.48,2.16,1.0,
2011-07-27,2.88,1.47,2.15,1.0,
2011-07-28,2.88,1.48,2.15,1.0,
2011-07-29,2.79,1.39,2.05,1.0,
2011-08-01,,,,1.0,
2011-08-02,2.63,1.25,1.86,1.0,
2011-08-03,2.66,1.25,1.88,1.0,
2011-08-04,2.5,1.02,1.66,1.0,
2011-08-05,2.64,1.08,1.78,1.0,
2011-08-08,2.47,0.8,1.51,1.0,
2011-08-09,2.45,0.82,1.5,1.0,
2011-08-10,2.32,0.86,1.35,1.0,
2011-08-11,2.46,0.92,1.51,1.0,
2011-08-12,2.46,0.93,1.52,1.0,
2011-08-15,2.5,1.01,1.61,1.0,
2011-08-16,2.46,0.99,1.57,1.0,
2011-08-17,2.39,0.96,1.52,1.0,
2011-08-18,2.3,0.86,1.41,1.0,
2011-08-19,2.3,0.87,1.42,1.0,
2011-08-22,2.3,0.87,1.44,1.0,
2011-08-23,2.38,0.95,1.53,1.0,
2011-08-24,2.46,1.0,1.6,1.0,
2011-08-25,2.4,0.99,1.56,1.0,
2011-08-26,2.39,1.0,1.57,1.0,
2011-08-29,2.46,1.06,1.65,1.0,
2011-08-30,2.4,1.03,1.6,1.0,
2011-08-31,2.49,1.08,1.68,1.0,
2011-09-01,2.39,1.0,1.58,1.0,
2011-09-02,2.3,0.95,1.48,1.0,
2011-09-05,,,,1.0,
2011-09-06,2.24,0.86,1.4,1.0,
2011-09-07,2.27,0.91,1.45,1.0,
2011-09-08,2.21,0.89,1.41,1.0,
2011-09-09,2.11,0.78,1.29,1.0,
2011-09-12,2.14,0.87,1.37,1.0,
2011-09-13,2.19,0.94,1.43,1.0,
2011-09-14,2.2,0.93,1.45,1.0,
2011-09-15,2.29,1.01,1.56,1.0,
2011-09-16,2.29,1.03,1.55,1.0,
2011-09-19,2.18,0.93,1.43,1.0,
2011-09-20,2.2,0.94,1.44,1.0,
2011-09-21,2.12,0.91,1.4,1.0,
2011-09-22,2.02,0.83,1.28,1.0,
2011-09-23,2.07,0.86,1.35,1.0,
2011-09-26,2.15,0.93,1.43,1.0,
2011-09-27,2.2,0.95,1.46,1.0,
2011-09-28,2.19,0.92,1.44,1.0,
2011-09-29,2.22,0.92,1.45,1.0,
2011-09-30,2.15,0.88,1.39,1.0,
2011-10-03,2.06,0.84,1.31,1.0,
2011-10-04,2.1,0.88,1.35,1.0,
2011-10-05,2.14,0.9,1.4,1.0,
2011-10-06,2.22,0.94,1.46,1.0,
2011-10-07,2.24,0.97,1.49,1.0,
2011-10-10,,,,1.0,
2011-10-11,2.3,0.99,1.54,1.0,
2011-10-12,2.35,1.02,1.58,1.0,
2011-10-13,2.29,0.98,1.52,1.0,
2011-10-14,2.4,1.06,1.62,1.0,
2011-10-17,2.29,0.99,1.53,1.0,
2011-10-18,2.31,1.01,1.55,1.0,
2011-10-19,2.34,1.04,1.57,1.0,
2011-10-20,2.31,1.04,1.56,1.0,
2011-10-21,2.36,1.08,1.61,1.0,
2011-10-24,2.36,1.1,1.63,1.0,
2011-10-25,2.26,0.99,1.5,1.0,
2011-10-26,2.38,1.08,1.6,1.0,
2011-10-27,2.49,1.14,1.7,1.0,
2011-10-28,2.43,1.09,1.64,1.0,
2011-10-31,2.29,1.0,1.51,1.0,
2011-11-01,2.15,0.92,1.41,1.0,
2011-11-02,2.17,0.96,1.43,1.0,
2011-11-03,2.21,1.0,1.48,1.0,
2011-11-04,2.16,0.93,1.41,1.0,
2011-11-07,2.15,0.94,1.41,1.0,
2011-11-08,2.18,0.98,1.44,1.0,
2011-11-09,2.09,0.9,1.35,1.0,
2011-11-10,2.14,0.93,1.4,1.0,
2011-11-11,,,,1.0,
2011-11-14,2.11,0.91,1.37,1.0,
2011-11-15,2.11,0.9,1.37,1.0,
2011-11-16,2.09,0.89,1.36,1.0,
2011-11-17,2.1,0.9,1.36,1.0,
2011-11-18,2.13,0.91,1.39,1.0,
2011-11-21,2.1,0.9,1.37,1.0,
2011-11-22,2.08,0.9,1.36,1.0,
2011-11-23,2.04,0.89,1.32,1.0,
2011-11-24,2.05,0.91,1.34,1.0,
2011-11-25,2.11,0.95,1.4,1.0,
2011-11-28,2.12,0.97,1.42,1.0,
2011-11-29,2.13,1.0,1.43,1.0,
2011-11-30,2.15,1.01,1.46,1.0,
2011-12-01,2.13,0.93,1.4,1.0,
2011-12-02,2.12,0.9,1.36,1.0,
2011-12-05,2.09,0.88,1.33,1.0,
2011-12-06,2.13,0.92,1.38,1.0,
2011-12-07,2.06,0.89,1.33,1.0,
2011-12-08,1.99,0.85,1.26,1.0,
2011-12-09,2.06,0.9,1.33,1.0,
2011-12-12,2.01,0.88,1.28,1.0,
2011-12-13,1.98,0.87,1.26,1.0,
2011-12-14,1.95,0.86,1.25,1.0,
2011-12-15,1.93,0.86,1.22,1.0,
2011-12-16,1.87,0.85,1.18,1.0,
2011-12-19,1.84,0.84,1.17,1.0,
2011-12-20,1.93,0.88,1.24,1.0,
2011-12-21,1.95,0.89,1.25,1.0,
2011-12-22,1.95,0.9,1.25,1.0,
2011-12-23,2.01,0.93,1.31,1.0,
2011-12-26,,,,1.0,
2011-12-27,,,,1.0,
2011-12-28,1.96,0.93,1.28,1.0,
2011-12-29,1.94,0.95,1.27,1.0,
2011-12-30,1.94,0.95,1.27,1.0,
2012-01-02,,,,1.0,
2012-01-03,1.99,0.98,1.31,1.0,
2012-01-04,1.99,0.97,1.3,1.0,
2012-01-05,1.97,0.96,1.29,1.0,
2012-01-06,1.94,0.93,1.25,1.0,
2012-01-09,1.95,0.94,1.26,1.0,
2012-01-10,1.98,0.97,1.29,1.0,
2012-01-11,1.93,0.95,1.26,1.0,
2012-01-12,1.98,0.97,1.3,1.0,
2012-01-13,1.93,0.95,1.26,1.0,
2012-01-16,1.94,0.96,1.28,1.0,
2012-01-17,1.92,0.96,1.26,1.0,
2012-01-18,1.96,0.99,1.3,1.0,
2012-01-19,2.0,1.02,1.35,1.0,
2012-01-20,2.06,1.04,1.4,1.0,
2012-01-23,2.08,1.05,1.42,1.0,
2012-01-24,2.08,1.04,1.41,1.0,
2012-01-25,2.04,1.02,1.36,1.0,
2012-01-26,2.02,1.01,1.33,1.0,
2012-01-27,1.99,1.0,1.31,1.0,
2012-01-30,1.94,0.98,1.28,1.0,
2012-01-31,1.89,0.96,1.25,1.0,
2012-02-01,1.9,0.98,1.26,1.0,
2012-02-02,1.94,0.99,1.29,1.0,
2012-02-03,2.01,1.04,1.35,1.0,
2012-02-06,1.98,1.02,1.33,1.0,
2012-02-07,2.04,1.04,1.38,1.0,
2012-02-08,2.06,1.07,1.41,1.0,
2012-02-09,2.09,1.09,1.44,1.0,
2012-02-10,2.05,1.07,1.41,1.0,
2012-02-13,2.07,1.08,1.41,1.0,
2012-02-14,2.02,1.06,1.38,1.0,
2012-02-15,2.01,1.05,1.37,1.0,
2012-02-16,2.03,1.07,1.38,1.0,
2012-02-17,2.05,1.09,1.47,1.0,
2012-02-20,,,,1.0,
2012-02-21,2.09,1.11,1.5,1.0,
2012-02-22,2.05,1.1,1.48,1.0,
2012-02-23,2.05,1.09,1.47,1.0,
2012-02-24,2.02,1.07,1.43,1.0,
2012-02-27,2.0,1.06,1.42,1.0,
2012-02-28,1.98,1.07,1.41,1.0,
2012-02-29,1.98,1.1,1.44,1.0,
2012-03-01,2.0,1.1,1.45,1.0,
2012-03-02,1.96,1.1,1.42,1.0,
2012-03-05,1.98,1.11,1.43,1.0,
2012-03-06,1.94,1.08,1.39,1.0,
2012-03-07,1.97,1.12,1.43,1.0,
2012-03-08,2.01,1.17,1.5,1.0,
2012-03-09,2.01,1.17,1.49,1.0,
2012-03-12,1.99,1.17,1.49,1.0,
2012-03-13,2.06,1.2,1.55,1.0,
2012-03-14,2.17,1.24,1.63,1.0,
2012-03-15,2.21,1.27,1.67,1.0,
2012-03-16,2.24,1.28,1.7,1.0,
2012-03-19,2.29,1.29,1.73,1.0,
2012-03-20,2.28,1.29,1.74,1.0,
2012-03-21,2.24,1.28,1.71,1.0,
2012-03-22,2.2,1.24,1.67,1.0,
2012-03-23,2.18,1.23,1.65,1.0,
2012-03-26,2.19,1.24,1.65,1.0,
2012-03-27,2.12,1.21,1.59,1.0,
2012-03-28,2.12,1.19,1.57,1.0,
2012-03-29,2.08,1.18,1.55,1.0,
2012-03-30,2.11,1.2,1.57,1.0,
2012-04-02,2.13,1.21,1.58,1.0,
2012-04-03,2.19,1.26,1.66,1.0,
2012-04-04,2.13,1.22,1.61,1.0,
2012-04-05,2.13,1.25,1.64,1.0,
2012-04-06,,,,1.0,
2012-04-09,2.07,1.23,1.59,1.0,
2012-04-10,1.98,1.19,1.5,1.0,
2012-04-11,2.01,1.21,1.54,1.0,
2012-04-12,2.05,1.23,1.57,1.0,
2012-04-13,1.99,1.2,1.51,1.0,
2012-04-16,2.01,1.23,1.54,1.0,
2012-04-17,2.07,1.33,1.63,1.0,
2012-04-18,2.04,1.32,1.61,1.0,
2012-04-19,2.04,1.33,1.62,1.0,
2012-04-20,2.06,1.35,1.64,1.0,
2012-04-23,2.04,1.36,1.63,1.0,
2012-04-24,2.07,1.41,1.68,1.0,
2012-04-25,2.1,1.43,1.69,1.0,
2012-04-26,2.05,1.37,1.62,1.0,
2012-04-27,2.09,1.43,1.67,1.0,
2012-04-30,2.04,1.34,1.6,1.0,
2012-05-01,2.05,1.33,1.6,1.0,
2012-05-02,2.02,1.31,1.58,1.0,
2012-05-03,2.0,1.3,1.56,1.0,
2012-05-04,2.02,1.25,1.51,1.0,
2012-05-07,2.02,1.27,1.52,1.0,
2012-05-08,1.97,1.22,1.48,1.0,
2012-05-09,1.99,1.22,1.48,1.0,
2012-05-10,1.99,1.24,1.48,1.0,
2012-05-11,1.97,1.3,1.49,1.0,
2012-05-14,1.94,1.27,1.46,1.0,
2012-05-15,1.93,1.29,1.46,1.0,
2012-05-16,1.93,1.27,1.46,1.0,
2012-05-17,1.88,1.22,1.39,1.0,
2012-05-18,1.89,1.22,1.42,1.0,
2012-05-21,,,,1.0,
2012-05-22,1.91,1.21,1.43,1.0,
2012-05-23,1.88,1.16,1.4,1.0,
2012-05-24,1.86,1.14,1.38,1.0,
2012-05-25,1.8,1.07,1.31,1.0,
2012-05-28,1.84,1.09,1.32,1.0,
2012-05-29,1.87,1.16,1.38,1.0,
2012-05-30,1.79,1.11,1.31,1.0,
2012-05-31,1.74,1.06,1.25,1.0,
2012-06-01,1.62,0.88,1.06,1.0,
2012-06-04,1.68,0.97,1.15,1.0,
2012-06-05,1.74,0.99,1.2,1.0,
2012-06-06,1.8,1.05,1.27,1.0,
2012-06-07,1.8,1.04,1.27,1.0,
2012-06-08,1.81,1.04,1.29,1.0,
2012-06-11,1.76,1.0,1.23,1.0,
2012-06-12,1.8,1.02,1.27,1.0,
2012-06-13,1.77,1.03,1.25,1.0,
2012-06-14,1.79,1.04,1.28,1.0,
2012-06-15,1.72,0.96,1.19,1.0,
2012-06-18,1.71,0.98,1.19,1.0,
2012-06-19,1.76,1.04,1.24,1.0,
2012-06-20,1.77,1.09,1.29,1.0,
2012-06-21,1.75,1.05,1.26,1.0,
2012-06-22,1.8,1.06,1.3,1.0,
2012-06-25,1.73,0.99,1.23,1.0,
2012-06-26,1.75,1.01,1.25,1.0,
2012-06-27,1.72,0.99,1.21,1.0,
2012-06-28,1.68,0.96,1.17,1.0,
2012-06-29,1.74,1.03,1.25,1.0,
2012-07-02,,,,1.0,
2012-07-03,1.74,1.04,1.26,1.0,
2012-07-04,1.71,1.03,1.23,1.0,
2012-07-05,1.72,1.02,1.24,1.0,
2012-07-06,1.69,0.98,1.21,1.0,
2012-07-09,1.66,0.96,1.17,1.0,
2012-07-10,1.65,0.97,1.18,1.0,
2012-07-11,1.67,0.99,1.2,1.0,
2012-07-12,1.63,0.97,1.16,1.0,
2012-07-13,1.64,0.99,1.18,1.0,
2012-07-16,1.62,0.96,1.16,1.0,
2012-07-17,1.64,0.97,1.17,1.0,
2012-07-18,1.62,0.96,1.15,1.0,
2012-07-19,1.65,0.98,1.18,1.0,
2012-07-20,1.61,0.95,1.15,1.0,
2012-07-23,1.58,0.93,1.12,1.0,
2012-07-24,1.58,0.93,1.12,1.0,
2012-07-25,1.6,0.96,1.16,1.0,
2012-07-26,1.64,1.01,1.21,1.0,
2012-07-27,1.75,1.11,1.33,1.0,
2012-07-30,1.7,1.09,1.3,1.0,
2012-07-31,1.68,1.08,1.27,1.0,
2012-08-01,1.71,1.1,1.3,1.0,
2012-08-02,1.67,1.06,1.25,1.0,
2012-08-03,1.77,1.12,1.34,1.0,
2012-08-06,,,,1.0,
2012-08-07,1.84,1.17,1.41,1.0,
2012-08-08,1.82,1.16,1.39,1.0,
2012-08-09,1.81,1.16,1.39,1.0,
2012-08-10,1.78,1.13,1.36,1.0,
2012-08-13,1.8,1.14,1.38,1.0,
2012-08-14,1.85,1.18,1.43,1.0,
2012-08-15,1.95,1.25,1.51,1.0,
2012-08-16,1.96,1.24,1.51,1.0,
2012-08-17,1.94,1.2,1.5,1.0,
2012-08-20,1.94,1.19,1.49,1.0,
2012-08-21,1.92,1.18,1.48,1.0,
2012-08-22,1.84,1.12,1.39,1.0,
2012-08-23,1.82,1.13,1.39,1.0,
2012-08-24,1.83,1.15,1.4,1.0,
2012-08-27,1.8,1.16,1.39,1.0,
2012-08-28,1.8,1.17,1.39,1.0,
2012-08-29,1.8,1.15,1.38,1.0,
2012-08-30,1.77,1.13,1.34,1.0,
2012-08-31,1.77,1.15,1.36,1.0,
2012-09-03,,,,1.0,
2012-09-04,1.74,1.12,1.32,1.0,
2012-09-05,1.75,1.11,1.32,1.0,
2012-09-06,1.84,1.16,1.4,1.0,
2012-09-07,1.85,1.18,1.42,1.0,
2012-09-10,1.83,1.17,1.4,1.0,
2012-09-11,1.85,1.17,1.41,1.0,
2012-09-12,1.9,1.19,1.45,1.0,
2012-09-13,1.88,1.17,1.42,1.0,
2012-09-14,1.97,1.2,1.48,1.0,
2012-09-17,1.94,1.19,1.46,1.0,
2012-09-18,1.91,1.18,1.43,1.0,
2012-09-19,1.89,1.17,1.41,1.0,
2012-09-20,1.86,1.15,1.38,1.0,
2012-09-21,1.85,1.14,1.38,1.0,
2012-09-24,1.82,1.12,1.35,1.0,
2012-09-25,1.81,1.12,1.36,1.0,
2012-09-26,1.75,1.09,1.31,1.0,
2012-09-27,1.75,1.1,1.32,1.0,
2012-09-28,1.73,1.07,1.3,1.0,
2012-10-01,1.71,1.06,1.28,1.0,
2012-10-02,1.72,1.06,1.29,1.0,
2012-10-03,1.72,1.06,1.28,1.0,
2012-10-04,1.76,1.09,1.32,1.0,
2012-10-05,1.81,1.14,1.37,1.0,
2012-10-08,,,,1.0,
2012-10-09,1.8,1.14,1.37,1.0,
2012-10-10,1.79,1.14,1.36,1.0,
2012-10-11,1.81,1.15,1.37,1.0,
2012-10-12,1.8,1.14,1.37,1.0,
2012-10-15,1.8,1.08,1.33,1.0,
2012-10-16,1.83,1.08,1.34,1.0,
2012-10-17,1.91,1.13,1.42,1.0,
2012-10-18,1.89,1.12,1.41,1.0,
2012-10-19,1.84,1.09,1.36,1.0,
2012-10-22,1.87,1.09,1.38,1.0,
2012-10-23,1.85,1.14,1.4,1.0,
2012-10-24,1.84,1.12,1.39,1.0,
2012-10-25,1.89,1.14,1.43,1.0,
2012-10-26,1.84,1.12,1.39,1.0,
2012-10-29,1.79,1.08,1.35,1.0,
2012-10-30,1.81,1.1,1.37,1.0,
2012-10-31,1.78,1.07,1.34,1.0,
2012-11-01,1.78,1.07,1.33,1.0,
2012-11-02,1.77,1.06,1.32,1.0,
2012-11-05,1.76,1.07,1.32,1.0,
2012-11-06,1.8,1.11,1.37,1.0,
2012-11-07,1.74,1.07,1.32,1.0,
2012-11-08,1.72,1.07,1.29,1.0,
2012-11-09,1.71,1.08,1.3,1.0,
2012-11-12,,,,1.0,
2012-11-13,1.69,1.07,1.29,1.0,
2012-11-14,1.7,1.07,1.29,1.0,
2012-11-15,1.72,1.07,1.31,1.0,
2012-11-16,1.69,1.07,1.29,1.0,
2012-11-19,1.73,1.1,1.32,1.0,
2012-11-20,1.76,1.11,1.35,1.0,
2012-11-21,1.76,1.11,1.34,1.0,
2012-11-22,1.77,1.11,1.35,1.0,
2012-11-23,1.79,1.12,1.36,1.0,
2012-11-26,1.76,1.1,1.34,1.0,
2012-11-27,1.73,1.09,1.32,1.0,
2012-11-28,1.72,1.09,1.31,1.0,
2012-11-29,1.7,1.08,1.3,1.0,
2012-11-30,1.7,1.07,1.28,1.0,
2012-12-03,1.7,1.06,1.28,1.0,
2012-12-04,1.7,1.06,1.27,1.0,
2012-12-05,1.68,1.04,1.26,1.0,
2012-12-06,1.69,1.04,1.26,1.0,
2012-12-07,1.71,1.06,1.29,1.0,
2012-12-10,1.7,1.05,1.28,1.0,
2012-12-11,1.73,1.07,1.3,1.0,
2012-12-12,1.76,1.09,1.32,1.0,
2012-12-13,1.8,1.12,1.36,1.0,
2012-12-14,1.79,1.12,1.36,1.0,
2012-12-17,1.83,1.15,1.4,1.0,
2012-12-18,1.84,1.15,1.4,1.0,
2012-12-19,1.84,1.14,1.4,1.0,
2012-12-20,1.84,1.13,1.39,1.0,
2012-12-21,1.8,1.12,1.36,1.0,
2012-12-24,1.82,1.12,1.37,1.0,
2012-12-25,,,,1.0,
2012-12-26,,,,1.0,
2012-12-27,1.79,1.14,1.37,1.0,
2012-12-28,1.77,1.13,1.36,1.0,
2012-12-31,1.8,1.14,1.38,1.0,
2013-01-01,,,,1.0,
2013-01-02,1.87,1.17,1.43,1.0,
2013-01-03,1.92,1.19,1.47,1.0,
2013-01-04,1.94,1.21,1.49,1.0,
2013-01-07,1.94,1.2,1.48,1.0,
2013-01-08,1.91,1.17,1.45,1.0,
2013-01-09,1.91,1.17,1.44,1.0,
2013-01-10,1.96,1.19,1.48,1.0,
2013-01-11,1.94,1.19,1.48,1.0,
2013-01-14,1.94,1.19,1.47,1.0,
2013-01-15,1.91,1.18,1.45,1.0,
2013-01-16,1.89,1.17,1.44,1.0,
2013-01-17,1.95,1.2,1.48,1.0,
2013-01-18,1.92,1.18,1.47,1.0,
2013-01-21,1.93,1.19,1.48,1.0,
2013-01-22,1.91,1.17,1.46,1.0,
2013-01-23,1.87,1.12,1.4,1.0,
2013-01-24,1.89,1.12,1.41,1.0,
2013-01-25,1.95,1.14,1.46,1.0,
2013-01-28,1.96,1.15,1.48,1.0,
2013-01-29,2.0,1.17,1.51,1.0,
2013-01-30,1.99,1.16,1.5,1.0,
2013-01-31,1.99,1.16,1.5,1.0,
2013-02-01,2.04,1.19,1.53,1.0,
2013-02-04,1.99,1.15,1.48,1.0,
2013-02-05,2.02,1.17,1.5,1.0,
2013-02-06,1.99,1.16,1.49,1.0,
2013-02-07,1.99,1.15,1.48,1.0,
2013-02-08,1.96,1.1,1.43,1.0,
2013-02-11,1.97,1.11,1.44,1.0,
2013-02-12,2.0,1.12,1.46,1.0,
2013-02-13,2.03,1.15,1.5,1.0,
2013-02-14,2.0,1.13,1.47,1.0,
2013-02-15,2.01,1.13,1.47,1.0,
2013-02-18,,,,1.0,
2013-02-19,2.02,1.13,1.48,1.0,
2013-02-20,2.02,1.12,1.46,1.0,
2013-02-21,1.98,1.11,1.45,1.0,
2013-02-22,1.94,1.07,1.4,1.0,
2013-02-25,1.87,1.01,1.33,1.0,
2013-02-26,1.86,1.0,1.32,1.0,
2013-02-27,1.86,1.0,1.32,1.0,
2013-02-28,1.84,0.96,1.28,1.0,
2013-03-01,1.8,0.94,1.3,1.0,
2013-03-04,1.81,0.94,1.3,1.0,
2013-03-05,1.81,0.95,1.31,1.0,
2013-03-06,1.84,0.93,1.3,1.0,
2013-03-07,1.88,0.96,1.34,1.0,
2013-03-08,1.93,0.98,1.39,1.0,
2013-03-11,1.95,0.98,1.39,1.0,
2013-03-12,1.91,0.96,1.35,1.0,
2013-03-13,1.92,0.97,1.37,1.0,
2013-03-14,1.95,1.0,1.41,1.0,
2013-03-15,1.89,0.99,1.36,1.0,
2013-03-18,1.86,0.98,1.34,1.0,
2013-03-19,1.82,0.97,1.31,1.0,
2013-03-20,1.86,0.98,1.34,1.0,
2013-03-21,1.82,0.98,1.31,1.0,
2013-03-22,1.82,0.99,1.32,1.0,
2013-03-25,1.82,1.0,1.32,1.0,
2013-03-26,1.82,1.01,1.33,1.0,
2013-03-27,1.76,1.0,1.29,1.0,
2013-03-28,1.76,1.0,1.3,1.0,
2013-03-29,,,,1.0,
2013-04-01,1.84,0.99,1.27,1.0,
2013-04-02,1.87,1.0,1.29,1.0,
2013-04-03,1.83,0.99,1.26,1.0,
2013-04-04,1.79,0.99,1.24,1.0,
2013-04-05,1.75,0.98,1.23,1.0,
2013-04-08,1.76,0.99,1.24,1.0,
2013-04-09,1.77,1.0,1.24,1.0,
2013-04-10,1.8,0.99,1.26,1.0,
2013-04-11,1.78,0.98,1.24,1.0,
2013-04-12,1.74,0.95,1.19,1.0,
2013-04-15,1.71,0.93,1.18,1.0,
2013-04-16,1.73,0.94,1.19,1.0,
2013-04-17,1.71,0.93,1.18,1.0,
2013-04-18,1.7,0.94,1.18,1.0,
2013-04-19,1.71,0.94,1.18,1.0,
2013-04-22,1.71,0.94,1.18,1.0,
2013-04-23,1.72,0.94,1.19,1.0,
2013-04-24,1.72,0.94,1.19,1.0,
2013-04-25,1.74,0.95,1.2,1.0,
2013-04-26,1.7,0.93,1.18,1.0,
2013-04-29,1.7,0.93,1.17,1.0,
2013-04-30,1.69,0.92,1.16,1.0,
2013-05-01,1.68,0.91,1.15,1.0,
2013-05-02,1.67,0.91,1.15,1.0,
2013-05-03,1.77,0.96,1.23,1.0,
2013-05-06,1.8,0.97,1.26,1.0,
2013-05-07,1.82,0.98,1.28,1.0,
2013-05-08,1.81,0.97,1.27,1.0,
2013-05-09,1.8,0.97,1.26,1.0,
2013-05-10,1.88,1.0,1.33,1.0,
2013-05-13,1.9,1.01,1.35,1.0,
2013-05-14,1.95,1.04,1.39,1.0,
2013-05-15,1.92,1.03,1.36,1.0,
2013-05-16,1.88,1.01,1.33,1.0,
2013-05-17,1.92,1.01,1.35,1.0,
2013-05-20,,,,1.0,
2013-05-21,1.91,1.01,1.33,1.0,
2013-05-22,1.96,1.03,1.38,1.0,
2013-05-23,1.96,1.04,1.38,1.0,
2013-05-24,1.95,1.03,1.37,1.0,
2013-05-27,1.99,1.04,1.4,1.0,
2013-05-28,2.07,1.07,1.48,1.0,
2013-05-29,2.07,1.07,1.47,1.0,
2013-05-30,2.07,1.08,1.48,1.0,
2013-05-31,2.06,1.08,1.48,1.0,
2013-06-03,2.05,1.07,1.46,1.0,
2013-06-04,2.08,1.07,1.48,1.0,
2013-06-05,2.05,1.05,1.45,1.0,
2013-06-06,2.04,1.05,1.44,1.0,
2013-06-07,2.15,1.13,1.56,1.0,
2013-06-10,2.2,1.16,1.63,1.0,
2013-06-11,2.17,1.15,1.6,1.0,
2013-06-12,2.2,1.15,1.63,1.0,
2013-06-13,2.14,1.12,1.56,1.0,
2013-06-14,2.12,1.1,1.52,1.0,
2013-06-17,2.14,1.11,1.53,1.0,
2013-06-18,2.15,1.11,1.54,1.0,
2013-06-19,2.25,1.17,1.65,1.0,
2013-06-20,2.32,1.18,1.7,1.0,
2013-06-21,2.45,1.23,1.81,1.0,
2013-06-24,2.49,1.24,1.85,1.0,
2013-06-25,2.53,1.25,1.86,1.0,
2013-06-26,2.5,1.23,1.84,1.0,
2013-06-27,2.42,1.2,1.78,1.0,
2013-06-28,2.44,1.22,1.8,1.0,
2013-07-01,,,,1.0,
2013-07-02,2.41,1.2,1.77,1.0,
2013-07-03,2.42,1.19,1.77,1.0,
2013-07-04,2.41,1.18,1.76,1.0,
2013-07-05,2.55,1.23,1.87,1.0,
2013-07-08,2.48,1.16,1.79,1.0,
2013-07-09,2.47,1.15,1.78,1.0,
2013-07-10,2.51,1.16,1.82,1.0,
2013-07-11,2.44,1.13,1.75,1.0,
2013-07-12,2.43,1.14,1.75,1.0,
2013-07-15,2.41,1.13,1.73,1.0,
2013-07-16,2.4,1.12,1.7,1.0,
2013-07-17,2.37,1.09,1.66,1.0,
2013-07-18,2.4,1.09,1.68,1.0,
2013-07-19,2.36,1.08,1.65,1.0,
2013-07-22,2.36,1.09,1.65,1.0,
2013-07-23,2.4,1.11,1.69,1.0,
2013-07-24,2.48,1.15,1.76,1.0,
2013-07-25,2.46,1.15,1.74,1.0,
2013-07-26,2.45,1.15,1.72,1.0,
2013-07-29,2.48,1.16,1.75,1.0,
2013-07-30,2.5,1.18,1.79,1.0,
2013-07-31,2.45,1.15,1.74,1.0,
2013-08-01,2.55,1.19,1.82,1.0,
2013-08-02,2.49,1.16,1.75,1.0,
2013-08-05,,,,1.0,
2013-08-06,2.52,1.15,1.77,1.0,
2013-08-07,2.5,1.14,1.76,1.0,
2013-08-08,2.49,1.14,1.77,1.0,
2013-08-09,2.48,1.13,1.75,1.0,
2013-08-12,2.52,1.14,1.78,1.0,
2013-08-13,2.62,1.2,1.88,1.0,
2013-08-14,2.62,1.2,1.89,1.0,
2013-08-15,2.68,1.21,1.94,1.0,
2013-08-16,2.72,1.22,1.96,1.0,
2013-08-19,2.74,1.22,1.98,1.0,
2013-08-20,2.68,1.19,1.92,1.0,
2013-08-21,2.74,1.22,1.98,1.0,
2013-08-22,2.74,1.2,1.98,1.0,
2013-08-23,2.69,1.19,1.94,1.0,
2013-08-26,2.65,1.18,1.91,1.0,
2013-08-27,2.57,1.16,1.84,1.0,
2013-08-28,2.63,1.2,1.9,1.0,
2013-08-29,2.6,1.19,1.88,1.0,
2013-08-30,2.61,1.19,1.95,1.0,
2013-09-02,,,,1.0,
2013-09-03,2.68,1.22,2.01,1.0,
2013-09-04,2.71,1.23,2.05,1.0,
2013-09-05,2.8,1.29,2.15,1.0,
2013-09-06,2.76,1.29,2.12,1.0,
2013-09-09,2.74,1.28,2.1,1.0,
2013-09-10,2.82,1.31,2.16,1.0,
2013-09-11,2.78,1.29,2.13,1.0,
2013-09-12,2.78,1.28,2.13,1.0,
2013-09-13,2.76,1.28,2.12,1.0,
2013-09-16,2.79,1.26,2.11,1.0,
2013-09-17,2.77,1.26,2.11,1.0,
2013-09-18,2.7,1.23,2.03,1.0,
2013-09-19,2.7,1.22,2.02,1.0,
2013-09-20,2.69,1.22,1.99,1.0,
2013-09-23,2.65,1.21,1.96,1.0,
2013-09-24,2.59,1.21,1.92,1.0,
2013-09-25,2.57,1.21,1.89,1.0,
2013-09-26,2.58,1.22,1.91,1.0,
2013-09-27,2.55,1.2,1.87,1.0,
2013-09-30,2.54,1.19,1.86,1.0,
2013-10-01,2.54,1.19,1.87,1.0,
2013-10-02,2.54,1.18,1.86,1.0,
2013-10-03,2.54,1.18,1.86,1.0,
2013-10-04,2.58,1.19,1.89,1.0,
2013-10-07,2.57,1.19,1.87,1.0,
2013-10-08,2.57,1.19,1.88,1.0,
2013-10-09,2.57,1.2,1.89,1.0,
2013-10-10,2.59,1.21,1.91,1.0,
2013-10-11,2.59,1.21,1.89,1.0,
2013-10-14,,,,1.0,
2013-10-15,2.65,1.23,1.93,1.0,
2013-10-16,2.62,1.21,1.9,1.0,
2013-10-17,2.56,1.18,1.85,1.0,
2013-10-18,2.53,1.18,1.83,1.0,
2013-10-21,2.55,1.2,1.85,1.0,
2013-10-22,2.48,1.17,1.8,1.0,
2013-10-23,2.43,1.11,1.73,1.0,
2013-10-24,2.42,1.09,1.71,1.0,
2013-10-25,2.41,1.08,1.7,1.0,
2013-10-28,2.42,1.08,1.71,1.0,
2013-10-29,2.4,1.09,1.7,1.0,
2013-10-30,2.42,1.1,1.71,1.0,
2013-10-31,2.42,1.1,1.71,1.0,
2013-11-01,2.51,1.13,1.78,1.0,
2013-11-04,2.49,1.12,1.77,1.0,
2013-11-05,2.53,1.13,1.8,1.0,
2013-11-06,2.53,1.12,1.78,1.0,
2013-11-07,2.52,1.1,1.76,1.0,
2013-11-08,2.6,1.13,1.83,1.0,
2013-11-11,,,,1.0,
2013-11-12,2.65,1.14,1.86,1.0,
2013-11-13,2.6,1.12,1.83,1.0,
2013-11-14,2.56,1.1,1.78,1.0,
2013-11-15,2.56,1.12,1.78,1.0,
2013-11-18,2.52,1.1,1.74,1.0,
2013-11-19,2.56,1.12,1.78,1.0,
2013-11-20,2.62,1.12,1.8,1.0,
2013-11-21,2.63,1.08,1.78,1.0,
2013-11-22,2.58,1.08,1.76,1.0,
2013-11-25,2.56,1.1,1.74,1.0,
2013-11-26,2.52,1.1,1.71,1.0,
2013-11-27,2.54,1.1,1.73,1.0,
2013-11-28,2.54,1.09,1.72,1.0,
2013-11-29,2.55,1.1,1.73,1.0,
2013-12-02,2.6,1.11,1.77,1.0,
2013-12-03,2.59,1.07,1.74,1.0,
2013-12-04,2.64,1.06,1.77,1.0,
2013-12-05,2.67,1.08,1.8,1.0,
2013-12-06,2.69,1.09,1.82,1.0,
2013-12-09,2.67,1.08,1.81,1.0,
2013-12-10,2.59,1.08,1.77,1.0,
2013-12-11,2.64,1.09,1.8,1.0,
2013-12-12,2.66,1.1,1.82,1.0,
2013-12-13,2.66,1.1,1.82,1.0,
2013-12-16,2.67,1.11,1.83,1.0,
2013-12-17,2.64,1.11,1.8,1.0,
2013-12-18,2.68,1.11,1.82,1.0,
2013-12-19,2.7,1.14,1.86,1.0,
2013-12-20,2.67,1.11,1.84,1.0,
2013-12-23,2.68,1.13,1.86,1.0,
2013-12-24,2.72,1.13,1.9,1.0,
2013-12-25,,,,1.0,
2013-12-26,,,,1.0,
2013-12-27,2.79,1.15,1.96,1.0,
2013-12-30,2.74,1.13,1.92,1.0,
2013-12-31,2.77,1.13,1.95,1.0,
2014-01-01,,,,1.0,
2014-01-02,2.74,1.13,1.93,1.0,
2014-01-03,2.75,1.14,1.94,1.0,
2014-01-06,2.72,1.13,1.91,1.0,
2014-01-07,2.67,1.11,1.87,1.0,
2014-01-08,2.72,1.11,1.9,1.0,
2014-01-09,2.68,1.1,1.87,1.0,
2014-01-10,2.56,1.02,1.73,1.0,
2014-01-13,2.54,1.04,1.72,1.0,
2014-01-14,2.57,1.05,1.76,1.0,
2014-01-15,2.57,1.06,1.76,1.0,
2014-01-16,2.52,1.04,1.71,1.0,
2014-01-17,2.5,1.02,1.69,1.0,
2014-01-20,2.49,1.02,1.67,1.0,
2014-01-21,2.5,1.03,1.7,1.0,
2014-01-22,2.48,1.01,1.67,1.0,
2014-01-23,2.41,0.97,1.6,1.0,
2014-01-24,2.4,0.97,1.59,1.0,
2014-01-27,2.44,0.99,1.63,1.0,
2014-01-28,2.42,0.97,1.6,1.0,
2014-01-29,2.36,0.96,1.57,1.0,
2014-01-30,2.37,0.97,1.58,1.0,
2014-01-31,2.34,0.95,1.55,1.0,
2014-02-03,2.3,0.93,1.51,1.0,
2014-02-04,2.34,0.96,1.55,1.0,
2014-02-05,2.38,0.98,1.58,1.0,
2014-02-06,2.43,0.98,1.61,1.0,
2014-02-07,2.39,0.98,1.59,1.0,
2014-02-10,2.41,0.98,1.59,1.0,
2014-02-11,2.45,1.01,1.63,1.0,
2014-02-12,2.48,1.03,1.67,1.0,
2014-02-13,2.45,1.02,1.64,1.0,
2014-02-14,2.46,1.01,1.64,1.0,
2014-02-17,,,,1.0,
2014-02-18,2.44,1.0,1.62,1.0,
2014-02-19,2.44,1.0,1.62,1.0,
2014-02-20,2.44,1.0,1.62,1.0,
2014-02-21,2.41,1.01,1.69,1.0,
2014-02-24,2.41,1.03,1.7,1.0,
2014-02-25,2.48,1.02,1.67,1.0,
2014-02-26,2.44,1.0,1.63,1.0,
2014-02-27,2.41,0.99,1.61,1.0,
2014-02-28,2.42,1.0,1.62,1.0,
2014-03-03,2.4,0.99,1.6,1.0,
2014-03-04,2.47,1.03,1.66,1.0,
2014-03-05,2.46,1.03,1.67,1.0,
2014-03-06,2.5,1.05,1.71,1.0,
2014-03-07,2.52,1.05,1.71,1.0,
2014-03-10,2.5,1.04,1.69,1.0,
2014-03-11,2.48,1.03,1.67,1.0,
2014-03-12,2.44,1.02,1.64,1.0,
2014-03-13,2.38,1.01,1.59,1.0,
2014-03-14,2.39,1.01,1.6,1.0,
2014-03-17,2.43,1.03,1.64,1.0,
2014-03-18,2.4,1.0,1.61,1.0,
2014-03-19,2.48,1.06,1.71,1.0,
2014-03-20,2.5,1.07,1.73,1.0,
2014-03-21,2.48,1.07,1.72,1.0,
2014-03-24,2.46,1.07,1.72,1.0,
2014-03-25,2.47,1.07,1.72,1.0,
2014-03-26,2.45,1.06,1.69,1.0,
2014-03-27,2.43,1.06,1.68,1.0,
2014-03-28,2.44,1.07,1.7,1.0,
2014-03-31,2.46,1.07,1.71,1.0,
2014-04-01,2.5,1.07,1.72,1.0,
2014-04-02,2.55,1.1,1.78,1.0,
2014-04-03,2.54,1.1,1.78,1.0,
2014-04-04,2.49,1.09,1.75,1.0,
2014-04-07,2.46,1.08,1.73,1.0,
2014-04-08,2.46,1.08,1.72,1.0,
2014-04-09,2.47,1.07,1.71,1.0,
2014-04-10,2.43,1.05,1.67,1.0,
2014-04-11,2.39,1.04,1.64,1.0,
2014-04-14,2.41,1.05,1.66,1.0,
2014-04-15,2.38,1.04,1.63,1.0,
2014-04-16,2.39,1.05,1.65,1.0,
2014-04-17,2.45,1.07,1.71,1.0,
2014-04-18,,,,1.0,
2014-04-21,2.45,1.07,1.72,1.0,
2014-04-22,2.45,1.07,1.71,1.0,
2014-04-23,2.42,1.06,1.69,1.0,
2014-04-24,2.42,1.07,1.69,1.0,
2014-04-25,2.41,1.06,1.67,1.0,
2014-04-28,2.44,1.07,1.69,1.0,
2014-04-29,2.43,1.08,1.7,1.0,
2014-04-30,2.4,1.06,1.67,1.0,
2014-05-01,2.36,1.05,1.64,1.0,
2014-05-02,2.35,1.07,1.63,1.0,
2014-05-05,2.37,1.07,1.64,1.0,
2014-05-06,2.37,1.07,1.65,1.0,
2014-05-07,2.37,1.07,1.64,1.0,
2014-05-08,2.37,1.07,1.65,1.0,
2014-05-09,2.36,1.06,1.62,1.0,
2014-05-12,2.4,1.07,1.66,1.0,
2014-05-13,2.35,1.06,1.62,1.0,
2014-05-14,2.28,1.04,1.56,1.0,
2014-05-15,2.26,1.03,1.53,1.0,
2014-05-16,2.26,1.04,1.54,1.0,
2014-05-19,,,,1.0,
2014-05-20,2.27,1.04,1.54,1.0,
2014-05-21,2.3,1.05,1.56,1.0,
2014-05-22,2.32,1.05,1.59,1.0,
2014-05-23,2.3,1.05,1.57,1.0,
2014-05-26,2.32,1.06,1.58,1.0,
2014-05-27,2.3,1.05,1.56,1.0,
2014-05-28,2.22,1.04,1.5,1.0,
2014-05-29,2.25,1.05,1.53,1.0,
2014-05-30,2.24,1.05,1.52,1.0,
2014-06-02,2.28,1.06,1.56,1.0,
2014-06-03,2.34,1.07,1.6,1.0,
2014-06-04,2.35,1.06,1.61,1.0,
2014-06-05,2.33,1.06,1.59,1.0,
2014-06-06,2.32,1.06,1.58,1.0,
2014-06-09,2.32,1.07,1.59,1.0,
2014-06-10,2.34,1.08,1.6,1.0,
2014-06-11,2.34,1.07,1.6,1.0,
2014-06-12,2.3,1.07,1.56,1.0,
2014-06-13,2.31,1.09,1.58,1.0,
2014-06-16,2.29,1.1,1.57,1.0,
2014-06-17,2.31,1.11,1.6,1.0,
2014-06-18,2.27,1.1,1.56,1.0,
2014-06-19,2.27,1.07,1.54,1.0,
2014-06-20,2.3,1.14,1.6,1.0,
2014-06-23,2.33,1.14,1.64,1.0,
2014-06-24,2.28,1.12,1.58,1.0,
2014-06-25,2.26,1.11,1.57,1.0,
2014-06-26,2.24,1.11,1.54,1.0,
2014-06-27,2.25,1.12,1.56,1.0,
2014-06-30,2.24,1.1,1.53,1.0,
2014-07-01,,,,1.0,
2014-07-02,2.32,1.13,1.6,1.0,
2014-07-03,2.32,1.13,1.61,1.0,
2014-07-04,2.33,1.13,1.62,1.0,
2014-07-07,2.3,1.13,1.6,1.0,
2014-07-08,2.25,1.11,1.55,1.0,
2014-07-09,2.24,1.12,1.56,1.0,
2014-07-10,2.23,1.12,1.55,1.0,
2014-07-11,2.21,1.1,1.52,1.0,
2014-07-14,2.21,1.09,1.51,1.0,
2014-07-15,2.21,1.1,1.52,1.0,
2014-07-16,2.2,1.09,1.51,1.0,
2014-07-17,2.14,1.07,1.45,1.0,
2014-07-18,2.16,1.08,1.48,1.0,
2014-07-21,2.13,1.08,1.47,1.0,
2014-07-22,2.12,1.08,1.46,1.0,
2014-07-23,2.12,1.08,1.47,1.0,
2014-07-24,2.16,1.1,1.5,1.0,
2014-07-25,2.11,1.08,1.47,1.0,
2014-07-28,2.11,1.09,1.48,1.0,
2014-07-29,2.09,1.08,1.46,1.0,
2014-07-30,2.16,1.1,1.52,1.0,
2014-07-31,2.16,1.1,1.52,1.0,
2014-08-01,2.12,1.07,1.46,1.0,
2014-08-04,,,,1.0,
2014-08-05,2.11,1.07,1.46,1.0,
2014-08-06,2.11,1.08,1.47,1.0,
2014-08-07,2.07,1.07,1.43,1.0,
2014-08-08,2.06,1.05,1.5,1.0,
2014-08-11,2.07,1.06,1.52,1.0,
2014-08-12,2.11,1.08,1.56,1.0,
2014-08-13,2.07,1.07,1.52,1.0,
2014-08-14,2.05,1.06,1.5,1.0,
2014-08-15,2.02,1.05,1.48,1.0,
2014-08-18,2.06,1.07,1.51,1.0,
2014-08-19,2.07,1.07,1.52,1.0,
2014-08-20,2.1,1.09,1.56,1.0,
2014-08-21,2.08,1.09,1.55,1.0,
2014-08-22,2.07,1.09,1.55,1.0,
2014-08-25,2.04,1.09,1.54,1.0,
2014-08-26,2.04,1.1,1.54,1.0,
2014-08-27,2.0,1.1,1.52,1.0,
2014-08-28,2.0,1.1,1.51,1.0,
2014-08-29,1.99,1.1,1.52,1.0,
2014-09-01,,,,1.0,
2014-09-02,2.09,1.12,1.58,1.0,
2014-09-03,2.09,1.12,1.58,1.0,
2014-09-04,2.12,1.12,1.6,1.0,
2014-09-05,2.11,1.11,1.58,1.0,
2014-09-08,2.14,1.12,1.6,1.0,
2014-09-09,2.17,1.14,1.64,1.0,
2014-09-10,2.2,1.15,1.65,1.0,
2014-09-11,2.2,1.14,1.66,1.0,
2014-09-12,2.24,1.16,1.7,1.0,
2014-09-15,2.23,1.15,1.69,1.0,
2014-09-16,2.24,1.15,1.7,1.0,
2014-09-17,2.26,1.16,1.71,1.0,
2014-09-18,2.28,1.17,1.73,1.0,
2014-09-19,2.25,1.17,1.71,1.0,
2014-09-22,2.22,1.15,1.68,1.0,
2014-09-23,2.17,1.12,1.63,1.0,
2014-09-24,2.2,1.14,1.66,1.0,
2014-09-25,2.15,1.12,1.62,1.0,
2014-09-26,2.16,1.13,1.65,1.0,
2014-09-29,2.13,1.12,1.62,1.0,
2014-09-30,2.15,1.13,1.63,1.0,
2014-10-01,2.08,1.1,1.56,1.0,
2014-10-02,2.1,1.1,1.59,1.0,
2014-10-03,2.1,1.13,1.6,1.0,
2014-10-06,2.09,1.11,1.58,1.0,
2014-10-07,2.03,1.08,1.52,1.0,
2014-10-08,2.01,1.05,1.48,1.0,
2014-10-09,2.03,1.06,1.52,1.0,
2014-10-10,2.01,1.05,1.51,1.0,
2014-10-13,,,,1.0,
2014-10-14,1.95,0.98,1.43,1.0,
2014-10-15,1.91,0.91,1.37,1.0,
2014-10-16,1.93,0.92,1.38,1.0,
2014-10-17,1.95,0.97,1.42,1.0,
2014-10-20,1.93,0.96,1.4,1.0,
2014-10-21,1.96,0.97,1.43,1.0,
2014-10-22,1.96,0.99,1.43,1.0,
2014-10-23,2.0,1.0,1.48,1.0,
2014-10-24,2.01,1.0,1.49,1.0,
2014-10-27,2.01,1.0,1.5,1.0,
2014-10-28,2.02,1.01,1.51,1.0,
2014-10-29,2.05,1.04,1.56,1.0,
2014-10-30,2.05,1.04,1.54,1.0,
2014-10-31,2.05,1.02,1.54,1.0,
2014-11-03,2.04,0.99,1.52,1.0,
2014-11-04,2.03,0.98,1.51,1.0,
2014-11-05,2.04,1.0,1.52,1.0,
2014-11-06,2.08,1.02,1.56,1.0,
2014-11-07,2.03,1.02,1.52,1.0,
2014-11-10,2.06,1.03,1.55,1.0,
2014-11-11,,,,1.0,
2014-11-12,2.05,1.01,1.54,1.0,
2014-11-13,2.04,1.01,1.52,1.0,
2014-11-14,2.03,1.01,1.52,1.0,
2014-11-17,2.02,1.0,1.51,1.0,
2014-11-18,1.99,1.0,1.49,1.0,
2014-11-19,2.03,1.02,1.53,1.0,
2014-11-20,2.02,1.01,1.51,1.0,
2014-11-21,2.0,1.03,1.51,1.0,
2014-11-24,1.98,1.02,1.49,1.0,
2014-11-25,1.94,1.01,1.47,1.0,
2014-11-26,1.93,1.0,1.46,1.0,
2014-11-27,1.9,0.99,1.43,1.0,
2014-11-28,1.85,0.95,1.36,1.0,
2014-12-01,1.89,0.95,1.38,1.0,
2014-12-02,1.95,1.01,1.44,1.0,
2014-12-03,1.95,1.03,1.45,1.0,
2014-12-04,1.91,1.01,1.43,1.0,
2014-12-05,1.96,1.04,1.48,1.0,
2014-12-08,1.89,1.02,1.44,1.0,
2014-12-09,1.88,1.02,1.43,1.0,
2014-12-10,1.82,0.99,1.37,1.0,
2014-12-11,1.83,1.02,1.39,1.0,
2014-12-12,1.76,0.97,1.31,1.0,
2014-12-15,1.78,0.98,1.34,1.0,
2014-12-16,1.74,0.95,1.29,1.0,
2014-12-17,1.81,1.0,1.35,1.0,
2014-12-18,1.86,1.02,1.4,1.0,
2014-12-19,1.82,1.01,1.37,1.0,
2014-12-22,1.8,1.02,1.36,1.0,
2014-12-23,1.9,1.05,1.44,1.0,
2014-12-24,1.9,1.06,1.44,1.0,
2014-12-25,,,,1.0,
2014-12-26,,,,1.0,
2014-12-29,1.84,1.03,1.38,1.0,
2014-12-30,1.81,1.02,1.36,1.0,
2014-12-31,1.79,1.01,1.34,1.0,
2015-01-01,,,,1.0,
2015-01-02,1.74,1.0,1.31,1.0,
2015-01-05,1.69,0.98,1.27,1.0,
2015-01-06,1.64,0.96,1.21,1.0,
2015-01-07,1.65,0.97,1.22,1.0,
2015-01-08,1.71,0.98,1.26,1.0,
2015-01-09,1.66,0.95,1.22,1.0,
2015-01-12,1.61,0.92,1.17,1.0,
2015-01-13,1.6,0.91,1.15,1.0,
2015-01-14,1.57,0.88,1.12,1.0,
2015-01-15,1.48,0.81,1.02,1.0,
2015-01-16,1.53,0.87,1.09,1.0,
2015-01-19,1.51,0.86,1.07,1.0,
2015-01-20,1.49,0.85,1.05,1.0,
2015-01-21,1.42,0.56,0.85,0.75,
2015-01-22,1.42,0.55,0.84,0.75,
2015-01-23,1.45,0.54,0.79,0.75,
2015-01-26,1.47,0.52,0.79,0.75,
2015-01-27,1.42,0.49,0.74,0.75,
2015-01-28,1.35,0.44,0.69,0.75,
2015-01-29,1.37,0.45,0.7,0.75,
2015-01-30,1.26,0.39,0.61,0.75,
2015-02-02,1.24,0.39,0.59,0.75,
2015-02-03,1.3,0.43,0.64,0.75,
2015-02-04,1.28,0.4,0.62,0.75,
2015-02-05,1.35,0.43,0.68,0.75,
2015-02-06,1.44,0.49,0.76,0.75,
2015-02-09,1.41,0.48,0.75,0.75,
2015-02-10,1.43,0.43,0.73,0.75,
2015-02-11,1.44,0.43,0.74,0.75,
2015-02-12,1.39,0.42,0.7,0.75,
2015-02-13,1.43,0.43,0.73,0.75,
2015-02-16,,,,0.75,
2015-02-17,1.5,0.46,0.79,0.75,
2015-02-18,1.47,0.42,0.77,0.75,
2015-02-19,1.45,0.42,0.75,0.75,
2015-02-20,1.43,0.41,0.8,0.75,
2015-02-23,1.36,0.39,0.74,0.75,
2015-02-24,1.31,0.46,0.74,0.75,
2015-02-25,1.32,0.47,0.74,0.75,
2015-02-26,1.36,0.5,0.78,0.75,
2015-02-27,1.3,0.47,0.73,0.75,
2015-03-02,1.38,0.49,0.79,0.75,
2015-03-03,1.43,0.5,0.81,0.75,
2015-03-04,1.5,0.61,0.91,0.75,
2015-03-05,1.52,0.62,0.94,0.75,
2015-03-06,1.6,0.62,0.99,0.75,
2015-03-09,1.58,0.6,0.95,0.75,
2015-03-10,1.54,0.59,0.92,0.75,
2015-03-11,1.49,0.58,0.89,0.75,
2015-03-12,1.49,0.57,0.88,0.75,
2015-03-13,1.48,0.55,0.86,0.75,
2015-03-16,1.44,0.54,0.83,0.75,
2015-03-17,1.41,0.54,0.82,0.75,
2015-03-18,1.33,0.49,0.74,0.75,
2015-03-19,1.32,0.48,0.74,0.75,
2015-03-20,1.3,0.46,0.72,0.75,
2015-03-23,1.3,0.45,0.72,0.75,
2015-03-24,1.3,0.46,0.72,0.75,
2015-03-25,1.33,0.49,0.75,0.75,
2015-03-26,1.43,0.58,0.86,0.75,
2015-03-27,1.37,0.52,0.79,0.75,
2015-03-30,1.37,0.51,0.78,0.75,
2015-03-31,1.36,0.51,0.77,0.75,
2015-04-01,1.31,0.49,0.73,0.75,
2015-04-02,1.31,0.49,0.73,0.75,
2015-04-03,,,,0.75,
2015-04-06,1.35,0.5,0.76,0.75,
2015-04-07,1.34,0.5,0.76,0.75,
2015-04-08,1.33,0.5,0.75,0.75,
2015-04-09,1.37,0.51,0.78,0.75,
2015-04-10,1.37,0.52,0.78,0.75,
2015-04-13,1.36,0.52,0.77,0.75,
2015-04-14,1.31,0.51,0.73,0.75,
2015-04-15,1.34,0.56,0.77,0.75,
2015-04-16,1.37,0.58,0.8,0.75,
2015-04-17,1.41,0.62,0.85,0.75,
2015-04-20,1.42,0.64,0.87,0.75,
2015-04-21,1.45,0.64,0.89,0.75,
2015-04-22,1.5,0.67,0.94,0.75,
2015-04-23,1.48,0.66,0.92,0.75,
2015-04-24,1.43,0.63,0.87,0.75,
2015-04-27,1.45,0.64,0.88,0.75,
2015-04-28,1.55,0.67,0.96,0.75,
2015-04-29,1.59,0.68,0.98,0.75,
2015-04-30,1.59,0.68,0.98,0.75,
2015-05-01,1.66,0.71,1.05,0.75,
2015-05-04,1.71,0.71,1.08,0.75,
2015-05-05,1.73,0.69,1.07,0.75,
2015-05-06,1.82,0.69,1.13,0.75,
2015-05-07,1.74,0.68,1.06,0.75,
2015-05-08,1.7,0.66,1.02,0.75,
2015-05-11,1.81,0.7,1.11,0.75,
2015-05-12,1.8,0.69,1.08,0.75,
2015-05-13,1.82,0.69,1.1,0.75,
2015-05-14,1.8,0.67,1.07,0.75,
2015-05-15,1.71,0.64,1.0,0.75,
2015-05-18,,,,0.75,
2015-05-19,1.83,0.69,1.1,0.75,
2015-05-20,1.8,0.68,1.07,0.75,
2015-05-21,1.75,0.67,1.03,0.75,
2015-05-22,1.77,0.68,1.05,0.75,
2015-05-25,1.78,0.67,1.05,0.75,
2015-05-26,1.7,0.65,0.98,0.75,
2015-05-27,1.67,0.63,0.96,0.75,
2015-05-28,1.66,0.62,0.94,0.75,
2015-05-29,1.62,0.57,0.88,0.75,
2015-06-01,1.63,0.56,0.9,0.75,
2015-06-02,1.71,0.59,0.96,0.75,
2015-06-03,1.79,0.61,1.01,0.75,
2015-06-04,1.73,0.57,0.95,0.75,
2015-06-05,1.82,0.64,1.03,0.75,
2015-06-08,1.81,0.63,1.02,0.75,
2015-06-09,1.88,0.66,1.06,0.75,
2015-06-10,1.9,0.68,1.09,0.75,
2015-06-11,1.81,0.66,1.02,0.75,
2015-06-12,1.8,0.64,1.01,0.75,
2015-06-15,1.77,0.62,0.96,0.75,
2015-06-16,1.74,0.61,0.94,0.75,
2015-06-17,1.75,0.61,0.94,0.75,
2015-06-18,1.79,0.62,0.96,0.75,
2015-06-19,1.71,0.59,0.92,0.75,
2015-06-22,1.81,0.62,0.99,0.75,
2015-06-23,1.83,0.63,1.0,0.75,
2015-06-24,1.77,0.6,0.95,0.75,
2015-06-25,1.82,0.62,0.98,0.75,
2015-06-26,1.87,0.63,1.02,0.75,
2015-06-29,1.74,0.56,0.9,0.75,
2015-06-30,1.68,0.49,0.81,0.75,
2015-07-01,,,,0.75,
2015-07-02,1.74,0.48,0.82,0.75,
2015-07-03,1.69,0.48,0.8,0.75,
2015-07-06,1.64,0.46,0.76,0.75,
2015-07-07,1.57,0.47,0.71,0.75,
2015-07-08,1.52,0.43,0.66,0.75,
2015-07-09,1.59,0.46,0.72,0.75,
2015-07-10,1.68,0.5,0.79,0.75,
2015-07-13,1.68,0.47,0.77,0.75,
2015-07-14,1.65,0.45,0.74,0.75,
2015-07-15,1.59,0.39,0.68,0.5,
2015-07-16,1.56,0.41,0.69,0.5,
2015-07-17,1.56,0.42,0.7,0.5,
2015-07-20,1.57,0.42,0.71,0.5,
2015-07-21,1.57,0.43,0.7,0.5,
2015-07-22,1.54,0.43,0.68,0.5,
2015-07-23,1.5,0.42,0.79,0.5,
2015-07-24,1.48,0.43,0.79,0.5,
2015-07-27,1.45,0.41,0.77,0.5,
2015-07-28,1.5,0.44,0.81,0.5,
2015-07-29,1.52,0.46,0.83,0.5,
2015-07-30,1.49,0.45,0.82,0.5,
2015-07-31,1.44,0.41,0.76,0.5,
2015-08-03,,,,0.5,
2015-08-04,1.42,0.4,0.75,0.5,
2015-08-05,1.46,0.43,0.79,0.5,
2015-08-06,1.44,0.44,0.78,0.5,
2015-08-07,1.42,0.44,0.78,0.5,
2015-08-10,1.47,0.46,0.82,0.5,
2015-08-11,1.39,0.42,0.73,0.5,
2015-08-12,1.39,0.42,0.72,0.5,
2015-08-13,1.4,0.41,0.73,0.5,
2015-08-14,1.39,0.41,0.73,0.5,
2015-08-17,1.37,0.41,0.71,0.5,
2015-08-18,1.4,0.41,0.73,0.5,
2015-08-19,1.31,0.37,0.65,0.5,
2015-08-20,1.29,0.35,0.64,0.5,
2015-08-21,1.27,0.33,0.61,0.5,
2015-08-24,1.26,0.32,0.58,0.5,
2015-08-25,1.33,0.36,0.64,0.5,
2015-08-26,1.45,0.39,0.72,0.5,
2015-08-27,1.45,0.4,0.73,0.5,
2015-08-28,1.44,0.42,0.74,0.5,
2015-08-31,1.48,0.44,0.77,0.5,
2015-09-01,1.43,0.42,0.72,0.5,
2015-09-02,1.45,0.42,0.74,0.5,
2015-09-03,1.46,0.43,0.75,0.5,
2015-09-04,1.44,0.44,0.75,0.5,
2015-09-07,,,,0.5,
2015-09-08,1.48,0.44,0.77,0.5,
2015-09-09,1.49,0.46,0.78,0.5,
2015-09-10,1.49,0.46,0.78,0.5,
2015-09-11,1.47,0.46,0.77,0.5,
2015-09-14,1.45,0.45,0.75,0.5,
2015-09-15,1.56,0.49,0.84,0.5,
2015-09-16,1.59,0.52,0.87,0.5,
2015-09-17,1.53,0.48,0.82,0.5,
2015-09-18,1.46,0.46,0.76,0.5,
2015-09-21,1.54,0.52,0.83,0.5,
2015-09-22,1.48,0.5,0.8,0.5,
2015-09-23,1.48,0.51,0.81,0.5,
2015-09-24,1.46,0.51,0.8,0.5,
2015-09-25,1.53,0.54,0.86,0.5,
2015-09-28,1.44,0.5,0.79,0.5,
2015-09-29,1.43,0.5,0.78,0.5,
2015-09-30,1.45,0.53,0.81,0.5,
2015-10-01,1.43,0.52,0.81,0.5,
2015-10-02,1.39,0.5,0.77,0.5,
2015-10-05,1.44,0.51,0.79,0.5,
2015-10-06,1.43,0.51,0.79,0.5,
2015-10-07,1.45,0.53,0.82,0.5,
2015-10-08,1.51,0.55,0.85,0.5,
2015-10-09,1.52,0.56,0.86,0.5,
2015-10-12,,,,0.5,
2015-10-13,1.44,0.54,0.81,0.5,
2015-10-14,1.39,0.52,0.77,0.5,
2015-10-15,1.44,0.53,0.81,0.5,
2015-10-16,1.46,0.53,0.83,0.5,
2015-10-19,1.46,0.52,0.82,0.5,
2015-10-20,1.54,0.55,0.88,0.5,
2015-10-21,1.46,0.53,0.83,0.5,
2015-10-22,1.45,0.52,0.81,0.5,
2015-10-23,1.5,0.53,0.84,0.5,
2015-10-26,1.44,0.52,0.79,0.5,
2015-10-27,1.42,0.49,0.76,0.5,
2015-10-28,1.47,0.54,0.82,0.5,
2015-10-29,1.55,0.57,0.88,0.5,
2015-10-30,1.54,0.57,0.88,0.5,
2015-11-02,1.58,0.58,0.9,0.5,
2015-11-03,1.61,0.59,0.93,0.5,
2015-11-04,1.63,0.62,0.96,0.5,
2015-11-05,1.65,0.63,0.97,0.5,
2015-11-06,1.72,0.67,1.03,0.5,
2015-11-09,1.72,0.67,1.03,0.5,
2015-11-10,1.7,0.66,1.0,0.5,
2015-11-11,,,,0.5,
2015-11-12,1.7,0.65,0.99,0.5,
2015-11-13,1.65,0.61,0.94,0.5,
2015-11-16,1.65,0.61,0.94,0.5,
2015-11-17,1.66,0.62,0.94,0.5,
2015-11-18,1.65,0.64,0.96,0.5,
2015-11-19,1.62,0.62,0.94,0.5,
2015-11-20,1.62,0.61,0.93,0.5,
2015-11-23,1.61,0.62,0.93,0.5,
2015-11-24,1.61,0.62,0.92,0.5,
2015-11-25,1.59,0.63,0.92,0.5,
2015-11-26,1.57,0.62,0.9,0.5,
2015-11-27,1.56,0.63,0.9,0.5,
2015-11-30,1.57,0.63,0.91,0.5,
2015-12-01,1.5,0.6,0.86,0.5,
2015-12-02,1.51,0.62,0.89,0.5,
2015-12-03,1.62,0.65,0.97,0.5,
2015-12-04,1.57,0.62,0.92,0.5,
2015-12-07,1.51,0.6,0.87,0.5,
2015-12-08,1.51,0.57,0.85,0.5,
2015-12-09,1.49,0.54,0.82,0.5,
2015-12-10,1.48,0.54,0.82,0.5,
2015-12-11,1.41,0.48,0.74,0.5,
2015-12-14,1.47,0.5,0.79,0.5,
2015-12-15,1.49,0.52,0.8,0.5,
2015-12-16,1.51,0.55,0.83,0.5,
2015-12-17,1.43,0.52,0.78,0.5,
2015-12-18,1.39,0.5,0.74,0.5,
2015-12-21,1.38,0.49,0.72,0.5,
2015-12-22,1.41,0.52,0.75,0.5,
2015-12-23,1.41,0.5,0.74,0.5,
2015-12-24,1.37,0.49,0.72,0.5,
2015-12-25,,,,0.5,
2015-12-28,,,,0.5,
2015-12-29,1.4,0.5,0.75,0.5,
2015-12-30,1.4,0.48,0.74,0.5,
2015-12-31,1.39,0.48,0.73,0.5,
2016-01-01,,,,0.5,
2016-01-04,1.39,0.46,0.72,0.5,
2016-01-05,1.38,0.45,0.71,0.5,
2016-01-06,1.33,0.41,0.66,0.5,
2016-01-07,1.32,0.41,0.66,0.5,
2016-01-08,1.29,0.42,0.64,0.5,
2016-01-11,1.32,0.39,0.64,0.5,
2016-01-12,1.27,0.34,0.58,0.5,
2016-01-13,1.22,0.3,0.51,0.5,
2016-01-14,1.22,0.31,0.61,0.5,
2016-01-15,1.14,0.28,0.55,0.5,
2016-01-18,1.16,0.31,0.58,0.5,
2016-01-19,1.18,0.29,0.58,0.5,
2016-01-20,1.16,0.38,0.63,0.5,
2016-01-21,1.25,0.44,0.71,0.5,
2016-01-22,1.31,0.45,0.76,0.5,
2016-01-25,1.25,0.42,0.7,0.5,
2016-01-26,1.27,0.43,0.71,0.5,
2016-01-27,1.24,0.42,0.68,0.5,
2016-01-28,1.24,0.43,0.68,0.5,
2016-01-29,1.22,0.42,0.67,0.5,
2016-02-01,1.23,0.42,0.67,0.5,
2016-02-02,1.11,0.38,0.58,0.5,
2016-02-03,1.15,0.4,0.61,0.5,
2016-02-04,1.16,0.39,0.61,0.5,
2016-02-05,1.13,0.37,0.58,0.5,
2016-02-08,1.05,0.34,0.51,0.5,
2016-02-09,1.05,0.35,0.51,0.5,
2016-02-10,1.01,0.35,0.48,0.5,
2016-02-11,1.0,0.36,0.48,0.5,
2016-02-12,1.13,0.44,0.59,0.5,
2016-02-15,,,,0.5,
2016-02-16,1.16,0.46,0.62,0.5,
2016-02-17,1.17,0.48,0.65,0.5,
2016-02-18,1.11,0.43,0.59,0.5,
2016-02-19,1.12,0.45,0.6,0.5,
2016-02-22,1.12,0.45,0.6,0.5,
2016-02-23,1.14,0.47,0.62,0.5,
2016-02-24,1.15,0.49,0.64,0.5,
2016-02-25,1.13,0.49,0.63,0.5,
2016-02-26,1.19,0.51,0.67,0.5,
2016-02-29,1.18,0.51,0.66,0.5,
2016-03-01,1.23,0.53,0.71,0.5,
2016-03-02,1.25,0.54,0.72,0.5,
2016-03-03,1.22,0.51,0.68,0.5,
2016-03-04,1.25,0.52,0.69,0.5,
2016-03-07,1.28,0.53,0.72,0.5,
2016-03-08,1.18,0.5,0.64,0.5,
2016-03-09,1.26,0.53,0.7,0.5,
2016-03-10,1.3,0.56,0.74,0.5,
2016-03-11,1.36,0.58,0.8,0.5,
2016-03-14,1.35,0.58,0.78,0.5,
2016-03-15,1.33,0.58,0.78,0.5,
2016-03-16,1.31,0.55,0.73,0.5,
2016-03-17,1.29,0.53,0.71,0.5,
2016-03-18,1.29,0.54,0.71,0.5,
2016-03-21,1.3,0.56,0.73,0.5,
2016-03-22,1.31,0.56,0.74,0.5,
2016-03-23,1.24,0.56,0.71,0.5,
2016-03-24,1.27,0.56,0.73,0.5,
2016-03-25,,,,0.5,
2016-03-28,1.25,0.56,0.71,0.5,
2016-03-29,1.18,0.51,0.64,0.5,
2016-03-30,1.22,0.53,0.66,0.5,
2016-03-31,1.23,0.54,0.68,0.5,
2016-04-01,1.24,0.54,0.69,0.5,
2016-04-04,1.23,0.55,0.7,0.5,
2016-04-05,1.16,0.52,0.65,0.5,
2016-04-06,1.2,0.54,0.69,0.5,
2016-04-07,1.16,0.53,0.65,0.5,
2016-04-08,1.23,0.56,0.71,0.5,
2016-04-11,1.24,0.56,0.71,0.5,
2016-04-12,1.29,0.58,0.76,0.5,
2016-04-13,1.25,0.57,0.73,0.5,
2016-04-14,1.29,0.6,0.78,0.5,
2016-04-15,1.26,0.59,0.75,0.5,
2016-04-18,1.3,0.6,0.77,0.5,
2016-04-19,1.33,0.61,0.79,0.5,
2016-04-20,1.33,0.62,0.8,0.5,
2016-04-21,1.46,0.63,0.82,0.5,
2016-04-22,1.51,0.67,0.89,0.5,
2016-04-25,1.54,0.7,0.92,0.5,
2016-04-26,1.56,0.7,0.93,0.5,
2016-04-27,1.5,0.68,0.89,0.5,
2016-04-28,1.48,0.67,0.85,0.5,
2016-04-29,1.5,0.68,0.87,0.5,
2016-05-02,1.53,0.69,0.87,0.5,
2016-05-03,1.46,0.64,0.81,0.5,
2016-05-04,1.4,0.58,0.75,0.5,
2016-05-05,1.35,0.57,0.73,0.5,
2016-05-06,1.35,0.56,0.72,0.5,
2016-05-09,1.31,0.53,0.68,0.5,
2016-05-10,1.31,0.52,0.68,0.5,
2016-05-11,1.3,0.53,0.68,0.5,
2016-05-12,1.32,0.56,0.7,0.5,
2016-05-13,1.27,0.55,0.67,0.5,
2016-05-16,1.31,0.56,0.69,0.5,
2016-05-17,1.3,0.58,0.71,0.5,
2016-05-18,1.36,0.63,0.77,0.5,
2016-05-19,1.34,0.62,0.75,0.5,
2016-05-20,1.35,0.62,0.75,0.5,
2016-05-23,,,,0.5,
2016-05-24,1.37,0.63,0.77,0.5,
2016-05-25,1.38,0.63,0.79,0.5,
2016-05-26,1.33,0.62,0.76,0.5,
2016-05-27,1.35,0.65,0.78,0.5,
2016-05-30,1.35,0.65,0.79,0.5,
2016-05-31,1.31,0.61,0.74,0.5,
2016-06-01,1.3,0.59,0.72,0.5,
2016-06-02,1.25,0.57,0.68,0.5,
2016-06-03,1.18,0.5,0.61,0.5,
2016-06-06,1.24,0.54,0.65,0.5,
2016-06-07,1.22,0.52,0.63,0.5,
2016-06-08,1.2,0.52,0.62,0.5,
2016-06-09,1.18,0.51,0.62,0.5,
2016-06-10,1.12,0.49,0.57,0.5,
2016-06-13,1.11,0.49,0.56,0.5,
2016-06-14,1.12,0.5,0.57,0.5,
2016-06-15,1.08,0.48,0.53,0.5,
2016-06-16,1.1,0.51,0.57,0.5,
2016-06-17,1.12,0.52,0.59,0.5,
2016-06-20,1.2,0.57,0.66,0.5,
2016-06-21,1.25,0.6,0.7,0.5,
2016-06-22,1.23,0.6,0.7,0.5,
2016-06-23,1.3,0.62,0.75,0.5,
2016-06-24,1.17,0.54,0.64,0.5,
2016-06-27,1.08,0.49,0.56,0.5,
2016-06-28,1.07,0.49,0.57,0.5,
2016-06-29,1.12,0.54,0.62,0.5,
2016-06-30,1.06,0.52,0.57,0.5,
2016-07-01,,,,0.5,
2016-07-04,1.04,0.51,0.56,0.5,
2016-07-05,0.99,0.49,0.54,0.5,
2016-07-06,0.98,0.48,0.54,0.5,
2016-07-07,0.98,0.47,0.53,0.5,
2016-07-08,0.96,0.47,0.52,0.5,
2016-07-11,0.98,0.47,0.53,0.5,
2016-07-12,1.06,0.5,0.6,0.5,
2016-07-13,1.0,0.5,0.56,0.5,
2016-07-14,1.05,0.54,0.61,0.5,
2016-07-15,1.12,0.58,0.68,0.5,
2016-07-18,1.1,0.58,0.65,0.5,
2016-07-19,1.08,0.57,0.63,0.5,
2016-07-20,1.12,0.6,0.68,0.5,
2016-07-21,1.1,0.57,0.65,0.5,
2016-07-22,1.09,0.56,0.64,0.5,
2016-07-25,1.1,0.58,0.65,0.5,
2016-07-26,1.11,0.59,0.67,0.5,
2016-07-27,1.07,0.58,0.65,0.5,
2016-07-28,1.06,0.58,0.65,0.5,
2016-07-29,1.03,0.54,0.6,0.5,
2016-08-01,,,,0.5,
2016-08-02,1.07,0.55,0.63,0.5,
2016-08-03,1.1,0.56,0.65,0.5,
2016-08-04,1.05,0.54,0.62,0.5,
2016-08-05,1.07,0.52,0.61,0.5,
2016-08-08,1.06,0.51,0.6,0.5,
2016-08-09,1.0,0.5,0.57,0.5,
2016-08-10,0.99,0.5,0.57,0.5,
2016-08-11,1.04,0.54,0.62,0.5,
2016-08-12,1.01,0.52,0.6,0.5,
2016-08-15,1.04,0.54,0.63,0.5,
2016-08-16,1.06,0.56,0.65,0.5,
2016-08-17,1.06,0.57,0.65,0.5,
2016-08-18,1.04,0.57,0.66,0.5,
2016-08-19,1.08,0.57,0.68,0.5,
2016-08-22,1.02,0.55,0.64,0.5,
2016-08-23,1.02,0.55,0.64,0.5,
2016-08-24,1.03,0.57,0.66,0.5,
2016-08-25,1.06,0.58,0.69,0.5,
2016-08-26,1.08,0.6,0.72,0.5,
2016-08-29,1.02,0.59,0.68,0.5,
2016-08-30,1.02,0.59,0.68,0.5,
2016-08-31,1.02,0.58,0.66,0.5,
2016-09-01,1.0,0.56,0.64,0.5,
2016-09-02,1.06,0.59,0.69,0.5,
2016-09-05,,,,0.5,
2016-09-06,1.03,0.57,0.66,0.5,
2016-09-07,1.0,0.54,0.62,0.5,
2016-09-08,1.09,0.57,0.68,0.5,
2016-09-09,1.15,0.58,0.71,0.5,
2016-09-12,1.15,0.58,0.71,0.5,
2016-09-13,1.23,0.6,0.76,0.5,
2016-09-14,1.19,0.58,0.73,0.5,
2016-09-15,1.2,0.57,0.72,0.5,
2016-09-16,1.19,0.58,0.73,0.5,
2016-09-19,1.19,0.58,0.73,0.5,
2016-09-20,1.16,0.57,0.71,0.5,
2016-09-21,1.15,0.57,0.71,0.5,
2016-09-22,1.1,0.57,0.68,0.5,
2016-09-23,1.04,0.52,0.62,0.5,
2016-09-26,0.99,0.5,0.58,0.5,
2016-09-27,0.96,0.49,0.58,0.5,
2016-09-28,0.98,0.51,0.59,0.5,
2016-09-29,0.95,0.49,0.57,0.5,
2016-09-30,1.0,0.52,0.62,0.5,
2016-10-03,1.01,0.53,0.62,0.5,
2016-10-04,1.06,0.55,0.66,0.5,
2016-10-05,1.1,0.58,0.69,0.5,
2016-10-06,1.15,0.58,0.72,0.5,
2016-10-07,1.17,0.59,0.73,0.5,
2016-10-10,,,,0.5,
2016-10-11,1.2,0.6,0.76,0.5,
2016-10-12,1.2,0.6,0.76,0.5,
2016-10-13,1.18,0.6,0.74,0.5,
2016-10-14,1.25,0.62,0.78,0.5,
2016-10-17,1.22,0.6,0.74,0.5,
2016-10-18,1.2,0.59,0.73,0.5,
2016-10-19,1.2,0.56,0.71,0.5,
2016-10-20,1.17,0.55,0.68,0.5,
2016-10-21,1.13,0.52,0.64,0.5,
2016-10-24,1.14,0.53,0.66,0.5,
2016-10-25,1.14,0.54,0.66,0.5,
2016-10-26,1.15,0.56,0.68,0.5,
2016-10-27,1.23,0.58,0.73,0.5,
2016-10-28,1.23,0.57,0.71,0.5,
2016-10-31,1.2,0.55,0.69,0.5,
2016-11-01,1.21,0.55,0.7,0.5,
2016-11-02,1.18,0.54,0.68,0.5,
2016-11-03,1.2,0.54,0.69,0.5,
2016-11-04,1.16,0.52,0.66,0.5,
2016-11-07,1.22,0.55,0.71,0.5,
2016-11-08,1.27,0.58,0.75,0.5,
2016-11-09,1.38,0.59,0.82,0.5,
2016-11-10,1.43,0.62,0.87,0.5,
2016-11-11,,,,0.5,
2016-11-14,1.54,0.66,0.96,0.5,
2016-11-15,1.55,0.66,0.96,0.5,
2016-11-16,1.5,0.66,0.94,0.5,
2016-11-17,1.55,0.67,0.97,0.5,
2016-11-18,1.57,0.67,0.98,0.5,
2016-11-21,1.57,0.67,0.99,0.5,
2016-11-22,1.54,0.65,0.96,0.5,
2016-11-23,1.55,0.67,0.98,0.5,
2016-11-24,1.59,0.68,1.0,0.5,
2016-11-25,1.57,0.67,0.99,0.5,
2016-11-28,1.52,0.66,0.95,0.5,
2016-11-29,1.51,0.67,0.95,0.5,
2016-11-30,1.58,0.7,1.0,0.5,
2016-12-01,1.66,0.75,1.07,0.5,
2016-12-02,1.63,0.73,1.03,0.5,
2016-12-05,1.62,0.74,1.03,0.5,
2016-12-06,1.63,0.72,1.02,0.5,
2016-12-07,1.59,0.7,0.99,0.5,
2016-12-08,1.65,0.72,1.02,0.5,
2016-12-09,1.73,0.74,1.08,0.5,
2016-12-12,1.75,0.76,1.11,0.5,
2016-12-13,1.75,0.77,1.11,0.5,
2016-12-14,1.78,0.8,1.16,0.5,
2016-12-15,1.84,0.82,1.22,0.5,
2016-12-16,1.83,0.82,1.21,0.5,
2016-12-19,1.78,0.8,1.17,0.5,
2016-12-20,1.81,0.82,1.2,0.5,
2016-12-21,1.81,0.83,1.21,0.5,
2016-12-22,1.82,0.83,1.23,0.5,
2016-12-23,1.79,0.79,1.2,0.5,
2016-12-26,,,,0.5,
2016-12-27,,,,0.5,
2016-12-28,1.73,0.78,1.16,0.5,
2016-12-29,1.72,0.76,1.13,0.5,
2016-12-30,1.72,0.74,1.11,0.5,
2017-01-02,,,,0.5,
2017-01-03,1.74,0.77,1.14,0.5,1.3435
2017-01-04,1.71,0.75,1.11,0.5,1.3315
2017-01-05,1.67,0.72,1.07,0.5,1.3244
2017-01-06,1.73,0.76,1.12,0.5,1.3214
2017-01-09,1.69,0.75,1.1,0.5,1.324
2017-01-10,1.69,0.75,1.09,0.5,1.3213
2017-01-11,1.68,0.75,1.09,0.5,1.325
2017-01-12,1.65,0.77,1.08,0.5,1.3106
2017-01-13,1.71,0.79,1.13,0.5,1.3141
2017-01-16,1.68,0.79,1.11,0.5,1.3152
2017-01-17,1.66,0.78,1.09,0.5,1.3057
2017-01-18,1.7,0.76,1.1,0.5,1.3099
2017-01-19,1.75,0.79,1.14,0.5,1.3303
2017-01-20,1.74,0.77,1.12,0.5,1.3356
2017-01-23,1.68,0.75,1.07,0.5,1.3291
2017-01-24,1.75,0.78,1.11,0.5,1.3174
2017-01-25,1.82,0.82,1.17,0.5,1.3088
2017-01-26,1.81,0.81,1.16,0.5,1.3103
2017-01-27,1.78,0.8,1.14,0.5,1.3123
2017-01-30,1.78,0.79,1.14,0.5,1.3114
2017-01-31,1.75,0.77,1.11,0.5,1.303
2017-02-01,1.76,0.77,1.11,0.5,1.3074
2017-02-02,1.76,0.77,1.11,0.5,1.3016
2017-02-03,1.77,0.77,1.11,0.5,1.3016
2017-02-06,1.7,0.74,1.07,0.5,1.3099
2017-02-07,1.69,0.74,1.06,0.5,1.3167
2017-02-08,1.62,0.72,1.01,0.5,1.3157
2017-02-09,1.68,0.75,1.06,0.5,1.3127
2017-02-10,1.69,0.77,1.09,0.5,1.3084
2017-02-13,1.73,0.78,1.11,0.5,1.3082
2017-02-14,1.76,0.8,1.15,0.5,1.307
2017-02-15,1.78,0.81,1.17,0.5,1.3088
2017-02-16,1.74,0.79,1.18,0.5,1.3055
2017-02-17,1.7,0.77,1.16,0.5,1.3102
2017-02-20,,,,0.5,
2017-02-21,1.72,0.78,1.17,0.5,1.3148
2017-02-22,1.71,0.78,1.16,0.5,1.3181
2017-02-23,1.67,0.76,1.13,0.5,1.311
2017-02-24,1.6,0.75,1.09,0.5,1.3095
2017-02-27,1.64,0.76,1.12,0.5,1.3118
2017-02-28,1.62,0.74,1.09,0.5,1.3249
2017-03-01,1.68,0.76,1.15,0.5,1.3338
2017-03-02,1.7,0.78,1.17,0.5,1.3387
2017-03-03,1.7,0.76,1.17,0.5,1.3405
2017-03-06,1.7,0.76,1.16,0.5,1.3404
2017-03-07,1.73,0.79,1.18,0.5,1.3417
2017-03-08,1.78,0.82,1.23,0.5,1.3475
2017-03-09,1.81,0.82,1.25,0.5,1.3513
2017-03-10,1.81,0.84,1.26,0.5,1.3464
2017-03-13,1.87,0.87,1.31,0.5,1.3447
2017-03-14,1.83,0.85,1.28,0.5,1.3484
2017-03-15,1.76,0.8,1.21,0.5,1.3428
2017-03-16,1.8,0.82,1.24,0.5,1.3319
2017-03-17,1.76,0.8,1.21,0.5,1.3337
2017-03-20,1.73,0.79,1.18,0.5,1.3358
2017-03-21,1.71,0.79,1.18,0.5,1.3317
2017-03-22,1.68,0.77,1.16,0.5,1.336
2017-03-23,1.68,0.76,1.16,0.5,1.3336
2017-03-24,1.63,0.74,1.12,0.5,1.3374
2017-03-27,1.6,0.73,1.09,0.5,1.3373
2017-03-28,1.62,0.74,1.1,0.5,1.3374
2017-03-29,1.59,0.72,1.07,0.5,1.3364
2017-03-30,1.63,0.74,1.1,0.5,1.3304
2017-03-31,1.63,0.75,1.12,0.5,1.331
2017-04-03,1.58,0.73,1.08,0.5,1.3384
2017-04-04,1.57,0.74,1.08,0.5,1.3425
2017-04-05,1.55,0.72,1.06,0.5,1.3409
2017-04-06,1.55,0.72,1.06,0.5,1.3418
2017-04-07,1.59,0.76,1.11,0.5,1.3395
2017-04-10,1.6,0.76,1.12,0.5,1.3349
2017-04-11,1.55,0.73,1.08,0.5,1.3332
2017-04-12,1.52,0.73,1.06,0.5,1.33
2017-04-13,1.49,0.73,1.04,0.5,1.3275
2017-04-14,,,,0.5,
2017-04-17,1.51,0.73,1.05,0.5,1.3289
2017-04-18,1.44,0.69,0.98,0.5,1.3377
2017-04-19,1.46,0.7,1.0,0.5,1.346
2017-04-20,1.48,0.74,1.03,0.5,1.3482
2017-04-21,1.46,0.71,1.0,0.5,1.3506
2017-04-24,1.48,0.74,1.03,0.5,1.3492
2017-04-25,1.52,0.76,1.07,0.5,1.3592
2017-04-26,1.48,0.74,1.03,0.5,1.3593
2017-04-27,1.57,0.73,1.03,0.5,1.3624
2017-04-28,1.54,0.72,1.0,0.5,1.3662
2017-05-01,1.57,0.72,1.02,0.5,1.366
2017-05-02,1.51,0.67,0.96,0.5,1.372
2017-05-03,1.53,0.7,0.99,0.5,1.3714
2017-05-04,1.53,0.68,0.99,0.5,1.3743
2017-05-05,1.54,0.68,0.99,0.5,1.3712
2017-05-08,1.57,0.7,1.01,0.5,1.3705
2017-05-09,1.61,0.72,1.04,0.5,1.3728
2017-05-10,1.63,0.71,1.06,0.5,1.3672
2017-05-11,1.6,0.7,1.03,0.5,1.3707
2017-05-12,1.57,0.68,1.0,0.5,1.3714
2017-05-15,1.59,0.69,1.02,0.5,1.3641
2017-05-16,1.57,0.7,1.01,0.5,1.3596
2017-05-17,1.45,0.66,0.91,0.5,1.3614
2017-05-18,1.44,0.67,0.92,0.5,1.3611
2017-05-19,1.47,0.68,0.95,0.5,1.3544
2017-05-22,,,,0.5,
2017-05-23,1.5,0.69,0.97,0.5,1.349
2017-05-24,1.48,0.72,0.98,0.5,1.346
2017-05-25,1.46,0.72,0.97,0.5,1.3453
2017-05-26,1.44,0.71,0.96,0.5,1.3456
2017-05-29,1.41,0.71,0.95,0.5,1.3446
2017-05-30,1.41,0.7,0.94,0.5,1.3469
2017-05-31,1.41,0.69,0.94,0.5,1.35
2017-06-01,1.43,0.7,0.95,0.5,1.35
2017-06-02,1.4,0.69,0.92,0.5,1.3504
2017-06-05,1.41,0.71,0.94,0.5,1.3483
2017-06-06,1.39,0.71,0.92,0.5,1.3461
2017-06-07,1.41,0.71,0.93,0.5,1.3492
2017-06-08,1.42,0.71,0.94,0.5,1.3503
2017-06-09,1.42,0.74,0.95,0.5,1.3453
2017-06-12,1.48,0.83,1.04,0.5,1.3415
2017-06-13,1.56,0.91,1.15,0.5,1.3238
2017-06-14,1.49,0.88,1.11,0.5,1.3209
2017-06-15,1.53,0.91,1.14,0.5,1.3283
2017-06-16,1.52,0.89,1.14,0.5,1.3232
2017-06-19,1.54,0.94,1.17,0.5,1.322
2017-06-20,1.5,0.91,1.13,0.5,1.3267
2017-06-21,1.49,0.91,1.13,0.5,1.331
2017-06-22,1.5,0.93,1.15,0.5,1.3241
2017-06-23,1.48,0.9,1.12,0.5,1.3268
2017-06-26,1.46,0.9,1.12,0.5,1.3238
2017-06-27,1.57,0.96,1.21,0.5,1.3188
2017-06-28,1.61,1.04,1.28,0.5,1.306
2017-06-29,1.7,1.08,1.34,0.5,1.3015
2017-06-30,1.75,1.09,1.38,0.5,1.2977
2017-07-03,,,,0.5,
2017-07-04,1.83,1.13,1.43,0.5,1.2941
2017-07-05,1.8,1.13,1.42,0.5,1.2982
2017-07-06,1.83,1.13,1.44,0.5,1.2946
2017-07-07,1.88,1.16,1.47,0.5,1.2887
2017-07-10,1.88,1.15,1.47,0.5,1.2888
2017-07-11,1.86,1.12,1.45,0.5,1.292
2017-07-12,1.88,1.19,1.5,0.75,1.2794
2017-07-13,1.92,1.22,1.54,0.75,1.2743
2017-07-14,1.9,1.19,1.51,0.75,1.2672
2017-07-17,1.88,1.19,1.5,0.75,1.2669
2017-07-18,1.86,1.19,1.48,0.75,1.2628
2017-07-19,1.89,1.22,1.52,0.75,1.2595
2017-07-20,1.88,1.24,1.51,0.75,1.2585
2017-07-21,1.88,1.25,1.51,0.75,1.2549
2017-07-24,1.92,1.27,1.56,0.75,1.2512
2017-07-25,2.02,1.32,1.64,0.75,1.2507
2017-07-26,1.96,1.28,1.58,0.75,1.2505
2017-07-27,2.0,1.3,1.6,0.75,1.252
2017-07-28,2.03,1.33,1.64,0.75,1.2447
2017-07-31,2.06,1.31,1.65,0.75,1.2485
2017-08-01,1.96,1.26,1.56,0.75,1.2514
2017-08-02,1.93,1.25,1.55,0.75,1.256
2017-08-03,1.89,1.24,1.51,0.75,1.2578
2017-08-04,1.92,1.24,1.53,0.75,1.2638
2017-08-07,,,,0.75,
2017-08-08,1.94,1.25,1.55,0.75,1.2672
2017-08-09,1.91,1.24,1.52,0.75,1.2705
2017-08-10,1.85,1.22,1.47,0.75,1.2711
2017-08-11,1.85,1.21,1.46,0.75,1.2685
2017-08-14,1.88,1.22,1.48,0.75,1.2705
2017-08-15,1.9,1.24,1.5,0.75,1.2755
2017-08-16,1.87,1.23,1.49,0.75,1.2699
2017-08-17,1.85,1.23,1.47,0.75,1.2647
2017-08-18,1.87,1.24,1.49,0.75,1.2586
2017-08-21,1.88,1.24,1.5,0.75,1.2575
2017-08-22,1.92,1.27,1.53,0.75,1.2552
2017-08-23,1.88,1.26,1.51,0.75,1.2564
2017-08-24,1.89,1.27,1.55,0.75,1.2529
2017-08-25,1.87,1.26,1.54,0.75,1.2492
2017-08-28,1.86,1.26,1.53,0.75,1.2482
2017-08-29,1.83,1.24,1.5,0.75,1.2515
2017-08-30,1.84,1.24,1.51,0.75,1.2605
2017-08-31,1.85,1.27,1.53,0.75,1.2536
2017-09-01,1.91,1.34,1.59,0.75,1.239
2017-09-04,,,,0.75,
2017-09-05,1.86,1.34,1.56,0.75,1.2371
2017-09-06,1.94,1.44,1.66,1.0,1.2264
2017-09-07,1.94,1.47,1.67,1.0,1.2148
2017-09-08,1.99,1.52,1.71,1.0,1.2132
2017-09-11,2.02,1.54,1.75,1.0,1.2128
2017-09-12,2.05,1.54,1.76,1.0,1.2159
2017-09-13,2.07,1.56,1.78,1.0,1.2187
2017-09-14,2.07,1.58,1.78,1.0,1.2198
2017-09-15,2.09,1.6,1.81,1.0,1.2182
2017-09-18,2.08,1.57,1.79,1.0,1.2238
2017-09-19,2.09,1.55,1.78,1.0,1.2277
2017-09-20,2.1,1.58,1.8,1.0,1.2273
2017-09-21,2.12,1.59,1.81,1.0,1.2339
2017-09-22,2.11,1.6,1.81,1.0,1.2317
2017-09-25,2.09,1.59,1.8,1.0,1.2341
2017-09-26,2.11,1.6,1.81,1.0,1.237
2017-09-27,2.13,1.58,1.8,1.0,1.2412
2017-09-28,2.12,1.54,1.78,1.0,1.245
2017-09-29,2.1,1.52,1.75,1.0,1.248
2017-10-02,2.13,1.53,1.78,1.0,1.2505
2017-10-03,2.11,1.52,1.76,1.0,1.25
2017-10-04,2.12,1.53,1.77,1.0,1.2479
2017-10-05,2.1,1.52,1.75,1.0,1.2548
2017-10-06,2.13,1.55,1.78,1.0,1.2549
2017-10-09,,,,1.0,
2017-10-10,2.12,1.55,1.77,1.0,1.2501
2017-10-11,2.1,1.55,1.77,1.0,1.2498
2017-10-12,2.08,1.56,1.75,1.0,1.2472
2017-10-13,2.03,1.54,1.72,1.0,1.2487
2017-10-16,2.02,1.52,1.71,1.0,1.2529
2017-10-17,2.01,1.51,1.7,1.0,1.2548
2017-10-18,2.03,1.51,1.72,1.0,1.2486
2017-10-19,2.02,1.49,1.7,1.0,1.2478
2017-10-20,2.03,1.47,1.7,1.0,1.2601
2017-10-23,2.02,1.47,1.69,1.0,1.2644
2017-10-24,2.06,1.49,1.72,1.0,1.2666
2017-10-25,2.04,1.46,1.7,1.0,1.2771
2017-10-26,2.03,1.45,1.69,1.0,1.2831
2017-10-27,1.98,1.42,1.66,1.0,1.2874
2017-10-30,1.96,1.4,1.63,1.0,1.2837
2017-10-31,1.95,1.39,1.62,1.0,1.2893
2017-11-01,1.97,1.41,1.65,1.0,1.2885
2017-11-02,1.96,1.41,1.64,1.0,1.2822
2017-11-03,1.95,1.44,1.66,1.0,1.2764
2017-11-06,1.92,1.42,1.63,1.0,1.2746
2017-11-07,1.89,1.4,1.6,1.0,1.2785
2017-11-08,1.91,1.42,1.62,1.0,1.2729
2017-11-09,1.93,1.45,1.65,1.0,1.2692
2017-11-10,1.96,1.46,1.68,1.0,1.2683
2017-11-13,,,,1.0,
2017-11-14,1.95,1.46,1.67,1.0,1.2733
2017-11-15,1.91,1.44,1.63,1.0,1.2773
2017-11-16,1.97,1.48,1.68,1.0,1.2745
2017-11-17,1.94,1.45,1.66,1.0,1.2783
2017-11-20,1.96,1.47,1.68,1.0,1.2793
2017-11-21,1.92,1.46,1.65,1.0,1.2778
2017-11-22,1.9,1.45,1.64,1.0,1.2729
2017-11-23,1.89,1.43,1.62,1.0,1.2715
2017-11-24,1.89,1.44,1.62,1.0,1.2708
2017-11-27,1.86,1.43,1.61,1.0,1.2735
2017-11-28,1.84,1.42,1.59,1.0,1.2807
2017-11-29,1.88,1.43,1.62,1.0,1.2853
2017-11-30,1.89,1.43,1.63,1.0,1.2888
2017-12-01,1.9,1.52,1.69,1.0,1.2729
2017-12-04,1.93,1.55,1.72,1.0,1.2695
2017-12-05,1.9,1.54,1.7,1.0,1.268
2017-12-06,1.84,1.49,1.65,1.0,1.2757
2017-12-07,1.85,1.49,1.65,1.0,1.2843
2017-12-08,1.85,1.5,1.66,1.0,1.286
2017-12-11,1.86,1.51,1.67,1.0,1.2854
2017-12-12,1.86,1.52,1.68,1.0,1.2871
2017-12-13,1.84,1.5,1.65,1.0,1.2852
2017-12-14,1.86,1.57,1.7,1.0,1.2805
2017-12-15,1.83,1.55,1.66,1.0,1.2834
2017-12-18,1.86,1.57,1.7,1.0,1.2865
2017-12-19,1.93,1.6,1.75,1.0,1.2886
2017-12-20,1.98,1.63,1.8,1.0,1.2842
2017-12-21,2.03,1.68,1.86,1.0,1.2734
2017-12-22,2.02,1.66,1.84,1.0,1.2759
2017-12-25,,,,1.0,
2017-12-26,,,,1.0,
2017-12-27,1.98,1.66,1.82,1.0,1.2641
2017-12-28,2.03,1.69,1.86,1.0,1.2588
2017-12-29,2.04,1.68,1.86,1.0,1.2545
2018-01-01,,,,1.0,
2018-01-02,2.08,1.7,1.89,1.0,1.2517
2018-01-03,2.05,1.68,1.86,1.0,1.2533
2018-01-04,2.08,1.7,1.89,1.0,1.2515
2018-01-05,2.15,1.77,1.97,1.0,1.2403
2018-01-08,2.16,1.78,1.98,1.0,1.2422
2018-01-09,2.2,1.79,2.01,1.0,1.2454
2018-01-10,2.16,1.73,1.95,1.0,1.2496
2018-01-11,2.17,1.76,1.96,1.0,1.2535
2018-01-12,2.18,1.76,1.97,1.0,1.2504
2018-01-15,2.19,1.77,1.99,1.0,1.2422
2018-01-16,2.18,1.78,1.99,1.0,1.2419
2018-01-17,2.2,1.78,2.0,1.25,1.2425
2018-01-18,2.23,1.81,2.03,1.25,1.2446
2018-01-19,2.23,1.8,2.02,1.25,1.2459
2018-01-22,2.24,1.8,2.03,1.25,1.2458
2018-01-23,2.23,1.8,2.03,1.25,1.2454
2018-01-24,2.26,1.81,2.05,1.25,1.2341
2018-01-25,2.24,1.8,2.04,1.25,1.2323
2018-01-26,2.26,1.81,2.06,1.25,1.2321
2018-01-29,2.28,1.82,2.07,1.25,1.2335
2018-01-30,2.3,1.83,2.08,1.25,1.2328
2018-01-31,2.29,1.84,2.08,1.25,1.2293
2018-02-01,2.37,1.86,2.14,1.25,1.2288
2018-02-02,2.36,1.85,2.13,1.25,1.238
2018-02-05,2.32,1.81,2.08,1.25,1.2483
2018-02-06,2.36,1.83,2.11,1.25,1.253
2018-02-07,2.38,1.85,2.13,1.25,1.2546
2018-02-08,2.36,1.83,2.11,1.25,1.2585
2018-02-09,2.35,1.78,2.07,1.25,1.2609
2018-02-12,2.34,1.78,2.06,1.25,1.2603
2018-02-13,2.32,1.78,2.05,1.25,1.26
2018-02-14,2.37,1.82,2.1,1.25,1.2562
2018-02-15,2.37,1.84,2.15,1.25,1.2507
2018-02-16,2.31,1.82,2.11,1.25,1.254
2018-02-19,,,,1.25,
2018-02-20,2.32,1.82,2.12,1.25,1.2622
2018-02-21,2.34,1.84,2.14,1.25,1.2671
2018-02-22,2.3,1.8,2.09,1.25,1.2709
2018-02-23,2.25,1.78,2.05,1.25,1.2668
2018-02-26,2.24,1.79,2.05,1.25,1.2686
2018-02-27,2.27,1.8,2.08,1.25,1.274
2018-02-28,2.23,1.78,2.04,1.25,1.2809
2018-03-01,2.17,1.76,1.99,1.25,1.2851
2018-03-02,2.2,1.77,2.01,1.25,1.2891
2018-03-05,2.19,1.75,2.0,1.25,1.2977
2018-03-06,2.23,1.77,2.04,1.25,1.2898
2018-03-07,2.23,1.77,2.04,1.25,1.2947
2018-03-08,2.23,1.78,2.04,1.25,1.2927
2018-03-09,2.27,1.83,2.08,1.25,1.284
2018-03-12,2.24,1.83,2.07,1.25,1.283
2018-03-13,2.2,1.79,2.03,1.25,1.2912
2018-03-14,2.16,1.77,1.99,1.25,1.2944
2018-03-15,2.14,1.75,1.97,1.25,1.3032
2018-03-16,2.14,1.76,1.98,1.25,1.3088
2018-03-19,2.17,1.78,2.0,1.25,1.3079
2018-03-20,2.2,1.81,2.04,1.25,1.3077
2018-03-21,2.26,1.86,2.1,1.25,1.2958
2018-03-22,2.17,1.82,2.04,1.25,1.2908
2018-03-23,2.19,1.85,2.06,1.25,1.2856
2018-03-26,2.23,1.88,2.09,1.25,1.2886
2018-03-27,2.14,1.83,2.02,1.25,1.2869
2018-03-28,2.11,1.8,2.0,1.25,1.2902
2018-03-29,2.09,1.77,1.96,1.25,1.2894
2018-03-30,,,,1.25,
2018-04-02,2.11,1.77,1.98,1.25,1.2908
2018-04-03,2.14,1.8,2.0,1.25,1.2812
2018-04-04,2.17,1.81,2.03,1.25,1.2809
2018-04-05,2.18,1.81,2.03,1.25,1.2776
2018-04-06,2.14,1.79,2.0,1.25,1.2764
2018-04-09,2.14,1.79,2.0,1.25,1.2729
2018-04-10,2.18,1.82,2.03,1.25,1.2618
2018-04-11,2.2,1.85,2.06,1.25,1.2584
2018-04-12,2.27,1.88,2.13,1.25,1.2596
2018-04-13,2.23,1.86,2.09,1.25,1.2597
2018-04-16,2.27,1.87,2.12,1.25,1.2579
2018-04-17,2.24,1.88,2.1,1.25,1.2552
2018-04-18,2.28,1.88,2.13,1.25,1.2614
2018-04-19,2.32,1.91,2.16,1.25,1.2633
2018-04-20,2.33,1.93,2.17,1.25,1.2728
2018-04-23,2.35,1.92,2.17,1.25,1.2833
2018-04-24,2.34,1.91,2.16,1.25,1.2828
2018-04-25,2.37,1.93,2.18,1.25,1.2869
2018-04-26,2.35,1.91,2.15,1.25,1.2862
2018-04-27,2.32,1.89,2.12,1.25,1.2857
2018-04-30,2.3,1.89,2.11,1.25,1.2836
2018-05-01,2.35,1.93,2.17,1.25,1.2867
2018-05-02,2.36,1.94,2.17,1.25,1.2851
2018-05-03,2.32,1.91,2.14,1.25,1.2862
2018-05-04,2.33,1.91,2.14,1.25,1.2861
2018-05-07,2.32,1.91,2.14,1.25,1.2864
2018-05-08,2.35,1.93,2.16,1.25,1.2963
2018-05-09,2.39,1.95,2.2,1.25,1.2856
2018-05-10,2.4,1.97,2.22,1.25,1.2775
2018-05-11,2.38,1.96,2.21,1.25,1.2779
2018-05-14,2.42,1.99,2.24,1.25,1.2775
2018-05-15,2.48,2.04,2.31,1.25,1.2876
2018-05-16,2.5,2.05,2.32,1.25,1.2809
2018-05-17,2.52,2.06,2.33,1.25,1.2801
2018-05-18,2.48,2.03,2.29,1.25,1.288
2018-05-21,,,,1.25,
2018-05-22,2.48,2.04,2.3,1.25,1.2786
2018-05-23,2.45,2.02,2.27,1.25,1.2876
2018-05-24,2.41,1.99,2.23,1.25,1.2891
2018-05-25,2.35,1.96,2.19,1.25,1.2974
2018-05-28,2.3,1.93,2.14,1.25,1.3001
2018-05-29,2.19,1.84,2.03,1.25,1.302
2018-05-30,2.25,1.92,2.11,1.25,1.2897
2018-05-31,2.23,1.9,2.1,1.25,1.2948
2018-06-01,2.24,1.92,2.11,1.25,1.2964
2018-06-04,2.27,1.93,2.14,1.25,1.2928
2018-06-05,2.24,1.91,2.11,1.25,1.2993
2018-06-06,2.3,1.94,2.16,1.25,1.2913
2018-06-07,2.27,1.9,2.13,1.25,1.2972
2018-06-08,2.31,1.92,2.15,1.25,1.2962
2018-06-11,2.31,1.9,2.14,1.25,1.2993
2018-06-12,2.3,1.9,2.14,1.25,1.3004
2018-06-13,2.32,1.94,2.17,1.25,1.2988
2018-06-14,2.27,1.93,2.14,1.25,1.3052
2018-06-15,2.22,1.89,2.08,1.25,1.3177
2018-06-18,2.2,1.87,2.06,1.25,1.3208
2018-06-19,2.15,1.84,2.02,1.25,1.3276
2018-06-20,2.18,1.85,2.03,1.25,1.3301
2018-06-21,2.14,1.82,2.0,1.25,1.331
2018-06-22,2.12,1.79,1.98,1.25,1.3308
2018-06-25,2.09,1.77,1.95,1.25,1.3303
2018-06-26,2.1,1.8,1.97,1.25,1.3306
2018-06-27,2.06,1.77,1.93,1.25,1.3307
2018-06-28,2.13,1.85,2.01,1.25,1.3267
2018-06-29,2.17,1.91,2.06,1.25,1.3168
2018-07-02,,,,1.25,
2018-07-03,2.14,1.89,2.04,1.25,1.3154
2018-07-04,2.16,1.91,2.06,1.25,1.3143
2018-07-05,2.14,1.91,2.06,1.25,1.3129
2018-07-06,2.13,1.91,2.04,1.25,1.3105
2018-07-09,2.16,1.94,2.08,1.25,1.3097
2018-07-10,2.16,1.94,2.07,1.25,1.3125
2018-07-11,2.14,1.95,2.07,1.5,1.3151
2018-07-12,2.16,1.94,2.07,1.5,1.3166
2018-07-13,2.14,1.92,2.05,1.5,1.3171
2018-07-16,2.14,1.93,2.05,1.5,1.3137
2018-07-17,2.12,1.92,2.04,1.5,1.3187
2018-07-18,2.14,1.93,2.05,1.5,1.3204
2018-07-19,2.11,1.93,2.02,1.5,1.3255
2018-07-20,2.18,1.97,2.08,1.5,1.3142
2018-07-23,2.23,2.0,2.12,1.5,1.3156
2018-07-24,2.22,2.0,2.13,1.5,1.3157
2018-07-25,2.28,2.05,2.19,1.5,1.3088
2018-07-26,2.28,2.05,2.19,1.5,1.3065
2018-07-27,2.29,2.06,2.2,1.5,1.3062
2018-07-30,2.3,2.05,2.19,1.5,1.3021
2018-07-31,2.31,2.07,2.22,1.5,1.3017
2018-08-01,2.36,2.08,2.25,1.5,1.3002
2018-08-02,2.36,2.08,2.25,1.5,1.3014
2018-08-03,2.35,2.09,2.25,1.5,1.2983
2018-08-06,,,,1.5,
2018-08-07,2.37,2.13,2.27,1.5,1.3023
2018-08-08,2.36,2.13,2.26,1.5,1.3052
2018-08-09,2.33,2.11,2.24,1.5,1.304
2018-08-10,2.29,2.1,2.21,1.5,1.3113
2018-08-13,2.3,2.11,2.22,1.5,1.3136
2018-08-14,2.31,2.12,2.23,1.5,1.3087
2018-08-15,2.27,2.09,2.19,1.5,1.3138
2018-08-16,2.25,2.08,2.18,1.5,1.3152
2018-08-17,2.26,2.11,2.19,1.5,1.3081
2018-08-20,2.25,2.1,2.18,1.5,1.3065
2018-08-21,2.26,2.1,2.18,1.5,1.3036
2018-08-22,2.25,2.11,2.18,1.5,1.3016
2018-08-23,2.25,2.12,2.19,1.5,1.3063
2018-08-24,2.26,2.13,2.21,1.5,1.3036
2018-08-27,2.29,2.14,2.23,1.5,1.2986
2018-08-28,2.31,2.14,2.25,1.5,1.2917
2018-08-29,2.32,2.14,2.25,1.5,1.2931
2018-08-30,2.28,2.11,2.21,1.5,1.298
2018-08-31,2.22,2.06,2.16,1.5,1.3055
2018-09-03,,,,1.5,
2018-09-04,2.23,2.05,2.16,1.5,1.3182
2018-09-05,2.24,2.05,2.16,1.5,1.3185
2018-09-06,2.23,2.06,2.16,1.5,1.3188
2018-09-07,2.29,2.11,2.21,1.5,1.3164
2018-09-10,2.28,2.11,2.21,1.5,1.3163
2018-09-11,2.32,2.13,2.24,1.5,1.3141
2018-09-12,2.33,2.14,2.25,1.5,1.3014
2018-09-13,2.32,2.14,2.25,1.5,1.2997
2018-09-14,2.34,2.13,2.26,1.5,1.3033
2018-09-17,2.34,2.13,2.25,1.5,1.3019
2018-09-18,2.38,2.15,2.28,1.5,1.2992
2018-09-19,2.42,2.17,2.3,1.5,1.2947
2018-09-20,2.42,2.18,2.32,1.5,1.2905
2018-09-21,2.43,2.18,2.33,1.5,1.2916
2018-09-24,2.44,2.19,2.34,1.5,1.2935
2018-09-25,2.46,2.2,2.35,1.5,1.2948
2018-09-26,2.42,2.19,2.32,1.5,1.2975
2018-09-27,2.41,2.19,2.32,1.5,1.3045
2018-09-28,2.42,2.21,2.33,1.5,1.2945
2018-10-01,2.51,2.29,2.42,1.5,1.2803
2018-10-02,2.46,2.27,2.39,1.5,1.2817
2018-10-03,2.53,2.3,2.43,1.5,1.2832
2018-10-04,2.55,2.3,2.46,1.5,1.29
2018-10-05,2.6,2.32,2.48,1.5,1.2936
2018-10-08,,,,1.5,
2018-10-09,2.57,2.31,2.45,1.5,1.2965
2018-10-10,2.55,2.29,2.43,1.5,1.2992
2018-10-11,2.49,2.27,2.38,1.5,1.3038
2018-10-12,2.49,2.27,2.38,1.5,1.3031
2018-10-15,2.5,2.3,2.4,1.5,1.2993
2018-10-16,2.49,2.3,2.4,1.5,1.2938
2018-10-17,2.51,2.31,2.41,1.5,1.2994
2018-10-18,2.49,2.31,2.4,1.5,1.3057
2018-10-19,2.49,2.29,2.4,1.5,1.3104
2018-10-22,2.48,2.29,2.4,1.5,1.3105
2018-10-23,2.45,2.27,2.37,1.5,1.3098
2018-10-24,2.43,2.3,2.38,1.75,1.3029
2018-10-25,2.45,2.31,2.4,1.75,1.3076
2018-10-26,2.39,2.26,2.34,1.75,1.3108
2018-10-29,2.39,2.26,2.33,1.75,1.3119
2018-10-30,2.44,2.3,2.38,1.75,1.3133
2018-10-31,2.49,2.33,2.42,1.75,1.3142
2018-11-01,2.48,2.32,2.41,1.75,1.3088
2018-11-02,2.53,2.35,2.44,1.75,1.3105
2018-11-05,2.52,2.34,2.43,1.75,1.3096
2018-11-06,2.53,2.35,2.45,1.75,1.313
2018-11-07,2.52,2.35,2.44,1.75,1.3096
2018-11-08,2.54,2.36,2.46,1.75,1.3114
2018-11-09,2.5,2.33,2.43,1.75,1.3206
2018-11-12,,,,1.75,
2018-11-13,2.46,2.31,2.39,1.75,1.3241
2018-11-14,2.42,2.27,2.36,1.75,1.3235
2018-11-15,2.38,2.24,2.31,1.75,1.3202
2018-11-16,2.36,2.22,2.29,1.75,1.3154
2018-11-19,2.35,2.21,2.28,1.75,1.3182
2018-11-20,2.34,2.21,2.27,1.75,1.3259
2018-11-21,2.35,2.23,2.29,1.75,1.327
2018-11-22,2.36,2.24,2.3,1.75,1.3205
2018-11-23,2.34,2.23,2.29,1.75,1.3228
2018-11-26,2.35,2.24,2.3,1.75,1.323
2018-11-27,2.33,2.22,2.27,1.75,1.3289
2018-11-28,2.33,2.21,2.27,1.75,1.3302
2018-11-29,2.3,2.19,2.23,1.75,1.3275
2018-11-30,2.27,2.16,2.2,1.75,1.3301
2018-12-03,2.24,2.16,2.18,1.75,1.3191
2018-12-04,2.18,2.12,2.14,1.75,1.3219
2018-12-05,2.12,2.05,2.07,1.75,1.3353
2018-12-06,2.08,1.99,2.0,1.75,1.3404
2018-12-07,2.07,2.0,2.0,1.75,1.3299
2018-12-10,2.05,2.01,2.0,1.75,1.3379
2018-12-11,2.07,2.03,2.02,1.75,1.3402
2018-12-12,2.12,2.06,2.06,1.75,1.3346
2018-12-13,2.15,2.06,2.08,1.75,1.3359
2018-12-14,2.1,2.02,2.04,1.75,1.3379
2018-12-17,2.05,1.96,1.98,1.75,1.3399
2018-12-18,2.01,1.92,1.94,1.75,1.3454
2018-12-19,1.97,1.89,1.9,1.75,1.345
2018-12-20,1.99,1.91,1.92,1.75,1.3495
2018-12-21,2.02,1.94,1.96,1.75,1.3566
2018-12-24,1.98,1.91,1.93,1.75,1.3589
2018-12-25,,,,1.75,
2018-12-26,,,,1.75,
2018-12-27,1.99,1.9,1.93,1.75,1.3641
2018-12-28,1.95,1.86,1.88,1.75,1.3638
2018-12-31,1.96,1.86,1.88,1.75,1.3642
2019-01-01,,,,1.75,
2019-01-02,1.92,1.86,1.85,1.75,1.36
2019-01-03,1.83,1.77,1.76,1.75,1.3501
2019-01-04,1.92,1.84,1.84,1.75,1.341
2019-01-07,1.95,1.88,1.87,1.75,1.3313
2019-01-08,1.96,1.89,1.89,1.75,1.3293
2019-01-09,1.98,1.91,1.91,1.75,1.3221
2019-01-10,1.98,1.91,1.91,1.75,1.3234
2019-01-11,1.95,1.89,1.89,1.75,1.3259
2019-01-14,1.96,1.88,1.89,1.75,1.3269
2019-01-15,1.97,1.89,1.91,1.75,1.3266
2019-01-16,1.99,1.92,1.93,1.75,1.3248
2019-01-17,1.99,1.9,1.92,1.75,1.3294
2019-01-18,2.03,1.94,1.96,1.75,1.326
2019-01-21,2.02,1.93,1.95,1.75,1.3297
2019-01-22,1.96,1.89,1.89,1.75,1.334
2019-01-23,1.97,1.9,1.9,1.75,1.3348
2019-01-24,1.93,1.86,1.86,1.75,1.3351
2019-01-25,1.97,1.88,1.89,1.75,1.3256
2019-01-28,1.96,1.87,1.88,1.75,1.326
2019-01-29,1.94,1.85,1.86,1.75,1.3266
2019-01-30,1.92,1.82,1.83,1.75,1.3192
2019-01-31,1.88,1.77,1.78,1.75,1.3144
2019-02-01,1.96,1.83,1.86,1.75,1.3095
2019-02-04,1.96,1.84,1.86,1.75,1.3127
2019-02-05,1.94,1.83,1.85,1.75,1.3134
2019-02-06,1.92,1.81,1.83,1.75,1.319
2019-02-07,1.87,1.76,1.78,1.75,1.3285
2019-02-08,1.88,1.77,1.79,1.75,1.327
2019-02-11,1.91,1.79,1.82,1.75,1.3294
2019-02-12,1.92,1.8,1.82,1.75,1.3248
2019-02-13,1.93,1.81,1.84,1.75,1.324
2019-02-14,1.88,1.77,1.79,1.75,1.3298
2019-02-15,1.89,1.78,1.8,1.75,1.3266
2019-02-18,,,,1.75,
2019-02-19,1.89,1.77,1.79,1.75,1.3238
2019-02-20,1.89,1.77,1.8,1.75,1.3169
2019-02-21,1.91,1.79,1.81,1.75,1.3196
2019-02-22,1.89,1.78,1.79,1.75,1.3173
2019-02-25,1.89,1.78,1.8,1.75,1.3174
2019-02-26,1.86,1.75,1.77,1.75,1.3195
2019-02-27,1.91,1.77,1.8,1.75,1.3145
2019-02-28,1.94,1.78,1.82,1.75,1.3169
2019-03-01,1.94,1.77,1.81,1.75,1.326
2019-03-04,1.89,1.74,1.76,1.75,1.3317
2019-03-05,1.88,1.74,1.75,1.75,1.3345
2019-03-06,1.82,1.68,1.69,1.75,1.342
2019-03-07,1.76,1.62,1.63,1.75,1.3438
2019-03-08,1.76,1.65,1.65,1.75,1.3422
2019-03-11,1.75,1.66,1.64,1.75,1.3414
2019-03-12,1.73,1.65,1.63,1.75,1.3378
2019-03-13,1.76,1.67,1.65,1.75,1.3326
2019-03-14,1.76,1.66,1.64,1.75,1.3327
2019-03-15,1.71,1.62,1.6,1.75,1.3342
2019-03-18,1.71,1.63,1.6,1.75,1.3345
2019-03-19,1.72,1.64,1.62,1.75,1.3292
2019-03-20,1.67,1.6,1.55,1.75,1.3317
2019-03-21,1.67,1.6,1.56,1.75,1.3366
2019-03-22,1.6,1.54,1.48,1.75,1.3411
2019-03-25,1.55,1.48,1.44,1.75,1.342
2019-03-26,1.57,1.5,1.45,1.75,1.3386
2019-03-27,1.54,1.46,1.43,1.75,1.3414
2019-03-28,1.55,1.49,1.45,1.75,1.3429
2019-03-29,1.62,1.55,1.52,1.75,1.3363
2019-04-01,1.7,1.6,1.58,1.75,1.3337
2019-04-02,1.66,1.56,1.55,1.75,1.3344
2019-04-03,1.7,1.59,1.57,1.75,1.3324
2019-04-04,1.69,1.58,1.56,1.75,1.3357
2019-04-05,1.7,1.59,1.57,1.75,1.3386
2019-04-08,1.73,1.61,1.6,1.75,1.3325
2019-04-09,1.72,1.6,1.59,1.75,1.3316
2019-04-10,1.68,1.58,1.56,1.75,1.3326
2019-04-11,1.72,1.59,1.59,1.75,1.3378
2019-04-12,1.78,1.63,1.64,1.75,1.3329
2019-04-15,1.75,1.6,1.61,1.75,1.3354
2019-04-16,1.78,1.63,1.64,1.75,1.3361
2019-04-17,1.8,1.66,1.66,1.75,1.3332
2019-04-18,1.77,1.62,1.61,1.75,1.3382
2019-04-19,,,,1.75,
2019-04-22,1.79,1.62,1.61,1.75,1.3353
2019-04-23,1.75,1.57,1.57,1.75,1.3421
2019-04-24,1.67,1.51,1.49,1.75,1.3475
2019-04-25,1.7,1.55,1.53,1.75,1.3493
2019-04-26,1.69,1.55,1.52,1.75,1.346
2019-04-29,1.72,1.56,1.55,1.75,1.3456
2019-04-30,1.71,1.56,1.54,1.75,1.3423
2019-05-01,1.7,1.57,1.55,1.75,1.3416
2019-05-02,1.76,1.62,1.61,1.75,1.3462
2019-05-03,1.77,1.64,1.62,1.75,1.3429
2019-05-06,1.73,1.62,1.59,1.75,1.3456
2019-05-07,1.68,1.58,1.55,1.75,1.3476
2019-05-08,1.7,1.59,1.57,1.75,1.3466
2019-05-09,1.68,1.58,1.55,1.75,1.3483
2019-05-10,1.73,1.64,1.61,1.75,1.3418
2019-05-13,1.66,1.58,1.54,1.75,1.3457
2019-05-14,1.69,1.6,1.57,1.75,1.3469
2019-05-15,1.66,1.58,1.54,1.75,1.3451
2019-05-16,1.68,1.59,1.56,1.75,1.3439
2019-05-17,1.69,1.6,1.57,1.75,1.3468
2019-05-20,,,,1.75,
2019-05-21,1.75,1.67,1.65,1.75,1.3413
2019-05-22,1.72,1.66,1.62,1.75,1.341
2019-05-23,1.64,1.58,1.53,1.75,1.3478
2019-05-24,1.61,1.56,1.5,1.75,1.3447
2019-05-27,1.59,1.55,1.48,1.75,1.3442
2019-05-28,1.57,1.53,1.46,1.75,1.3477
2019-05-29,1.57,1.53,1.46,1.75,1.3514
2019-05-30,1.55,1.52,1.45,1.75,1.3501
2019-05-31,1.49,1.43,1.36,1.75,1.3527
2019-06-03,1.42,1.37,1.29,1.75,1.347
2019-06-04,1.47,1.38,1.33,1.75,1.3414
2019-06-05,1.44,1.34,1.3,1.75,1.3401
2019-06-06,1.46,1.38,1.33,1.75,1.3378
2019-06-07,1.46,1.4,1.34,1.75,1.3283
2019-06-10,1.52,1.45,1.41,1.75,1.3267
2019-06-11,1.53,1.48,1.42,1.75,1.3278
2019-06-12,1.5,1.44,1.39,1.75,1.3303
2019-06-13,1.45,1.4,1.35,1.75,1.3324
2019-06-14,1.44,1.39,1.33,1.75,1.3385
2019-06-17,1.44,1.4,1.33,1.75,1.3407
2019-06-18,1.42,1.4,1.32,1.75,1.3394
2019-06-19,1.44,1.4,1.33,1.75,1.3343
2019-06-20,1.45,1.4,1.33,1.75,1.3191
2019-06-21,1.48,1.43,1.37,1.75,1.3212
2019-06-24,1.46,1.4,1.34,1.75,1.3194
2019-06-25,1.44,1.4,1.33,1.75,1.3174
2019-06-26,1.5,1.46,1.4,1.75,1.313
2019-06-27,1.47,1.44,1.37,1.75,1.3111
2019-06-28,1.46,1.47,1.39,1.75,1.3087
2019-07-01,,,,1.75,
2019-07-02,1.47,1.48,1.41,1.75,1.3114
2019-07-03,1.45,1.49,1.41,1.75,1.3073
2019-07-04,1.47,1.52,1.42,1.75,1.3059
2019-07-05,1.57,1.62,1.53,1.75,1.3099
2019-07-08,1.59,1.68,1.57,1.75,1.3081
2019-07-09,1.58,1.64,1.56,1.75,1.3127
2019-07-10,1.58,1.58,1.53,1.75,1.3092
2019-07-11,1.62,1.6,1.56,1.75,1.3071
2019-07-12,1.6,1.58,1.54,1.75,1.3038
2019-07-15,1.58,1.56,1.51,1.75,1.3039
2019-07-16,1.59,1.56,1.51,1.75,1.3052
2019-07-17,1.53,1.52,1.45,1.75,1.3053
2019-07-18,1.5,1.45,1.4,1.75,1.3069
2019-07-19,1.5,1.46,1.41,1.75,1.3071
2019-07-22,1.48,1.43,1.39,1.75,1.3103
2019-07-23,1.49,1.45,1.39,1.75,1.3142
2019-07-24,1.45,1.43,1.36,1.75,1.3137
2019-07-25,1.46,1.44,1.37,1.75,1.3146
2019-07-26,1.46,1.47,1.39,1.75,1.3182
2019-07-29,1.47,1.48,1.41,1.75,1.3159
2019-07-30,1.49,1.52,1.44,1.75,1.3168
2019-07-31,1.49,1.55,1.46,1.75,1.3148
2019-08-01,1.39,1.47,1.36,1.75,1.3217
2019-08-02,1.37,1.46,1.35,1.75,1.3225
2019-08-05,,,,1.75,
2019-08-06,1.24,1.34,1.21,1.75,1.3253
2019-08-07,1.22,1.33,1.2,1.75,1.3322
2019-08-08,1.24,1.36,1.23,1.75,1.3257
2019-08-09,1.27,1.38,1.26,1.75,1.3221
2019-08-12,1.2,1.33,1.2,1.75,1.3234
2019-08-13,1.23,1.38,1.24,1.75,1.3236
2019-08-14,1.15,1.35,1.19,1.75,1.3311
2019-08-15,1.09,1.29,1.13,1.75,1.3325
2019-08-16,1.14,1.33,1.19,1.75,1.3286
2019-08-19,1.18,1.35,1.21,1.75,1.3298
2019-08-20,1.16,1.34,1.19,1.75,1.3323
2019-08-21,1.21,1.4,1.27,1.75,1.3278
2019-08-22,1.28,1.46,1.32,1.75,1.3293
2019-08-23,1.17,1.37,1.21,1.75,1.331
2019-08-26,1.21,1.39,1.24,1.75,1.3279
2019-08-27,1.12,1.34,1.17,1.75,1.3267
2019-08-28,1.13,1.33,1.17,1.75,1.3301
2019-08-29,1.15,1.34,1.18,1.75,1.3296
2019-08-30,1.16,1.35,1.18,1.75,1.3295
2019-09-02,,,,1.75,
2019-09-03,1.13,1.32,1.15,1.75,1.3343
2019-09-04,1.13,1.33,1.15,1.75,1.3263
2019-09-05,1.26,1.45,1.28,1.75,1.3228
2019-09-06,1.28,1.49,1.32,1.75,1.3174
2019-09-09,1.34,1.55,1.37,1.75,1.3155
2019-09-10,1.43,1.6,1.44,1.75,1.3153
2019-09-11,1.42,1.58,1.43,1.75,1.3181
2019-09-12,1.45,1.6,1.46,1.75,1.3205
2019-09-13,1.51,1.64,1.5,1.75,1.3257
2019-09-16,1.48,1.62,1.49,1.75,1.3248
2019-09-17,1.45,1.61,1.47,1.75,1.3257
2019-09-18,1.43,1.6,1.46,1.75,1.3271
2019-09-19,1.43,1.6,1.46,1.75,1.3259
2019-09-20,1.39,1.57,1.42,1.75,1.3275
2019-09-23,1.37,1.56,1.4,1.75,1.327
2019-09-24,1.3,1.52,1.34,1.75,1.3249
2019-09-25,1.39,1.58,1.42,1.75,1.327
2019-09-26,1.36,1.57,1.4,1.75,1.326
2019-09-27,1.36,1.57,1.39,1.75,1.3249
2019-09-30,1.37,1.58,1.4,1.75,1.3243
2019-10-01,1.35,1.53,1.37,1.75,1.3244
2019-10-02,1.32,1.49,1.34,1.75,1.3294
2019-10-03,1.24,1.41,1.25,1.75,1.333
2019-10-04,1.23,1.41,1.25,1.75,1.3317
2019-10-07,1.29,1.45,1.3,1.75,1.3306
2019-10-08,1.28,1.44,1.29,1.75,1.3323
2019-10-09,1.31,1.47,1.32,1.75,1.3324
2019-10-10,1.4,1.53,1.39,1.75,1.3294
2019-10-11,1.51,1.65,1.52,1.75,1.3198
2019-10-14,,,,1.75,
2019-10-15,1.56,1.69,1.58,1.75,1.3211
2019-10-16,1.55,1.67,1.56,1.75,1.3201
2019-10-17,1.56,1.65,1.58,1.75,1.3143
2019-10-18,1.54,1.64,1.55,1.75,1.3132
2019-10-21,1.56,1.65,1.57,1.75,1.3096
2019-10-22,1.52,1.62,1.53,1.75,1.3094
2019-10-23,1.52,1.62,1.53,1.75,1.3086
2019-10-24,1.52,1.63,1.54,1.75,1.3075
2019-10-25,1.54,1.66,1.57,1.75,1.3064
2019-10-28,1.62,1.71,1.64,1.75,1.3056
2019-10-29,1.6,1.7,1.62,1.75,1.3075
2019-10-30,1.45,1.56,1.46,1.75,1.3152
2019-10-31,1.42,1.52,1.42,1.75,1.316
2019-11-01,1.44,1.55,1.46,1.75,1.3157
2019-11-04,1.53,1.6,1.53,1.75,1.3148
2019-11-05,1.6,1.63,1.59,1.75,1.3153
2019-11-06,1.54,1.59,1.53,1.75,1.3179
2019-11-07,1.61,1.63,1.59,1.75,1.3176
2019-11-08,1.58,1.58,1.55,1.75,1.3223
2019-11-11,,,,1.75,
2019-11-12,1.6,1.59,1.57,1.75,1.3228
2019-11-13,1.55,1.57,1.54,1.75,1.3249
2019-11-14,1.47,1.53,1.47,1.75,1.3258
2019-11-15,1.48,1.54,1.48,1.75,1.3231
2019-11-18,1.48,1.54,1.48,1.75,1.3214
2019-11-19,1.44,1.52,1.45,1.75,1.3237
2019-11-20,1.42,1.51,1.43,1.75,1.3304
2019-11-21,1.48,1.56,1.49,1.75,1.3285
2019-11-22,1.47,1.58,1.5,1.75,1.3287
2019-11-25,1.47,1.59,1.5,1.75,1.3307
2019-11-26,1.44,1.57,1.47,1.75,1.3288
2019-11-27,1.47,1.6,1.51,1.75,1.3278
2019-11-28,1.46,1.59,1.5,1.75,1.3285
2019-11-29,1.46,1.58,1.49,1.75,1.3289
2019-12-02,1.53,1.61,1.54,1.75,1.3297
2019-12-03,1.45,1.55,1.48,1.75,1.3302
2019-12-04,1.54,1.63,1.57,1.75,1.3223
2019-12-05,1.6,1.68,1.62,1.75,1.3174
2019-12-06,1.58,1.65,1.59,1.75,1.3255
2019-12-09,1.59,1.67,1.61,1.75,1.3235
2019-12-10,1.6,1.67,1.61,1.75,1.3233
2019-12-11,1.58,1.66,1.59,1.75,1.3201
2019-12-12,1.66,1.7,1.66,1.75,1.3182
2019-12-13,1.58,1.66,1.59,1.75,1.3183
2019-12-16,1.63,1.69,1.64,1.75,1.3142
2019-12-17,1.63,1.7,1.64,1.75,1.316
2019-12-18,1.69,1.73,1.7,1.75,1.3119
2019-12-19,1.65,1.69,1.67,1.75,1.3122
2019-12-20,1.61,1.65,1.63,1.75,1.3164
2019-12-23,1.63,1.68,1.65,1.75,1.316
2019-12-24,1.61,1.67,1.64,1.75,1.3157
2019-12-25,,,,1.75,
2019-12-26,,,,1.75,
2019-12-27,1.59,1.66,1.62,1.75,1.3078
2019-12-30,1.64,1.68,1.66,1.75,1.3059
2019-12-31,1.7,1.69,1.68,1.75,1.2988
2020-01-01,,,,1.75,
2020-01-02,1.62,1.66,1.62,1.75,1.2992
2020-01-03,1.53,1.61,1.55,1.75,1.2988
2020-01-06,1.58,1.63,1.58,1.75,1.297
2020-01-07,1.58,1.64,1.58,1.75,1.3009
2020-01-08,1.62,1.66,1.62,1.75,1.3026
2020-01-09,1.6,1.63,1.6,1.75,1.3079
2020-01-10,1.59,1.65,1.6,1.75,1.3051
2020-01-13,1.61,1.66,1.61,1.75,1.3048
2020-01-14,1.58,1.66,1.59,1.75,1.3062
2020-01-15,1.53,1.63,1.54,1.75,1.305
2020-01-16,1.55,1.64,1.57,1.75,1.3045
2020-01-17,1.57,1.64,1.58,1.75,1.3062
2020-01-20,1.56,1.65,1.58,1.75,1.3053
2020-01-21,1.51,1.62,1.53,1.75,1.3067
2020-01-22,1.45,1.54,1.46,1.75,1.3116
2020-01-23,1.42,1.51,1.43,1.75,1.3143
2020-01-24,1.36,1.49,1.39,1.75,1.314
2020-01-27,1.3,1.44,1.32,1.75,1.3182
2020-01-28,1.37,1.48,1.38,1.75,1.3179
2020-01-29,1.31,1.47,1.34,1.75,1.3196
2020-01-30,1.32,1.47,1.34,1.75,1.3217
2020-01-31,1.27,1.43,1.29,1.75,1.3233
2020-02-03,1.25,1.42,1.28,1.75,1.3275
2020-02-04,1.33,1.47,1.35,1.75,1.3278
2020-02-05,1.39,1.5,1.41,1.75,1.3289
2020-02-06,1.37,1.49,1.39,1.75,1.329
2020-02-07,1.33,1.47,1.34,1.75,1.3305
2020-02-10,1.31,1.44,1.31,1.75,1.3319
2020-02-11,1.35,1.47,1.35,1.75,1.3292
2020-02-12,1.39,1.51,1.39,1.75,1.3254
2020-02-13,1.39,1.51,1.39,1.75,1.3256
2020-02-14,1.36,1.49,1.37,1.75,1.3249
2020-02-17,,,,1.75,
2020-02-18,1.33,1.46,1.34,1.75,1.3258
2020-02-19,1.35,1.48,1.36,1.75,1.3231
2020-02-20,1.3,1.45,1.33,1.75,1.3254
2020-02-21,1.28,1.42,1.29,1.75,1.3224
2020-02-24,1.19,1.34,1.21,1.75,1.3279
2020-02-25,1.19,1.32,1.19,1.75,1.3281
2020-02-26,1.21,1.32,1.21,1.75,1.3307
2020-02-27,1.16,1.25,1.14,1.75,1.3361
2020-02-28,1.12,1.14,1.07,1.75,1.3429
2020-03-02,1.12,1.17,1.07,1.75,1.3356
2020-03-03,0.96,0.97,0.88,1.75,1.3363
2020-03-04,0.97,0.92,0.88,1.25,1.3392
2020-03-05,0.84,0.79,0.74,1.25,1.3415
2020-03-06,0.72,0.7,0.66,1.25,1.3421
2020-03-09,0.53,0.53,0.53,1.25,1.3598
2020-03-10,0.62,0.55,0.59,1.25,1.3731
2020-03-11,0.64,0.5,0.55,1.25,1.3745
2020-03-12,0.64,0.47,0.52,1.25,1.382
2020-03-13,0.82,0.49,0.65,1.25,1.3901
2020-03-16,0.78,0.46,0.61,0.75,1.3964
2020-03-17,0.92,0.63,0.8,0.75,1.4175
2020-03-18,1.06,0.69,0.93,0.75,1.4496
2020-03-19,1.0,0.63,0.85,0.75,1.4495
2020-03-20,0.87,0.56,0.76,0.75,1.4332
2020-03-23,0.78,0.51,0.68,0.75,1.4482
2020-03-24,0.85,0.59,0.74,0.75,1.4491
2020-03-25,0.88,0.62,0.78,0.75,1.4302
2020-03-26,0.84,0.59,0.75,0.75,1.4077
2020-03-27,0.72,0.44,0.62,0.25,1.4056
2020-03-30,0.75,0.44,0.62,0.25,1.4156
2020-03-31,0.71,0.42,0.6,0.25,1.4187
2020-04-01,0.63,0.4,0.55,0.25,1.4217
2020-04-02,0.66,0.42,0.59,0.25,1.4179
2020-04-03,0.71,0.41,0.58,0.25,1.4142
2020-04-06,0.75,0.44,0.64,0.25,1.4127
2020-04-07,0.82,0.45,0.67,0.25,1.3986
2020-04-08,0.81,0.43,0.65,0.25,1.4034
2020-04-09,0.76,0.39,0.59,0.25,1.3985
2020-04-10,,,,0.25,
2020-04-13,0.75,0.38,0.57,0.25,1.3936
2020-04-14,0.75,0.37,0.54,0.25,1.3904
2020-04-15,0.64,0.33,0.44,0.25,1.4086
2020-04-16,0.61,0.33,0.43,0.25,1.4122
2020-04-17,0.64,0.35,0.46,0.25,1.4037
2020-04-20,0.63,0.34,0.44,0.25,1.4086
2020-04-21,0.57,0.32,0.41,0.25,1.4203
2020-04-22,0.61,0.33,0.45,0.25,1.4155
2020-04-23,0.6,0.33,0.45,0.25,1.4063
2020-04-24,0.58,0.33,0.43,0.25,1.409
2020-04-27,0.61,0.34,0.46,0.25,1.4053
2020-04-28,0.57,0.32,0.42,0.25,1.3978
2020-04-29,0.56,0.32,0.41,0.25,1.3922
2020-04-30,0.54,0.3,0.38,0.25,1.391
2020-05-01,0.52,0.3,0.37,0.25,1.4066
2020-05-04,0.57,0.31,0.41,0.25,1.4085
2020-05-05,0.56,0.31,0.4,0.25,1.4032
2020-05-06,0.61,0.3,0.43,0.25,1.4124
2020-05-07,0.54,0.27,0.37,0.25,1.4015
2020-05-08,0.58,0.27,0.39,0.25,1.3934
2020-05-11,0.59,0.28,0.38,0.25,1.4012
2020-05-12,0.55,0.27,0.37,0.25,1.4015
2020-05-13,0.55,0.28,0.37,0.25,1.4073
2020-05-14,0.53,0.27,0.36,0.25,1.409
2020-05-15,0.54,0.28,0.37,0.25,1.4094
2020-05-18,,,,0.25,
2020-05-19,0.6,0.3,0.42,0.25,1.3893
2020-05-20,0.56,0.3,0.41,0.25,1.3892
2020-05-21,0.55,0.3,0.42,0.25,1.3935
2020-05-22,0.51,0.29,0.37,0.25,1.4015
2020-05-25,0.49,0.28,0.36,0.25,1.3984
2020-05-26,0.54,0.3,0.4,0.25,1.3804
2020-05-27,0.54,0.3,0.4,0.25,1.378
2020-05-28,0.56,0.3,0.41,0.25,1.3764
2020-05-29,0.53,0.28,0.39,0.25,1.3787
2020-06-01,0.53,0.29,0.39,0.25,1.363
2020-06-02,0.54,0.29,0.39,0.25,1.3515
2020-06-03,0.62,0.32,0.45,0.25,1.3504
2020-06-04,0.67,0.32,0.48,0.25,1.3508
2020-06-05,0.73,0.35,0.52,0.25,1.3429
2020-06-08,0.68,0.32,0.48,0.25,1.3383
2020-06-09,0.64,0.3,0.45,0.25,1.3423
2020-06-10,0.57,0.28,0.38,0.25,1.339
2020-06-11,0.52,0.27,0.37,0.25,1.3553
2020-06-12,0.53,0.28,0.37,0.25,1.3596
2020-06-15,0.51,0.29,0.36,0.25,1.3604
2020-06-16,0.55,0.29,0.38,0.25,1.3558
2020-06-17,0.53,0.29,0.37,0.25,1.3555
2020-06-18,0.52,0.3,0.37,0.25,1.3589
2020-06-19,0.53,0.3,0.38,0.25,1.3587
2020-06-22,0.54,0.3,0.39,0.25,1.3545
2020-06-23,0.54,0.3,0.39,0.25,1.3516
2020-06-24,0.54,0.3,0.38,0.25,1.3591
2020-06-25,0.52,0.3,0.37,0.25,1.3645
2020-06-26,0.51,0.29,0.36,0.25,1.3676
2020-06-29,0.51,0.29,0.36,0.25,1.3682
2020-06-30,0.52,0.28,0.36,0.25,1.3628
2020-07-01,,,,0.25,
2020-07-02,0.56,0.29,0.38,0.25,1.3586
2020-07-03,0.55,0.29,0.38,0.25,1.3565
2020-07-06,0.55,0.29,0.38,0.25,1.3543
2020-07-07,0.51,0.28,0.35,0.25,1.3583
2020-07-08,0.57,0.29,0.37,0.25,1.3538
2020-07-09,0.53,0.28,0.34,0.25,1.3555
2020-07-10,0.55,0.28,0.36,0.25,1.3594
2020-07-13,0.54,0.28,0.36,0.25,1.3567
2020-07-14,0.54,0.28,0.35,0.25,1.3616
2020-07-15,0.53,0.27,0.35,0.25,1.3534
2020-07-16,0.5,0.27,0.33,0.25,1.3543
2020-07-17,0.52,0.27,0.35,0.25,1.3574
2020-07-20,0.51,0.27,0.34,0.25,1.3543
2020-07-21,0.51,0.27,0.35,0.25,1.3446
2020-07-22,0.51,0.27,0.35,0.25,1.342
2020-07-23,0.5,0.27,0.35,0.25,1.3392
2020-07-24,0.5,0.27,0.34,0.25,1.3421
2020-07-27,0.52,0.28,0.35,0.25,1.3378
2020-07-28,0.47,0.27,0.33,0.25,1.3373
2020-07-29,0.48,0.26,0.32,0.25,1.336
2020-07-30,0.45,0.26,0.31,0.25,1.3432
2020-07-31,0.46,0.26,0.31,0.25,1.3404
2020-08-03,,,,0.25,
2020-08-04,0.43,0.25,0.3,0.25,1.3372
2020-08-05,0.5,0.27,0.34,0.25,1.3262
2020-08-06,0.46,0.26,0.32,0.25,1.3292
2020-08-07,0.48,0.27,0.32,0.25,1.3377
2020-08-10,0.49,0.27,0.33,0.25,1.3354
2020-08-11,0.56,0.28,0.38,0.25,1.3291
2020-08-12,0.6,0.29,0.41,0.25,1.3254
2020-08-13,0.64,0.31,0.43,0.25,1.3217
2020-08-14,0.61,0.3,0.42,0.25,1.325
2020-08-17,0.58,0.29,0.39,0.25,1.3207
2020-08-18,0.56,0.28,0.38,0.25,1.317
2020-08-19,0.58,0.29,0.39,0.25,1.3171
2020-08-20,0.56,0.28,0.37,0.25,1.3195
2020-08-21,0.54,0.28,0.36,0.25,1.3205
2020-08-24,0.55,0.28,0.38,0.25,1.3207
2020-08-25,0.59,0.29,0.4,0.25,1.3194
2020-08-26,0.61,0.29,0.41,0.25,1.3155
2020-08-27,0.66,0.29,0.43,0.25,1.3129
2020-08-28,0.64,0.28,0.4,0.25,1.3097
2020-08-31,0.63,0.28,0.4,0.25,1.3042
2020-09-01,0.58,0.27,0.36,0.25,1.3055
2020-09-02,0.55,0.26,0.35,0.25,1.3067
2020-09-03,0.54,0.26,0.35,0.25,1.3123
2020-09-04,0.59,0.27,0.38,0.25,1.3089
2020-09-07,,,,0.25,
2020-09-08,0.57,0.27,0.36,0.25,1.3191
2020-09-09,0.59,0.27,0.37,0.25,1.3173
2020-09-10,0.56,0.26,0.36,0.25,1.3162
2020-09-11,0.55,0.26,0.35,0.25,1.3186
2020-09-14,0.55,0.26,0.36,0.25,1.3175
2020-09-15,0.55,0.26,0.36,0.25,1.3176
2020-09-16,0.57,0.26,0.36,0.25,1.3168
2020-09-17,0.57,0.26,0.36,0.25,1.32
2020-09-18,0.58,0.26,0.37,0.25,1.3186
2020-09-21,0.55,0.26,0.35,0.25,1.3293
2020-09-22,0.55,0.26,0.36,0.25,1.331
2020-09-23,0.55,0.26,0.35,0.25,1.3358
2020-09-24,0.55,0.25,0.35,0.25,1.3374
2020-09-25,0.54,0.25,0.35,0.25,1.3396
2020-09-28,0.55,0.25,0.35,0.25,1.3378
2020-09-29,0.54,0.24,0.34,0.25,1.3391
2020-09-30,0.57,0.25,0.36,0.25,1.3339
2020-10-01,0.55,0.24,0.35,0.25,1.3292
2020-10-02,0.56,0.24,0.35,0.25,1.331
2020-10-05,0.61,0.24,0.37,0.25,1.3269
2020-10-06,0.57,0.23,0.35,0.25,1.3272
2020-10-07,0.63,0.24,0.38,0.25,1.3275
2020-10-08,0.61,0.27,0.37,0.25,1.322
2020-10-09,0.63,0.26,0.38,0.25,1.3136
2020-10-12,,,,0.25,
2020-10-13,0.59,0.25,0.35,0.25,1.3133
2020-10-14,0.58,0.24,0.35,0.25,1.3139
2020-10-15,0.57,0.23,0.34,0.25,1.323
2020-10-16,0.57,0.23,0.34,0.25,1.3192
2020-10-19,0.58,0.23,0.35,0.25,1.3165
2020-10-20,0.61,0.23,0.36,0.25,1.3138
2020-10-21,0.61,0.23,0.36,0.25,1.3122
2020-10-22,0.65,0.24,0.39,0.25,1.3142
2020-10-23,0.64,0.24,0.38,0.25,1.314
2020-10-26,0.62,0.24,0.38,0.25,1.3201
2020-10-27,0.6,0.24,0.37,0.25,1.3164
2020-10-28,0.59,0.24,0.36,0.25,1.3302
2020-10-29,0.63,0.25,0.38,0.25,1.3349
2020-10-30,0.66,0.26,0.4,0.25,1.3318
2020-11-02,0.64,0.26,0.39,0.25,1.3257
2020-11-03,0.68,0.27,0.42,0.25,1.3145
2020-11-04,0.61,0.26,0.38,0.25,1.3138
2020-11-05,0.61,0.25,0.38,0.25,1.3051
2020-11-06,0.64,0.26,0.4,0.25,1.3039
2020-11-09,0.75,0.28,0.47,0.25,1.297
2020-11-10,0.77,0.27,0.48,0.25,1.3017
2020-11-11,,,,0.25,
2020-11-12,0.72,0.26,0.45,0.25,1.3123
2020-11-13,0.73,0.27,0.46,0.25,1.3147
2020-11-16,0.74,0.27,0.46,0.25,1.3085
2020-11-17,0.7,0.27,0.43,0.25,1.3094
2020-11-18,0.7,0.27,0.44,0.25,1.3063
2020-11-19,0.68,0.27,0.44,0.25,1.3083
2020-11-20,0.66,0.27,0.42,0.25,1.3071
2020-11-23,0.69,0.27,0.44,0.25,1.3082
2020-11-24,0.72,0.27,0.45,0.25,1.3033
2020-11-25,0.7,0.27,0.45,0.25,1.3003
2020-11-26,0.69,0.26,0.44,0.25,1.3013
2020-11-27,0.67,0.25,0.43,0.25,1.2985
2020-11-30,0.67,0.25,0.43,0.25,1.2965
2020-12-01,0.74,0.26,0.46,0.25,1.2952
2020-12-02,0.76,0.27,0.47,0.25,1.2934
2020-12-03,0.74,0.26,0.46,0.25,1.288
2020-12-04,0.8,0.28,0.5,0.25,1.2801
2020-12-07,0.76,0.28,0.48,0.25,1.2801
2020-12-08,0.74,0.27,0.47,0.25,1.2808
2020-12-09,0.75,0.27,0.47,0.25,1.2803
2020-12-10,0.74,0.26,0.46,0.25,1.2734
2020-12-11,0.71,0.25,0.44,0.25,1.2769
2020-12-14,0.72,0.25,0.44,0.25,1.2757
2020-12-15,0.73,0.25,0.45,0.25,1.2722
2020-12-16,0.73,0.25,0.45,0.25,1.2753
2020-12-17,0.74,0.25,0.45,0.25,1.2718
2020-12-18,0.74,0.24,0.45,0.25,1.2775
2020-12-21,0.72,0.23,0.44,0.25,1.2849
2020-12-22,0.7,0.22,0.42,0.25,1.2908
2020-12-23,0.73,0.23,0.43,0.25,1.2856
2020-12-24,0.72,0.22,0.43,0.25,1.2835
2020-12-25,,,,0.25,
2020-12-29,0.71,0.21,0.41,0.25,1.2806
2020-12-30,0.7,0.2,0.41,0.25,1.2769
2020-12-31,0.67,0.2,0.39,0.25,1.2732
2021-01-01,,,,0.25,
2021-01-04,0.68,0.2,0.39,0.25,1.2751
2021-01-05,0.7,0.19,0.39,0.25,1.2707
2021-01-06,0.75,0.18,0.41,0.25,1.2685
2021-01-07,0.79,0.18,0.43,0.25,1.2707
2021-01-08,0.81,0.19,0.44,0.25,1.2705
2021-01-11,0.83,0.19,0.46,0.25,1.2788
2021-01-12,0.84,0.18,0.46,0.25,1.2746
2021-01-13,0.81,0.16,0.44,0.25,1.271
2021-01-14,0.86,0.16,0.46,0.25,1.2654
2021-01-15,0.81,0.15,0.42,0.25,1.2727
2021-01-18,0.8,0.15,0.42,0.25,1.2762
2021-01-19,0.8,0.15,0.41,0.25,1.2735
2021-01-20,0.83,0.16,0.43,0.25,1.2656
2021-01-21,0.87,0.17,0.45,0.25,1.2627
2021-01-22,0.84,0.18,0.44,0.25,1.2716
2021-01-25,0.81,0.18,0.42,0.25,1.2738
2021-01-26,0.82,0.17,0.42,0.25,1.2702
2021-01-27,0.8,0.16,0.41,0.25,1.2775
2021-01-28,0.82,0.16,0.41,0.25,1.281
2021-01-29,0.84,0.15,0.43,0.25,1.278
2021-02-01,0.88,0.15,0.42,0.25,1.2824
2021-02-02,0.91,0.16,0.43,0.25,1.2818
2021-02-03,0.94,0.17,0.46,0.25,1.2783
2021-02-04,0.96,0.19,0.47,0.25,1.2828
2021-02-05,1.0,0.2,0.48,0.25,1.2777
2021-02-08,1.01,0.2,0.5,0.25,1.2753
2021-02-09,0.99,0.19,0.49,0.25,1.2719
2021-02-10,0.99,0.19,0.49,0.25,1.2689
2021-02-11,0.99,0.19,0.48,0.25,1.2686
2021-02-12,1.03,0.19,0.49,0.25,1.2711
2021-02-15,,,,0.25,
2021-02-16,1.12,0.21,0.57,0.25,1.2684
2021-02-17,1.11,0.21,0.58,0.25,1.2712
2021-02-18,1.14,0.22,0.59,0.25,1.2696
2021-02-19,1.21,0.23,0.64,0.25,1.2614
2021-02-22,1.23,0.23,0.67,0.25,1.2613
2021-02-23,1.26,0.23,0.67,0.25,1.2603
2021-02-24,1.31,0.23,0.73,0.25,1.2548
2021-02-25,1.46,0.32,0.93,0.25,1.253
2021-02-26,1.35,0.3,0.88,0.25,1.2685
2021-03-01,1.35,0.25,0.81,0.25,1.2661
2021-03-02,1.33,0.24,0.78,0.25,1.2626
2021-03-03,1.4,0.26,0.83,0.25,1.2631
2021-03-04,1.49,0.28,0.9,0.25,1.2637
2021-03-05,1.5,0.29,0.9,0.25,1.2668
2021-03-08,1.53,0.29,0.92,0.25,1.266
2021-03-09,1.45,0.27,0.87,0.25,1.2635
2021-03-10,1.41,0.24,0.91,0.25,1.2637
2021-03-11,1.43,0.25,0.92,0.25,1.2561
2021-03-12,1.58,0.31,1.03,0.25,1.2493
2021-03-15,1.54,0.31,1.02,0.25,1.248
2021-03-16,1.56,0.31,1.03,0.25,1.2455
2021-03-17,1.58,0.27,0.99,0.25,1.2465
2021-03-18,1.61,0.27,1.01,0.25,1.2458
2021-03-19,1.59,0.26,1.0,0.25,1.2506
2021-03-22,1.55,0.26,0.99,0.25,1.2513
2021-03-23,1.49,0.25,0.95,0.25,1.2562
2021-03-24,1.47,0.24,0.92,0.25,1.2562
2021-03-25,1.46,0.23,0.9,0.25,1.2606
2021-03-26,1.49,0.23,0.93,0.25,1.258
2021-03-29,1.53,0.23,0.97,0.25,1.2594
2021-03-30,1.53,0.23,0.97,0.25,1.2631
2021-03-31,1.55,0.22,0.99,0.25,1.2575
2021-04-01,1.51,0.22,0.97,0.25,1.2565
2021-04-02,,,,0.25,
2021-04-05,1.56,0.24,1.01,0.25,1.2525
2021-04-06,1.49,0.23,0.95,0.25,1.2559
2021-04-07,1.5,0.23,0.94,0.25,1.2617
2021-04-08,1.46,0.22,0.92,0.25,1.2579
2021-04-09,1.5,0.24,0.95,0.25,1.2544
2021-04-12,1.51,0.25,0.96,0.25,1.2553
2021-04-13,1.5,0.24,0.94,0.25,1.2554
2021-04-14,1.53,0.24,0.95,0.25,1.2533
2021-04-15,1.45,0.24,0.9,0.25,1.253
2021-04-16,1.53,0.29,0.95,0.25,1.2503
2021-04-19,1.53,0.31,0.95,0.25,1.2519
2021-04-20,1.5,0.29,0.91,0.25,1.2572
2021-04-21,1.52,0.3,0.94,0.25,1.2523
2021-04-22,1.52,0.31,0.93,0.25,1.25
2021-04-23,1.51,0.32,0.93,0.25,1.2489
2021-04-26,1.53,0.33,0.94,0.25,1.2412
2021-04-27,1.56,0.33,0.96,0.25,1.2403
2021-04-28,1.53,0.31,0.93,0.25,1.2357
2021-04-29,1.56,0.31,0.95,0.25,1.2292
2021-04-30,1.54,0.3,0.93,0.25,1.2285
2021-05-03,1.52,0.3,0.92,0.25,1.2279
2021-05-04,1.53,0.3,0.93,0.25,1.2315
2021-05-05,1.51,0.3,0.91,0.25,1.2272
2021-05-06,1.51,0.31,0.91,0.25,1.22
2021-05-07,1.49,0.29,0.87,0.25,1.2156
2021-05-10,1.51,0.29,0.88,0.25,1.2095
2021-05-11,1.54,0.3,0.91,0.25,1.2096
2021-05-12,1.59,0.33,0.97,0.25,1.2096
2021-05-13,1.56,0.32,0.94,0.25,1.215
2021-05-14,1.55,0.32,0.94,0.25,1.2109
2021-05-17,1.57,0.33,0.95,0.25,1.2081
2021-05-18,1.56,0.32,0.95,0.25,1.2051
2021-05-19,1.58,0.33,0.96,0.25,1.21
2021-05-20,1.54,0.33,0.94,0.25,1.207
2021-05-21,1.54,0.33,0.93,0.25,1.2061
2021-05-24,,,,0.25,
2021-05-25,1.46,0.3,0.86,0.25,1.2057
2021-05-26,1.45,0.31,0.87,0.25,1.211
2021-05-27,1.49,0.32,0.9,0.25,1.2073
2021-05-28,1.49,0.32,0.92,0.25,1.2086
2021-05-31,1.49,0.32,0.9,0.25,1.2072
2021-06-01,1.5,0.32,0.91,0.25,1.204
2021-06-02,1.49,0.32,0.9,0.25,1.2052
2021-06-03,1.52,0.32,0.92,0.25,1.2103
2021-06-04,1.46,0.31,0.86,0.25,1.2084
2021-06-07,1.47,0.32,0.88,0.25,1.2073
2021-06-08,1.45,0.32,0.87,0.25,1.2097
2021-06-09,1.41,0.32,0.85,0.25,1.2095
2021-06-10,1.38,0.31,0.82,0.25,1.2094
2021-06-11,1.38,0.31,0.82,0.25,1.2148
2021-06-14,1.39,0.32,0.85,0.25,1.2142
2021-06-15,1.38,0.32,0.84,0.25,1.2188
2021-06-16,1.44,0.36,0.92,0.25,1.2191
2021-06-17,1.4,0.38,0.94,0.25,1.2341
2021-06-18,1.37,0.45,0.97,0.25,1.2419
2021-06-21,1.41,0.44,0.97,0.25,1.2377
2021-06-22,1.4,0.42,0.95,0.25,1.2356
2021-06-23,1.42,0.42,0.97,0.25,1.2287
2021-06-24,1.41,0.42,0.97,0.25,1.2316
2021-06-25,1.45,0.44,1.0,0.25,1.2294
2021-06-28,1.41,0.44,0.98,0.25,1.2335
2021-06-29,1.42,0.44,0.98,0.25,1.2384
2021-06-30,1.39,0.45,0.97,0.25,1.2394
2021-07-01,,,,0.25,
2021-07-02,1.37,0.45,0.96,0.25,1.2353
2021-07-05,1.4,0.46,0.99,0.25,1.2343
2021-07-06,1.32,0.46,0.95,0.25,1.2446
2021-07-07,1.29,0.48,0.93,0.25,1.2475
2021-07-08,1.26,0.48,0.89,0.25,1.254
2021-07-09,1.32,0.48,0.94,0.25,1.2476
2021-07-12,1.32,0.48,0.93,0.25,1.2471
2021-07-13,1.34,0.48,0.95,0.25,1.2514
2021-07-14,1.29,0.45,0.91,0.25,1.2497
2021-07-15,1.26,0.44,0.88,0.25,1.2572
2021-07-16,1.24,0.43,0.87,0.25,1.2593
2021-07-19,1.14,0.47,0.78,0.25,1.2759
2021-07-20,1.17,0.46,0.77,0.25,1.273
2021-07-21,1.22,0.46,0.8,0.25,1.2589
2021-07-22,1.19,0.45,0.78,0.25,1.2567
2021-07-23,1.21,0.45,0.79,0.25,1.2575
2021-07-26,1.22,0.46,0.8,0.25,1.2549
2021-07-27,1.16,0.44,0.77,0.25,1.2578
2021-07-28,1.17,0.45,0.78,0.25,1.2566
2021-07-29,1.19,0.45,0.81,0.25,1.245
2021-07-30,1.2,0.45,0.81,0.25,1.2462
2021-08-02,,,,0.25,
2021-08-03,1.12,0.42,0.75,0.25,1.2545
2021-08-04,1.13,0.44,0.78,0.25,1.2545
2021-08-05,1.16,0.47,0.83,0.25,1.2497
2021-08-06,1.24,0.48,0.88,0.25,1.255
2021-08-09,1.25,0.48,0.88,0.25,1.2565
2021-08-10,1.27,0.48,0.9,0.25,1.254
2021-08-11,1.26,0.47,0.89,0.25,1.2506
2021-08-12,1.25,0.46,0.89,0.25,1.252
2021-08-13,1.19,0.45,0.84,0.25,1.2514
2021-08-16,1.16,0.43,0.81,0.25,1.2569
2021-08-17,1.15,0.44,0.81,0.25,1.2623
2021-08-18,1.16,0.45,0.82,0.25,1.263
2021-08-19,1.13,0.44,0.81,0.25,1.2792
2021-08-20,1.14,0.44,0.81,0.25,1.2856
2021-08-23,1.16,0.44,0.82,0.25,1.2682
2021-08-24,1.18,0.45,0.84,0.25,1.2608
2021-08-25,1.25,0.45,0.87,0.25,1.2619
2021-08-26,1.23,0.45,0.87,0.25,1.2651
2021-08-27,1.2,0.44,0.83,0.25,1.2635
2021-08-30,1.18,0.43,0.81,0.25,1.2603
2021-08-31,1.22,0.43,0.84,0.25,1.2617
2021-09-01,1.18,0.41,0.79,0.25,1.2607
2021-09-02,1.15,0.4,0.77,0.25,1.2573
2021-09-03,1.19,0.39,0.78,0.25,1.2518
2021-09-06,,,,0.25,
2021-09-07,1.23,0.4,0.81,0.25,1.2621
2021-09-08,1.2,0.39,0.8,0.25,1.2676
2021-09-09,1.17,0.4,0.79,0.25,1.2654
2021-09-10,1.23,0.41,0.83,0.25,1.2631
2021-09-13,1.22,0.41,0.82,0.25,1.2662
2021-09-14,1.17,0.4,0.79,0.25,1.2661
2021-09-15,1.22,0.42,0.83,0.25,1.2651
2021-09-16,1.23,0.44,0.86,0.25,1.2674
2021-09-17,1.29,0.46,0.9,0.25,1.2721
2021-09-20,1.22,0.44,0.85,0.25,1.2828
2021-09-21,1.22,0.44,0.85,0.25,1.2801
2021-09-22,1.21,0.45,0.92,0.25,1.2756
2021-09-23,1.33,0.48,1.0,0.25,1.2653
2021-09-24,1.38,0.5,1.03,0.25,1.268
2021-09-27,1.41,0.5,1.06,0.25,1.2637
2021-09-28,1.5,0.5,1.09,0.25,1.268
2021-09-29,1.51,0.53,1.11,0.25,1.2741
2021-10-01,1.47,0.51,1.07,0.25,1.2654
2021-10-04,1.49,0.51,1.08,0.25,1.2583
2021-10-05,1.53,0.52,1.1,0.25,1.2575
2021-10-06,1.5,0.6,1.09,0.25,1.2613
2021-10-07,1.56,0.63,1.13,0.25,1.2558
2021-10-08,1.62,0.68,1.2,0.25,1.2482
2021-10-11,,,,0.25,
2021-10-12,1.62,0.74,1.24,0.25,1.2461
2021-10-13,1.61,0.77,1.27,0.25,1.2445
2021-10-14,1.53,0.72,1.18,0.25,1.2372
2021-10-15,1.58,0.76,1.23,0.25,1.2379
2021-10-18,1.58,0.82,1.28,0.25,1.2375
2021-10-19,1.63,0.83,1.31,0.25,1.2357
2021-10-20,1.63,0.79,1.29,0.25,1.2329
2021-10-21,1.68,0.86,1.35,0.25,1.2351
2021-10-22,1.65,0.87,1.34,0.25,1.2357
2021-10-25,1.65,0.86,1.34,0.25,1.2379
2021-10-26,1.63,0.86,1.33,0.25,1.2376
2021-10-27,1.6,1.07,1.42,0.25,1.2358
2021-10-28,1.66,1.0,1.42,0.25,1.2349
2021-10-29,1.72,1.08,1.5,0.25,1.2384
2021-11-01,1.74,1.07,1.5,0.25,1.2368
2021-11-02,1.72,1.04,1.47,0.25,1.2404
2021-11-03,1.71,1.03,1.46,0.25,1.2417
2021-11-04,1.64,0.98,1.39,0.25,1.2449
2021-11-05,1.59,0.92,1.36,0.25,1.2452
2021-11-08,1.63,0.95,1.4,0.25,1.2449
2021-11-09,1.59,0.92,1.37,0.25,1.2448
2021-11-10,1.68,1.0,1.47,0.25,1.2452
2021-11-11,,,,0.25,
2021-11-12,1.67,0.98,1.45,0.25,1.2565
2021-11-15,1.72,1.0,1.48,0.25,1.2517
2021-11-16,1.77,1.05,1.56,0.25,1.255
2021-11-17,1.7,1.0,1.48,0.25,1.2595
2021-11-18,1.69,0.98,1.47,0.25,1.2615
2021-11-19,1.66,0.97,1.45,0.25,1.2639
2021-11-22,1.76,1.04,1.56,0.25,1.268
2021-11-23,1.81,1.04,1.58,0.25,1.2707
2021-11-24,1.77,1.05,1.56,0.25,1.2677
2021-11-25,1.77,1.05,1.56,0.25,1.2654
2021-11-26,1.59,0.93,1.39,0.25,1.2771
2021-11-29,1.61,0.95,1.41,0.25,1.2765
2021-11-30,1.58,0.98,1.4,0.25,1.2792
2021-12-01,1.5,0.95,1.35,0.25,1.2776
2021-12-02,1.49,0.96,1.35,0.25,1.2815
2021-12-03,1.45,1.01,1.34,0.25,1.2812
2021-12-06,1.51,1.06,1.41,0.25,1.278
2021-12-07,1.58,1.14,1.48,0.25,1.266
2021-12-08,1.56,1.07,1.44,0.25,1.2642
2021-12-09,1.5,1.0,1.35,0.25,1.27
2021-12-10,1.47,0.97,1.31,0.25,1.2714
2021-12-13,1.4,0.92,1.24,0.25,1.2791
2021-12-14,1.43,0.95,1.29,0.25,1.2845
2021-12-15,1.41,0.95,1.26,0.25,1.2893
2021-12-16,1.35,0.9,1.19,0.25,1.2782
2021-12-17,1.32,0.91,1.18,0.25,1.2846
2021-12-20,1.38,0.93,1.22,0.25,1.2942
2021-12-21,1.44,0.98,1.29,0.25,1.2927
2021-12-22,1.42,0.96,1.25,0.25,1.2865
2021-12-23,1.44,0.98,1.26,0.25,1.2816
2021-12-24,1.46,0.98,1.28,0.25,1.2813
2021-12-29,1.47,0.99,1.3,0.25,1.2804
2021-12-30,1.45,0.98,1.28,0.25,1.2776
2021-12-31,1.42,0.95,1.25,0.25,1.2678
2022-01-04,1.59,1.01,1.39,0.25,1.2708
2022-01-05,1.63,1.04,1.42,0.25,1.2717
2022-01-06,1.7,1.07,1.5,0.25,1.2741
2022-01-07,1.72,1.07,1.5,0.25,1.2666
2022-01-10,1.72,1.08,1.51,0.25,1.2679
2022-01-11,1.71,1.07,1.5,0.25,1.2606
2022-01-12,1.73,1.11,1.52,0.25,1.251
2022-01-13,1.7,1.11,1.5,0.25,1.2484
2022-01-14,1.76,1.15,1.56,0.25,1.2545
2022-01-17,1.8,1.22,1.61,0.25,1.252
2022-01-18,1.88,1.27,1.69,0.25,1.2529
2022-01-19,1.86,1.27,1.68,0.25,1.2492
2022-01-20,1.84,1.28,1.68,0.25,1.2474
2022-01-21,1.78,1.24,1.62,0.25,1.2545
2022-01-24,1.8,1.24,1.63,0.25,1.2656
2022-01-25,1.8,1.24,1.64,0.25,1.2629
2022-01-26,1.84,1.26,1.67,0.25,1.2606
2022-01-27,1.78,1.27,1.65,0.25,1.2712
2022-01-28,1.76,1.25,1.63,0.25,1.2772
2022-01-31,1.78,1.28,1.64,0.25,1.2719
2022-02-01,1.81,1.28,1.65,0.25,1.2694
2022-02-02,1.76,1.24,1.61,0.25,1.2677
2022-02-03,1.79,1.29,1.64,0.25,1.2679
2022-02-04,1.85,1.36,1.71,0.25,1.2758
2022-02-07,1.83,1.34,1.68,0.25,1.2688
2022-02-08,1.86,1.35,1.69,0.25,1.2709
2022-02-09,1.85,1.36,1.68,0.25,1.268
2022-02-10,1.95,1.5,1.81,0.25,1.2682
2022-02-11,1.85,1.46,1.72,0.25,1.2702
2022-02-14,1.91,1.51,1.78,0.25,1.2738
2022-02-15,1.97,1.55,1.82,0.25,1.2741
2022-02-16,1.95,1.53,1.8,0.25,1.2686
2022-02-17,1.91,1.51,1.75,0.25,1.2695
2022-02-18,1.88,1.49,1.72,0.25,1.2734
2022-02-21,,,,0.25,
2022-02-22,1.91,1.53,1.74,0.25,1.2743
2022-02-23,1.97,1.57,1.79,0.25,1.2718
2022-02-24,1.92,1.52,1.74,0.25,1.2832
2022-02-25,1.9,1.53,1.74,0.25,1.2747
2022-02-28,1.84,1.45,1.64,0.25,1.2698
2022-03-01,1.71,1.33,1.48,0.25,1.2708
2022-03-02,1.81,1.47,1.61,0.25,1.2668
2022-03-03,1.78,1.48,1.59,0.5,1.2664
2022-03-04,1.66,1.38,1.46,0.5,1.275
2022-03-07,1.72,1.41,1.51,0.5,1.2773
2022-03-08,1.83,1.46,1.61,0.5,1.2867
2022-03-09,1.89,1.5,1.65,0.5,1.2821
2022-03-10,1.93,1.55,1.7,0.5,1.2776
2022-03-11,2.0,1.66,1.8,0.5,1.272
2022-03-14,2.16,1.77,1.94,0.5,1.2777
2022-03-15,2.18,1.8,1.97,0.5,1.2803
2022-03-16,2.18,1.89,2.02,0.5,1.2721
2022-03-17,2.19,1.89,2.02,0.5,1.2651
2022-03-18,2.19,1.89,2.02,0.5,1.2617
2022-03-21,2.33,2.03,2.18,0.5,1.2593
2022-03-22,2.42,2.09,2.26,0.5,1.2588
2022-03-23,2.32,2.06,2.2,0.5,1.2571
2022-03-24,2.39,2.13,2.27,0.5,1.2545
2022-03-25,2.54,2.34,2.49,0.5,1.2502
2022-03-28,2.51,2.35,2.46,0.5,1.2541
2022-03-29,2.47,2.34,2.45,0.5,1.2509
2022-03-30,2.43,2.31,2.42,0.5,1.247
2022-03-31,2.4,2.27,2.39,0.5,1.2496
2022-04-01,2.44,2.34,2.46,0.5,1.2512
2022-04-04,2.44,2.31,2.44,0.5,1.249
2022-04-05,2.52,2.37,2.52,0.5,1.2451
2022-04-06,2.54,2.37,2.51,0.5,1.2509
2022-04-07,2.58,2.36,2.51,0.5,1.2584
2022-04-08,2.63,2.43,2.59,0.5,1.2589
2022-04-11,2.7,2.43,2.62,0.5,1.2621
2022-04-12,2.64,2.34,2.52,0.5,1.2617
2022-04-13,2.64,2.34,2.51,0.5,1.2607
2022-04-14,2.76,2.42,2.61,1.0,1.2601
2022-04-15,,,,1.0,
2022-04-18,2.79,2.43,2.63,1.0,1.2618
2022-04-19,2.83,2.52,2.7,1.0,1.2624
2022-04-20,2.82,2.58,2.74,1.0,1.2502
2022-04-21,2.88,2.63,2.8,1.0,1.2529
2022-04-22,2.87,2.65,2.79,1.0,1.2702
2022-04-25,2.8,2.55,2.7,1.0,1.2758
2022-04-26,2.72,2.47,2.6,1.0,1.2797
2022-04-27,2.8,2.5,2.64,1.0,1.2828
2022-04-28,2.8,2.53,2.66,1.0,1.2829
2022-04-29,2.88,2.63,2.75,1.0,1.2792
2022-05-02,2.95,2.66,2.81,1.0,1.2895
2022-05-03,2.96,2.71,2.84,1.0,1.2847
2022-05-04,2.9,2.61,2.74,1.0,1.281
2022-05-05,3.03,2.69,2.84,1.0,1.2822
2022-05-06,3.11,2.69,2.88,1.0,1.2882
2022-05-09,3.01,2.6,2.76,1.0,1.2964
2022-05-10,3.0,2.67,2.77,1.0,1.3012
2022-05-11,2.99,2.73,2.8,1.0,1.297
2022-05-12,2.92,2.64,2.73,1.0,1.3039
2022-05-13,2.95,2.66,2.75,1.0,1.2953
2022-05-16,2.91,2.64,2.71,1.0,1.2888
2022-05-17,3.02,2.75,2.84,1.0,1.2834
2022-05-18,2.96,2.76,2.83,1.0,1.2841
2022-05-19,2.88,2.7,2.75,1.0,1.2809
2022-05-20,2.83,2.64,2.7,1.0,1.2829
2022-05-23,,,,1.0,
2022-05-24,2.8,2.57,2.64,1.0,1.2826
2022-05-25,2.76,2.53,2.6,1.0,1.2837
2022-05-26,2.8,2.55,2.62,1.0,1.2792
2022-05-27,2.78,2.55,2.61,1.0,1.2738
2022-05-30,2.83,2.6,2.66,1.0,1.2662
2022-05-31,2.9,2.67,2.72,1.0,1.2648
2022-06-01,2.98,2.79,2.86,1.0,1.2639
2022-06-02,3.0,2.84,2.89,1.5,1.2597
2022-06-03,3.07,2.91,2.96,1.5,1.2579
2022-06-06,3.18,3.02,3.09,1.5,1.2564
2022-06-07,3.19,3.04,3.1,1.5,1.2555
2022-06-08,3.27,3.1,3.18,1.5,1.254
2022-06-09,3.23,3.07,3.15,1.5,1.2644
2022-06-10,3.35,3.25,3.32,1.5,1.2777
2022-06-13,3.51,3.39,3.48,1.5,1.2859
2022-06-14,3.62,3.46,3.56,1.5,1.294
2022-06-15,3.48,3.28,3.38,1.5,1.2948
2022-06-16,3.41,3.24,3.31,1.5,1.2928
2022-06-17,3.41,3.24,3.32,1.5,1.3035
2022-06-20,3.46,3.3,3.37,1.5,1.2994
2022-06-21,3.51,3.35,3.4,1.5,1.2929
2022-06-22,3.41,3.25,3.31,1.5,1.2942
2022-06-23,3.29,3.1,3.16,1.5,1.2982
2022-06-24,3.32,3.12,3.19,1.5,1.2933
2022-06-27,3.38,3.17,3.24,1.5,1.2887
2022-06-28,3.35,3.16,3.22,1.5,1.2864
2022-06-29,3.29,3.14,3.17,1.5,1.2878
2022-06-30,3.23,3.1,3.1,1.5,1.2886
2022-07-01,,,,1.5,
2022-07-04,3.17,3.06,3.04,1.5,1.2867
2022-07-05,3.08,3.0,2.94,1.5,1.3038
2022-07-06,3.18,3.12,3.06,1.5,1.3047
2022-07-07,3.22,3.19,3.12,1.5,1.2986
2022-07-08,3.29,3.27,3.21,1.5,1.2968
2022-07-11,3.24,3.25,3.16,1.5,1.3
2022-07-12,3.18,3.19,3.1,1.5,1.3015
2022-07-13,3.14,3.3,3.13,1.5,1.2976
2022-07-14,3.14,3.27,3.14,2.5,1.3138
2022-07-15,3.07,3.2,3.08,2.5,1.3038
2022-07-18,3.07,3.22,3.07,2.5,1.2948
2022-07-19,3.08,3.29,3.13,2.5,1.2904
2022-07-20,3.11,3.3,3.15,2.5,1.2884
2022-07-21,2.96,3.19,3.0,2.5,1.2895
2022-07-22,2.83,3.06,2.86,2.5,1.2876
2022-07-25,2.86,3.11,2.9,2.5,1.2852
2022-07-26,2.82,3.11,2.87,2.5,1.2883
2022-07-27,2.77,3.08,2.83,2.5,1.2872
2022-07-28,2.61,2.92,2.65,2.5,1.2835
2022-07-29,2.61,2.96,2.66,2.5,1.2824
2022-08-01,,,,2.5,
2022-08-02,2.71,3.1,2.8,,1.2856
2022-08-03,2.71,3.18,2.85,2.5,1.2853
2022-08-04,2.66,3.14,2.79,2.5,1.2854
2022-08-05,2.74,3.25,2.9,2.5,1.2934
2022-08-08,2.68,3.23,2.87,2.5,1.2857
2022-08-09,2.71,3.28,2.91,2.5,1.288
2022-08-10,2.67,3.18,2.85,2.5,1.2789
2022-08-11,2.78,3.25,2.94,2.5,1.2753
2022-08-12,2.74,3.24,2.91,2.5,1.2783
2022-08-15,2.7,3.21,2.88,2.5,1.2908
2022-08-16,2.75,3.32,2.95,2.5,1.2867
2022-08-17,2.85,3.4,3.05,2.5,1.2912
2022-08-18,2.84,3.38,3.06,2.5,1.2928
2022-08-19,2.94,3.42,3.13,2.5,1.2991
2022-08-22,3.0,3.48,3.19,2.5,1.3035
2022-08-23,3.04,3.48,3.21,2.5,1.2972
2022-08-24,3.1,3.51,3.27,2.5,1.2983
2022-08-25,3.01,3.5,3.23,2.5,1.2937
2022-08-26,3.02,3.54,3.25,2.5,1.2989
2022-08-29,3.08,3.59,3.31,2.5,1.3009
2022-08-30,3.06,3.63,3.32,2.5,1.3076
2022-08-31,3.11,3.64,3.34,2.5,1.3111
2022-09-01,3.18,3.66,3.37,2.5,1.3166
2022-09-02,3.1,3.58,3.28,2.5,1.3121
2022-09-05,,,,2.5,
2022-09-06,3.18,3.6,3.33,2.5,1.3139
2022-09-07,3.13,3.6,3.3,2.5,1.3164
2022-09-08,3.19,3.66,3.37,3.25,1.3116
2022-09-09,3.13,3.61,3.31,3.25,1.3035
2022-09-12,3.14,3.61,3.3,3.25,1.298
2022-09-13,3.2,3.72,3.38,3.25,1.311
2022-09-14,3.16,3.75,3.39,3.25,1.3166
2022-09-15,3.16,3.82,3.43,3.25,1.32
2022-09-16,3.14,3.79,3.41,3.25,1.3285
2022-09-19,3.13,3.8,3.42,3.25,1.3288
2022-09-20,3.1,3.76,3.39,3.25,1.3345
2022-09-21,3.03,3.77,3.35,3.25,1.3397
2022-09-22,3.11,3.78,3.4,3.25,1.348
2022-09-23,3.07,3.77,3.4,3.25,1.357
2022-09-26,3.2,3.83,3.5,3.25,1.3716
2022-09-27,3.32,3.89,3.45,3.25,1.3726
2022-09-28,3.08,3.75,3.24,3.25,1.366
2022-09-29,3.16,3.79,3.32,3.25,1.3707
2022-10-03,3.14,3.76,3.28,3.25,1.3662
2022-10-04,3.12,3.74,3.27,3.25,1.3574
2022-10-05,3.27,3.85,3.42,3.25,1.3641
2022-10-06,3.32,3.99,3.49,3.25,1.3719
2022-10-07,3.38,4.05,3.55,3.25,1.3712
2022-10-10,,,,3.25,
2022-10-11,3.48,4.1,3.62,3.25,1.3775
2022-10-12,3.43,4.04,3.57,3.25,1.3802
2022-10-13,3.41,4.11,3.59,3.25,1.3806
2022-10-14,3.47,4.14,3.64,3.25,1.3856
2022-10-17,3.42,4.11,3.6,3.25,1.373
2022-10-18,3.34,4.02,3.51,3.25,1.3756
2022-10-19,3.55,4.18,3.71,3.25,1.3779
2022-10-20,3.66,4.28,3.84,3.25,1.3729
2022-10-21,3.6,4.16,3.73,3.25,1.3713
2022-10-24,3.57,4.15,3.71,3.25,1.3722
2022-10-25,3.48,4.15,3.66,3.25,1.3638
2022-10-26,3.28,3.87,3.41,3.25,1.3565
2022-10-27,3.19,3.82,3.33,3.75,1.3547
2022-10-28,3.23,3.84,3.38,3.75,1.3615
2022-10-31,3.27,3.92,3.43,3.75,1.3649
2022-11-01,3.25,3.91,3.43,3.75,1.3614
2022-11-02,3.32,3.94,3.48,3.75,1.363
2022-11-03,3.41,4.05,3.59,3.75,1.3749
2022-11-04,3.51,4.13,3.67,3.75,1.3517
2022-11-07,3.61,4.18,3.77,3.75,1.3493
2022-11-08,3.48,4.15,3.67,3.75,1.3441
2022-11-09,3.4,4.1,3.6,3.75,1.348
2022-11-10,3.14,3.83,3.31,3.75,1.3378
2022-11-11,,,,3.75,
2022-11-14,3.16,3.87,3.33,3.75,1.3288
2022-11-15,3.13,3.86,3.32,3.75,1.329
2022-11-16,3.04,3.84,3.26,3.75,1.3311
2022-11-17,3.1,3.93,3.33,3.75,1.335
2022-11-18,3.12,3.97,3.35,3.75,1.3385
2022-11-21,3.08,3.93,3.32,3.75,1.3452
2022-11-22,3.03,3.93,3.26,3.75,1.3396
2022-11-23,2.98,3.92,3.22,3.75,1.3392
2022-11-24,2.92,3.88,3.16,3.75,1.3338
2022-11-25,2.91,3.88,3.15,3.75,1.3377
2022-11-28,2.95,3.91,3.18,3.75,1.3453
2022-11-29,2.99,3.95,3.24,3.75,1.3578
2022-11-30,2.96,3.89,3.18,3.75,1.3508
2022-12-01,2.83,3.79,3.05,3.75,1.3433
2022-12-02,2.77,3.76,3.0,3.75,1.3468
2022-12-05,2.83,3.81,3.06,3.75,1.3532
2022-12-06,2.77,3.78,3.0,3.75,1.3649
2022-12-07,2.75,3.78,2.96,3.75,1.364
2022-12-08,2.8,3.81,3.01,4.25,1.3582
2022-12-09,2.87,3.85,3.07,4.25,1.363
2022-12-12,2.92,3.87,3.11,4.25,1.3658
2022-12-13,2.85,3.76,3.0,4.25,1.3547
2022-12-14,2.81,3.72,2.94,4.25,1.3561
2022-12-15,2.78,3.68,2.9,4.25,1.364
2022-12-16,2.81,3.66,2.91,4.25,1.3687
2022-12-19,2.9,3.67,2.97,4.25,1.3653
2022-12-20,3.01,3.71,3.07,4.25,1.3621
2022-12-21,3.02,3.72,3.07,4.25,1.3612
2022-12-22,3.08,3.82,3.15,4.25,1.3656
2022-12-23,3.17,3.93,3.25,4.25,1.3603
2022-12-26,,,,4.25,
2022-12-28,3.29,4.02,3.37,4.25,1.3565
2022-12-29,3.27,4.01,3.37,4.25,1.3557
2022-12-30,3.3,4.06,3.41,4.25,1.3544
2023-01-03,3.21,4.02,3.34,4.25,1.3658
2023-01-04,3.14,3.99,3.28,4.25,1.3508
2023-01-05,3.17,4.03,3.32,4.25,1.3564
2023-01-06,3.09,3.97,3.24,4.25,1.3486
2023-01-09,3.08,3.93,3.22,4.25,1.3376
2023-01-10,3.11,3.93,3.23,4.25,1.3421
2023-01-11,3.01,3.87,3.13,4.25,1.3425
2023-01-12,2.89,3.79,3.02,4.25,1.3378
2023-01-13,2.89,3.67,3.0,4.25,1.3406
2023-01-16,2.85,3.57,2.95,4.25,1.3397
2023-01-17,2.85,3.56,2.93,4.25,1.339
2023-01-18,2.72,3.47,2.8,4.25,1.3439
2023-01-19,2.75,3.51,2.82,4.25,1.3472
2023-01-20,2.84,3.59,2.92,4.25,1.3421
2023-01-23,2.88,3.66,2.97,4.25,1.3382
2023-01-24,2.84,3.64,2.93,4.25,1.337
2023-01-25,2.79,3.56,2.88,4.25,1.3393
2023-01-26,2.85,3.62,2.95,4.5,1.3349
2023-01-27,2.89,3.68,3.01,4.5,1.3314
2023-01-30,2.92,3.74,3.04,4.5,1.3356
2023-01-31,2.92,3.76,3.04,4.5,1.335
2023-02-01,2.85,3.66,2.93,4.5,1.3321
2023-02-02,2.83,3.66,2.92,4.5,1.3312
2023-02-03,2.93,3.81,3.05,4.5,1.3391
2023-02-06,3.04,3.94,3.17,4.5,1.3442
2023-02-07,3.08,3.96,3.2,4.5,1.3435
2023-02-08,3.02,3.92,3.16,4.5,1.3429
2023-02-09,3.06,3.98,3.2,4.5,1.3427
2023-02-10,3.15,4.09,3.31,4.5,1.3362
2023-02-13,3.1,4.07,3.27,4.5,1.3343
2023-02-14,3.19,4.19,3.39,4.5,1.3345
2023-02-15,3.27,4.17,3.43,4.5,1.3411
2023-02-16,3.29,4.14,3.45,4.5,1.3439
2023-02-17,3.29,4.15,3.45,4.5,1.3487
2023-02-20,,,,4.5,
2023-02-21,3.43,4.23,3.58,4.5,1.3516
2023-02-22,3.37,4.2,3.54,4.5,1.3542
2023-02-23,3.32,4.2,3.5,4.5,1.3549
2023-02-24,3.39,4.28,3.59,4.5,1.3622
2023-02-27,3.37,4.26,3.57,4.5,1.3573
2023-02-28,3.33,4.21,3.52,4.5,1.3609
2023-03-01,3.41,4.27,3.59,4.5,1.3612
2023-03-02,3.48,4.3,3.66,4.5,1.3614
2023-03-03,3.34,4.22,3.55,4.5,1.361
2023-03-06,3.36,4.25,3.58,4.5,1.3615
2023-03-07,3.32,4.32,3.57,4.5,1.3717
2023-03-08,3.25,4.29,3.5,4.5,1.3785
2023-03-09,3.17,4.15,3.37,4.5,1.379
2023-03-10,2.99,3.97,3.19,4.5,1.3807
2023-03-13,2.76,3.54,2.9,4.5,1.373
2023-03-14,2.87,3.72,3.01,4.5,1.3677
2023-03-15,2.77,3.5,2.85,4.5,1.3778
2023-03-16,2.9,3.73,3.05,4.5,1.3744
2023-03-17,2.77,3.54,2.89,4.5,1.3734
2023-03-20,2.81,3.62,2.96,4.5,1.3674
2023-03-21,2.88,3.7,2.97,4.5,1.3706
2023-03-22,2.7,3.49,2.77,4.5,1.3712
2023-03-23,2.74,3.43,2.75,4.5,1.3671
2023-03-24,2.74,3.42,2.77,4.5,1.3763
2023-03-27,2.9,3.61,2.96,4.5,1.3682
2023-03-28,2.93,3.69,3.0,4.5,1.3626
2023-03-29,2.93,3.75,3.05,4.5,1.3576
2023-03-30,2.93,3.76,3.06,4.5,1.3533
2023-03-31,2.9,3.74,3.02,4.5,1.3533
2023-04-03,2.84,3.65,2.94,4.5,1.3438
2023-04-04,2.77,3.55,2.85,4.5,1.3447
2023-04-05,2.78,3.54,2.87,4.5,1.3457
2023-04-06,2.79,3.61,2.9,4.5,1.3478
2023-04-07,,,,4.5,
2023-04-10,2.89,3.76,3.04,4.5,1.3527
2023-04-11,2.91,3.78,3.06,4.5,1.3483
2023-04-12,2.88,3.78,3.04,4.5,1.3447
2023-04-13,2.96,3.81,3.11,4.5,1.3359
2023-04-14,3.03,3.81,3.21,4.5,1.3362
2023-04-17,3.08,3.88,3.26,4.5,1.3398
2023-04-18,3.05,3.86,3.23,4.5,1.3387
2023-04-19,3.05,3.88,3.24,4.5,1.3445
2023-04-20,2.97,3.79,3.15,4.5,1.3469
2023-04-21,2.93,3.73,3.1,4.5,1.3539
2023-04-24,2.92,3.73,3.08,4.5,1.3542
2023-04-25,2.79,3.57,2.92,4.5,1.3623
2023-04-26,2.85,3.62,2.98,4.5,1.3625
2023-04-27,2.95,3.73,3.09,4.5,1.3612
2023-04-28,2.84,3.65,2.97,4.5,1.3578
2023-05-01,2.98,3.78,3.1,4.5,1.3546
2023-05-02,2.82,3.63,2.95,4.5,1.3618
2023-05-03,2.76,3.56,2.87,4.5,1.3616
2023-05-04,2.79,3.55,2.88,4.5,1.3566
2023-05-05,2.9,3.7,3.02,4.5,1.3427
2023-05-08,2.96,3.76,3.08,4.5,1.3354
2023-05-09,2.95,3.77,3.08,4.5,1.339
2023-05-10,2.89,3.68,2.99,4.5,1.3375
2023-05-11,2.82,3.65,2.94,4.5,1.3477
2023-05-12,2.87,3.73,3.0,4.5,1.3534
2023-05-15,2.95,3.8,3.08,4.5,1.3487
2023-05-16,3.05,3.95,3.21,4.5,1.3456
2023-05-17,3.09,4.04,3.29,4.5,1.3463
2023-05-18,3.18,4.08,3.36,4.5,1.35
2023-05-19,3.11,3.99,3.29,4.5,1.3503
2023-05-22,,,,4.5,
2023-05-23,3.23,4.11,3.41,4.5,1.3504
2023-05-24,3.26,4.16,3.46,4.5,1.3582
2023-05-25,3.3,4.23,3.52,4.5,1.3628
2023-05-26,3.33,4.3,3.57,4.5,1.3623
2023-05-29,3.33,4.32,3.59,4.5,1.3593
2023-05-30,3.25,4.24,3.5,4.5,1.3598
2023-05-31,3.18,4.22,3.44,4.5,1.3603
2023-06-01,3.16,4.2,3.41,4.5,1.3482
2023-06-02,3.23,4.29,3.49,4.5,1.3435
2023-06-05,3.26,4.33,3.52,4.5,1.3434
2023-06-06,3.28,4.38,3.55,4.5,1.3419
2023-06-07,3.44,4.6,3.73,4.5,1.3376
2023-06-08,3.4,4.53,3.7,4.75,1.3358
2023-06-09,3.38,4.49,3.68,4.75,1.3341
2023-06-12,3.34,4.45,3.64,4.75,1.3366
2023-06-13,3.47,4.56,3.76,4.75,1.331
2023-06-14,3.41,4.55,3.72,4.75,1.3297
2023-06-15,3.33,4.49,3.64,4.75,1.3252
2023-06-16,3.35,4.56,3.68,4.75,1.3198
2023-06-19,3.41,4.62,3.75,4.75,1.3206
2023-06-20,3.34,4.58,3.69,4.75,1.3241
2023-06-21,3.38,4.63,3.74,4.75,1.3183
2023-06-22,3.45,4.74,3.84,4.75,1.316
2023-06-23,3.36,4.66,3.76,4.75,1.3199
2023-06-26,3.3,4.61,3.7,4.75,1.3151
2023-06-27,3.31,4.59,3.69,4.75,1.3175
2023-06-28,3.22,4.52,3.61,4.75,1.3254
2023-06-29,3.36,4.66,3.78,4.75,1.3255
2023-06-30,3.26,4.58,3.68,4.75,1.324
2023-07-03,,,,4.75,
2023-07-04,3.32,4.63,3.74,4.75,1.3219
2023-07-05,3.41,4.68,3.82,4.75,1.3273
2023-07-06,3.49,4.75,3.91,4.75,1.3348
2023-07-07,3.56,4.79,3.98,4.75,1.3293
2023-07-10,3.51,4.74,3.91,4.75,1.3284
2023-07-11,3.53,4.8,3.95,4.75,1.326
2023-07-12,3.42,4.66,3.81,4.75,1.3188
2023-07-13,3.34,4.57,3.71,5.0,1.3128
2023-07-14,3.37,4.64,3.76,5.0,1.3183
2023-07-17,3.4,4.67,3.8,5.0,1.3187
2023-07-18,3.38,4.64,3.76,5.0,1.319
2023-07-19,3.35,4.63,3.74,5.0,1.317
2023-07-20,3.48,4.62,3.86,5.0,1.3171
2023-07-21,3.41,4.58,3.81,5.0,1.3212
2023-07-24,3.49,4.68,3.9,5.0,1.3172
2023-07-25,3.52,4.72,3.93,5.0,1.3184
2023-07-26,3.45,4.65,3.85,5.0,1.322
2023-07-27,3.61,4.77,4.0,5.0,1.3201
2023-07-28,3.51,4.68,3.92,5.0,1.3232
2023-07-31,3.49,4.67,3.9,5.0,1.3177
2023-08-01,3.6,4.72,3.98,5.0,1.3291
2023-08-02,3.61,4.69,3.97,5.0,1.3335
2023-08-03,3.71,4.72,4.04,5.0,1.3351
2023-08-04,3.55,4.57,3.87,5.0,1.3355
2023-08-07,,,,5.0,
2023-08-08,3.51,4.53,3.83,5.0,1.3456
2023-08-09,3.51,4.59,3.86,5.0,1.3431
2023-08-10,3.59,4.63,3.93,5.0,1.3409
2023-08-11,3.65,4.67,3.99,5.0,1.3443
2023-08-14,3.68,4.72,4.03,5.0,1.3461
2023-08-15,3.74,4.78,4.1,5.0,1.3482
2023-08-16,3.77,4.8,4.12,5.0,1.3518
2023-08-17,3.78,4.78,4.13,5.0,1.3524
2023-08-18,3.71,4.76,4.08,5.0,1.3552
2023-08-21,3.77,4.79,4.14,5.0,1.3543
2023-08-22,3.81,4.83,4.18,5.0,1.3549
2023-08-23,3.63,4.7,4.02,5.0,1.3552
2023-08-24,3.69,4.76,4.08,5.0,1.3565
2023-08-25,3.7,4.78,4.04,5.0,1.3606
2023-08-28,3.67,4.78,4.02,5.0,1.3596
2023-08-29,3.58,4.68,3.92,5.0,1.3593
2023-08-30,3.57,4.65,3.9,5.0,1.3535
2023-08-31,3.56,4.64,3.89,5.0,1.3531
2023-09-01,3.56,4.55,3.83,5.0,1.358
2023-09-04,,,,5.0,
2023-09-05,3.69,4.66,3.94,5.0,1.3627
2023-09-06,3.68,4.68,3.97,5.0,1.3654
2023-09-07,3.65,4.62,3.92,5.0,1.3674
2023-09-08,3.67,4.66,3.96,5.0,1.3632
2023-09-11,3.69,4.67,3.96,5.0,1.3581
2023-09-12,3.69,4.7,3.97,5.0,1.356
2023-09-13,3.68,4.69,3.96,5.0,1.3551
2023-09-14,3.69,4.69,3.96,5.0,1.3515
2023-09-15,3.74,4.73,4.02,5.0,1.3526
2023-09-18,3.75,4.77,4.04,5.0,1.3491
2023-09-19,3.86,4.91,4.18,5.0,1.3426
2023-09-20,3.88,4.95,4.2,5.0,1.3423
2023-09-21,3.95,4.95,4.25,5.0,1.3486
2023-09-22,3.91,4.92,4.21,5.0,1.3464
2023-09-25,4.02,4.94,4.28,5.0,1.3471
2023-09-26,4.03,4.93,4.28,5.0,1.3509
2023-09-27,4.09,4.96,4.33,5.0,1.3515
2023-09-28,4.06,4.91,4.3,5.0,1.3493
2023-09-29,4.03,4.87,4.25,5.0,1.352
2023-10-02,,,,5.0,
2023-10-03,4.26,4.97,4.42,5.0,1.3711
2023-10-04,4.14,4.9,4.33,5.0,1.3743
2023-10-05,4.13,4.79,4.29,5.0,1.3733
2023-10-06,4.15,4.85,4.31,5.0,1.3683
2023-10-09,,,,5.0,
2023-10-10,3.99,4.72,4.17,5.0,1.3591
2023-10-11,3.93,4.75,4.15,5.0,1.3603
2023-10-12,4.04,4.82,4.24,5.0,1.3657
2023-10-13,3.97,4.85,4.21,5.0,1.3661
2023-10-16,4.03,4.89,4.27,5.0,1.3619
2023-10-17,4.07,4.89,4.3,5.0,1.3647
2023-10-18,4.1,4.9,4.32,5.0,1.3685
2023-10-19,4.18,4.88,4.34,5.0,1.3715
2023-10-20,4.08,4.79,4.25,5.0,1.3695
2023-10-23,4.01,4.72,4.18,5.0,1.3693
2023-10-24,4.01,4.7,4.17,5.0,1.3731
2023-10-25,4.11,4.73,4.23,5.0,1.3782
2023-10-26,4.0,4.64,4.12,5.0,1.3825
2023-10-27,3.97,4.58,4.05,5.0,1.3857
2023-10-30,4.02,4.65,4.11,5.0,1.3833
2023-10-31,4.05,4.63,4.12,5.0,1.3871
2023-11-01,3.92,4.53,3.98,5.0,1.3875
2023-11-02,3.85,4.55,3.94,5.0,1.3778
2023-11-03,3.74,4.38,3.78,5.0,1.3683
2023-11-06,3.81,4.45,3.87,5.0,1.3676
2023-11-07,3.76,4.44,3.83,5.0,1.376
2023-11-08,3.71,4.47,3.81,5.0,1.3797
2023-11-09,3.85,4.57,3.94,5.0,1.3781
2023-11-10,3.83,4.56,3.94,5.0,1.3819
2023-11-13,,,,5.0,
2023-11-14,3.67,4.39,3.76,5.0,1.3725
2023-11-15,3.75,4.51,3.88,5.0,1.3675
2023-11-16,3.69,4.45,3.81,5.0,1.375
2023-11-17,3.68,4.47,3.82,5.0,1.3722
2023-11-20,3.65,4.41,3.78,5.0,1.3726
2023-11-21,3.65,4.39,3.75,5.0,1.3698
2023-11-22,3.65,4.4,3.76,5.0,1.3723
2023-11-23,3.71,4.43,3.82,5.0,1.3699
2023-11-24,3.72,4.45,3.83,5.0,1.3623
2023-11-27,3.64,4.4,3.76,5.0,1.3635
2023-11-28,3.58,4.29,3.67,5.0,1.3581
2023-11-29,3.51,4.17,3.6,5.0,1.359
2023-11-30,3.56,4.2,3.64,5.0,1.3582
2023-12-01,3.43,4.07,3.5,5.0,1.3507
2023-12-04,3.46,4.12,3.54,5.0,1.3541
2023-12-05,3.34,4.07,3.44,5.0,1.3579
2023-12-06,3.3,4.07,3.4,5.0,1.3574
2023-12-07,3.3,4.05,3.39,5.0,1.3597
2023-12-08,3.37,4.15,3.49,5.0,1.3588
2023-12-11,3.41,4.19,3.53,5.0,1.357
2023-12-12,3.4,4.22,3.53,5.0,1.3599
2023-12-13,3.24,3.97,3.33,5.0,1.3561
2023-12-14,3.14,3.91,3.24,5.0,1.3419
2023-12-15,3.11,3.94,3.24,5.0,1.3378
2023-12-18,3.17,3.99,3.29,5.0,1.3387
2023-12-19,3.13,3.99,3.26,5.0,1.3344
2023-12-20,3.06,3.91,3.18,5.0,1.3331
2023-12-21,3.11,3.94,3.23,5.0,1.3311
2023-12-22,3.21,3.99,3.3,5.0,1.3258
2023-12-25,,,,5.0,
2023-12-26,,,,5.0,
2023-12-27,3.06,3.91,3.18,5.0,1.3205
2023-12-28,3.11,3.92,3.2,5.0,1.3212
2023-12-29,3.1,3.88,3.17,5.0,1.3226
2024-01-02,3.18,3.96,3.25,5.0,1.3316
2024-01-03,3.14,3.96,3.24,5.0,1.3356
2024-01-04,3.23,4.04,3.33,5.0,1.3354
2024-01-05,3.26,4.06,3.36,5.0,1.3347
2024-01-08,3.22,4.03,3.33,5.0,1.3372
2024-01-09,3.22,4.01,3.32,5.0,1.3391
2024-01-10,3.27,4.04,3.36,5.0,1.3382
2024-01-11,3.25,3.99,3.31,5.0,1.3409
2024-01-12,3.22,3.79,3.28,5.0,1.3387
2024-01-15,3.22,3.79,3.27,5.0,1.3436
2024-01-16,3.36,3.91,3.4,5.0,1.3483
2024-01-17,3.44,4.04,3.51,5.0,1.3522
2024-01-18,3.49,4.05,3.54,5.0,1.3505
2024-01-19,3.5,4.09,3.57,5.0,1.3462
2024-01-22,3.45,4.07,3.52,5.0,1.3454
2024-01-23,3.47,4.06,3.53,5.0,1.3478
2024-01-24,3.49,4.02,3.55,5.0,1.3484
2024-01-25,3.48,4.01,3.52,5.0,1.3496
2024-01-26,3.52,4.06,3.58,5.0,1.3449
2024-01-29,3.45,4.02,3.51,5.0,1.3442
2024-01-30,3.41,4.04,3.49,5.0,1.3417
2024-01-31,3.35,4.0,3.43,5.0,1.3397
2024-02-01,3.25,3.93,3.34,5.0,1.3404
2024-02-02,3.38,4.06,3.48,5.0,1.3454
2024-02-05,3.5,4.15,3.6,5.0,1.3527
2024-02-06,3.42,4.07,3.52,5.0,1.3506
2024-02-07,3.47,4.12,3.57,5.0,1.3469
2024-02-08,3.56,4.19,3.66,5.0,1.3467
2024-02-09,3.54,4.2,3.65,5.0,1.3458
2024-02-12,3.57,4.24,3.69,5.0,1.345
2024-02-13,3.65,4.35,3.8,5.0,1.3556
2024-02-14,3.55,4.25,3.69,5.0,1.355
2024-02-15,3.54,4.24,3.67,5.0,1.3493
2024-02-16,3.58,4.29,3.67,5.0,1.3484
2024-02-19,,,,5.0,
2024-02-20,3.5,4.16,3.58,5.0,1.3518
2024-02-21,3.54,4.18,3.61,5.0,1.3512
2024-02-22,3.53,4.22,3.61,5.0,1.3494
2024-02-23,3.46,4.17,3.55,5.0,1.3494
2024-02-26,3.49,4.2,3.57,5.0,1.3515
2024-02-27,3.55,4.23,3.63,5.0,1.3521
2024-02-28,3.52,4.19,3.6,5.0,1.3574
2024-02-29,3.48,4.18,3.57,5.0,1.357
2024-03-01,3.43,4.1,3.5,5.0,1.3564
2024-03-04,3.45,4.13,3.52,5.0,1.3572
2024-03-05,3.36,4.04,3.43,5.0,1.3582
2024-03-06,3.34,4.07,3.43,5.0,1.3528
2024-03-07,3.35,4.08,3.44,5.0,1.3474
2024-03-08,3.33,4.03,3.4,5.0,1.3471
2024-03-11,3.34,4.06,3.42,5.0,1.3491
2024-03-12,3.39,4.11,3.47,5.0,1.3499
2024-03-13,3.42,4.14,3.5,5.0,1.3472
2024-03-14,3.52,4.22,3.6,5.0,1.3512
2024-03-15,3.54,4.25,3.62,5.0,1.3533
2024-03-18,3.6,4.29,3.67,5.0,1.3541
2024-03-19,3.52,4.18,3.57,5.0,1.3581
2024-03-20,3.48,4.12,3.52,5.0,1.3559
2024-03-21,3.51,4.15,3.55,5.0,1.3525
2024-03-22,3.44,4.1,3.48,5.0,1.3593
2024-03-25,3.48,4.13,3.51,5.0,1.3583
2024-03-26,3.49,4.16,3.53,5.0,1.3572
2024-03-27,3.44,4.13,3.5,5.0,1.3587
2024-03-28,3.45,4.17,3.51,5.0,1.355
2024-03-29,,,,5.0,
2024-04-01,3.59,4.27,3.64,5.0,1.3574
2024-04-02,3.61,4.24,3.64,5.0,1.3572
2024-04-03,3.59,4.22,3.62,5.0,1.3537
2024-04-04,3.54,4.19,3.58,5.0,1.3504
2024-04-05,3.58,4.21,3.62,5.0,1.3598
2024-04-08,3.61,4.23,3.65,5.0,1.3582
2024-04-09,3.55,4.2,3.59,5.0,1.3578
2024-04-10,3.69,4.35,3.74,5.0,1.3671
2024-04-11,3.72,4.24,3.77,5.0,1.3692
2024-04-12,3.64,4.17,3.69,5.0,1.3766
2024-04-15,3.74,4.23,3.77,5.0,1.3764
2024-04-16,3.73,4.21,3.76,5.0,1.3821
2024-04-17,3.69,4.19,3.73,5.0,1.3794
2024-04-18,3.75,4.24,3.79,5.0,1.3764
2024-04-19,3.73,4.24,3.77,5.0,1.3748
2024-04-22,3.75,4.25,3.79,5.0,1.3715
2024-04-23,3.76,4.26,3.79,5.0,1.3673
2024-04-24,3.79,4.27,3.82,5.0,1.3709
2024-04-25,3.85,4.34,3.89,5.0,1.3689
2024-04-26,3.82,4.33,3.86,5.0,1.3668
2024-04-29,3.76,4.3,3.81,5.0,1.3658
2024-04-30,3.82,4.34,3.87,5.0,1.3746
2024-05-01,3.76,4.3,3.81,5.0,1.3759
2024-05-02,3.72,4.24,3.76,5.0,1.3698
2024-05-03,3.65,4.16,3.67,5.0,1.3672
2024-05-06,3.61,4.15,3.65,5.0,1.3661
2024-05-07,3.57,4.15,3.63,5.0,1.3705
2024-05-08,3.63,4.19,3.68,5.0,1.3734
2024-05-09,3.62,4.2,3.68,5.0,1.3692
2024-05-10,3.69,4.29,3.77,5.0,1.3665
2024-05-13,3.68,4.29,3.76,5.0,1.3672
2024-05-14,3.68,4.27,3.76,5.0,1.3653
2024-05-15,3.57,4.18,3.64,5.0,1.3615
2024-05-16,3.56,4.19,3.64,5.0,1.362
2024-05-17,3.62,4.23,3.69,5.0,1.3615
2024-05-20,,,,5.0,
2024-05-21,3.57,4.16,3.63,5.0,1.3649
2024-05-22,3.59,4.19,3.66,5.0,1.3674
2024-05-23,3.62,4.21,3.68,5.0,1.3702
2024-05-24,3.6,4.24,3.68,5.0,1.3673
2024-05-27,3.62,4.26,3.71,5.0,1.3636
2024-05-28,3.69,4.28,3.76,5.0,1.3638
2024-05-29,3.75,4.31,3.81,5.0,1.37
2024-05-30,3.7,4.26,3.76,5.0,1.3678
2024-05-31,3.62,4.17,3.67,5.0,1.3637
2024-06-03,3.52,4.11,3.58,5.0,1.3635
2024-06-04,3.44,4.05,3.5,5.0,1.3681
2024-06-05,3.38,3.93,3.41,5.0,1.3696
2024-06-06,3.39,3.93,3.43,4.75,1.3686
2024-06-07,3.46,3.99,3.5,4.75,1.374
2024-06-10,3.5,3.99,3.52,4.75,1.3765
2024-06-11,3.47,3.97,3.49,4.75,1.3767
2024-06-12,3.39,3.91,3.41,4.75,1.37
2024-06-13,3.32,3.86,3.34,4.75,1.3746
2024-06-14,3.28,3.83,3.31,4.75,1.3751
2024-06-17,3.31,3.87,3.34,4.75,1.3743
2024-06-18,3.26,3.82,3.28,4.75,1.3723
2024-06-19,3.29,3.85,3.31,4.75,1.3709
2024-06-20,3.33,3.89,3.36,4.75,1.3698
2024-06-21,3.34,3.9,3.36,4.75,1.3702
2024-06-24,3.34,3.91,3.37,4.75,1.3663
2024-06-25,3.37,3.97,3.41,4.75,1.3659
2024-06-26,3.47,4.04,3.51,4.75,1.3696
2024-06-27,3.47,4.02,3.51,4.75,1.369
2024-06-28,3.5,3.99,3.51,4.75,1.3687
2024-07-01,,,,4.75,
2024-07-02,3.61,4.05,3.6,4.75,1.3697
2024-07-03,3.57,4.03,3.57,4.75,1.3637
2024-07-04,3.6,4.04,3.6,4.75,1.3613
2024-07-05,3.5,3.94,3.49,4.75,1.3633
2024-07-08,3.47,3.93,3.46,4.75,1.3634
2024-07-09,3.49,3.93,3.47,4.75,1.3638
2024-07-10,3.47,3.92,3.46,4.75,1.362
2024-07-11,3.43,3.85,3.4,4.75,1.3624
2024-07-12,3.4,3.82,3.37,4.75,1.3628
2024-07-15,3.41,3.8,3.36,4.75,1.3664
2024-07-16,3.35,3.77,3.32,4.75,1.3686
2024-07-17,3.34,3.79,3.31,4.75,1.3685
2024-07-18,3.37,3.7,3.34,4.75,1.3696
2024-07-19,3.39,3.72,3.35,4.75,1.3727
2024-07-22,3.41,3.74,3.37,4.75,1.3755
2024-07-23,3.39,3.7,3.33,4.75,1.3768
2024-07-24,3.39,3.63,3.3,4.75,1.3794
2024-07-25,3.37,3.63,3.29,4.5,1.3819
2024-07-26,3.32,3.6,3.23,4.5,1.383
2024-07-29,3.28,3.57,3.2,4.5,1.3852
2024-07-30,3.23,3.5,3.16,4.5,1.3851
2024-07-31,3.18,3.46,3.09,4.5,1.3809
2024-08-01,3.11,3.36,3.02,4.5,1.3846
2024-08-02,3.0,3.18,2.89,4.5,1.3858
2024-08-05,,,,4.5,
2024-08-06,3.12,3.27,3.0,4.5,1.3794
2024-08-07,3.15,3.31,3.03,4.5,1.3739
2024-08-08,3.18,3.35,3.07,4.5,1.3743
2024-08-09,3.11,3.33,3.02,4.5,1.3732
2024-08-12,3.08,3.3,2.98,4.5,1.3738
2024-08-13,3.03,3.24,2.92,4.5,1.3723
2024-08-14,3.01,3.23,2.91,4.5,1.3711
2024-08-15,3.07,3.31,2.98,4.5,1.3715
2024-08-16,3.06,3.31,2.98,4.5,1.3707
2024-08-19,3.07,3.33,2.99,4.5,1.3651
2024-08-20,3.01,3.27,2.93,4.5,1.3627
2024-08-21,3.01,3.25,2.92,4.5,1.3592
2024-08-22,3.07,3.3,2.98,4.5,1.3602
2024-08-23,3.03,3.23,2.93,4.5,1.3529
2024-08-26,3.05,3.25,2.95,4.5,1.3481
2024-08-27,3.06,3.24,2.94,4.5,1.346
2024-08-28,3.08,3.27,2.97,4.5,1.3471
2024-08-29,3.13,3.31,3.01,4.5,1.3474
2024-08-30,3.16,3.33,3.03,4.5,1.3491
2024-09-02,,,,4.5,
2024-09-03,3.06,3.25,2.94,4.5,1.3548
2024-09-04,2.99,3.15,2.86,4.5,1.3525
2024-09-05,2.97,3.13,2.83,4.25,1.3514
2024-09-06,2.96,3.05,2.8,4.25,1.3545
2024-09-09,2.93,3.02,2.77,4.25,1.3561
2024-09-10,2.9,2.98,2.73,4.25,1.3599
2024-09-11,2.91,3.02,2.75,4.25,1.3589
2024-09-12,2.91,3.0,2.74,4.25,1.3591
2024-09-13,2.9,2.94,2.72,4.25,1.3586
2024-09-16,2.86,2.88,2.68,4.25,1.3593
2024-09-17,2.9,2.92,2.72,4.25,1.3596
2024-09-18,2.93,2.93,2.74,4.25,1.359
2024-09-19,2.93,2.9,2.72,4.25,1.3563
2024-09-20,2.94,2.92,2.73,4.25,1.3565
2024-09-23,2.94,2.91,2.74,4.25,1.351
2024-09-24,2.95,2.9,2.74,4.25,1.3468
2024-09-25,3.01,2.95,2.79,4.25,1.3462
2024-09-26,3.01,2.97,2.8,4.25,1.3474
2024-09-27,2.95,2.91,2.73,4.25,1.3499
2024-09-30,,,,4.25,
2024-10-01,2.94,2.93,2.74,4.25,1.3504
2024-10-02,3.02,2.98,2.8,4.25,1.3491
2024-10-03,3.09,3.05,2.88,4.25,1.354
2024-10-04,3.2,3.22,3.01,4.25,1.3577
2024-10-07,3.24,3.28,3.06,4.25,1.3609
2024-10-08,3.24,3.27,3.06,4.25,1.3657
2024-10-09,3.25,3.25,3.07,4.25,1.369
2024-10-10,3.23,3.19,3.01,4.25,1.3754
2024-10-11,3.21,3.07,2.98,4.25,1.3761
2024-10-14,,,,4.25,
2024-10-15,3.13,3.01,2.91,4.25,1.3805
2024-10-16,3.1,2.97,2.88,4.25,1.3771
2024-10-17,3.15,3.01,2.93,4.25,1.3789
2024-10-18,3.13,2.97,2.9,4.25,1.3802
2024-10-21,3.22,3.03,2.98,4.25,1.3835
2024-10-22,3.22,3.02,2.98,4.25,1.3825
2024-10-23,3.25,3.05,3.01,4.25,1.3843
2024-10-24,3.23,3.07,3.01,3.75,1.3845
2024-10-25,3.26,3.09,3.03,3.75,1.3872
2024-10-28,3.26,3.09,3.04,3.75,1.3895
2024-10-29,3.26,3.08,3.04,3.75,1.3911
2024-10-30,3.25,3.09,3.05,3.75,1.3915
2024-10-31,3.22,3.07,3.02,3.75,1.3916
2024-11-01,3.28,3.09,3.06,3.75,1.3932
2024-11-04,3.24,3.09,3.04,3.75,1.3894
2024-11-05,3.25,3.14,3.08,3.75,1.3854
2024-11-06,3.31,3.16,3.12,3.75,1.3935
2024-11-07,3.22,3.07,3.03,3.75,1.3866
2024-11-08,3.18,3.08,3.02,3.75,1.3913
2024-11-11,,,,3.75,
2024-11-12,3.26,3.17,3.11,3.75,1.3944
2024-11-13,3.31,3.17,3.14,3.75,1.398
2024-11-14,3.28,3.18,3.12,3.75,1.4027
2024-11-15,3.27,3.15,3.1,3.75,1.4079
2024-11-18,3.27,3.16,3.1,3.75,1.4042
2024-11-19,3.32,3.21,3.15,3.75,1.3981
2024-11-20,3.38,3.27,3.21,3.75,1.3993
2024-11-21,3.46,3.39,3.31,3.75,1.396
2024-11-22,3.44,3.37,3.29,3.75,1.3979
2024-11-25,3.31,3.26,3.18,3.75,1.398
2024-11-26,3.27,3.23,3.13,3.75,1.4082
2024-11-27,3.23,3.2,3.09,3.75,1.4036
2024-11-28,3.22,3.18,3.08,3.75,1.401
2024-11-29,3.07,3.02,2.93,3.75,1.401
2024-12-02,3.06,3.04,2.94,3.75,1.4056
2024-12-03,3.12,3.07,2.98,3.75,1.4056
2024-12-04,3.07,3.01,2.91,3.75,1.4066
2024-12-05,3.07,3.03,2.93,3.75,1.4038
2024-12-06,2.98,2.89,2.81,3.75,1.4136
2024-12-09,3.03,2.91,2.85,3.75,1.413
2024-12-10,3.02,2.89,2.83,3.75,1.4167
2024-12-11,3.08,2.94,2.89,3.75,1.4154
2024-12-12,3.14,2.98,2.94,3.25,1.4188
2024-12-13,3.17,3.01,2.97,3.25,1.4231
2024-12-16,3.18,3.01,2.96,3.25,1.4239
2024-12-17,3.14,3.0,2.95,3.25,1.4305
2024-12-18,3.22,3.05,3.04,3.25,1.4343
2024-12-19,3.34,3.08,3.12,3.25,1.437
2024-12-20,3.27,3.05,3.05,3.25,1.4365
2024-12-23,3.28,3.03,3.04,3.25,1.4395
2024-12-24,3.29,3.03,3.05,3.25,1.4386
2024-12-25,,,,3.25,
2024-12-26,,,,3.25,
2024-12-27,3.3,3.0,3.04,3.25,1.4416
2024-12-30,3.24,2.96,2.98,3.25,1.4379
2024-12-31,3.23,2.93,2.96,3.25,1.4389
2025-01-01,,,,3.25,
2025-01-02,3.22,2.93,2.96,3.25,1.4418
2025-01-03,3.23,2.93,2.96,3.25,1.4442
2025-01-06,3.23,2.91,2.96,3.25,1.4348
2025-01-07,3.3,2.94,3.01,3.25,1.434
2025-01-08,3.32,2.94,3.02,3.25,1.439
2025-01-09,3.34,2.94,3.04,3.25,1.4395
2025-01-10,3.44,3.07,3.17,3.25,1.4422
2025-01-13,3.5,3.14,3.24,3.25,1.4411
2025-01-14,3.54,3.15,3.28,3.25,1.4371
2025-01-15,3.41,3.03,3.14,3.25,1.4334
2025-01-16,3.34,2.95,3.05,3.25,1.4388
2025-01-17,3.3,2.93,3.01,3.25,1.4435
2025-01-20,3.28,2.92,2.99,3.25,1.433
2025-01-21,3.25,2.92,2.97,3.25,1.4366
2025-01-22,3.3,2.96,3.02,3.25,1.4369
2025-01-23,3.32,2.95,3.03,3.25,1.4371
2025-01-24,3.28,2.91,2.98,3.25,1.4336
2025-01-27,3.19,2.86,2.91,3.25,1.4381
2025-01-28,3.2,2.83,2.89,3.25,1.4394
2025-01-29,3.18,2.79,2.87,3.25,1.4435
2025-01-30,3.11,2.73,2.79,3.0,1.4414
2025-01-31,3.07,2.66,2.74,3.0,1.4484
2025-02-03,2.96,2.56,2.62,3.0,1.4603
2025-02-04,3.0,2.61,2.66,3.0,1.4345
2025-02-05,2.95,2.59,2.63,3.0,1.4295
2025-02-06,2.96,2.59,2.63,3.0,1.4322
2025-02-07,3.07,2.69,2.75,3.0,1.4298
2025-02-10,3.06,2.66,2.74,3.0,1.4323
2025-02-11,3.1,2.7,2.78,3.0,1.4307
2025-02-12,3.18,2.77,2.87,3.0,1.4298
2025-02-13,3.1,2.73,2.8,3.0,1.4242
2025-02-14,3.09,2.72,2.79,3.0,1.4166
2025-02-17,,,,3.0,
2025-02-18,3.19,2.8,2.89,3.0,1.4193
2025-02-19,3.18,2.8,2.88,3.0,1.4223
2025-02-20,3.22,2.82,2.91,3.0,1.4188
2025-02-21,3.1,2.73,2.8,3.0,1.4207
2025-02-24,3.07,2.69,2.76,3.0,1.4225
2025-02-25,2.99,2.64,2.69,3.0,1.4287
2025-02-26,2.98,2.65,2.7,3.0,1.4339
2025-02-27,2.97,2.63,2.67,3.0,1.4422
2025-02-28,2.9,2.57,2.6,3.0,1.4438
2025-03-03,2.81,2.46,2.5,3.0,1.4428
2025-03-04,2.85,2.46,2.53,3.0,1.4489
2025-03-05,2.95,2.54,2.62,3.0,1.437
2025-03-06,3.07,2.63,2.72,3.0,1.4309
2025-03-07,3.03,2.59,2.69,3.0,1.4371
2025-03-10,2.98,2.53,2.63,3.0,1.4431
2025-03-11,3.01,2.53,2.64,3.0,1.4451
2025-03-12,3.07,2.58,2.71,3.0,1.4391
2025-03-13,3.04,2.56,2.67,2.75,1.4409
2025-03-14,3.06,2.57,2.72,2.75,1.4388
2025-03-17,3.02,2.55,2.69,2.75,1.4304
2025-03-18,3.02,2.54,2.69,2.75,1.4301
2025-03-19,2.99,2.51,2.66,2.75,1.4326
2025-03-20,3.0,2.53,2.66,2.75,1.4347
2025-03-21,3.0,2.51,2.66,2.75,1.4348
2025-03-24,3.06,2.54,2.7,2.75,1.4318
2025-03-25,3.06,2.56,2.72,2.75,1.4296
2025-03-26,3.12,2.61,2.76,2.75,1.4268
2025-03-27,3.09,2.55,2.72,2.75,1.4309
2025-03-28,3.02,2.49,2.66,2.75,1.4307
2025-03-31,2.97,2.46,2.61,2.75,1.4376
2025-04-01,2.92,2.43,2.57,2.75,1.4348
2025-04-02,2.94,2.44,2.58,2.75,1.432
2025-04-03,2.94,2.4,2.55,2.75,1.4069
2025-04-04,2.89,2.37,2.52,2.75,1.4216
2025-04-07,3.04,2.46,2.64,2.75,1.4226
2025-04-08,3.1,2.45,2.67,2.75,1.4196
2025-04-09,3.18,2.62,2.8,2.75,1.415
2025-04-10,3.22,2.62,2.81,2.75,1.4015
2025-04-11,3.26,2.68,2.87,2.75,1.389
2025-04-14,3.12,2.58,2.74,2.75,1.3881
2025-04-15,3.11,2.53,2.72,2.75,1.3934
2025-04-16,3.08,2.52,2.7,2.75,1.389
2025-04-17,3.13,2.52,2.73,2.75,1.3857
2025-04-18,,,,2.75,
2025-04-21,3.23,2.55,2.79,2.75,1.382
2025-04-22,3.19,2.54,2.76,2.75,1.3827
2025-04-23,3.23,2.62,2.84,2.75,1.3871
2025-04-24,3.18,2.59,2.79,2.75,1.3872
2025-04-25,3.17,2.59,2.78,2.75,1.3863
2025-04-28,3.16,2.56,2.76,2.75,1.385
2025-04-29,3.12,2.54,2.73,2.75,1.3847
2025-04-30,3.07,2.47,2.67,2.75,1.3812
2025-05-01,3.1,2.5,2.7,2.75,1.3836
2025-05-02,3.18,2.54,2.77,2.75,1.38
2025-05-05,3.17,2.55,2.77,2.75,1.3813
2025-05-06,3.15,2.53,2.75,2.75,1.3783
2025-05-07,3.1,2.51,2.7,2.75,1.3796
2025-05-08,3.2,2.58,2.81,2.75,1.3907
2025-05-09,3.15,2.52,2.75,2.75,1.3927
2025-05-12,3.2,2.59,2.8,2.75,1.3998
2025-05-13,3.22,2.59,2.81,2.75,1.3969
2025-05-14,3.25,2.59,2.84,2.75,1.3964
2025-05-15,3.16,2.53,2.76,2.75,1.3985
2025-05-16,3.17,2.53,2.77,2.75,1.3979
2025-05-19,,,,2.75,
2025-05-20,3.29,2.63,2.88,2.75,1.3935
2025-05-21,3.39,2.7,2.97,2.75,1.3848
2025-05-22,3.36,2.7,2.96,2.75,1.387
2025-05-23,3.34,2.69,2.93,2.75,1.3756
2025-05-26,3.32,2.68,2.92,2.75,1.3731
2025-05-27,3.25,2.64,2.87,2.75,1.3775
2025-05-28,3.24,2.62,2.85,2.75,1.3826
2025-05-29,3.21,2.6,2.82,2.75,1.3806
2025-05-30,3.2,2.59,2.8,2.75,1.3758
2025-06-02,3.23,2.58,2.82,2.75,1.3707
2025-06-03,3.27,2.61,2.86,2.75,1.3723
2025-06-04,3.23,2.59,2.84,2.75,1.3677
2025-06-05,3.25,2.62,2.86,2.75,1.3659
2025-06-06,3.34,2.69,2.96,2.75,1.369
2025-06-09,3.36,2.7,2.96,2.75,1.3684
2025-06-10,3.34,2.69,2.94,2.75,1.3684
2025-06-11,3.34,2.67,2.93,2.75,1.3665
2025-06-12,3.33,2.68,2.92,2.75,1.3612
2025-06-13,3.37,2.71,2.96,2.75,1.3598
2025-06-16,3.4,2.72,2.99,2.75,1.3558
2025-06-17,3.37,2.7,2.96,2.75,1.3603
2025-06-18,3.33,2.68,2.93,2.75,1.3673
2025-06-19,3.33,2.68,2.92,2.75,1.3724
2025-06-20,3.3,2.64,2.89,2.75,1.3728
2025-06-23,3.27,2.61,2.85,2.75,1.3755
2025-06-24,3.26,2.61,2.85,2.75,1.3712
2025-06-25,3.32,2.65,2.9,2.75,1.3737
2025-06-26,3.33,2.62,2.87,2.75,1.364
2025-06-27,3.31,2.6,2.86,2.75,1.3676
2025-06-30,3.28,2.59,2.83,2.75,1.3643
2025-07-01,,,,2.75,
2025-07-02,3.36,2.66,2.91,2.75,1.3622
2025-07-03,3.38,2.69,2.94,2.75,1.3575
2025-07-04,3.35,2.67,2.91,2.75,1.3605
2025-07-07,3.4,2.69,2.94,2.75,1.3656
2025-07-08,3.43,2.7,2.96,2.75,1.3677
2025-07-09,3.37,2.66,2.92,2.75,1.3693
2025-07-10,3.4,2.69,2.95,2.75,1.3683
2025-07-11,3.5,2.74,3.03,2.75,1.3684
2025-07-14,3.51,2.76,3.04,2.75,1.3693
2025-07-15,3.6,2.83,3.13,2.75,1.371
2025-07-16,3.57,2.81,3.1,2.75,1.3712
2025-07-17,3.57,2.81,3.1,2.75,1.3753
2025-07-18,3.57,2.82,3.1,2.75,1.372
2025-07-21,3.51,2.79,3.06,2.75,1.3693
2025-07-22,3.5,2.78,3.04,2.75,1.3635
2025-07-23,3.56,2.82,3.1,2.75,1.3609
2025-07-24,3.55,2.83,3.1,2.75,1.363
2025-07-25,3.52,2.81,3.07,2.75,1.3704
2025-07-28,3.52,2.81,3.07,2.75,1.3723
2025-07-29,3.47,2.77,3.03,2.75,1.3771
2025-07-30,3.48,2.79,3.05,2.75,1.3811
2025-07-31,3.45,2.76,3.01,2.75,1.3844
2025-08-01,3.38,2.69,2.94,2.75,1.3797
2025-08-04,,,,2.75,
2025-08-05,3.38,2.69,2.94,2.75,1.3785
2025-08-06,3.39,2.69,2.94,2.75,1.3746
2025-08-07,3.39,2.69,2.94,2.75,1.3753
2025-08-08,3.38,2.66,2.92,2.75,1.3751
2025-08-11,3.39,2.68,2.93,2.75,1.3785
2025-08-12,3.43,2.7,2.96,2.75,1.3775
2025-08-13,3.39,2.68,2.93,2.75,1.3767
2025-08-14,3.41,2.69,2.94,2.75,1.3806
2025-08-15,3.46,2.72,2.98,2.75,1.3806
2025-08-18,3.49,2.74,3.01,2.75,1.3809
2025-08-19,3.44,2.7,2.96,2.75,1.3852
2025-08-20,3.44,2.69,2.96,2.75,1.3866
2025-08-21,3.48,2.73,2.99,2.75,1.3897
2025-08-22,3.43,2.69,2.94,2.75,1.3854
2025-08-25,3.47,2.72,2.98,2.75,1.3835
2025-08-26,3.45,2.69,2.95,2.75,1.3837
2025-08-27,3.45,2.69,2.95,2.75,1.3821
2025-08-28,3.42,2.69,2.94,2.75,1.3756
2025-08-29,3.38,2.64,2.88,2.75,1.3742
2025-09-01,,,,2.75,
2025-09-02,3.44,2.66,2.92,2.75,1.3789
2025-09-03,3.39,2.62,2.87,2.75,1.3794
2025-09-04,3.35,2.62,2.9,2.75,1.3829
2025-09-05,3.27,2.54,2.82,2.75,1.3829
2025-09-08,3.21,2.5,2.77,2.75,1.3816
2025-09-09,3.22,2.52,2.79,2.75,1.3833
2025-09-10,3.17,2.5,2.75,2.75,1.3854
2025-09-11,3.16,2.5,2.74,2.75,1.3844
2025-09-12,3.18,2.5,2.75,2.75,1.3848
2025-09-15,3.17,2.49,2.73,2.75,1.3804
2025-09-16,3.16,2.46,2.71,2.75,1.3748
2025-09-17,3.18,2.49,2.75,2.75,1.376
2025-09-18,3.19,2.48,2.74,2.5,1.3797
2025-09-19,3.2,2.46,2.74,2.5,1.3788
2025-09-22,3.19,2.45,2.73,2.5,1.3816
2025-09-23,3.19,2.45,2.73,2.5,1.3832
2025-09-24,3.2,2.45,2.73,2.5,1.3893
2025-09-25,3.22,2.49,2.77,2.5,1.3927
2025-09-26,3.23,2.5,2.78,2.5,1.3941
2025-09-29,3.17,2.47,2.74,2.5,1.3921
2025-09-30,,,,2.5,
2025-10-01,3.19,2.46,2.73,2.5,1.394
2025-10-02,3.18,2.45,2.72,2.5,1.3963
2025-10-03,3.19,2.45,2.73,2.5,1.3953
2025-10-06,3.21,2.47,2.75,2.5,1.3955
2025-10-07,3.19,2.45,2.73,2.5,1.3951
2025-10-08,3.19,2.46,2.74,2.5,1.3952
2025-10-09,3.2,2.47,2.76,2.5,1.4
2025-10-10,3.18,2.47,2.74,2.5,1.4
2025-10-14,3.14,2.43,2.71,2.5,1.4046
2025-10-15,3.12,2.42,2.69,2.5,1.4045
2025-10-16,3.08,2.38,2.65,2.5,1.4048
2025-10-17,3.09,2.37,2.65,2.5,1.4035
2025-10-20,3.05,2.36,2.62,2.5,1.4036
2025-10-21,3.08,2.39,2.65,2.5,1.4022
2025-10-22,3.07,2.38,2.64,2.5,1.3996
2025-10-23,3.09,2.39,2.66,2.5,1.3993
2025-10-24,3.08,2.37,2.65,2.5,1.4014
2025-10-27,3.05,2.36,2.62,2.5,1.3995
2025-10-28,3.04,2.36,2.62,2.5,1.3959
2025-10-29,3.15,2.43,2.73,2.5,1.3916
2025-10-30,3.13,2.42,2.71,2.25,1.3987
2025-10-31,3.12,2.4,2.7,2.25,1.4018
2025-11-03,3.15,2.42,2.72,2.25,1.4057
2025-11-04,3.15,2.43,2.73,2.25,1.409
2025-11-05,3.16,2.42,2.73,2.25,1.412
2025-11-06,3.1,2.39,2.67,2.25,1.4116
2025-11-07,3.17,2.44,2.74,2.25,1.4063
2025-11-10,3.17,2.45,2.75,2.25,1.402
2025-11-11,,,,2.25,
2025-11-12,3.14,2.45,2.74,2.25,1.4005
2025-11-13,3.18,2.47,2.77,2.25,1.4018
2025-11-14,3.22,2.48,2.8,2.25,1.4025
2025-11-17,3.23,2.49,2.81,2.25,1.4035
2025-11-18,3.25,2.49,2.82,2.25,1.3997
2025-11-19,3.25,2.49,2.82,2.25,1.404
2025-11-20,3.22,2.47,2.8,2.25,1.408
2025-11-21,3.2,2.44,2.77,2.25,1.41
2025-11-24,3.18,2.43,2.76,2.25,1.4108
2025-11-25,3.15,2.4,2.73,2.25,1.4104
2025-11-26,3.13,2.4,2.72,2.25,1.4059
2025-11-27,3.12,2.4,2.71,2.25,1.4034
2025-11-28,3.14,2.41,2.72,2.25,1.3979
2025-12-01,3.24,2.48,2.81,2.25,1.3979
2025-12-02,3.24,2.46,2.81,2.25,1.3986
2025-12-03,3.22,2.43,2.77,2.25,1.3949
2025-12-04,3.26,2.46,2.81,2.25,1.3952
2025-12-05,3.42,2.64,3.01,2.25,1.386
2025-12-08,3.42,2.64,3.01,2.25,1.3837
2025-12-09,3.46,2.69,3.07,2.25,1.3844
2025-12-10,3.42,2.63,3.01,2.25,1.3835
2025-12-11,3.42,2.62,3.0,2.25,1.3774
2025-12-12,3.44,2.62,3.01,2.25,1.3769
2025-12-15,3.41,2.58,2.98,2.25,1.377
2025-12-16,3.4,2.58,2.96,2.25,1.3748
2025-12-17,3.42,2.6,2.98,2.25,1.3782
2025-12-18,3.4,2.59,2.96,2.25,1.3774
2025-12-19,3.47,2.61,2.99,2.25,1.3781
2025-12-22,3.46,2.6,2.98,2.25,1.3748
2025-12-23,3.42,2.57,2.94,2.25,1.3705
2025-12-24,3.4,2.57,2.93,2.25,1.3674
2025-12-29,3.39,2.56,2.92,2.25,1.3686
2025-12-30,3.41,2.58,2.95,2.25,1.3693
2025-12-31,3.42,2.58,2.96,2.25,1.3706
2026-01-01,,,,2.25,
2026-01-02,3.47,2.61,3.0,2.25,1.3737
2026-01-05,3.42,2.57,2.94,2.25,1.3768
2026-01-06,3.43,2.59,2.96,2.25,1.3789
2026-01-07,3.39,2.56,2.93,2.25,1.3823
2026-01-08,3.4,2.57,2.94,2.25,1.3866
2026-01-09,3.38,2.55,2.92,2.25,1.3896
2026-01-12,3.4,2.56,2.93,2.25,1.3875
2026-01-13,3.41,2.55,2.93,2.25,1.3886
2026-01-14,3.36,2.53,2.9,2.25,1.3877
2026-01-15,3.35,2.53,2.89,2.25,1.3899
2026-01-16,3.37,2.54,2.92,2.25,1.3913
2026-01-19,3.39,2.54,2.91,2.25,1.387
2026-01-20,3.42,2.55,2.94,2.25,1.3829
2026-01-21,3.42,2.56,2.95,2.25,1.3814
2026-01-22,3.4,2.56,2.94,2.25,1.3798
2026-01-23,3.41,2.6,2.95,2.25,1.3732
2026-01-26,3.37,2.57,2.91,2.25,1.3702
2026-01-27,3.41,2.58,2.94,2.25,1.362
2026-01-28,3.42,2.58,2.94,2.25,1.3571
2026-01-29,3.41,2.57,2.93,2.25,1.3515
2026-01-30,3.42,2.56,2.93,2.25,1.3562
2026-02-02,3.43,2.57,2.94,2.25,1.3676
2026-02-03,3.44,2.58,2.95,2.25,1.3652
2026-02-04,3.43,2.58,2.94,2.25,1.3668
2026-02-05,3.4,2.55,2.91,2.25,1.3676
2026-02-06,3.4,2.55,2.91,2.25,1.3648
2026-02-09,3.39,2.54,2.9,2.25,1.3576
2026-02-10,3.36,2.53,2.89,2.25,1.3544
2026-02-11,3.34,2.52,2.87,2.25,1.3574
2026-02-12,3.28,2.49,2.82,2.25,1.3605
2026-02-13,3.25,2.47,2.79,2.25,1.3614
2026-02-16,,,,2.25,
2026-02-17,3.23,2.45,2.76,2.25,1.3656
2026-02-18,3.23,2.44,2.76,2.25,1.3678
2026-02-19,3.22,2.44,2.75,2.25,1.3696
2026-02-20,3.22,2.44,2.74,2.25,1.3689
2026-02-23,3.18,2.43,2.72,2.25,1.3689
2026-02-24,3.18,2.44,2.72,2.25,1.3708
2026-02-25,3.2,2.46,2.74,2.25,1.3685
2026-02-26,3.17,2.43,2.71,2.25,1.3688
2026-02-27,3.13,2.39,2.67,2.25,1.3642
2026-03-02,3.22,2.49,2.76,2.25,1.3688
2026-03-03,3.24,2.51,2.79,2.25,1.3684
2026-03-04,3.26,2.52,2.81,2.25,1.3664
2026-03-05,3.34,2.58,2.89,2.25,1.3677
2026-03-06,3.4,2.63,2.95,2.25,1.3613
2026-03-09,3.36,2.63,2.91,2.25,1.3574
2026-03-10,3.39,2.65,2.95,2.25,1.3567
2026-03-11,3.48,2.72,3.03,2.25,1.3587
2026-03-12,3.52,2.82,3.09,2.25,1.3617
2026-03-13,3.51,2.79,3.07,2.25,1.3716
2026-03-16,3.43,2.71,2.99,2.25,1.3675
2026-03-17,3.39,2.67,2.95,2.25,1.3699
2026-03-18,3.45,2.75,3.01,2.25,1.3706
2026-03-19,3.44,2.84,3.05,2.25,1.3728
2026-03-20,3.56,3.07,3.23,2.25,1.3718
2026-03-23,3.53,2.95,3.17,2.25,1.3717
2026-03-24,3.59,2.99,3.23,2.25,1.3761
2026-03-25,3.47,2.89,3.12,2.25,1.3801
2026-03-26,3.57,2.98,3.22,2.25,1.3844
2026-03-27,3.58,2.95,3.21,2.25,1.3875
2026-03-30,3.51,2.88,3.14,2.25,1.3926
2026-03-31,3.46,2.82,3.09,2.25,1.3939
2026-04-01,3.5,2.82,3.11,2.25,1.3888
2026-04-02,3.49,2.82,3.1,2.25,1.3918
2026-04-03,,,,2.25,
2026-04-06,3.47,2.83,3.09,2.25,1.3916
2026-04-07,3.49,2.86,3.12,2.25,1.3907
2026-04-08,3.44,2.79,3.06,2.25,1.3851
2026-04-09,3.46,2.79,3.07,2.25,1.3821
2026-04-10,3.47,2.78,3.08,2.25,1.3825
2026-04-13,3.46,2.79,3.07,2.25,1.3812
2026-04-14,3.43,2.76,3.04,2.25,1.3757
2026-04-15,3.47,2.79,3.08,2.25,1.3746
2026-04-16,3.5,2.8,3.1,2.25,1.371
2026-04-17,3.44,2.77,3.04,2.25,1.3671
2026-04-20,3.44,2.76,3.04,2.25,1.366
2026-04-21,3.5,2.84,3.1,2.25,1.3653
2026-04-22,3.48,2.83,3.1,2.25,1.3662
2026-04-23,3.48,2.85,3.11,,1.3688
2026-04-24,3.46,2.82,3.07,2.25,1.3678
2026-04-27,3.5,2.83,3.11,2.25,1.3615
2026-04-28,3.51,2.88,3.14,2.25,1.3678
2026-04-29,3.6,3.03,3.26,2.25,1.3682
2026-04-30,3.56,2.96,3.2,2.25,1.3624
2026-05-01,3.53,2.94,3.18,2.25,1.3576
2026-05-04,3.62,3.05,3.27,2.25,1.3611
2026-05-05,3.6,3.01,3.26,2.25,1.3617
2026-05-06,3.51,2.91,3.15,2.25,1.3625
2026-05-07,3.53,2.94,3.18,2.25,1.3635
2026-05-08,3.47,2.86,3.12,2.25,1.3686
2026-05-11,3.54,2.93,3.19,2.25,1.3667
2026-05-12,3.59,2.97,3.24,2.25,1.371
2026-05-13,3.58,2.96,3.23,2.25,1.3703
2026-05-14,3.56,2.96,3.22,2.25,1.3725
2026-05-15,3.7,3.07,3.36,2.25,1.3752
2026-05-18,,,,2.25,
2026-05-19,3.7,3.04,3.35,2.25,1.3757
2026-05-20,3.58,2.93,3.23,2.25,1.3751
2026-05-21,3.54,2.91,3.19,2.25,1.3783
2026-05-22,3.53,2.92,3.2,2.25,1.3809
2026-05-25,3.46,2.84,3.11,2.25,1.3804
2026-05-26,3.47,2.84,3.12,2.25,1.3812
2026-05-27,3.47,2.86,3.14,2.25,1.3831
2026-05-28,3.44,2.84,3.1,2.25,1.3809
2026-05-29,3.41,2.77,3.05,2.25,1.3798
2026-06-01,3.43,2.81,3.08,2.25,1.3837
2026-06-02,3.41,2.8,3.07,2.25,1.3834
2026-06-03,3.43,2.81,3.08,2.25,1.3884
2026-06-04,3.43,2.8,3.08,2.25,1.3896
2026-06-05,3.48,2.87,3.14,2.25,1.3924
2026-06-08,3.53,2.87,3.18,2.25,1.3947
2026-06-09,3.49,2.85,3.15,2.25,1.3947
2026-06-10,3.49,2.83,3.13,2.25,1.393
2026-06-11,3.41,2.77,3.05,2.25,1.3993
2026-06-12,3.4,2.76,3.04,2.25,1.3977
2026-06-15,3.41,2.76,3.04,2.25,1.3982
2026-06-16,3.38,2.75,3.03,2.25,1.3996
2026-06-17,3.42,2.82,3.08,2.25,1.4034
2026-06-18,3.38,2.78,3.04,2.25,1.4131
2026-06-19,3.39,2.78,3.04,2.25,1.4171
2026-06-22,3.43,2.81,3.09,2.25,1.4162
2026-06-23,3.44,2.78,3.06,2.25,1.42
2026-06-24,3.36,2.73,2.99,2.25,1.4234
2026-06-25,3.39,2.75,3.02,2.25,1.4204
2026-06-26,3.39,2.75,3.02,2.25,1.4186
2026-06-29,3.37,2.73,3.0,2.25,1.4206
2026-06-30,3.38,2.74,3.01,2.25,1.421
2026-07-01,,,,2.25,
2026-07-02,3.45,2.76,3.06,2.25,1.4181
2026-07-03,3.45,2.75,3.06,2.25,1.4201
2026-07-06,3.42,2.72,3.03,2.25,1.4219
2026-07-07,3.49,2.8,3.11,2.25,1.4199
2026-07-08,3.56,2.85,3.18,2.25,1.4174
2026-07-09,3.52,2.8,3.12,2.25,1.4169
2026-07-10,3.51,2.82,3.13,2.25,1.4146
2026-07-13,3.56,2.88,3.19,2.25,1.4145
2026-07-14,3.57,2.86,3.18,2.25,1.4067
2026-07-15,3.53,2.82,3.14,2.25,1.4049
2026-07-16,3.53,2.83,3.15,2.25,1.4038
2026-07-17,3.56,2.86,3.18,2.25,1.4014
2026-07-20,3.57,2.84,3.18,2.25,1.4054
2026-07-21,3.56,2.82,3.16,2.25,1.4095
2026-07-22,3.6,2.89,3.22,2.25,1.4088
2026-07-23,3.65,2.96,3.28,2.25,1.4083
2026-07-24,3.6,2.9,3.22,2.25,1.4093
2026-07-27,3.56,2.87,3.19,2.25,1.4114
2026-07-28,3.53,2.84,3.16,2.25,1.4102
2026-07-29,3.58,2.85,3.19,2.25,1.4083
2026-07-30,3.59,2.85,3.19,2.25,1.4014
2026-07-31,3.65,2.91,3.27,2.25,1.4029
2026-08-03,,,,2.25,
2026-08-04,3.55,2.83,3.17,2.25,1.4068
2026-08-05,3.55,2.82,3.17,2.25,1.4026
2026-08-06,3.61,2.92,3.22,2.25,1.4018
2026-08-07,3.64,2.96,3.26,2.25,1.3943
2026-08-10,3.72,3.02,3.34,2.25,1.3942
2026-08-11,3.7,3.01,3.32,2.25,1.3927
2026-08-12,3.69,2.98,3.3,2.25,1.393
2026-08-13,3.62,2.92,3.23,2.25,1.3938
2026-08-14,3.68,2.96,3.28,2.25,1.3875
2026-08-17,3.72,2.97,3.31,2.25,1.3865
2026-08-18,3.7,2.96,3.29,2.25,1.3889
2026-08-19,3.69,2.98,3.3,2.25,1.3824
2026-08-20,3.75,3.02,3.35,2.25,1.3785
2026-08-21,3.76,3.03,3.36,2.25,1.376
2026-08-24,3.68,2.96,3.28,2.25,1.3842
2026-08-25,3.62,2.9,3.22,2.25,1.3839
2026-08-26,3.66,2.93,3.26,2.25,1.3876
2026-08-27,3.7,2.96,3.3,2.25,1.3861
2026-08-28,3.73,3.01,3.34,2.25,1.3888
2026-08-31,3.73,3.01,3.33,2.25,1.3866
2026-09-01,3.75,3.01,3.35,2.25,1.3896
2026-09-02,3.8,3.11,3.42,2.25,1.3863
2026-09-03,3.79,3.1,3.41,2.25,1.3789
2026-09-04,,,,,1.384
