date,series,value
2001-01-02,GoC_10Y,5.28
2001-01-03,GoC_10Y,5.43
2001-01-04,GoC_10Y,5.39
2001-01-05,GoC_10Y,5.32
2001-01-08,GoC_10Y,5.35
2001-01-09,GoC_10Y,5.37
2001-01-10,GoC_10Y,5.41
2001-01-11,GoC_10Y,5.41
2001-01-12,GoC_10Y,5.45
2001-01-15,GoC_10Y,5.45
2001-01-16,GoC_10Y,5.45
2001-01-17,GoC_10Y,5.41
2001-01-18,GoC_10Y,5.39
2001-01-19,GoC_10Y,5.43
2001-01-22,GoC_10Y,5.46
2001-01-23,GoC_10Y,5.48
2001-01-24,GoC_10Y,5.51
2001-01-25,GoC_10Y,5.46
2001-01-26,GoC_10Y,5.46
2001-01-29,GoC_10Y,5.46
2001-01-30,GoC_10Y,5.45
2001-01-31,GoC_10Y,5.39
2001-02-01,GoC_10Y,5.37
2001-02-02,GoC_10Y,5.43
2001-02-05,GoC_10Y,5.41
2001-02-06,GoC_10Y,5.41
2001-02-07,GoC_10Y,5.41
2001-02-08,GoC_10Y,5.39
2001-02-09,GoC_10Y,5.37
2001-02-12,GoC_10Y,5.38
2001-02-13,GoC_10Y,5.42
2001-02-14,GoC_10Y,5.48
2001-02-15,GoC_10Y,5.52
2001-02-16,GoC_10Y,5.47
2001-02-19,GoC_10Y,5.47
2001-02-20,GoC_10Y,5.48
2001-02-21,GoC_10Y,5.48
2001-02-22,GoC_10Y,5.49
2001-02-23,GoC_10Y,5.47
2001-02-26,GoC_10Y,5.43
2001-02-27,GoC_10Y,5.36
2001-02-28,GoC_10Y,5.36
2001-03-01,GoC_10Y,5.34
2001-03-02,GoC_10Y,5.36
2001-03-05,GoC_10Y,5.36
2001-03-06,GoC_10Y,5.34
2001-03-07,GoC_10Y,5.29
2001-03-08,GoC_10Y,5.29
2001-03-09,GoC_10Y,5.29
2001-03-12,GoC_10Y,5.26
2001-03-13,GoC_10Y,5.3
2001-03-14,GoC_10Y,5.24
2001-03-15,GoC_10Y,5.22
2001-03-16,GoC_10Y,5.2
2001-03-19,GoC_10Y,5.22
2001-03-20,GoC_10Y,5.18
2001-03-21,GoC_10Y,5.21
2001-03-22,GoC_10Y,5.2
2001-03-23,GoC_10Y,5.27
2001-03-26,GoC_10Y,5.33
2001-03-27,GoC_10Y,5.45
2001-03-28,GoC_10Y,5.41
2001-03-29,GoC_10Y,5.45
2001-03-30,GoC_10Y,5.42
2001-04-02,GoC_10Y,5.52
2001-04-03,GoC_10Y,5.44
2001-04-04,GoC_10Y,5.42
2001-04-05,GoC_10Y,5.47
2001-04-06,GoC_10Y,5.41
2001-04-09,GoC_10Y,5.42
2001-04-10,GoC_10Y,5.52
2001-04-11,GoC_10Y,5.56
2001-04-12,GoC_10Y,5.59
2001-04-16,GoC_10Y,5.65
2001-04-17,GoC_10Y,5.66
2001-04-18,GoC_10Y,5.6
2001-04-19,GoC_10Y,5.72
2001-04-20,GoC_10Y,5.73
2001-04-23,GoC_10Y,5.64
2001-04-24,GoC_10Y,5.65
2001-04-25,GoC_10Y,5.66
2001-04-26,GoC_10Y,5.63
2001-04-27,GoC_10Y,5.75
2001-04-30,GoC_10Y,5.79
2001-05-01,GoC_10Y,5.76
2001-05-02,GoC_10Y,5.74
2001-05-03,GoC_10Y,5.67
2001-05-04,GoC_10Y,5.68
2001-05-07,GoC_10Y,5.69
2001-05-08,GoC_10Y,5.74
2001-05-09,GoC_10Y,5.68
2001-05-10,GoC_10Y,5.74
2001-05-11,GoC_10Y,5.89
2001-05-14,GoC_10Y,5.91
2001-05-15,GoC_10Y,5.95
2001-05-16,GoC_10Y,5.95
2001-05-17,GoC_10Y,5.94
2001-05-18,GoC_10Y,5.92
2001-05-22,GoC_10Y,5.91
2001-05-23,GoC_10Y,5.92
2001-05-24,GoC_10Y,5.99
2001-05-25,GoC_10Y,5.96
2001-05-28,GoC_10Y,5.94
2001-05-29,GoC_10Y,5.95
2001-05-30,GoC_10Y,5.96
2001-05-31,GoC_10Y,5.84
2001-06-01,GoC_10Y,5.79
2001-06-04,GoC_10Y,5.73
2001-06-05,GoC_10Y,5.7
2001-06-06,GoC_10Y,5.71
2001-06-07,GoC_10Y,5.76
2001-06-08,GoC_10Y,5.78
2001-06-11,GoC_10Y,5.69
2001-06-12,GoC_10Y,5.65
2001-06-13,GoC_10Y,5.69
2001-06-14,GoC_10Y,5.67
2001-06-15,GoC_10Y,5.68
2001-06-18,GoC_10Y,5.7
2001-06-19,GoC_10Y,5.74
2001-06-20,GoC_10Y,5.7
2001-06-21,GoC_10Y,5.65
2001-06-22,GoC_10Y,5.6
2001-06-25,GoC_10Y,5.64
2001-06-26,GoC_10Y,5.7
2001-06-27,GoC_10Y,5.73
2001-06-28,GoC_10Y,5.86
2001-06-29,GoC_10Y,5.91
2001-07-03,GoC_10Y,5.93
2001-07-04,GoC_10Y,5.92
2001-07-05,GoC_10Y,5.93
2001-07-06,GoC_10Y,5.89
2001-07-09,GoC_10Y,5.88
2001-07-10,GoC_10Y,5.86
2001-07-11,GoC_10Y,5.89
2001-07-12,GoC_10Y,5.9
2001-07-13,GoC_10Y,5.88
2001-07-16,GoC_10Y,5.84
2001-07-17,GoC_10Y,5.84
2001-07-18,GoC_10Y,5.74
2001-07-19,GoC_10Y,5.77
2001-07-20,GoC_10Y,5.73
2001-07-23,GoC_10Y,5.71
2001-07-24,GoC_10Y,5.7
2001-07-25,GoC_10Y,5.76
2001-07-26,GoC_10Y,5.7
2001-07-27,GoC_10Y,5.65
2001-07-30,GoC_10Y,5.64
2001-07-31,GoC_10Y,5.65
2001-08-01,GoC_10Y,5.69
2001-08-02,GoC_10Y,5.74
2001-08-03,GoC_10Y,5.74
2001-08-07,GoC_10Y,5.71
2001-08-08,GoC_10Y,5.61
2001-08-09,GoC_10Y,5.6
2001-08-10,GoC_10Y,5.55
2001-08-13,GoC_10Y,5.53
2001-08-14,GoC_10Y,5.53
2001-08-15,GoC_10Y,5.58
2001-08-16,GoC_10Y,5.54
2001-08-17,GoC_10Y,5.47
2001-08-20,GoC_10Y,5.51
2001-08-21,GoC_10Y,5.48
2001-08-22,GoC_10Y,5.49
2001-08-23,GoC_10Y,5.47
2001-08-24,GoC_10Y,5.47
2001-08-27,GoC_10Y,5.45
2001-08-28,GoC_10Y,5.41
2001-08-29,GoC_10Y,5.36
2001-08-30,GoC_10Y,5.39
2001-08-31,GoC_10Y,5.36
2001-09-04,GoC_10Y,5.5
2001-09-05,GoC_10Y,5.48
2001-09-06,GoC_10Y,5.37
2001-09-07,GoC_10Y,5.28
2001-09-10,GoC_10Y,5.32
2001-09-11,GoC_10Y,5.25
2001-09-12,GoC_10Y,5.19
2001-09-13,GoC_10Y,5.22
2001-09-14,GoC_10Y,5.13
2001-09-17,GoC_10Y,5.19
2001-09-18,GoC_10Y,5.27
2001-09-19,GoC_10Y,5.25
2001-09-20,GoC_10Y,5.31
2001-09-21,GoC_10Y,5.33
2001-09-24,GoC_10Y,5.37
2001-09-25,GoC_10Y,5.35
2001-09-26,GoC_10Y,5.32
2001-09-27,GoC_10Y,5.29
2001-09-28,GoC_10Y,5.33
2001-10-01,GoC_10Y,5.31
2001-10-02,GoC_10Y,5.25
2001-10-03,GoC_10Y,5.24
2001-10-04,GoC_10Y,5.25
2001-10-05,GoC_10Y,5.23
2001-10-09,GoC_10Y,5.3
2001-10-10,GoC_10Y,5.32
2001-10-11,GoC_10Y,5.39
2001-10-12,GoC_10Y,5.4
2001-10-15,GoC_10Y,5.35
2001-10-16,GoC_10Y,5.3
2001-10-17,GoC_10Y,5.25
2001-10-18,GoC_10Y,5.24
2001-10-19,GoC_10Y,5.28
2001-10-22,GoC_10Y,5.31
2001-10-23,GoC_10Y,5.27
2001-10-24,GoC_10Y,5.21
2001-10-25,GoC_10Y,5.16
2001-10-26,GoC_10Y,5.14
2001-10-29,GoC_10Y,5.08
2001-10-30,GoC_10Y,4.98
2001-10-31,GoC_10Y,4.86
2001-11-01,GoC_10Y,4.93
2001-11-02,GoC_10Y,5.01
2001-11-05,GoC_10Y,4.93
2001-11-06,GoC_10Y,4.89
2001-11-07,GoC_10Y,4.81
2001-11-08,GoC_10Y,4.87
2001-11-09,GoC_10Y,4.86
2001-11-13,GoC_10Y,4.94
2001-11-14,GoC_10Y,5.12
2001-11-15,GoC_10Y,5.3
2001-11-16,GoC_10Y,5.39
2001-11-19,GoC_10Y,5.32
2001-11-20,GoC_10Y,5.38
2001-11-21,GoC_10Y,5.45
2001-11-22,GoC_10Y,5.46
2001-11-23,GoC_10Y,5.47
2001-11-26,GoC_10Y,5.43
2001-11-27,GoC_10Y,5.36
2001-11-28,GoC_10Y,5.36
2001-11-29,GoC_10Y,5.22
2001-11-30,GoC_10Y,5.22
2001-12-03,GoC_10Y,5.12
2001-12-04,GoC_10Y,5.14
2001-12-05,GoC_10Y,5.38
2001-12-06,GoC_10Y,5.43
2001-12-07,GoC_10Y,5.53
2001-12-10,GoC_10Y,5.48
2001-12-11,GoC_10Y,5.43
2001-12-12,GoC_10Y,5.4
2001-12-13,GoC_10Y,5.47
2001-12-14,GoC_10Y,5.55
2001-12-17,GoC_10Y,5.54
2001-12-18,GoC_10Y,5.48
2001-12-19,GoC_10Y,5.4
2001-12-20,GoC_10Y,5.38
2001-12-21,GoC_10Y,5.39
2001-12-24,GoC_10Y,5.44
2001-12-27,GoC_10Y,5.42
2001-12-28,GoC_10Y,5.43
2001-12-31,GoC_10Y,5.35
2002-01-02,GoC_10Y,5.44
2002-01-03,GoC_10Y,5.4
2002-01-04,GoC_10Y,5.43
2002-01-07,GoC_10Y,5.36
2002-01-08,GoC_10Y,5.37
2002-01-09,GoC_10Y,5.31
2002-01-10,GoC_10Y,5.28
2002-01-11,GoC_10Y,5.17
2002-01-14,GoC_10Y,5.18
2002-01-15,GoC_10Y,5.2
2002-01-16,GoC_10Y,5.23
2002-01-17,GoC_10Y,5.34
2002-01-18,GoC_10Y,5.27
2002-01-21,GoC_10Y,5.3
2002-01-22,GoC_10Y,5.32
2002-01-23,GoC_10Y,5.39
2002-01-24,GoC_10Y,5.43
2002-01-25,GoC_10Y,5.46
2002-01-28,GoC_10Y,5.44
2002-01-29,GoC_10Y,5.38
2002-01-30,GoC_10Y,5.42
2002-01-31,GoC_10Y,5.44
2002-02-01,GoC_10Y,5.4
2002-02-04,GoC_10Y,5.3
2002-02-05,GoC_10Y,5.3
2002-02-06,GoC_10Y,5.32
2002-02-07,GoC_10Y,5.32
2002-02-08,GoC_10Y,5.28
2002-02-11,GoC_10Y,5.3
2002-02-12,GoC_10Y,5.36
2002-02-13,GoC_10Y,5.38
2002-02-14,GoC_10Y,5.38
2002-02-15,GoC_10Y,5.29
2002-02-18,GoC_10Y,5.31
2002-02-19,GoC_10Y,5.32
2002-02-20,GoC_10Y,5.31
2002-02-21,GoC_10Y,5.29
2002-02-22,GoC_10Y,5.26
2002-02-25,GoC_10Y,5.29
2002-02-26,GoC_10Y,5.37
2002-02-27,GoC_10Y,5.31
2002-02-28,GoC_10Y,5.33
2002-03-01,GoC_10Y,5.42
2002-03-04,GoC_10Y,5.46
2002-03-05,GoC_10Y,5.48
2002-03-06,GoC_10Y,5.49
2002-03-07,GoC_10Y,5.6
2002-03-08,GoC_10Y,5.69
2002-03-11,GoC_10Y,5.66
2002-03-12,GoC_10Y,5.67
2002-03-13,GoC_10Y,5.65
2002-03-14,GoC_10Y,5.75
2002-03-15,GoC_10Y,5.7
2002-03-18,GoC_10Y,5.68
2002-03-19,GoC_10Y,5.66
2002-03-20,GoC_10Y,5.74
2002-03-21,GoC_10Y,5.77
2002-03-22,GoC_10Y,5.79
2002-03-25,GoC_10Y,5.8
2002-03-26,GoC_10Y,5.76
2002-03-27,GoC_10Y,5.79
2002-03-28,GoC_10Y,5.78
2002-04-01,GoC_10Y,5.79
2002-04-02,GoC_10Y,5.74
2002-04-03,GoC_10Y,5.71
2002-04-04,GoC_10Y,5.66
2002-04-05,GoC_10Y,5.64
2002-04-08,GoC_10Y,5.71
2002-04-09,GoC_10Y,5.67
2002-04-10,GoC_10Y,5.69
2002-04-11,GoC_10Y,5.65
2002-04-12,GoC_10Y,5.6
2002-04-15,GoC_10Y,5.57
2002-04-16,GoC_10Y,5.63
2002-04-17,GoC_10Y,5.68
2002-04-18,GoC_10Y,5.65
2002-04-19,GoC_10Y,5.66
2002-04-22,GoC_10Y,5.66
2002-04-23,GoC_10Y,5.67
2002-04-24,GoC_10Y,5.64
2002-04-25,GoC_10Y,5.62
2002-04-26,GoC_10Y,5.61
2002-04-29,GoC_10Y,5.63
2002-04-30,GoC_10Y,5.61
2002-05-01,GoC_10Y,5.58
2002-05-02,GoC_10Y,5.61
2002-05-03,GoC_10Y,5.56
2002-05-06,GoC_10Y,5.52
2002-05-07,GoC_10Y,5.51
2002-05-08,GoC_10Y,5.63
2002-05-09,GoC_10Y,5.58
2002-05-10,GoC_10Y,5.58
2002-05-13,GoC_10Y,5.67
2002-05-14,GoC_10Y,5.74
2002-05-15,GoC_10Y,5.72
2002-05-16,GoC_10Y,5.69
2002-05-17,GoC_10Y,5.72
2002-05-21,GoC_10Y,5.62
2002-05-22,GoC_10Y,5.61
2002-05-23,GoC_10Y,5.6
2002-05-24,GoC_10Y,5.57
2002-05-27,GoC_10Y,5.59
2002-05-28,GoC_10Y,5.56
2002-05-29,GoC_10Y,5.49
2002-05-30,GoC_10Y,5.46
2002-05-31,GoC_10Y,5.5
2002-06-03,GoC_10Y,5.48
2002-06-04,GoC_10Y,5.51
2002-06-05,GoC_10Y,5.53
2002-06-06,GoC_10Y,5.51
2002-06-07,GoC_10Y,5.52
2002-06-10,GoC_10Y,5.51
2002-06-11,GoC_10Y,5.5
2002-06-12,GoC_10Y,5.49
2002-06-13,GoC_10Y,5.42
2002-06-14,GoC_10Y,5.35
2002-06-17,GoC_10Y,5.37
2002-06-18,GoC_10Y,5.37
2002-06-19,GoC_10Y,5.31
2002-06-20,GoC_10Y,5.36
2002-06-21,GoC_10Y,5.33
2002-06-24,GoC_10Y,5.37
2002-06-25,GoC_10Y,5.36
2002-06-26,GoC_10Y,5.37
2002-06-27,GoC_10Y,5.39
2002-06-28,GoC_10Y,5.43
2002-07-02,GoC_10Y,5.34
2002-07-03,GoC_10Y,5.35
2002-07-04,GoC_10Y,5.36
2002-07-05,GoC_10Y,5.47
2002-07-08,GoC_10Y,5.45
2002-07-09,GoC_10Y,5.41
2002-07-10,GoC_10Y,5.34
2002-07-11,GoC_10Y,5.35
2002-07-12,GoC_10Y,5.28
2002-07-15,GoC_10Y,5.31
2002-07-16,GoC_10Y,5.33
2002-07-17,GoC_10Y,5.33
2002-07-18,GoC_10Y,5.28
2002-07-19,GoC_10Y,5.21
2002-07-22,GoC_10Y,5.15
2002-07-23,GoC_10Y,5.1
2002-07-24,GoC_10Y,5.22
2002-07-25,GoC_10Y,5.14
2002-07-26,GoC_10Y,5.16
2002-07-29,GoC_10Y,5.29
2002-07-30,GoC_10Y,5.29
2002-07-31,GoC_10Y,5.23
2002-08-01,GoC_10Y,5.14
2002-08-02,GoC_10Y,5.11
2002-08-06,GoC_10Y,5.13
2002-08-07,GoC_10Y,5.1
2002-08-08,GoC_10Y,5.13
2002-08-09,GoC_10Y,5.08
2002-08-12,GoC_10Y,5.05
2002-08-13,GoC_10Y,4.97
2002-08-14,GoC_10Y,5.14
2002-08-15,GoC_10Y,5.16
2002-08-16,GoC_10Y,5.22
2002-08-19,GoC_10Y,5.18
2002-08-20,GoC_10Y,5.07
2002-08-21,GoC_10Y,5.11
2002-08-22,GoC_10Y,5.2
2002-08-23,GoC_10Y,5.15
2002-08-26,GoC_10Y,5.12
2002-08-27,GoC_10Y,5.17
2002-08-28,GoC_10Y,5.14
2002-08-29,GoC_10Y,5.08
2002-08-30,GoC_10Y,5.08
2002-09-03,GoC_10Y,4.91
2002-09-04,GoC_10Y,4.89
2002-09-05,GoC_10Y,4.84
2002-09-06,GoC_10Y,4.93
2002-09-09,GoC_10Y,4.95
2002-09-10,GoC_10Y,4.91
2002-09-11,GoC_10Y,4.96
2002-09-12,GoC_10Y,4.9
2002-09-13,GoC_10Y,4.86
2002-09-16,GoC_10Y,4.9
2002-09-17,GoC_10Y,4.83
2002-09-18,GoC_10Y,4.88
2002-09-19,GoC_10Y,4.83
2002-09-20,GoC_10Y,4.85
2002-09-23,GoC_10Y,4.8
2002-09-24,GoC_10Y,4.82
2002-09-25,GoC_10Y,4.92
2002-09-26,GoC_10Y,4.93
2002-09-27,GoC_10Y,4.9
2002-09-30,GoC_10Y,4.9
2002-10-01,GoC_10Y,4.99
2002-10-02,GoC_10Y,4.93
2002-10-03,GoC_10Y,4.94
2002-10-04,GoC_10Y,4.98
2002-10-07,GoC_10Y,4.96
2002-10-08,GoC_10Y,4.98
2002-10-09,GoC_10Y,4.95
2002-10-10,GoC_10Y,4.97
2002-10-11,GoC_10Y,5.05
2002-10-15,GoC_10Y,5.19
2002-10-16,GoC_10Y,5.22
2002-10-17,GoC_10Y,5.27
2002-10-18,GoC_10Y,5.25
2002-10-21,GoC_10Y,5.34
2002-10-22,GoC_10Y,5.32
2002-10-23,GoC_10Y,5.3
2002-10-24,GoC_10Y,5.26
2002-10-25,GoC_10Y,5.25
2002-10-28,GoC_10Y,5.27
2002-10-29,GoC_10Y,5.18
2002-10-30,GoC_10Y,5.16
2002-10-31,GoC_10Y,5.04
2002-11-01,GoC_10Y,5.07
2002-11-04,GoC_10Y,5.1
2002-11-05,GoC_10Y,5.17
2002-11-06,GoC_10Y,5.14
2002-11-07,GoC_10Y,5.03
2002-11-08,GoC_10Y,5.01
2002-11-12,GoC_10Y,5.0
2002-11-13,GoC_10Y,5.01
2002-11-14,GoC_10Y,5.12
2002-11-15,GoC_10Y,5.09
2002-11-18,GoC_10Y,5.05
2002-11-19,GoC_10Y,5.02
2002-11-20,GoC_10Y,5.05
2002-11-21,GoC_10Y,5.12
2002-11-22,GoC_10Y,5.15
2002-11-25,GoC_10Y,5.14
2002-11-26,GoC_10Y,5.07
2002-11-27,GoC_10Y,5.18
2002-11-28,GoC_10Y,5.15
2002-11-29,GoC_10Y,5.12
2002-12-02,GoC_10Y,5.15
2002-12-03,GoC_10Y,5.1
2002-12-04,GoC_10Y,5.05
2002-12-05,GoC_10Y,5.06
2002-12-06,GoC_10Y,5.04
2002-12-09,GoC_10Y,4.99
2002-12-10,GoC_10Y,5.0
2002-12-11,GoC_10Y,4.99
2002-12-12,GoC_10Y,5.0
2002-12-13,GoC_10Y,5.01
2002-12-16,GoC_10Y,5.03
2002-12-17,GoC_10Y,4.99
2002-12-18,GoC_10Y,4.94
2002-12-19,GoC_10Y,4.89
2002-12-20,GoC_10Y,4.91
2002-12-23,GoC_10Y,4.93
2002-12-24,GoC_10Y,4.88
2002-12-27,GoC_10Y,4.8
2002-12-30,GoC_10Y,4.8
2002-12-31,GoC_10Y,4.79
2003-01-02,GoC_10Y,4.93
2003-01-03,GoC_10Y,4.96
2003-01-06,GoC_10Y,4.98
2003-01-07,GoC_10Y,4.93
2003-01-08,GoC_10Y,4.92
2003-01-09,GoC_10Y,4.98
2003-01-10,GoC_10Y,4.99
2003-01-13,GoC_10Y,5.01
2003-01-14,GoC_10Y,5.0
2003-01-15,GoC_10Y,5.01
2003-01-16,GoC_10Y,4.97
2003-01-17,GoC_10Y,4.94
2003-01-20,GoC_10Y,4.92
2003-01-21,GoC_10Y,4.9
2003-01-22,GoC_10Y,4.91
2003-01-23,GoC_10Y,4.92
2003-01-24,GoC_10Y,4.93
2003-01-27,GoC_10Y,4.93
2003-01-28,GoC_10Y,4.96
2003-01-29,GoC_10Y,5.02
2003-01-30,GoC_10Y,5.03
2003-01-31,GoC_10Y,5.02
2003-02-03,GoC_10Y,5.05
2003-02-04,GoC_10Y,5.03
2003-02-05,GoC_10Y,5.08
2003-02-06,GoC_10Y,5.04
2003-02-07,GoC_10Y,5.03
2003-02-10,GoC_10Y,5.07
2003-02-11,GoC_10Y,5.06
2003-02-12,GoC_10Y,5.02
2003-02-13,GoC_10Y,4.97
2003-02-14,GoC_10Y,5.03
2003-02-17,GoC_10Y,5.04
2003-02-18,GoC_10Y,5.03
2003-02-19,GoC_10Y,5.02
2003-02-20,GoC_10Y,4.98
2003-02-21,GoC_10Y,5.03
2003-02-24,GoC_10Y,4.98
2003-02-25,GoC_10Y,4.97
2003-02-26,GoC_10Y,4.93
2003-02-27,GoC_10Y,4.94
2003-02-28,GoC_10Y,4.94
2003-03-03,GoC_10Y,4.93
2003-03-04,GoC_10Y,4.92
2003-03-05,GoC_10Y,4.86
2003-03-06,GoC_10Y,4.87
2003-03-07,GoC_10Y,4.84
2003-03-10,GoC_10Y,4.8
2003-03-11,GoC_10Y,4.8
2003-03-12,GoC_10Y,4.82
2003-03-13,GoC_10Y,4.93
2003-03-14,GoC_10Y,4.92
2003-03-17,GoC_10Y,5.01
2003-03-18,GoC_10Y,5.04
2003-03-19,GoC_10Y,5.12
2003-03-20,GoC_10Y,5.13
2003-03-21,GoC_10Y,5.22
2003-03-24,GoC_10Y,5.13
2003-03-25,GoC_10Y,5.14
2003-03-26,GoC_10Y,5.13
2003-03-27,GoC_10Y,5.14
2003-03-28,GoC_10Y,5.11
2003-03-31,GoC_10Y,5.08
2003-04-01,GoC_10Y,5.13
2003-04-02,GoC_10Y,5.16
2003-04-03,GoC_10Y,5.14
2003-04-04,GoC_10Y,5.15
2003-04-07,GoC_10Y,5.16
2003-04-08,GoC_10Y,5.1
2003-04-09,GoC_10Y,5.06
2003-04-10,GoC_10Y,5.07
2003-04-11,GoC_10Y,5.09
2003-04-14,GoC_10Y,5.12
2003-04-15,GoC_10Y,5.09
2003-04-16,GoC_10Y,5.05
2003-04-17,GoC_10Y,5.05
2003-04-21,GoC_10Y,5.02
2003-04-22,GoC_10Y,5.03
2003-04-23,GoC_10Y,5.04
2003-04-24,GoC_10Y,4.97
2003-04-25,GoC_10Y,4.92
2003-04-28,GoC_10Y,4.91
2003-04-29,GoC_10Y,4.93
2003-04-30,GoC_10Y,4.9
2003-05-01,GoC_10Y,4.9
2003-05-02,GoC_10Y,4.95
2003-05-05,GoC_10Y,4.94
2003-05-06,GoC_10Y,4.88
2003-05-07,GoC_10Y,4.82
2003-05-08,GoC_10Y,4.84
2003-05-09,GoC_10Y,4.84
2003-05-12,GoC_10Y,4.82
2003-05-13,GoC_10Y,4.8
2003-05-14,GoC_10Y,4.74
2003-05-15,GoC_10Y,4.73
2003-05-16,GoC_10Y,4.69
2003-05-20,GoC_10Y,4.57
2003-05-21,GoC_10Y,4.55
2003-05-22,GoC_10Y,4.45
2003-05-23,GoC_10Y,4.44
2003-05-26,GoC_10Y,4.39
2003-05-27,GoC_10Y,4.46
2003-05-28,GoC_10Y,4.5
2003-05-29,GoC_10Y,4.39
2003-05-30,GoC_10Y,4.41
2003-06-02,GoC_10Y,4.45
2003-06-03,GoC_10Y,4.35
2003-06-04,GoC_10Y,4.35
2003-06-05,GoC_10Y,4.35
2003-06-06,GoC_10Y,4.3
2003-06-09,GoC_10Y,4.22
2003-06-10,GoC_10Y,4.13
2003-06-11,GoC_10Y,4.18
2003-06-12,GoC_10Y,4.12
2003-06-13,GoC_10Y,4.02
2003-06-16,GoC_10Y,4.12
2003-06-17,GoC_10Y,4.23
2003-06-18,GoC_10Y,4.26
2003-06-19,GoC_10Y,4.28
2003-06-20,GoC_10Y,4.35
2003-06-23,GoC_10Y,4.28
2003-06-24,GoC_10Y,4.27
2003-06-25,GoC_10Y,4.37
2003-06-26,GoC_10Y,4.47
2003-06-27,GoC_10Y,4.5
2003-06-30,GoC_10Y,4.45
2003-07-02,GoC_10Y,4.46
2003-07-03,GoC_10Y,4.55
2003-07-04,GoC_10Y,4.53
2003-07-07,GoC_10Y,4.67
2003-07-08,GoC_10Y,4.65
2003-07-09,GoC_10Y,4.62
2003-07-10,GoC_10Y,4.61
2003-07-11,GoC_10Y,4.64
2003-07-14,GoC_10Y,4.68
2003-07-15,GoC_10Y,4.8
2003-07-16,GoC_10Y,4.7
2003-07-17,GoC_10Y,4.65
2003-07-18,GoC_10Y,4.68
2003-07-21,GoC_10Y,4.78
2003-07-22,GoC_10Y,4.73
2003-07-23,GoC_10Y,4.66
2003-07-24,GoC_10Y,4.69
2003-07-25,GoC_10Y,4.72
2003-07-28,GoC_10Y,4.77
2003-07-29,GoC_10Y,4.82
2003-07-30,GoC_10Y,4.78
2003-07-31,GoC_10Y,4.84
2003-08-01,GoC_10Y,4.83
2003-08-05,GoC_10Y,4.92
2003-08-06,GoC_10Y,4.87
2003-08-07,GoC_10Y,4.82
2003-08-08,GoC_10Y,4.8
2003-08-11,GoC_10Y,4.89
2003-08-12,GoC_10Y,4.97
2003-08-13,GoC_10Y,5.05
2003-08-14,GoC_10Y,5.05
2003-08-15,GoC_10Y,4.99
2003-08-18,GoC_10Y,4.92
2003-08-19,GoC_10Y,4.8
2003-08-20,GoC_10Y,4.83
2003-08-21,GoC_10Y,4.9
2003-08-22,GoC_10Y,4.89
2003-08-25,GoC_10Y,4.92
2003-08-26,GoC_10Y,4.89
2003-08-27,GoC_10Y,4.96
2003-08-28,GoC_10Y,4.88
2003-08-29,GoC_10Y,4.86
2003-09-02,GoC_10Y,4.93
2003-09-03,GoC_10Y,4.97
2003-09-04,GoC_10Y,4.9
2003-09-05,GoC_10Y,4.81
2003-09-08,GoC_10Y,4.82
2003-09-09,GoC_10Y,4.79
2003-09-10,GoC_10Y,4.77
2003-09-11,GoC_10Y,4.82
2003-09-12,GoC_10Y,4.79
2003-09-15,GoC_10Y,4.8
2003-09-16,GoC_10Y,4.82
2003-09-17,GoC_10Y,4.77
2003-09-18,GoC_10Y,4.76
2003-09-19,GoC_10Y,4.76
2003-09-22,GoC_10Y,4.7
2003-09-23,GoC_10Y,4.68
2003-09-24,GoC_10Y,4.64
2003-09-25,GoC_10Y,4.61
2003-09-26,GoC_10Y,4.57
2003-09-29,GoC_10Y,4.64
2003-09-30,GoC_10Y,4.55
2003-10-01,GoC_10Y,4.54
2003-10-02,GoC_10Y,4.6
2003-10-03,GoC_10Y,4.75
2003-10-06,GoC_10Y,4.71
2003-10-07,GoC_10Y,4.78
2003-10-08,GoC_10Y,4.76
2003-10-09,GoC_10Y,4.83
2003-10-10,GoC_10Y,4.81
2003-10-14,GoC_10Y,4.9
2003-10-15,GoC_10Y,4.96
2003-10-16,GoC_10Y,5.02
2003-10-17,GoC_10Y,4.92
2003-10-20,GoC_10Y,4.89
2003-10-21,GoC_10Y,4.86
2003-10-22,GoC_10Y,4.79
2003-10-23,GoC_10Y,4.85
2003-10-24,GoC_10Y,4.78
2003-10-27,GoC_10Y,4.83
2003-10-28,GoC_10Y,4.79
2003-10-29,GoC_10Y,4.85
2003-10-30,GoC_10Y,4.89
2003-10-31,GoC_10Y,4.83
2003-11-03,GoC_10Y,4.9
2003-11-04,GoC_10Y,4.86
2003-11-05,GoC_10Y,4.91
2003-11-06,GoC_10Y,4.96
2003-11-07,GoC_10Y,5.01
2003-11-10,GoC_10Y,5.01
2003-11-12,GoC_10Y,4.99
2003-11-13,GoC_10Y,4.88
2003-11-14,GoC_10Y,4.83
2003-11-17,GoC_10Y,4.83
2003-11-18,GoC_10Y,4.78
2003-11-19,GoC_10Y,4.83
2003-11-20,GoC_10Y,4.77
2003-11-21,GoC_10Y,4.73
2003-11-24,GoC_10Y,4.79
2003-11-25,GoC_10Y,4.76
2003-11-26,GoC_10Y,4.79
2003-11-27,GoC_10Y,4.81
2003-11-28,GoC_10Y,4.84
2003-12-01,GoC_10Y,4.86
2003-12-02,GoC_10Y,4.82
2003-12-03,GoC_10Y,4.84
2003-12-04,GoC_10Y,4.86
2003-12-05,GoC_10Y,4.77
2003-12-08,GoC_10Y,4.79
2003-12-09,GoC_10Y,4.84
2003-12-10,GoC_10Y,4.81
2003-12-11,GoC_10Y,4.75
2003-12-12,GoC_10Y,4.74
2003-12-15,GoC_10Y,4.73
2003-12-16,GoC_10Y,4.7
2003-12-17,GoC_10Y,4.67
2003-12-18,GoC_10Y,4.62
2003-12-19,GoC_10Y,4.65
2003-12-22,GoC_10Y,4.64
2003-12-23,GoC_10Y,4.68
2003-12-24,GoC_10Y,4.6
2003-12-29,GoC_10Y,4.62
2003-12-30,GoC_10Y,4.66
2003-12-31,GoC_10Y,4.66
2004-01-02,GoC_10Y,4.77
2004-01-05,GoC_10Y,4.79
2004-01-06,GoC_10Y,4.71
2004-01-07,GoC_10Y,4.7
2004-01-08,GoC_10Y,4.72
2004-01-09,GoC_10Y,4.6
2004-01-12,GoC_10Y,4.6
2004-01-13,GoC_10Y,4.55
2004-01-14,GoC_10Y,4.54
2004-01-15,GoC_10Y,4.52
2004-01-16,GoC_10Y,4.57
2004-01-19,GoC_10Y,4.57
2004-01-20,GoC_10Y,4.53
2004-01-21,GoC_10Y,4.47
2004-01-22,GoC_10Y,4.39
2004-01-23,GoC_10Y,4.51
2004-01-26,GoC_10Y,4.54
2004-01-27,GoC_10Y,4.49
2004-01-28,GoC_10Y,4.61
2004-01-29,GoC_10Y,4.6
2004-01-30,GoC_10Y,4.53
2004-02-02,GoC_10Y,4.53
2004-02-03,GoC_10Y,4.52
2004-02-04,GoC_10Y,4.54
2004-02-05,GoC_10Y,4.55
2004-02-06,GoC_10Y,4.45
2004-02-09,GoC_10Y,4.42
2004-02-10,GoC_10Y,4.47
2004-02-11,GoC_10Y,4.4
2004-02-12,GoC_10Y,4.43
2004-02-13,GoC_10Y,4.41
2004-02-16,GoC_10Y,4.41
2004-02-17,GoC_10Y,4.44
2004-02-18,GoC_10Y,4.46
2004-02-19,GoC_10Y,4.46
2004-02-20,GoC_10Y,4.49
2004-02-23,GoC_10Y,4.45
2004-02-24,GoC_10Y,4.42
2004-02-25,GoC_10Y,4.41
2004-02-26,GoC_10Y,4.41
2004-02-27,GoC_10Y,4.36
2004-03-01,GoC_10Y,4.34
2004-03-02,GoC_10Y,4.36
2004-03-03,GoC_10Y,4.38
2004-03-04,GoC_10Y,4.38
2004-03-05,GoC_10Y,4.29
2004-03-08,GoC_10Y,4.24
2004-03-09,GoC_10Y,4.24
2004-03-10,GoC_10Y,4.24
2004-03-11,GoC_10Y,4.23
2004-03-12,GoC_10Y,4.26
2004-03-15,GoC_10Y,4.24
2004-03-16,GoC_10Y,4.21
2004-03-17,GoC_10Y,4.18
2004-03-18,GoC_10Y,4.2
2004-03-19,GoC_10Y,4.22
2004-03-22,GoC_10Y,4.17
2004-03-23,GoC_10Y,4.17
2004-03-24,GoC_10Y,4.17
2004-03-25,GoC_10Y,4.18
2004-03-26,GoC_10Y,4.28
2004-03-29,GoC_10Y,4.34
2004-03-30,GoC_10Y,4.34
2004-03-31,GoC_10Y,4.33
2004-04-01,GoC_10Y,4.34
2004-04-02,GoC_10Y,4.52
2004-04-05,GoC_10Y,4.55
2004-04-06,GoC_10Y,4.54
2004-04-07,GoC_10Y,4.5
2004-04-08,GoC_10Y,4.5
2004-04-12,GoC_10Y,4.54
2004-04-13,GoC_10Y,4.64
2004-04-14,GoC_10Y,4.68
2004-04-15,GoC_10Y,4.68
2004-04-16,GoC_10Y,4.62
2004-04-19,GoC_10Y,4.66
2004-04-20,GoC_10Y,4.72
2004-04-21,GoC_10Y,4.68
2004-04-22,GoC_10Y,4.63
2004-04-23,GoC_10Y,4.68
2004-04-26,GoC_10Y,4.68
2004-04-27,GoC_10Y,4.66
2004-04-28,GoC_10Y,4.71
2004-04-29,GoC_10Y,4.72
2004-04-30,GoC_10Y,4.62
2004-05-03,GoC_10Y,4.59
2004-05-04,GoC_10Y,4.62
2004-05-05,GoC_10Y,4.64
2004-05-06,GoC_10Y,4.64
2004-05-07,GoC_10Y,4.81
2004-05-10,GoC_10Y,4.78
2004-05-11,GoC_10Y,4.76
2004-05-12,GoC_10Y,4.85
2004-05-13,GoC_10Y,4.89
2004-05-14,GoC_10Y,4.85
2004-05-17,GoC_10Y,4.78
2004-05-18,GoC_10Y,4.82
2004-05-19,GoC_10Y,4.86
2004-05-20,GoC_10Y,4.82
2004-05-21,GoC_10Y,4.85
2004-05-25,GoC_10Y,4.87
2004-05-26,GoC_10Y,4.77
2004-05-27,GoC_10Y,4.72
2004-05-28,GoC_10Y,4.76
2004-05-31,GoC_10Y,4.78
2004-06-01,GoC_10Y,4.8
2004-06-02,GoC_10Y,4.86
2004-06-03,GoC_10Y,4.86
2004-06-04,GoC_10Y,4.96
2004-06-07,GoC_10Y,4.97
2004-06-08,GoC_10Y,4.94
2004-06-09,GoC_10Y,4.95
2004-06-10,GoC_10Y,4.96
2004-06-11,GoC_10Y,5.01
2004-06-14,GoC_10Y,5.04
2004-06-15,GoC_10Y,4.93
2004-06-16,GoC_10Y,4.98
2004-06-17,GoC_10Y,4.96
2004-06-18,GoC_10Y,5.0
2004-06-21,GoC_10Y,4.96
2004-06-22,GoC_10Y,4.98
2004-06-23,GoC_10Y,4.92
2004-06-24,GoC_10Y,4.88
2004-06-25,GoC_10Y,4.88
2004-06-28,GoC_10Y,4.94
2004-06-29,GoC_10Y,4.91
2004-06-30,GoC_10Y,4.83
2004-07-02,GoC_10Y,4.73
2004-07-05,GoC_10Y,4.74
2004-07-06,GoC_10Y,4.75
2004-07-07,GoC_10Y,4.75
2004-07-08,GoC_10Y,4.73
2004-07-09,GoC_10Y,4.71
2004-07-12,GoC_10Y,4.73
2004-07-13,GoC_10Y,4.75
2004-07-14,GoC_10Y,4.77
2004-07-15,GoC_10Y,4.78
2004-07-16,GoC_10Y,4.68
2004-07-19,GoC_10Y,4.69
2004-07-20,GoC_10Y,4.74
2004-07-21,GoC_10Y,4.77
2004-07-22,GoC_10Y,4.75
2004-07-23,GoC_10Y,4.72
2004-07-26,GoC_10Y,4.74
2004-07-27,GoC_10Y,4.83
2004-07-28,GoC_10Y,4.82
2004-07-29,GoC_10Y,4.82
2004-07-30,GoC_10Y,4.75
2004-08-03,GoC_10Y,4.68
2004-08-04,GoC_10Y,4.68
2004-08-05,GoC_10Y,4.67
2004-08-06,GoC_10Y,4.52
2004-08-09,GoC_10Y,4.59
2004-08-10,GoC_10Y,4.64
2004-08-11,GoC_10Y,4.6
2004-08-12,GoC_10Y,4.57
2004-08-13,GoC_10Y,4.58
2004-08-16,GoC_10Y,4.62
2004-08-17,GoC_10Y,4.58
2004-08-18,GoC_10Y,4.62
2004-08-19,GoC_10Y,4.63
2004-08-20,GoC_10Y,4.64
2004-08-23,GoC_10Y,4.69
2004-08-24,GoC_10Y,4.71
2004-08-25,GoC_10Y,4.68
2004-08-26,GoC_10Y,4.66
2004-08-27,GoC_10Y,4.66
2004-08-30,GoC_10Y,4.63
2004-08-31,GoC_10Y,4.6
2004-09-01,GoC_10Y,4.6
2004-09-02,GoC_10Y,4.64
2004-09-03,GoC_10Y,4.71
2004-09-07,GoC_10Y,4.71
2004-09-08,GoC_10Y,4.66
2004-09-09,GoC_10Y,4.68
2004-09-10,GoC_10Y,4.66
2004-09-13,GoC_10Y,4.62
2004-09-14,GoC_10Y,4.62
2004-09-15,GoC_10Y,4.63
2004-09-16,GoC_10Y,4.57
2004-09-17,GoC_10Y,4.57
2004-09-20,GoC_10Y,4.52
2004-09-21,GoC_10Y,4.55
2004-09-22,GoC_10Y,4.53
2004-09-23,GoC_10Y,4.56
2004-09-24,GoC_10Y,4.56
2004-09-27,GoC_10Y,4.53
2004-09-28,GoC_10Y,4.52
2004-09-29,GoC_10Y,4.58
2004-09-30,GoC_10Y,4.63
2004-10-01,GoC_10Y,4.67
2004-10-04,GoC_10Y,4.66
2004-10-05,GoC_10Y,4.64
2004-10-06,GoC_10Y,4.68
2004-10-07,GoC_10Y,4.7
2004-10-08,GoC_10Y,4.63
2004-10-12,GoC_10Y,4.58
2004-10-13,GoC_10Y,4.57
2004-10-14,GoC_10Y,4.52
2004-10-15,GoC_10Y,4.55
2004-10-18,GoC_10Y,4.53
2004-10-19,GoC_10Y,4.5
2004-10-20,GoC_10Y,4.46
2004-10-21,GoC_10Y,4.48
2004-10-22,GoC_10Y,4.45
2004-10-25,GoC_10Y,4.44
2004-10-26,GoC_10Y,4.46
2004-10-27,GoC_10Y,4.52
2004-10-28,GoC_10Y,4.49
2004-10-29,GoC_10Y,4.47
2004-11-01,GoC_10Y,4.5
2004-11-02,GoC_10Y,4.48
2004-11-03,GoC_10Y,4.47
2004-11-04,GoC_10Y,4.48
2004-11-05,GoC_10Y,4.55
2004-11-08,GoC_10Y,4.55
2004-11-09,GoC_10Y,4.57
2004-11-10,GoC_10Y,4.54
2004-11-12,GoC_10Y,4.48
2004-11-15,GoC_10Y,4.51
2004-11-16,GoC_10Y,4.52
2004-11-17,GoC_10Y,4.45
2004-11-18,GoC_10Y,4.47
2004-11-19,GoC_10Y,4.51
2004-11-22,GoC_10Y,4.51
2004-11-23,GoC_10Y,4.47
2004-11-24,GoC_10Y,4.44
2004-11-25,GoC_10Y,4.38
2004-11-26,GoC_10Y,4.39
2004-11-29,GoC_10Y,4.47
2004-11-30,GoC_10Y,4.44
2004-12-01,GoC_10Y,4.42
2004-12-02,GoC_10Y,4.46
2004-12-03,GoC_10Y,4.34
2004-12-06,GoC_10Y,4.32
2004-12-07,GoC_10Y,4.3
2004-12-08,GoC_10Y,4.26
2004-12-09,GoC_10Y,4.32
2004-12-10,GoC_10Y,4.31
2004-12-13,GoC_10Y,4.29
2004-12-14,GoC_10Y,4.25
2004-12-15,GoC_10Y,4.22
2004-12-16,GoC_10Y,4.28
2004-12-17,GoC_10Y,4.32
2004-12-20,GoC_10Y,4.32
2004-12-21,GoC_10Y,4.32
2004-12-22,GoC_10Y,4.36
2004-12-23,GoC_10Y,4.3
2004-12-24,GoC_10Y,4.32
2004-12-29,GoC_10Y,4.39
2004-12-30,GoC_10Y,4.33
2004-12-31,GoC_10Y,4.3
2005-01-04,GoC_10Y,4.34
2005-01-05,GoC_10Y,4.32
2005-01-06,GoC_10Y,4.31
2005-01-07,GoC_10Y,4.36
2005-01-10,GoC_10Y,4.37
2005-01-11,GoC_10Y,4.33
2005-01-12,GoC_10Y,4.31
2005-01-13,GoC_10Y,4.24
2005-01-14,GoC_10Y,4.25
2005-01-17,GoC_10Y,4.24
2005-01-18,GoC_10Y,4.22
2005-01-19,GoC_10Y,4.2
2005-01-20,GoC_10Y,4.23
2005-01-21,GoC_10Y,4.22
2005-01-24,GoC_10Y,4.21
2005-01-25,GoC_10Y,4.22
2005-01-26,GoC_10Y,4.21
2005-01-27,GoC_10Y,4.23
2005-01-28,GoC_10Y,4.19
2005-01-31,GoC_10Y,4.21
2005-02-01,GoC_10Y,4.23
2005-02-02,GoC_10Y,4.23
2005-02-03,GoC_10Y,4.26
2005-02-04,GoC_10Y,4.17
2005-02-07,GoC_10Y,4.14
2005-02-08,GoC_10Y,4.13
2005-02-09,GoC_10Y,4.11
2005-02-10,GoC_10Y,4.16
2005-02-11,GoC_10Y,4.17
2005-02-14,GoC_10Y,4.14
2005-02-15,GoC_10Y,4.16
2005-02-16,GoC_10Y,4.18
2005-02-17,GoC_10Y,4.19
2005-02-18,GoC_10Y,4.24
2005-02-21,GoC_10Y,4.25
2005-02-22,GoC_10Y,4.23
2005-02-23,GoC_10Y,4.28
2005-02-24,GoC_10Y,4.31
2005-02-25,GoC_10Y,4.24
2005-02-28,GoC_10Y,4.28
2005-03-01,GoC_10Y,4.28
2005-03-02,GoC_10Y,4.29
2005-03-03,GoC_10Y,4.28
2005-03-04,GoC_10Y,4.24
2005-03-07,GoC_10Y,4.23
2005-03-08,GoC_10Y,4.25
2005-03-09,GoC_10Y,4.34
2005-03-10,GoC_10Y,4.35
2005-03-11,GoC_10Y,4.41
2005-03-14,GoC_10Y,4.39
2005-03-15,GoC_10Y,4.43
2005-03-16,GoC_10Y,4.38
2005-03-17,GoC_10Y,4.35
2005-03-18,GoC_10Y,4.35
2005-03-21,GoC_10Y,4.38
2005-03-22,GoC_10Y,4.45
2005-03-23,GoC_10Y,4.44
2005-03-24,GoC_10Y,4.44
2005-03-28,GoC_10Y,4.47
2005-03-29,GoC_10Y,4.42
2005-03-30,GoC_10Y,4.39
2005-03-31,GoC_10Y,4.32
2005-04-01,GoC_10Y,4.29
2005-04-04,GoC_10Y,4.28
2005-04-05,GoC_10Y,4.31
2005-04-06,GoC_10Y,4.28
2005-04-07,GoC_10Y,4.31
2005-04-08,GoC_10Y,4.27
2005-04-11,GoC_10Y,4.21
2005-04-12,GoC_10Y,4.17
2005-04-13,GoC_10Y,4.19
2005-04-14,GoC_10Y,4.18
2005-04-15,GoC_10Y,4.15
2005-04-18,GoC_10Y,4.17
2005-04-19,GoC_10Y,4.12
2005-04-20,GoC_10Y,4.11
2005-04-21,GoC_10Y,4.17
2005-04-22,GoC_10Y,4.16
2005-04-25,GoC_10Y,4.16
2005-04-26,GoC_10Y,4.16
2005-04-27,GoC_10Y,4.14
2005-04-28,GoC_10Y,4.1
2005-04-29,GoC_10Y,4.14
2005-05-02,GoC_10Y,4.13
2005-05-03,GoC_10Y,4.12
2005-05-04,GoC_10Y,4.13
2005-05-05,GoC_10Y,4.13
2005-05-06,GoC_10Y,4.22
2005-05-09,GoC_10Y,4.21
2005-05-10,GoC_10Y,4.16
2005-05-11,GoC_10Y,4.12
2005-05-12,GoC_10Y,4.09
2005-05-13,GoC_10Y,4.03
2005-05-16,GoC_10Y,4.05
2005-05-17,GoC_10Y,4.04
2005-05-18,GoC_10Y,4.03
2005-05-19,GoC_10Y,4.09
2005-05-20,GoC_10Y,4.09
2005-05-24,GoC_10Y,4.03
2005-05-25,GoC_10Y,4.02
2005-05-26,GoC_10Y,4.01
2005-05-27,GoC_10Y,3.97
2005-05-30,GoC_10Y,3.96
2005-05-31,GoC_10Y,3.92
2005-06-01,GoC_10Y,3.8
2005-06-02,GoC_10Y,3.81
2005-06-03,GoC_10Y,3.88
2005-06-06,GoC_10Y,3.84
2005-06-07,GoC_10Y,3.78
2005-06-08,GoC_10Y,3.81
2005-06-09,GoC_10Y,3.81
2005-06-10,GoC_10Y,3.89
2005-06-13,GoC_10Y,3.9
2005-06-14,GoC_10Y,3.93
2005-06-15,GoC_10Y,3.93
2005-06-16,GoC_10Y,3.9
2005-06-17,GoC_10Y,3.89
2005-06-20,GoC_10Y,3.88
2005-06-21,GoC_10Y,3.84
2005-06-22,GoC_10Y,3.77
2005-06-23,GoC_10Y,3.76
2005-06-24,GoC_10Y,3.74
2005-06-27,GoC_10Y,3.73
2005-06-28,GoC_10Y,3.78
2005-06-29,GoC_10Y,3.81
2005-06-30,GoC_10Y,3.74
2005-07-04,GoC_10Y,3.85
2005-07-05,GoC_10Y,3.9
2005-07-06,GoC_10Y,3.89
2005-07-07,GoC_10Y,3.88
2005-07-08,GoC_10Y,3.89
2005-07-11,GoC_10Y,3.91
2005-07-12,GoC_10Y,3.96
2005-07-13,GoC_10Y,3.94
2005-07-14,GoC_10Y,3.92
2005-07-15,GoC_10Y,3.91
2005-07-18,GoC_10Y,3.95
2005-07-19,GoC_10Y,3.91
2005-07-20,GoC_10Y,3.92
2005-07-21,GoC_10Y,3.96
2005-07-22,GoC_10Y,3.86
2005-07-25,GoC_10Y,3.84
2005-07-26,GoC_10Y,3.88
2005-07-27,GoC_10Y,3.91
2005-07-28,GoC_10Y,3.85
2005-07-29,GoC_10Y,3.86
2005-08-02,GoC_10Y,3.94
2005-08-03,GoC_10Y,3.93
2005-08-04,GoC_10Y,3.93
2005-08-05,GoC_10Y,4.01
2005-08-08,GoC_10Y,4.02
2005-08-09,GoC_10Y,4.0
2005-08-10,GoC_10Y,4.04
2005-08-11,GoC_10Y,3.98
2005-08-12,GoC_10Y,3.92
2005-08-15,GoC_10Y,3.95
2005-08-16,GoC_10Y,3.93
2005-08-17,GoC_10Y,3.96
2005-08-18,GoC_10Y,3.92
2005-08-19,GoC_10Y,3.91
2005-08-22,GoC_10Y,3.92
2005-08-23,GoC_10Y,3.91
2005-08-24,GoC_10Y,3.87
2005-08-25,GoC_10Y,3.84
2005-08-26,GoC_10Y,3.85
2005-08-29,GoC_10Y,3.83
2005-08-30,GoC_10Y,3.81
2005-08-31,GoC_10Y,3.78
2005-09-01,GoC_10Y,3.73
2005-09-02,GoC_10Y,3.73
2005-09-06,GoC_10Y,3.79
2005-09-07,GoC_10Y,3.85
2005-09-08,GoC_10Y,3.85
2005-09-09,GoC_10Y,3.82
2005-09-12,GoC_10Y,3.85
2005-09-13,GoC_10Y,3.82
2005-09-14,GoC_10Y,3.85
2005-09-15,GoC_10Y,3.87
2005-09-16,GoC_10Y,3.92
2005-09-19,GoC_10Y,3.88
2005-09-20,GoC_10Y,3.9
2005-09-21,GoC_10Y,3.85
2005-09-22,GoC_10Y,3.86
2005-09-23,GoC_10Y,3.91
2005-09-26,GoC_10Y,3.95
2005-09-27,GoC_10Y,3.94
2005-09-28,GoC_10Y,3.94
2005-09-29,GoC_10Y,3.97
2005-09-30,GoC_10Y,3.96
2005-10-03,GoC_10Y,3.98
2005-10-04,GoC_10Y,3.94
2005-10-05,GoC_10Y,3.93
2005-10-06,GoC_10Y,3.93
2005-10-07,GoC_10Y,3.94
2005-10-11,GoC_10Y,3.99
2005-10-12,GoC_10Y,4.05
2005-10-13,GoC_10Y,4.05
2005-10-14,GoC_10Y,4.04
2005-10-17,GoC_10Y,4.06
2005-10-18,GoC_10Y,4.06
2005-10-19,GoC_10Y,4.1
2005-10-20,GoC_10Y,4.06
2005-10-21,GoC_10Y,4.02
2005-10-24,GoC_10Y,4.05
2005-10-25,GoC_10Y,4.11
2005-10-26,GoC_10Y,4.16
2005-10-27,GoC_10Y,4.14
2005-10-28,GoC_10Y,4.16
2005-10-31,GoC_10Y,4.17
2005-11-01,GoC_10Y,4.17
2005-11-02,GoC_10Y,4.18
2005-11-03,GoC_10Y,4.18
2005-11-04,GoC_10Y,4.2
2005-11-07,GoC_10Y,4.18
2005-11-08,GoC_10Y,4.14
2005-11-09,GoC_10Y,4.18
2005-11-10,GoC_10Y,4.16
2005-11-14,GoC_10Y,4.19
2005-11-15,GoC_10Y,4.15
2005-11-16,GoC_10Y,4.09
2005-11-17,GoC_10Y,4.08
2005-11-18,GoC_10Y,4.11
2005-11-21,GoC_10Y,4.09
2005-11-22,GoC_10Y,4.03
2005-11-23,GoC_10Y,4.01
2005-11-24,GoC_10Y,4.01
2005-11-25,GoC_10Y,4.01
2005-11-28,GoC_10Y,3.99
2005-11-29,GoC_10Y,4.04
2005-11-30,GoC_10Y,4.06
2005-12-01,GoC_10Y,4.05
2005-12-02,GoC_10Y,4.08
2005-12-05,GoC_10Y,4.11
2005-12-06,GoC_10Y,4.05
2005-12-07,GoC_10Y,4.07
2005-12-08,GoC_10Y,4.04
2005-12-09,GoC_10Y,4.11
2005-12-12,GoC_10Y,4.13
2005-12-13,GoC_10Y,4.12
2005-12-14,GoC_10Y,4.08
2005-12-15,GoC_10Y,4.06
2005-12-16,GoC_10Y,4.01
2005-12-19,GoC_10Y,4.0
2005-12-20,GoC_10Y,4.02
2005-12-21,GoC_10Y,4.03
2005-12-22,GoC_10Y,4.0
2005-12-23,GoC_10Y,3.99
2005-12-28,GoC_10Y,3.93
2005-12-29,GoC_10Y,3.96
2005-12-30,GoC_10Y,3.98
2006-01-03,GoC_10Y,3.97
2006-01-04,GoC_10Y,3.93
2006-01-05,GoC_10Y,3.95
2006-01-06,GoC_10Y,3.97
2006-01-09,GoC_10Y,3.99
2006-01-10,GoC_10Y,4.03
2006-01-11,GoC_10Y,4.05
2006-01-12,GoC_10Y,4.03
2006-01-13,GoC_10Y,3.99
2006-01-16,GoC_10Y,3.98
2006-01-17,GoC_10Y,3.94
2006-01-18,GoC_10Y,3.94
2006-01-19,GoC_10Y,4.0
2006-01-20,GoC_10Y,4.01
2006-01-23,GoC_10Y,4.04
2006-01-24,GoC_10Y,4.05
2006-01-25,GoC_10Y,4.11
2006-01-26,GoC_10Y,4.14
2006-01-27,GoC_10Y,4.15
2006-01-30,GoC_10Y,4.17
2006-01-31,GoC_10Y,4.17
2006-02-01,GoC_10Y,4.18
2006-02-02,GoC_10Y,4.18
2006-02-03,GoC_10Y,4.16
2006-02-06,GoC_10Y,4.21
2006-02-07,GoC_10Y,4.2
2006-02-08,GoC_10Y,4.21
2006-02-09,GoC_10Y,4.21
2006-02-10,GoC_10Y,4.22
2006-02-13,GoC_10Y,4.2
2006-02-14,GoC_10Y,4.22
2006-02-15,GoC_10Y,4.21
2006-02-16,GoC_10Y,4.19
2006-02-17,GoC_10Y,4.12
2006-02-20,GoC_10Y,4.11
2006-02-21,GoC_10Y,4.13
2006-02-22,GoC_10Y,4.1
2006-02-23,GoC_10Y,4.13
2006-02-24,GoC_10Y,4.15
2006-02-27,GoC_10Y,4.15
2006-02-28,GoC_10Y,4.12
2006-03-01,GoC_10Y,4.15
2006-03-02,GoC_10Y,4.18
2006-03-03,GoC_10Y,4.22
2006-03-06,GoC_10Y,4.27
2006-03-07,GoC_10Y,4.22
2006-03-08,GoC_10Y,4.2
2006-03-09,GoC_10Y,4.21
2006-03-10,GoC_10Y,4.24
2006-03-13,GoC_10Y,4.25
2006-03-14,GoC_10Y,4.18
2006-03-15,GoC_10Y,4.19
2006-03-16,GoC_10Y,4.12
2006-03-17,GoC_10Y,4.14
2006-03-20,GoC_10Y,4.16
2006-03-21,GoC_10Y,4.2
2006-03-22,GoC_10Y,4.19
2006-03-23,GoC_10Y,4.21
2006-03-24,GoC_10Y,4.13
2006-03-27,GoC_10Y,4.16
2006-03-28,GoC_10Y,4.21
2006-03-29,GoC_10Y,4.23
2006-03-30,GoC_10Y,4.27
2006-03-31,GoC_10Y,4.26
2006-04-03,GoC_10Y,4.29
2006-04-04,GoC_10Y,4.32
2006-04-05,GoC_10Y,4.32
2006-04-06,GoC_10Y,4.35
2006-04-07,GoC_10Y,4.41
2006-04-10,GoC_10Y,4.4
2006-04-11,GoC_10Y,4.38
2006-04-12,GoC_10Y,4.4
2006-04-13,GoC_10Y,4.44
2006-04-17,GoC_10Y,4.42
2006-04-18,GoC_10Y,4.4
2006-04-19,GoC_10Y,4.44
2006-04-20,GoC_10Y,4.48
2006-04-21,GoC_10Y,4.45
2006-04-24,GoC_10Y,4.42
2006-04-25,GoC_10Y,4.5
2006-04-26,GoC_10Y,4.52
2006-04-27,GoC_10Y,4.5
2006-04-28,GoC_10Y,4.46
2006-05-01,GoC_10Y,4.51
2006-05-02,GoC_10Y,4.48
2006-05-03,GoC_10Y,4.48
2006-05-04,GoC_10Y,4.47
2006-05-05,GoC_10Y,4.45
2006-05-08,GoC_10Y,4.45
2006-05-09,GoC_10Y,4.46
2006-05-10,GoC_10Y,4.47
2006-05-11,GoC_10Y,4.46
2006-05-12,GoC_10Y,4.45
2006-05-15,GoC_10Y,4.41
2006-05-16,GoC_10Y,4.37
2006-05-17,GoC_10Y,4.38
2006-05-18,GoC_10Y,4.31
2006-05-19,GoC_10Y,4.33
2006-05-23,GoC_10Y,4.32
2006-05-24,GoC_10Y,4.3
2006-05-25,GoC_10Y,4.29
2006-05-26,GoC_10Y,4.3
2006-05-29,GoC_10Y,4.3
2006-05-30,GoC_10Y,4.35
2006-05-31,GoC_10Y,4.45
2006-06-01,GoC_10Y,4.39
2006-06-02,GoC_10Y,4.31
2006-06-05,GoC_10Y,4.31
2006-06-06,GoC_10Y,4.29
2006-06-07,GoC_10Y,4.31
2006-06-08,GoC_10Y,4.32
2006-06-09,GoC_10Y,4.37
2006-06-12,GoC_10Y,4.35
2006-06-13,GoC_10Y,4.31
2006-06-14,GoC_10Y,4.35
2006-06-15,GoC_10Y,4.39
2006-06-16,GoC_10Y,4.39
2006-06-19,GoC_10Y,4.41
2006-06-20,GoC_10Y,4.49
2006-06-21,GoC_10Y,4.52
2006-06-22,GoC_10Y,4.56
2006-06-23,GoC_10Y,4.61
2006-06-26,GoC_10Y,4.64
2006-06-27,GoC_10Y,4.6
2006-06-28,GoC_10Y,4.63
2006-06-29,GoC_10Y,4.58
2006-06-30,GoC_10Y,4.58
2006-07-04,GoC_10Y,4.6
2006-07-05,GoC_10Y,4.61
2006-07-06,GoC_10Y,4.59
2006-07-07,GoC_10Y,4.49
2006-07-10,GoC_10Y,4.46
2006-07-11,GoC_10Y,4.44
2006-07-12,GoC_10Y,4.46
2006-07-13,GoC_10Y,4.45
2006-07-14,GoC_10Y,4.44
2006-07-17,GoC_10Y,4.44
2006-07-18,GoC_10Y,4.49
2006-07-19,GoC_10Y,4.43
2006-07-20,GoC_10Y,4.42
2006-07-21,GoC_10Y,4.38
2006-07-24,GoC_10Y,4.37
2006-07-25,GoC_10Y,4.4
2006-07-26,GoC_10Y,4.38
2006-07-27,GoC_10Y,4.38
2006-07-28,GoC_10Y,4.34
2006-07-31,GoC_10Y,4.31
2006-08-01,GoC_10Y,4.31
2006-08-02,GoC_10Y,4.32
2006-08-03,GoC_10Y,4.33
2006-08-04,GoC_10Y,4.3
2006-08-08,GoC_10Y,4.28
2006-08-09,GoC_10Y,4.32
2006-08-10,GoC_10Y,4.33
2006-08-11,GoC_10Y,4.36
2006-08-14,GoC_10Y,4.38
2006-08-15,GoC_10Y,4.32
2006-08-16,GoC_10Y,4.28
2006-08-17,GoC_10Y,4.26
2006-08-18,GoC_10Y,4.22
2006-08-21,GoC_10Y,4.21
2006-08-22,GoC_10Y,4.19
2006-08-23,GoC_10Y,4.2
2006-08-24,GoC_10Y,4.2
2006-08-25,GoC_10Y,4.18
2006-08-28,GoC_10Y,4.18
2006-08-29,GoC_10Y,4.16
2006-08-30,GoC_10Y,4.12
2006-08-31,GoC_10Y,4.11
2006-09-01,GoC_10Y,4.08
2006-09-04,GoC_10Y,4.08
2006-09-05,GoC_10Y,4.14
2006-09-06,GoC_10Y,4.14
2006-09-07,GoC_10Y,4.13
2006-09-08,GoC_10Y,4.1
2006-09-11,GoC_10Y,4.15
2006-09-12,GoC_10Y,4.11
2006-09-13,GoC_10Y,4.12
2006-09-14,GoC_10Y,4.13
2006-09-15,GoC_10Y,4.1
2006-09-18,GoC_10Y,4.12
2006-09-19,GoC_10Y,4.08
2006-09-20,GoC_10Y,4.08
2006-09-21,GoC_10Y,4.02
2006-09-22,GoC_10Y,3.99
2006-09-25,GoC_10Y,3.93
2006-09-26,GoC_10Y,3.97
2006-09-27,GoC_10Y,3.98
2006-09-28,GoC_10Y,3.99
2006-09-29,GoC_10Y,4.0
2006-10-02,GoC_10Y,3.98
2006-10-03,GoC_10Y,3.99
2006-10-04,GoC_10Y,3.96
2006-10-05,GoC_10Y,4.01
2006-10-06,GoC_10Y,4.08
2006-10-10,GoC_10Y,4.11
2006-10-11,GoC_10Y,4.13
2006-10-12,GoC_10Y,4.14
2006-10-13,GoC_10Y,4.17
2006-10-16,GoC_10Y,4.15
2006-10-17,GoC_10Y,4.17
2006-10-18,GoC_10Y,4.15
2006-10-19,GoC_10Y,4.18
2006-10-20,GoC_10Y,4.18
2006-10-23,GoC_10Y,4.2
2006-10-24,GoC_10Y,4.2
2006-10-25,GoC_10Y,4.17
2006-10-26,GoC_10Y,4.11
2006-10-27,GoC_10Y,4.07
2006-10-30,GoC_10Y,4.07
2006-10-31,GoC_10Y,4.02
2006-11-01,GoC_10Y,3.98
2006-11-02,GoC_10Y,4.02
2006-11-03,GoC_10Y,4.11
2006-11-06,GoC_10Y,4.1
2006-11-07,GoC_10Y,4.05
2006-11-08,GoC_10Y,4.04
2006-11-09,GoC_10Y,4.03
2006-11-10,GoC_10Y,4.0
2006-11-14,GoC_10Y,3.98
2006-11-15,GoC_10Y,4.02
2006-11-16,GoC_10Y,4.03
2006-11-17,GoC_10Y,4.0
2006-11-20,GoC_10Y,4.0
2006-11-21,GoC_10Y,3.99
2006-11-22,GoC_10Y,3.98
2006-11-23,GoC_10Y,3.98
2006-11-24,GoC_10Y,3.97
2006-11-27,GoC_10Y,3.95
2006-11-28,GoC_10Y,3.92
2006-11-29,GoC_10Y,3.94
2006-11-30,GoC_10Y,3.9
2006-12-01,GoC_10Y,3.86
2006-12-04,GoC_10Y,3.87
2006-12-05,GoC_10Y,3.87
2006-12-06,GoC_10Y,3.9
2006-12-07,GoC_10Y,3.89
2006-12-08,GoC_10Y,3.94
2006-12-11,GoC_10Y,3.91
2006-12-12,GoC_10Y,3.89
2006-12-13,GoC_10Y,3.96
2006-12-14,GoC_10Y,3.98
2006-12-15,GoC_10Y,4.01
2006-12-18,GoC_10Y,4.04
2006-12-19,GoC_10Y,4.03
2006-12-20,GoC_10Y,4.02
2006-12-21,GoC_10Y,3.97
2006-12-22,GoC_10Y,4.01
2006-12-27,GoC_10Y,4.05
2006-12-28,GoC_10Y,4.08
2006-12-29,GoC_10Y,4.08
2007-01-02,GoC_10Y,4.06
2007-01-03,GoC_10Y,4.04
2007-01-04,GoC_10Y,3.99
2007-01-05,GoC_10Y,4.03
2007-01-08,GoC_10Y,4.05
2007-01-09,GoC_10Y,4.05
2007-01-10,GoC_10Y,4.07
2007-01-11,GoC_10Y,4.11
2007-01-12,GoC_10Y,4.13
2007-01-15,GoC_10Y,4.14
2007-01-16,GoC_10Y,4.13
2007-01-17,GoC_10Y,4.16
2007-01-18,GoC_10Y,4.13
2007-01-19,GoC_10Y,4.13
2007-01-22,GoC_10Y,4.13
2007-01-23,GoC_10Y,4.16
2007-01-24,GoC_10Y,4.17
2007-01-25,GoC_10Y,4.2
2007-01-26,GoC_10Y,4.19
2007-01-29,GoC_10Y,4.22
2007-01-30,GoC_10Y,4.22
2007-01-31,GoC_10Y,4.17
2007-02-01,GoC_10Y,4.19
2007-02-02,GoC_10Y,4.18
2007-02-05,GoC_10Y,4.16
2007-02-06,GoC_10Y,4.13
2007-02-07,GoC_10Y,4.11
2007-02-08,GoC_10Y,4.1
2007-02-09,GoC_10Y,4.16
2007-02-12,GoC_10Y,4.2
2007-02-13,GoC_10Y,4.22
2007-02-14,GoC_10Y,4.14
2007-02-15,GoC_10Y,4.11
2007-02-16,GoC_10Y,4.1
2007-02-19,GoC_10Y,4.09
2007-02-20,GoC_10Y,4.07
2007-02-21,GoC_10Y,4.09
2007-02-22,GoC_10Y,4.13
2007-02-23,GoC_10Y,4.1
2007-02-26,GoC_10Y,4.06
2007-02-27,GoC_10Y,3.98
2007-02-28,GoC_10Y,4.03
2007-03-01,GoC_10Y,4.02
2007-03-02,GoC_10Y,3.99
2007-03-05,GoC_10Y,3.99
2007-03-06,GoC_10Y,4.0
2007-03-07,GoC_10Y,3.95
2007-03-08,GoC_10Y,3.98
2007-03-09,GoC_10Y,4.05
2007-03-12,GoC_10Y,4.02
2007-03-13,GoC_10Y,3.98
2007-03-14,GoC_10Y,4.02
2007-03-15,GoC_10Y,4.02
2007-03-16,GoC_10Y,4.03
2007-03-19,GoC_10Y,4.06
2007-03-20,GoC_10Y,4.08
2007-03-21,GoC_10Y,4.08
2007-03-22,GoC_10Y,4.1
2007-03-23,GoC_10Y,4.11
2007-03-26,GoC_10Y,4.11
2007-03-27,GoC_10Y,4.09
2007-03-28,GoC_10Y,4.1
2007-03-29,GoC_10Y,4.12
2007-03-30,GoC_10Y,4.11
2007-04-02,GoC_10Y,4.11
2007-04-03,GoC_10Y,4.14
2007-04-04,GoC_10Y,4.11
2007-04-05,GoC_10Y,4.14
2007-04-09,GoC_10Y,4.19
2007-04-10,GoC_10Y,4.16
2007-04-11,GoC_10Y,4.18
2007-04-12,GoC_10Y,4.19
2007-04-13,GoC_10Y,4.21
2007-04-16,GoC_10Y,4.21
2007-04-17,GoC_10Y,4.18
2007-04-18,GoC_10Y,4.18
2007-04-19,GoC_10Y,4.19
2007-04-20,GoC_10Y,4.21
2007-04-23,GoC_10Y,4.18
2007-04-24,GoC_10Y,4.15
2007-04-25,GoC_10Y,4.15
2007-04-26,GoC_10Y,4.19
2007-04-27,GoC_10Y,4.22
2007-04-30,GoC_10Y,4.14
2007-05-01,GoC_10Y,4.16
2007-05-02,GoC_10Y,4.18
2007-05-03,GoC_10Y,4.22
2007-05-04,GoC_10Y,4.2
2007-05-07,GoC_10Y,4.18
2007-05-08,GoC_10Y,4.18
2007-05-09,GoC_10Y,4.19
2007-05-10,GoC_10Y,4.19
2007-05-11,GoC_10Y,4.18
2007-05-14,GoC_10Y,4.23
2007-05-15,GoC_10Y,4.23
2007-05-16,GoC_10Y,4.23
2007-05-17,GoC_10Y,4.3
2007-05-18,GoC_10Y,4.31
2007-05-22,GoC_10Y,4.35
2007-05-23,GoC_10Y,4.38
2007-05-24,GoC_10Y,4.4
2007-05-25,GoC_10Y,4.42
2007-05-28,GoC_10Y,4.44
2007-05-29,GoC_10Y,4.5
2007-05-30,GoC_10Y,4.48
2007-05-31,GoC_10Y,4.49
2007-06-01,GoC_10Y,4.51
2007-06-04,GoC_10Y,4.47
2007-06-05,GoC_10Y,4.52
2007-06-06,GoC_10Y,4.52
2007-06-07,GoC_10Y,4.61
2007-06-08,GoC_10Y,4.62
2007-06-11,GoC_10Y,4.65
2007-06-12,GoC_10Y,4.73
2007-06-13,GoC_10Y,4.68
2007-06-14,GoC_10Y,4.69
2007-06-15,GoC_10Y,4.61
2007-06-18,GoC_10Y,4.65
2007-06-19,GoC_10Y,4.62
2007-06-20,GoC_10Y,4.64
2007-06-21,GoC_10Y,4.67
2007-06-22,GoC_10Y,4.65
2007-06-25,GoC_10Y,4.62
2007-06-26,GoC_10Y,4.61
2007-06-27,GoC_10Y,4.62
2007-06-28,GoC_10Y,4.63
2007-06-29,GoC_10Y,4.55
2007-07-03,GoC_10Y,4.55
2007-07-04,GoC_10Y,4.58
2007-07-05,GoC_10Y,4.64
2007-07-06,GoC_10Y,4.7
2007-07-09,GoC_10Y,4.67
2007-07-10,GoC_10Y,4.57
2007-07-11,GoC_10Y,4.61
2007-07-12,GoC_10Y,4.66
2007-07-13,GoC_10Y,4.64
2007-07-16,GoC_10Y,4.59
2007-07-17,GoC_10Y,4.63
2007-07-18,GoC_10Y,4.61
2007-07-19,GoC_10Y,4.61
2007-07-20,GoC_10Y,4.56
2007-07-23,GoC_10Y,4.56
2007-07-24,GoC_10Y,4.57
2007-07-25,GoC_10Y,4.58
2007-07-26,GoC_10Y,4.52
2007-07-27,GoC_10Y,4.48
2007-07-30,GoC_10Y,4.54
2007-07-31,GoC_10Y,4.52
2007-08-01,GoC_10Y,4.52
2007-08-02,GoC_10Y,4.5
2007-08-03,GoC_10Y,4.47
2007-08-07,GoC_10Y,4.48
2007-08-08,GoC_10Y,4.55
2007-08-09,GoC_10Y,4.52
2007-08-10,GoC_10Y,4.52
2007-08-13,GoC_10Y,4.46
2007-08-14,GoC_10Y,4.42
2007-08-15,GoC_10Y,4.44
2007-08-16,GoC_10Y,4.43
2007-08-17,GoC_10Y,4.41
2007-08-20,GoC_10Y,4.37
2007-08-21,GoC_10Y,4.36
2007-08-22,GoC_10Y,4.41
2007-08-23,GoC_10Y,4.41
2007-08-24,GoC_10Y,4.38
2007-08-27,GoC_10Y,4.33
2007-08-28,GoC_10Y,4.29
2007-08-29,GoC_10Y,4.38
2007-08-30,GoC_10Y,4.36
2007-08-31,GoC_10Y,4.42
2007-09-04,GoC_10Y,4.4
2007-09-05,GoC_10Y,4.34
2007-09-06,GoC_10Y,4.35
2007-09-07,GoC_10Y,4.28
2007-09-10,GoC_10Y,4.27
2007-09-11,GoC_10Y,4.33
2007-09-12,GoC_10Y,4.33
2007-09-13,GoC_10Y,4.35
2007-09-14,GoC_10Y,4.33
2007-09-17,GoC_10Y,4.31
2007-09-18,GoC_10Y,4.31
2007-09-19,GoC_10Y,4.4
2007-09-20,GoC_10Y,4.48
2007-09-21,GoC_10Y,4.38
2007-09-24,GoC_10Y,4.39
2007-09-25,GoC_10Y,4.38
2007-09-26,GoC_10Y,4.41
2007-09-27,GoC_10Y,4.39
2007-09-28,GoC_10Y,4.34
2007-10-01,GoC_10Y,4.33
2007-10-02,GoC_10Y,4.32
2007-10-03,GoC_10Y,4.36
2007-10-04,GoC_10Y,4.31
2007-10-05,GoC_10Y,4.43
2007-10-09,GoC_10Y,4.48
2007-10-10,GoC_10Y,4.44
2007-10-11,GoC_10Y,4.43
2007-10-12,GoC_10Y,4.49
2007-10-15,GoC_10Y,4.48
2007-10-16,GoC_10Y,4.46
2007-10-17,GoC_10Y,4.43
2007-10-18,GoC_10Y,4.37
2007-10-19,GoC_10Y,4.3
2007-10-22,GoC_10Y,4.31
2007-10-23,GoC_10Y,4.31
2007-10-24,GoC_10Y,4.28
2007-10-25,GoC_10Y,4.32
2007-10-26,GoC_10Y,4.28
2007-10-29,GoC_10Y,4.27
2007-10-30,GoC_10Y,4.27
2007-10-31,GoC_10Y,4.31
2007-11-01,GoC_10Y,4.25
2007-11-02,GoC_10Y,4.3
2007-11-05,GoC_10Y,4.29
2007-11-06,GoC_10Y,4.31
2007-11-07,GoC_10Y,4.25
2007-11-08,GoC_10Y,4.26
2007-11-09,GoC_10Y,4.21
2007-11-13,GoC_10Y,4.23
2007-11-14,GoC_10Y,4.2
2007-11-15,GoC_10Y,4.12
2007-11-16,GoC_10Y,4.13
2007-11-19,GoC_10Y,4.03
2007-11-20,GoC_10Y,4.06
2007-11-21,GoC_10Y,4.0
2007-11-22,GoC_10Y,3.99
2007-11-23,GoC_10Y,3.99
2007-11-26,GoC_10Y,3.91
2007-11-27,GoC_10Y,4.0
2007-11-28,GoC_10Y,4.07
2007-11-29,GoC_10Y,3.97
2007-11-30,GoC_10Y,3.98
2007-12-03,GoC_10Y,3.89
2007-12-04,GoC_10Y,3.87
2007-12-05,GoC_10Y,3.93
2007-12-06,GoC_10Y,3.96
2007-12-07,GoC_10Y,4.03
2007-12-10,GoC_10Y,4.06
2007-12-11,GoC_10Y,3.93
2007-12-12,GoC_10Y,4.02
2007-12-13,GoC_10Y,4.15
2007-12-14,GoC_10Y,4.14
2007-12-17,GoC_10Y,4.05
2007-12-18,GoC_10Y,4.02
2007-12-19,GoC_10Y,3.98
2007-12-20,GoC_10Y,4.0
2007-12-21,GoC_10Y,4.08
2007-12-24,GoC_10Y,4.09
2007-12-27,GoC_10Y,4.09
2007-12-28,GoC_10Y,4.02
2007-12-31,GoC_10Y,3.99
2008-01-02,GoC_10Y,3.91
2008-01-03,GoC_10Y,3.93
2008-01-04,GoC_10Y,3.89
2008-01-07,GoC_10Y,3.87
2008-01-08,GoC_10Y,3.85
2008-01-09,GoC_10Y,3.87
2008-01-10,GoC_10Y,3.87
2008-01-11,GoC_10Y,3.79
2008-01-14,GoC_10Y,3.81
2008-01-15,GoC_10Y,3.78
2008-01-16,GoC_10Y,3.82
2008-01-17,GoC_10Y,3.77
2008-01-18,GoC_10Y,3.8
2008-01-21,GoC_10Y,3.74
2008-01-22,GoC_10Y,3.79
2008-01-23,GoC_10Y,3.88
2008-01-24,GoC_10Y,3.94
2008-01-25,GoC_10Y,3.85
2008-01-28,GoC_10Y,3.84
2008-01-29,GoC_10Y,3.9
2008-01-30,GoC_10Y,3.88
2008-01-31,GoC_10Y,3.88
2008-02-01,GoC_10Y,3.81
2008-02-04,GoC_10Y,3.84
2008-02-05,GoC_10Y,3.74
2008-02-06,GoC_10Y,3.78
2008-02-07,GoC_10Y,3.86
2008-02-08,GoC_10Y,3.82
2008-02-11,GoC_10Y,3.79
2008-02-12,GoC_10Y,3.84
2008-02-13,GoC_10Y,3.87
2008-02-14,GoC_10Y,3.88
2008-02-15,GoC_10Y,3.82
2008-02-19,GoC_10Y,3.93
2008-02-20,GoC_10Y,3.92
2008-02-21,GoC_10Y,3.86
2008-02-22,GoC_10Y,3.88
2008-02-25,GoC_10Y,3.92
2008-02-26,GoC_10Y,3.85
2008-02-27,GoC_10Y,3.81
2008-02-28,GoC_10Y,3.7
2008-02-29,GoC_10Y,3.64
2008-03-03,GoC_10Y,3.61
2008-03-04,GoC_10Y,3.64
2008-03-05,GoC_10Y,3.64
2008-03-06,GoC_10Y,3.55
2008-03-07,GoC_10Y,3.56
2008-03-10,GoC_10Y,3.52
2008-03-11,GoC_10Y,3.58
2008-03-12,GoC_10Y,3.52
2008-03-13,GoC_10Y,3.51
2008-03-14,GoC_10Y,3.48
2008-03-17,GoC_10Y,3.4
2008-03-18,GoC_10Y,3.48
2008-03-19,GoC_10Y,3.44
2008-03-20,GoC_10Y,3.45
2008-03-24,GoC_10Y,3.52
2008-03-25,GoC_10Y,3.48
2008-03-26,GoC_10Y,3.46
2008-03-27,GoC_10Y,3.46
2008-03-28,GoC_10Y,3.45
2008-03-31,GoC_10Y,3.43
2008-04-01,GoC_10Y,3.56
2008-04-02,GoC_10Y,3.62
2008-04-03,GoC_10Y,3.58
2008-04-04,GoC_10Y,3.52
2008-04-07,GoC_10Y,3.59
2008-04-08,GoC_10Y,3.61
2008-04-09,GoC_10Y,3.55
2008-04-10,GoC_10Y,3.62
2008-04-11,GoC_10Y,3.55
2008-04-14,GoC_10Y,3.56
2008-04-15,GoC_10Y,3.63
2008-04-16,GoC_10Y,3.66
2008-04-17,GoC_10Y,3.68
2008-04-18,GoC_10Y,3.68
2008-04-21,GoC_10Y,3.66
2008-04-22,GoC_10Y,3.64
2008-04-23,GoC_10Y,3.66
2008-04-24,GoC_10Y,3.72
2008-04-25,GoC_10Y,3.75
2008-04-28,GoC_10Y,3.72
2008-04-29,GoC_10Y,3.69
2008-04-30,GoC_10Y,3.58
2008-05-01,GoC_10Y,3.56
2008-05-02,GoC_10Y,3.61
2008-05-05,GoC_10Y,3.62
2008-05-06,GoC_10Y,3.69
2008-05-07,GoC_10Y,3.67
2008-05-08,GoC_10Y,3.64
2008-05-09,GoC_10Y,3.58
2008-05-12,GoC_10Y,3.56
2008-05-13,GoC_10Y,3.6
2008-05-14,GoC_10Y,3.6
2008-05-15,GoC_10Y,3.56
2008-05-16,GoC_10Y,3.57
2008-05-20,GoC_10Y,3.51
2008-05-21,GoC_10Y,3.58
2008-05-22,GoC_10Y,3.66
2008-05-23,GoC_10Y,3.63
2008-05-26,GoC_10Y,3.65
2008-05-27,GoC_10Y,3.66
2008-05-28,GoC_10Y,3.68
2008-05-29,GoC_10Y,3.71
2008-05-30,GoC_10Y,3.71
2008-06-02,GoC_10Y,3.64
2008-06-03,GoC_10Y,3.62
2008-06-04,GoC_10Y,3.63
2008-06-05,GoC_10Y,3.7
2008-06-06,GoC_10Y,3.65
2008-06-09,GoC_10Y,3.71
2008-06-10,GoC_10Y,3.84
2008-06-11,GoC_10Y,3.8
2008-06-12,GoC_10Y,3.88
2008-06-13,GoC_10Y,3.89
2008-06-16,GoC_10Y,3.88
2008-06-17,GoC_10Y,3.84
2008-06-18,GoC_10Y,3.82
2008-06-19,GoC_10Y,3.87
2008-06-20,GoC_10Y,3.83
2008-06-23,GoC_10Y,3.8
2008-06-24,GoC_10Y,3.71
2008-06-25,GoC_10Y,3.71
2008-06-26,GoC_10Y,3.7
2008-06-27,GoC_10Y,3.7
2008-06-30,GoC_10Y,3.74
2008-07-02,GoC_10Y,3.75
2008-07-03,GoC_10Y,3.74
2008-07-04,GoC_10Y,3.71
2008-07-07,GoC_10Y,3.67
2008-07-08,GoC_10Y,3.7
2008-07-09,GoC_10Y,3.68
2008-07-10,GoC_10Y,3.67
2008-07-11,GoC_10Y,3.7
2008-07-14,GoC_10Y,3.71
2008-07-15,GoC_10Y,3.68
2008-07-16,GoC_10Y,3.73
2008-07-17,GoC_10Y,3.77
2008-07-18,GoC_10Y,3.8
2008-07-21,GoC_10Y,3.81
2008-07-22,GoC_10Y,3.85
2008-07-23,GoC_10Y,3.85
2008-07-24,GoC_10Y,3.79
2008-07-25,GoC_10Y,3.84
2008-07-28,GoC_10Y,3.77
2008-07-29,GoC_10Y,3.78
2008-07-30,GoC_10Y,3.81
2008-07-31,GoC_10Y,3.7
2008-08-01,GoC_10Y,3.65
2008-08-05,GoC_10Y,3.69
2008-08-06,GoC_10Y,3.7
2008-08-07,GoC_10Y,3.64
2008-08-08,GoC_10Y,3.61
2008-08-11,GoC_10Y,3.63
2008-08-12,GoC_10Y,3.59
2008-08-13,GoC_10Y,3.61
2008-08-14,GoC_10Y,3.6
2008-08-15,GoC_10Y,3.57
2008-08-18,GoC_10Y,3.53
2008-08-19,GoC_10Y,3.56
2008-08-20,GoC_10Y,3.58
2008-08-21,GoC_10Y,3.59
2008-08-22,GoC_10Y,3.61
2008-08-25,GoC_10Y,3.57
2008-08-26,GoC_10Y,3.54
2008-08-27,GoC_10Y,3.52
2008-08-28,GoC_10Y,3.51
2008-08-29,GoC_10Y,3.53
2008-09-02,GoC_10Y,3.49
2008-09-03,GoC_10Y,3.47
2008-09-04,GoC_10Y,3.44
2008-09-05,GoC_10Y,3.47
2008-09-08,GoC_10Y,3.47
2008-09-09,GoC_10Y,3.46
2008-09-10,GoC_10Y,3.45
2008-09-11,GoC_10Y,3.49
2008-09-12,GoC_10Y,3.59
2008-09-15,GoC_10Y,3.37
2008-09-16,GoC_10Y,3.44
2008-09-17,GoC_10Y,3.43
2008-09-18,GoC_10Y,3.51
2008-09-19,GoC_10Y,3.69
2008-09-22,GoC_10Y,3.65
2008-09-23,GoC_10Y,3.65
2008-09-24,GoC_10Y,3.66
2008-09-25,GoC_10Y,3.69
2008-09-26,GoC_10Y,3.68
2008-09-29,GoC_10Y,3.51
2008-09-30,GoC_10Y,3.75
2008-10-01,GoC_10Y,3.71
2008-10-02,GoC_10Y,3.65
2008-10-03,GoC_10Y,3.58
2008-10-06,GoC_10Y,3.45
2008-10-07,GoC_10Y,3.51
2008-10-08,GoC_10Y,3.58
2008-10-09,GoC_10Y,3.63
2008-10-10,GoC_10Y,3.79
2008-10-14,GoC_10Y,3.82
2008-10-15,GoC_10Y,3.74
2008-10-16,GoC_10Y,3.75
2008-10-17,GoC_10Y,3.72
2008-10-20,GoC_10Y,3.72
2008-10-21,GoC_10Y,3.69
2008-10-22,GoC_10Y,3.6
2008-10-23,GoC_10Y,3.62
2008-10-24,GoC_10Y,3.63
2008-10-27,GoC_10Y,3.61
2008-10-28,GoC_10Y,3.69
2008-10-29,GoC_10Y,3.74
2008-10-30,GoC_10Y,3.71
2008-10-31,GoC_10Y,3.76
2008-11-03,GoC_10Y,3.8
2008-11-04,GoC_10Y,3.75
2008-11-05,GoC_10Y,3.74
2008-11-06,GoC_10Y,3.74
2008-11-07,GoC_10Y,3.71
2008-11-10,GoC_10Y,3.72
2008-11-12,GoC_10Y,3.65
2008-11-13,GoC_10Y,3.74
2008-11-14,GoC_10Y,3.64
2008-11-17,GoC_10Y,3.57
2008-11-18,GoC_10Y,3.55
2008-11-19,GoC_10Y,3.5
2008-11-20,GoC_10Y,3.35
2008-11-21,GoC_10Y,3.47
2008-11-24,GoC_10Y,3.5
2008-11-25,GoC_10Y,3.4
2008-11-26,GoC_10Y,3.36
2008-11-27,GoC_10Y,3.35
2008-11-28,GoC_10Y,3.32
2008-12-01,GoC_10Y,3.14
2008-12-02,GoC_10Y,3.16
2008-12-03,GoC_10Y,3.15
2008-12-04,GoC_10Y,3.05
2008-12-05,GoC_10Y,3.09
2008-12-08,GoC_10Y,3.1
2008-12-09,GoC_10Y,3.08
2008-12-10,GoC_10Y,3.09
2008-12-11,GoC_10Y,3.07
2008-12-12,GoC_10Y,3.09
2008-12-15,GoC_10Y,3.06
2008-12-16,GoC_10Y,2.94
2008-12-17,GoC_10Y,2.87
2008-12-18,GoC_10Y,2.78
2008-12-19,GoC_10Y,2.81
2008-12-22,GoC_10Y,2.82
2008-12-23,GoC_10Y,2.8
2008-12-24,GoC_10Y,2.8
2008-12-29,GoC_10Y,2.62
2008-12-30,GoC_10Y,2.65
2008-12-31,GoC_10Y,2.69
2009-01-02,GoC_10Y,2.83
2009-01-05,GoC_10Y,2.9
2009-01-06,GoC_10Y,2.88
2009-01-07,GoC_10Y,2.93
2009-01-08,GoC_10Y,2.87
2009-01-09,GoC_10Y,2.81
2009-01-12,GoC_10Y,2.75
2009-01-13,GoC_10Y,2.72
2009-01-14,GoC_10Y,2.55
2009-01-15,GoC_10Y,2.59
2009-01-16,GoC_10Y,2.62
2009-01-19,GoC_10Y,2.7
2009-01-20,GoC_10Y,2.68
2009-01-21,GoC_10Y,2.73
2009-01-22,GoC_10Y,2.75
2009-01-23,GoC_10Y,2.82
2009-01-26,GoC_10Y,2.92
2009-01-27,GoC_10Y,2.9
2009-01-28,GoC_10Y,2.97
2009-01-29,GoC_10Y,3.08
2009-01-30,GoC_10Y,3.06
2009-02-02,GoC_10Y,2.99
2009-02-03,GoC_10Y,3.07
2009-02-04,GoC_10Y,3.12
2009-02-05,GoC_10Y,3.01
2009-02-06,GoC_10Y,3.04
2009-02-09,GoC_10Y,3.08
2009-02-10,GoC_10Y,2.98
2009-02-11,GoC_10Y,2.94
2009-02-12,GoC_10Y,2.91
2009-02-13,GoC_10Y,2.95
2009-02-17,GoC_10Y,2.81
2009-02-18,GoC_10Y,2.86
2009-02-19,GoC_10Y,2.9
2009-02-20,GoC_10Y,2.87
2009-02-23,GoC_10Y,2.84
2009-02-24,GoC_10Y,2.86
2009-02-25,GoC_10Y,2.95
2009-02-26,GoC_10Y,2.95
2009-02-27,GoC_10Y,3.12
2009-03-02,GoC_10Y,3.01
2009-03-03,GoC_10Y,2.99
2009-03-04,GoC_10Y,3.01
2009-03-05,GoC_10Y,2.92
2009-03-06,GoC_10Y,2.94
2009-03-09,GoC_10Y,2.93
2009-03-10,GoC_10Y,2.99
2009-03-11,GoC_10Y,2.92
2009-03-12,GoC_10Y,2.92
2009-03-13,GoC_10Y,2.87
2009-03-16,GoC_10Y,2.88
2009-03-17,GoC_10Y,2.93
2009-03-18,GoC_10Y,2.7
2009-03-19,GoC_10Y,2.7
2009-03-20,GoC_10Y,2.74
2009-03-23,GoC_10Y,2.76
2009-03-24,GoC_10Y,2.89
2009-03-25,GoC_10Y,2.96
2009-03-26,GoC_10Y,2.89
2009-03-27,GoC_10Y,2.93
2009-03-30,GoC_10Y,2.82
2009-03-31,GoC_10Y,2.79
2009-04-01,GoC_10Y,2.77
2009-04-02,GoC_10Y,2.86
2009-04-03,GoC_10Y,2.93
2009-04-06,GoC_10Y,2.99
2009-04-07,GoC_10Y,2.94
2009-04-08,GoC_10Y,2.89
2009-04-09,GoC_10Y,2.94
2009-04-13,GoC_10Y,2.94
2009-04-14,GoC_10Y,2.91
2009-04-15,GoC_10Y,2.94
2009-04-16,GoC_10Y,2.96
2009-04-17,GoC_10Y,3.01
2009-04-20,GoC_10Y,2.88
2009-04-21,GoC_10Y,2.9
2009-04-22,GoC_10Y,2.93
2009-04-23,GoC_10Y,3.0
2009-04-24,GoC_10Y,3.01
2009-04-27,GoC_10Y,3.01
2009-04-28,GoC_10Y,3.06
2009-04-29,GoC_10Y,3.08
2009-04-30,GoC_10Y,3.09
2009-05-01,GoC_10Y,3.09
2009-05-04,GoC_10Y,3.09
2009-05-05,GoC_10Y,3.05
2009-05-06,GoC_10Y,3.07
2009-05-07,GoC_10Y,3.14
2009-05-08,GoC_10Y,3.16
2009-05-11,GoC_10Y,3.1
2009-05-12,GoC_10Y,3.13
2009-05-13,GoC_10Y,3.1
2009-05-14,GoC_10Y,3.09
2009-05-15,GoC_10Y,3.1
2009-05-19,GoC_10Y,3.14
2009-05-20,GoC_10Y,3.14
2009-05-21,GoC_10Y,3.27
2009-05-22,GoC_10Y,3.26
2009-05-25,GoC_10Y,3.27
2009-05-26,GoC_10Y,3.42
2009-05-27,GoC_10Y,3.57
2009-05-28,GoC_10Y,3.46
2009-05-29,GoC_10Y,3.39
2009-06-01,GoC_10Y,3.45
2009-06-02,GoC_10Y,3.42
2009-06-03,GoC_10Y,3.34
2009-06-04,GoC_10Y,3.4
2009-06-05,GoC_10Y,3.44
2009-06-08,GoC_10Y,3.52
2009-06-09,GoC_10Y,3.54
2009-06-10,GoC_10Y,3.65
2009-06-11,GoC_10Y,3.53
2009-06-12,GoC_10Y,3.5
2009-06-15,GoC_10Y,3.51
2009-06-16,GoC_10Y,3.44
2009-06-17,GoC_10Y,3.44
2009-06-18,GoC_10Y,3.51
2009-06-19,GoC_10Y,3.52
2009-06-22,GoC_10Y,3.43
2009-06-23,GoC_10Y,3.43
2009-06-24,GoC_10Y,3.45
2009-06-25,GoC_10Y,3.42
2009-06-26,GoC_10Y,3.4
2009-06-29,GoC_10Y,3.4
2009-06-30,GoC_10Y,3.36
2009-07-02,GoC_10Y,3.35
2009-07-03,GoC_10Y,3.35
2009-07-06,GoC_10Y,3.34
2009-07-07,GoC_10Y,3.33
2009-07-08,GoC_10Y,3.27
2009-07-09,GoC_10Y,3.31
2009-07-10,GoC_10Y,3.28
2009-07-13,GoC_10Y,3.32
2009-07-14,GoC_10Y,3.43
2009-07-15,GoC_10Y,3.49
2009-07-16,GoC_10Y,3.42
2009-07-17,GoC_10Y,3.49
2009-07-20,GoC_10Y,3.43
2009-07-21,GoC_10Y,3.41
2009-07-22,GoC_10Y,3.45
2009-07-23,GoC_10Y,3.53
2009-07-24,GoC_10Y,3.55
2009-07-27,GoC_10Y,3.58
2009-07-28,GoC_10Y,3.56
2009-07-29,GoC_10Y,3.53
2009-07-30,GoC_10Y,3.56
2009-07-31,GoC_10Y,3.46
2009-08-04,GoC_10Y,3.53
2009-08-05,GoC_10Y,3.58
2009-08-06,GoC_10Y,3.55
2009-08-07,GoC_10Y,3.61
2009-08-10,GoC_10Y,3.55
2009-08-11,GoC_10Y,3.5
2009-08-12,GoC_10Y,3.52
2009-08-13,GoC_10Y,3.5
2009-08-14,GoC_10Y,3.47
2009-08-17,GoC_10Y,3.41
2009-08-18,GoC_10Y,3.42
2009-08-19,GoC_10Y,3.4
2009-08-20,GoC_10Y,3.39
2009-08-21,GoC_10Y,3.48
2009-08-24,GoC_10Y,3.43
2009-08-25,GoC_10Y,3.4
2009-08-26,GoC_10Y,3.39
2009-08-27,GoC_10Y,3.39
2009-08-28,GoC_10Y,3.4
2009-08-31,GoC_10Y,3.37
2009-09-01,GoC_10Y,3.35
2009-09-02,GoC_10Y,3.32
2009-09-03,GoC_10Y,3.34
2009-09-04,GoC_10Y,3.37
2009-09-08,GoC_10Y,3.4
2009-09-09,GoC_10Y,3.41
2009-09-10,GoC_10Y,3.33
2009-09-11,GoC_10Y,3.32
2009-09-14,GoC_10Y,3.37
2009-09-15,GoC_10Y,3.37
2009-09-16,GoC_10Y,3.38
2009-09-17,GoC_10Y,3.36
2009-09-18,GoC_10Y,3.39
2009-09-21,GoC_10Y,3.41
2009-09-22,GoC_10Y,3.42
2009-09-23,GoC_10Y,3.41
2009-09-24,GoC_10Y,3.4
2009-09-25,GoC_10Y,3.36
2009-09-28,GoC_10Y,3.33
2009-09-29,GoC_10Y,3.33
2009-09-30,GoC_10Y,3.31
2009-10-01,GoC_10Y,3.25
2009-10-02,GoC_10Y,3.26
2009-10-05,GoC_10Y,3.24
2009-10-06,GoC_10Y,3.29
2009-10-07,GoC_10Y,3.28
2009-10-08,GoC_10Y,3.35
2009-10-09,GoC_10Y,3.51
2009-10-13,GoC_10Y,3.49
2009-10-14,GoC_10Y,3.52
2009-10-15,GoC_10Y,3.55
2009-10-16,GoC_10Y,3.48
2009-10-19,GoC_10Y,3.5
2009-10-20,GoC_10Y,3.42
2009-10-21,GoC_10Y,3.44
2009-10-22,GoC_10Y,3.46
2009-10-23,GoC_10Y,3.5
2009-10-26,GoC_10Y,3.54
2009-10-27,GoC_10Y,3.48
2009-10-28,GoC_10Y,3.45
2009-10-29,GoC_10Y,3.5
2009-10-30,GoC_10Y,3.42
2009-11-02,GoC_10Y,3.44
2009-11-03,GoC_10Y,3.43
2009-11-04,GoC_10Y,3.48
2009-11-05,GoC_10Y,3.53
2009-11-06,GoC_10Y,3.52
2009-11-09,GoC_10Y,3.5
2009-11-10,GoC_10Y,3.5
2009-11-12,GoC_10Y,3.51
2009-11-13,GoC_10Y,3.47
2009-11-16,GoC_10Y,3.39
2009-11-17,GoC_10Y,3.37
2009-11-18,GoC_10Y,3.41
2009-11-19,GoC_10Y,3.38
2009-11-20,GoC_10Y,3.38
2009-11-23,GoC_10Y,3.37
2009-11-24,GoC_10Y,3.28
2009-11-25,GoC_10Y,3.25
2009-11-26,GoC_10Y,3.2
2009-11-27,GoC_10Y,3.22
2009-11-30,GoC_10Y,3.22
2009-12-01,GoC_10Y,3.25
2009-12-02,GoC_10Y,3.25
2009-12-03,GoC_10Y,3.23
2009-12-04,GoC_10Y,3.32
2009-12-07,GoC_10Y,3.28
2009-12-08,GoC_10Y,3.29
2009-12-09,GoC_10Y,3.32
2009-12-10,GoC_10Y,3.35
2009-12-11,GoC_10Y,3.38
2009-12-14,GoC_10Y,3.4
2009-12-15,GoC_10Y,3.4
2009-12-16,GoC_10Y,3.4
2009-12-17,GoC_10Y,3.37
2009-12-18,GoC_10Y,3.41
2009-12-21,GoC_10Y,3.51
2009-12-22,GoC_10Y,3.59
2009-12-23,GoC_10Y,3.57
2009-12-24,GoC_10Y,3.6
2009-12-29,GoC_10Y,3.61
2009-12-30,GoC_10Y,3.6
2009-12-31,GoC_10Y,3.61
2010-01-04,GoC_10Y,3.6
2010-01-05,GoC_10Y,3.56
2010-01-06,GoC_10Y,3.62
2010-01-07,GoC_10Y,3.63
2010-01-08,GoC_10Y,3.59
2010-01-11,GoC_10Y,3.61
2010-01-12,GoC_10Y,3.55
2010-01-13,GoC_10Y,3.61
2010-01-14,GoC_10Y,3.55
2010-01-15,GoC_10Y,3.49
2010-01-18,GoC_10Y,3.47
2010-01-19,GoC_10Y,3.48
2010-01-20,GoC_10Y,3.42
2010-01-21,GoC_10Y,3.39
2010-01-22,GoC_10Y,3.37
2010-01-25,GoC_10Y,3.38
2010-01-26,GoC_10Y,3.36
2010-01-27,GoC_10Y,3.35
2010-01-28,GoC_10Y,3.33
2010-01-29,GoC_10Y,3.34
2010-02-01,GoC_10Y,3.38
2010-02-02,GoC_10Y,3.37
2010-02-03,GoC_10Y,3.42
2010-02-04,GoC_10Y,3.36
2010-02-05,GoC_10Y,3.36
2010-02-08,GoC_10Y,3.35
2010-02-09,GoC_10Y,3.38
2010-02-10,GoC_10Y,3.43
2010-02-11,GoC_10Y,3.47
2010-02-12,GoC_10Y,3.46
2010-02-16,GoC_10Y,3.44
2010-02-17,GoC_10Y,3.47
2010-02-18,GoC_10Y,3.49
2010-02-19,GoC_10Y,3.5
2010-02-22,GoC_10Y,3.5
2010-02-23,GoC_10Y,3.43
2010-02-24,GoC_10Y,3.45
2010-02-25,GoC_10Y,3.4
2010-02-26,GoC_10Y,3.39
2010-03-01,GoC_10Y,3.4
2010-03-02,GoC_10Y,3.39
2010-03-03,GoC_10Y,3.42
2010-03-04,GoC_10Y,3.42
2010-03-05,GoC_10Y,3.47
2010-03-08,GoC_10Y,3.51
2010-03-09,GoC_10Y,3.51
2010-03-10,GoC_10Y,3.53
2010-03-11,GoC_10Y,3.5
2010-03-12,GoC_10Y,3.53
2010-03-15,GoC_10Y,3.49
2010-03-16,GoC_10Y,3.44
2010-03-17,GoC_10Y,3.47
2010-03-18,GoC_10Y,3.45
2010-03-19,GoC_10Y,3.49
2010-03-22,GoC_10Y,3.45
2010-03-23,GoC_10Y,3.47
2010-03-24,GoC_10Y,3.54
2010-03-25,GoC_10Y,3.54
2010-03-26,GoC_10Y,3.55
2010-03-29,GoC_10Y,3.57
2010-03-30,GoC_10Y,3.58
2010-03-31,GoC_10Y,3.56
2010-04-01,GoC_10Y,3.55
2010-04-05,GoC_10Y,3.66
2010-04-06,GoC_10Y,3.68
2010-04-07,GoC_10Y,3.62
2010-04-08,GoC_10Y,3.67
2010-04-09,GoC_10Y,3.65
2010-04-12,GoC_10Y,3.66
2010-04-13,GoC_10Y,3.68
2010-04-14,GoC_10Y,3.71
2010-04-15,GoC_10Y,3.72
2010-04-16,GoC_10Y,3.68
2010-04-19,GoC_10Y,3.65
2010-04-20,GoC_10Y,3.7
2010-04-21,GoC_10Y,3.72
2010-04-22,GoC_10Y,3.72
2010-04-23,GoC_10Y,3.69
2010-04-26,GoC_10Y,3.68
2010-04-27,GoC_10Y,3.6
2010-04-28,GoC_10Y,3.66
2010-04-29,GoC_10Y,3.72
2010-04-30,GoC_10Y,3.65
2010-05-03,GoC_10Y,3.64
2010-05-04,GoC_10Y,3.55
2010-05-05,GoC_10Y,3.54
2010-05-06,GoC_10Y,3.47
2010-05-07,GoC_10Y,3.5
2010-05-10,GoC_10Y,3.58
2010-05-11,GoC_10Y,3.58
2010-05-12,GoC_10Y,3.59
2010-05-13,GoC_10Y,3.51
2010-05-14,GoC_10Y,3.43
2010-05-17,GoC_10Y,3.5
2010-05-18,GoC_10Y,3.4
2010-05-19,GoC_10Y,3.4
2010-05-20,GoC_10Y,3.32
2010-05-21,GoC_10Y,3.36
2010-05-25,GoC_10Y,3.26
2010-05-26,GoC_10Y,3.25
2010-05-27,GoC_10Y,3.37
2010-05-28,GoC_10Y,3.3
2010-05-31,GoC_10Y,3.36
2010-06-01,GoC_10Y,3.29
2010-06-02,GoC_10Y,3.38
2010-06-03,GoC_10Y,3.39
2010-06-04,GoC_10Y,3.28
2010-06-07,GoC_10Y,3.3
2010-06-08,GoC_10Y,3.32
2010-06-09,GoC_10Y,3.35
2010-06-10,GoC_10Y,3.43
2010-06-11,GoC_10Y,3.41
2010-06-14,GoC_10Y,3.44
2010-06-15,GoC_10Y,3.42
2010-06-16,GoC_10Y,3.36
2010-06-17,GoC_10Y,3.31
2010-06-18,GoC_10Y,3.32
2010-06-21,GoC_10Y,3.32
2010-06-22,GoC_10Y,3.25
2010-06-23,GoC_10Y,3.23
2010-06-24,GoC_10Y,3.23
2010-06-25,GoC_10Y,3.19
2010-06-28,GoC_10Y,3.16
2010-06-29,GoC_10Y,3.09
2010-06-30,GoC_10Y,3.08
2010-07-02,GoC_10Y,3.1
2010-07-05,GoC_10Y,3.07
2010-07-06,GoC_10Y,3.07
2010-07-07,GoC_10Y,3.16
2010-07-08,GoC_10Y,3.19
2010-07-09,GoC_10Y,3.23
2010-07-12,GoC_10Y,3.21
2010-07-13,GoC_10Y,3.27
2010-07-14,GoC_10Y,3.26
2010-07-15,GoC_10Y,3.23
2010-07-16,GoC_10Y,3.16
2010-07-19,GoC_10Y,3.16
2010-07-20,GoC_10Y,3.2
2010-07-21,GoC_10Y,3.15
2010-07-22,GoC_10Y,3.21
2010-07-23,GoC_10Y,3.23
2010-07-26,GoC_10Y,3.23
2010-07-27,GoC_10Y,3.26
2010-07-28,GoC_10Y,3.22
2010-07-29,GoC_10Y,3.17
2010-07-30,GoC_10Y,3.11
2010-08-03,GoC_10Y,3.1
2010-08-04,GoC_10Y,3.17
2010-08-05,GoC_10Y,3.11
2010-08-06,GoC_10Y,3.07
2010-08-09,GoC_10Y,3.07
2010-08-10,GoC_10Y,3.03
2010-08-11,GoC_10Y,2.97
2010-08-12,GoC_10Y,3.01
2010-08-13,GoC_10Y,2.98
2010-08-16,GoC_10Y,2.93
2010-08-17,GoC_10Y,2.96
2010-08-18,GoC_10Y,2.94
2010-08-19,GoC_10Y,2.92
2010-08-20,GoC_10Y,2.92
2010-08-23,GoC_10Y,2.88
2010-08-24,GoC_10Y,2.82
2010-08-25,GoC_10Y,2.83
2010-08-26,GoC_10Y,2.8
2010-08-27,GoC_10Y,2.87
2010-08-30,GoC_10Y,2.78
2010-08-31,GoC_10Y,2.78
2010-09-01,GoC_10Y,2.85
2010-09-02,GoC_10Y,2.87
2010-09-03,GoC_10Y,2.95
2010-09-07,GoC_10Y,2.81
2010-09-08,GoC_10Y,2.92
2010-09-09,GoC_10Y,2.97
2010-09-10,GoC_10Y,2.97
2010-09-13,GoC_10Y,2.95
2010-09-14,GoC_10Y,2.94
2010-09-15,GoC_10Y,2.96
2010-09-16,GoC_10Y,2.97
2010-09-17,GoC_10Y,2.93
2010-09-20,GoC_10Y,2.94
2010-09-21,GoC_10Y,2.89
2010-09-22,GoC_10Y,2.87
2010-09-23,GoC_10Y,2.83
2010-09-24,GoC_10Y,2.86
2010-09-27,GoC_10Y,2.8
2010-09-28,GoC_10Y,2.74
2010-09-29,GoC_10Y,2.74
2010-09-30,GoC_10Y,2.75
2010-10-01,GoC_10Y,2.79
2010-10-04,GoC_10Y,2.75
2010-10-05,GoC_10Y,2.77
2010-10-06,GoC_10Y,2.74
2010-10-07,GoC_10Y,2.75
2010-10-08,GoC_10Y,2.68
2010-10-12,GoC_10Y,2.72
2010-10-13,GoC_10Y,2.73
2010-10-14,GoC_10Y,2.76
2010-10-15,GoC_10Y,2.79
2010-10-18,GoC_10Y,2.76
2010-10-19,GoC_10Y,2.71
2010-10-20,GoC_10Y,2.75
2010-10-21,GoC_10Y,2.76
2010-10-22,GoC_10Y,2.74
2010-10-25,GoC_10Y,2.74
2010-10-26,GoC_10Y,2.82
2010-10-27,GoC_10Y,2.89
2010-10-28,GoC_10Y,2.87
2010-10-29,GoC_10Y,2.8
2010-11-01,GoC_10Y,2.83
2010-11-02,GoC_10Y,2.88
2010-11-03,GoC_10Y,2.87
2010-11-04,GoC_10Y,2.81
2010-11-05,GoC_10Y,2.85
2010-11-08,GoC_10Y,2.89
2010-11-09,GoC_10Y,2.97
2010-11-10,GoC_10Y,2.98
2010-11-12,GoC_10Y,3.02
2010-11-15,GoC_10Y,3.14
2010-11-16,GoC_10Y,3.07
2010-11-17,GoC_10Y,3.1
2010-11-18,GoC_10Y,3.12
2010-11-19,GoC_10Y,3.14
2010-11-22,GoC_10Y,3.08
2010-11-23,GoC_10Y,3.11
2010-11-24,GoC_10Y,3.19
2010-11-25,GoC_10Y,3.16
2010-11-26,GoC_10Y,3.11
2010-11-29,GoC_10Y,3.08
2010-11-30,GoC_10Y,3.07
2010-12-01,GoC_10Y,3.17
2010-12-02,GoC_10Y,3.2
2010-12-03,GoC_10Y,3.19
2010-12-06,GoC_10Y,3.12
2010-12-07,GoC_10Y,3.23
2010-12-08,GoC_10Y,3.25
2010-12-09,GoC_10Y,3.25
2010-12-10,GoC_10Y,3.31
2010-12-13,GoC_10Y,3.24
2010-12-14,GoC_10Y,3.34
2010-12-15,GoC_10Y,3.3
2010-12-16,GoC_10Y,3.26
2010-12-17,GoC_10Y,3.18
2010-12-20,GoC_10Y,3.17
2010-12-21,GoC_10Y,3.14
2010-12-22,GoC_10Y,3.17
2010-12-23,GoC_10Y,3.18
2010-12-24,GoC_10Y,3.17
2010-12-29,GoC_10Y,3.16
2010-12-30,GoC_10Y,3.16
2010-12-31,GoC_10Y,3.11
2011-01-04,GoC_10Y,3.17
2011-01-05,GoC_10Y,3.27
2011-01-06,GoC_10Y,3.22
2011-01-07,GoC_10Y,3.18
2011-01-10,GoC_10Y,3.17
2011-01-11,GoC_10Y,3.22
2011-01-12,GoC_10Y,3.26
2011-01-13,GoC_10Y,3.25
2011-01-14,GoC_10Y,3.27
2011-01-17,GoC_10Y,3.25
2011-01-18,GoC_10Y,3.27
2011-01-19,GoC_10Y,3.23
2011-01-20,GoC_10Y,3.3
2011-01-21,GoC_10Y,3.32
2011-01-24,GoC_10Y,3.31
2011-01-25,GoC_10Y,3.27
2011-01-26,GoC_10Y,3.31
2011-01-27,GoC_10Y,3.28
2011-01-28,GoC_10Y,3.24
2011-01-31,GoC_10Y,3.27
2011-02-01,GoC_10Y,3.34
2011-02-02,GoC_10Y,3.38
2011-02-03,GoC_10Y,3.42
2011-02-04,GoC_10Y,3.46
2011-02-07,GoC_10Y,3.43
2011-02-08,GoC_10Y,3.49
2011-02-09,GoC_10Y,3.45
2011-02-10,GoC_10Y,3.47
2011-02-11,GoC_10Y,3.47
2011-02-14,GoC_10Y,3.49
2011-02-15,GoC_10Y,3.48
2011-02-16,GoC_10Y,3.5
2011-02-17,GoC_10Y,3.49
2011-02-18,GoC_10Y,3.47
2011-02-22,GoC_10Y,3.36
2011-02-23,GoC_10Y,3.32
2011-02-24,GoC_10Y,3.32
2011-02-25,GoC_10Y,3.29
2011-02-28,GoC_10Y,3.3
2011-03-01,GoC_10Y,3.29
2011-03-02,GoC_10Y,3.33
2011-03-03,GoC_10Y,3.39
2011-03-04,GoC_10Y,3.33
2011-03-07,GoC_10Y,3.35
2011-03-08,GoC_10Y,3.4
2011-03-09,GoC_10Y,3.34
2011-03-10,GoC_10Y,3.27
2011-03-11,GoC_10Y,3.27
2011-03-14,GoC_10Y,3.22
2011-03-15,GoC_10Y,3.2
2011-03-16,GoC_10Y,3.13
2011-03-17,GoC_10Y,3.19
2011-03-18,GoC_10Y,3.17
2011-03-21,GoC_10Y,3.21
2011-03-22,GoC_10Y,3.18
2011-03-23,GoC_10Y,3.21
2011-03-24,GoC_10Y,3.22
2011-03-25,GoC_10Y,3.23
2011-03-28,GoC_10Y,3.26
2011-03-29,GoC_10Y,3.3
2011-03-30,GoC_10Y,3.29
2011-03-31,GoC_10Y,3.35
2011-04-01,GoC_10Y,3.37
2011-04-04,GoC_10Y,3.35
2011-04-05,GoC_10Y,3.38
2011-04-06,GoC_10Y,3.41
2011-04-07,GoC_10Y,3.43
2011-04-08,GoC_10Y,3.44
2011-04-11,GoC_10Y,3.48
2011-04-12,GoC_10Y,3.42
2011-04-13,GoC_10Y,3.37
2011-04-14,GoC_10Y,3.36
2011-04-15,GoC_10Y,3.3
2011-04-18,GoC_10Y,3.23
2011-04-19,GoC_10Y,3.27
2011-04-20,GoC_10Y,3.33
2011-04-21,GoC_10Y,3.29
2011-04-25,GoC_10Y,3.24
2011-04-26,GoC_10Y,3.19
2011-04-27,GoC_10Y,3.27
2011-04-28,GoC_10Y,3.23
2011-04-29,GoC_10Y,3.2
2011-05-02,GoC_10Y,3.2
2011-05-03,GoC_10Y,3.16
2011-05-04,GoC_10Y,3.11
2011-05-05,GoC_10Y,3.09
2011-05-06,GoC_10Y,3.2
2011-05-09,GoC_10Y,3.18
2011-05-10,GoC_10Y,3.26
2011-05-11,GoC_10Y,3.22
2011-05-12,GoC_10Y,3.23
2011-05-13,GoC_10Y,3.2
2011-05-16,GoC_10Y,3.18
2011-05-17,GoC_10Y,3.16
2011-05-18,GoC_10Y,3.22
2011-05-19,GoC_10Y,3.21
2011-05-20,GoC_10Y,3.15
2011-05-24,GoC_10Y,3.11
2011-05-25,GoC_10Y,3.08
2011-05-26,GoC_10Y,3.04
2011-05-27,GoC_10Y,3.06
2011-05-30,GoC_10Y,3.06
2011-05-31,GoC_10Y,3.07
2011-06-01,GoC_10Y,2.99
2011-06-02,GoC_10Y,3.02
2011-06-03,GoC_10Y,2.99
2011-06-06,GoC_10Y,3.0
2011-06-07,GoC_10Y,3.03
2011-06-08,GoC_10Y,3.01
2011-06-09,GoC_10Y,3.04
2011-06-10,GoC_10Y,3.01
2011-06-13,GoC_10Y,3.0
2011-06-14,GoC_10Y,3.07
2011-06-15,GoC_10Y,2.95
2011-06-16,GoC_10Y,2.92
2011-06-17,GoC_10Y,2.94
2011-06-20,GoC_10Y,2.97
2011-06-21,GoC_10Y,2.98
2011-06-22,GoC_10Y,2.97
2011-06-23,GoC_10Y,2.9
2011-06-24,GoC_10Y,2.86
2011-06-27,GoC_10Y,2.9
2011-06-28,GoC_10Y,2.98
2011-06-29,GoC_10Y,3.09
2011-06-30,GoC_10Y,3.11
2011-07-04,GoC_10Y,3.08
2011-07-05,GoC_10Y,3.07
2011-07-06,GoC_10Y,3.05
2011-07-07,GoC_10Y,3.06
2011-07-08,GoC_10Y,2.96
2011-07-11,GoC_10Y,2.9
2011-07-12,GoC_10Y,2.9
2011-07-13,GoC_10Y,2.93
2011-07-14,GoC_10Y,2.95
2011-07-15,GoC_10Y,2.87
2011-07-18,GoC_10Y,2.87
2011-07-19,GoC_10Y,2.89
2011-07-20,GoC_10Y,2.94
2011-07-21,GoC_10Y,3.0
2011-07-22,GoC_10Y,2.93
2011-07-25,GoC_10Y,2.93
2011-07-26,GoC_10Y,2.89
2011-07-27,GoC_10Y,2.88
2011-07-28,GoC_10Y,2.88
2011-07-29,GoC_10Y,2.79
2011-08-02,GoC_10Y,2.63
2011-08-03,GoC_10Y,2.66
2011-08-04,GoC_10Y,2.5
2011-08-05,GoC_10Y,2.64
2011-08-08,GoC_10Y,2.47
2011-08-09,GoC_10Y,2.45
2011-08-10,GoC_10Y,2.32
2011-08-11,GoC_10Y,2.46
2011-08-12,GoC_10Y,2.46
2011-08-15,GoC_10Y,2.5
2011-08-16,GoC_10Y,2.46
2011-08-17,GoC_10Y,2.39
2011-08-18,GoC_10Y,2.3
2011-08-19,GoC_10Y,2.3
2011-08-22,GoC_10Y,2.3
2011-08-23,GoC_10Y,2.38
2011-08-24,GoC_10Y,2.46
2011-08-25,GoC_10Y,2.4
2011-08-26,GoC_10Y,2.39
2011-08-29,GoC_10Y,2.46
2011-08-30,GoC_10Y,2.4
2011-08-31,GoC_10Y,2.49
2011-09-01,GoC_10Y,2.39
2011-09-02,GoC_10Y,2.3
2011-09-06,GoC_10Y,2.24
2011-09-07,GoC_10Y,2.27
2011-09-08,GoC_10Y,2.21
2011-09-09,GoC_10Y,2.11
2011-09-12,GoC_10Y,2.14
2011-09-13,GoC_10Y,2.19
2011-09-14,GoC_10Y,2.2
2011-09-15,GoC_10Y,2.29
2011-09-16,GoC_10Y,2.29
2011-09-19,GoC_10Y,2.18
2011-09-20,GoC_10Y,2.2
2011-09-21,GoC_10Y,2.12
2011-09-22,GoC_10Y,2.02
2011-09-23,GoC_10Y,2.07
2011-09-26,GoC_10Y,2.15
2011-09-27,GoC_10Y,2.2
2011-09-28,GoC_10Y,2.19
2011-09-29,GoC_10Y,2.22
2011-09-30,GoC_10Y,2.15
2011-10-03,GoC_10Y,2.06
2011-10-04,GoC_10Y,2.1
2011-10-05,GoC_10Y,2.14
2011-10-06,GoC_10Y,2.22
2011-10-07,GoC_10Y,2.24
2011-10-11,GoC_10Y,2.3
2011-10-12,GoC_10Y,2.35
2011-10-13,GoC_10Y,2.29
2011-10-14,GoC_10Y,2.4
2011-10-17,GoC_10Y,2.29
2011-10-18,GoC_10Y,2.31
2011-10-19,GoC_10Y,2.34
2011-10-20,GoC_10Y,2.31
2011-10-21,GoC_10Y,2.36
2011-10-24,GoC_10Y,2.36
2011-10-25,GoC_10Y,2.26
2011-10-26,GoC_10Y,2.38
2011-10-27,GoC_10Y,2.49
2011-10-28,GoC_10Y,2.43
2011-10-31,GoC_10Y,2.29
2011-11-01,GoC_10Y,2.15
2011-11-02,GoC_10Y,2.17
2011-11-03,GoC_10Y,2.21
2011-11-04,GoC_10Y,2.16
2011-11-07,GoC_10Y,2.15
2011-11-08,GoC_10Y,2.18
2011-11-09,GoC_10Y,2.09
2011-11-10,GoC_10Y,2.14
2011-11-14,GoC_10Y,2.11
2011-11-15,GoC_10Y,2.11
2011-11-16,GoC_10Y,2.09
2011-11-17,GoC_10Y,2.1
2011-11-18,GoC_10Y,2.13
2011-11-21,GoC_10Y,2.1
2011-11-22,GoC_10Y,2.08
2011-11-23,GoC_10Y,2.04
2011-11-24,GoC_10Y,2.05
2011-11-25,GoC_10Y,2.11
2011-11-28,GoC_10Y,2.12
2011-11-29,GoC_10Y,2.13
2011-11-30,GoC_10Y,2.15
2011-12-01,GoC_10Y,2.13
2011-12-02,GoC_10Y,2.12
2011-12-05,GoC_10Y,2.09
2011-12-06,GoC_10Y,2.13
2011-12-07,GoC_10Y,2.06
2011-12-08,GoC_10Y,1.99
2011-12-09,GoC_10Y,2.06
2011-12-12,GoC_10Y,2.01
2011-12-13,GoC_10Y,1.98
2011-12-14,GoC_10Y,1.95
2011-12-15,GoC_10Y,1.93
2011-12-16,GoC_10Y,1.87
2011-12-19,GoC_10Y,1.84
2011-12-20,GoC_10Y,1.93
2011-12-21,GoC_10Y,1.95
2011-12-22,GoC_10Y,1.95
2011-12-23,GoC_10Y,2.01
2011-12-28,GoC_10Y,1.96
2011-12-29,GoC_10Y,1.94
2011-12-30,GoC_10Y,1.94
2012-01-03,GoC_10Y,1.99
2012-01-04,GoC_10Y,1.99
2012-01-05,GoC_10Y,1.97
2012-01-06,GoC_10Y,1.94
2012-01-09,GoC_10Y,1.95
2012-01-10,GoC_10Y,1.98
2012-01-11,GoC_10Y,1.93
2012-01-12,GoC_10Y,1.98
2012-01-13,GoC_10Y,1.93
2012-01-16,GoC_10Y,1.94
2012-01-17,GoC_10Y,1.92
2012-01-18,GoC_10Y,1.96
2012-01-19,GoC_10Y,2.0
2012-01-20,GoC_10Y,2.06
2012-01-23,GoC_10Y,2.08
2012-01-24,GoC_10Y,2.08
2012-01-25,GoC_10Y,2.04
2012-01-26,GoC_10Y,2.02
2012-01-27,GoC_10Y,1.99
2012-01-30,GoC_10Y,1.94
2012-01-31,GoC_10Y,1.89
2012-02-01,GoC_10Y,1.9
2012-02-02,GoC_10Y,1.94
2012-02-03,GoC_10Y,2.01
2012-02-06,GoC_10Y,1.98
2012-02-07,GoC_10Y,2.04
2012-02-08,GoC_10Y,2.06
2012-02-09,GoC_10Y,2.09
2012-02-10,GoC_10Y,2.05
2012-02-13,GoC_10Y,2.07
2012-02-14,GoC_10Y,2.02
2012-02-15,GoC_10Y,2.01
2012-02-16,GoC_10Y,2.03
2012-02-17,GoC_10Y,2.05
2012-02-21,GoC_10Y,2.09
2012-02-22,GoC_10Y,2.05
2012-02-23,GoC_10Y,2.05
2012-02-24,GoC_10Y,2.02
2012-02-27,GoC_10Y,2.0
2012-02-28,GoC_10Y,1.98
2012-02-29,GoC_10Y,1.98
2012-03-01,GoC_10Y,2.0
2012-03-02,GoC_10Y,1.96
2012-03-05,GoC_10Y,1.98
2012-03-06,GoC_10Y,1.94
2012-03-07,GoC_10Y,1.97
2012-03-08,GoC_10Y,2.01
2012-03-09,GoC_10Y,2.01
2012-03-12,GoC_10Y,1.99
2012-03-13,GoC_10Y,2.06
2012-03-14,GoC_10Y,2.17
2012-03-15,GoC_10Y,2.21
2012-03-16,GoC_10Y,2.24
2012-03-19,GoC_10Y,2.29
2012-03-20,GoC_10Y,2.28
2012-03-21,GoC_10Y,2.24
2012-03-22,GoC_10Y,2.2
2012-03-23,GoC_10Y,2.18
2012-03-26,GoC_10Y,2.19
2012-03-27,GoC_10Y,2.12
2012-03-28,GoC_10Y,2.12
2012-03-29,GoC_10Y,2.08
2012-03-30,GoC_10Y,2.11
2012-04-02,GoC_10Y,2.13
2012-04-03,GoC_10Y,2.19
2012-04-04,GoC_10Y,2.13
2012-04-05,GoC_10Y,2.13
2012-04-09,GoC_10Y,2.07
2012-04-10,GoC_10Y,1.98
2012-04-11,GoC_10Y,2.01
2012-04-12,GoC_10Y,2.05
2012-04-13,GoC_10Y,1.99
2012-04-16,GoC_10Y,2.01
2012-04-17,GoC_10Y,2.07
2012-04-18,GoC_10Y,2.04
2012-04-19,GoC_10Y,2.04
2012-04-20,GoC_10Y,2.06
2012-04-23,GoC_10Y,2.04
2012-04-24,GoC_10Y,2.07
2012-04-25,GoC_10Y,2.1
2012-04-26,GoC_10Y,2.05
2012-04-27,GoC_10Y,2.09
2012-04-30,GoC_10Y,2.04
2012-05-01,GoC_10Y,2.05
2012-05-02,GoC_10Y,2.02
2012-05-03,GoC_10Y,2.0
2012-05-04,GoC_10Y,2.02
2012-05-07,GoC_10Y,2.02
2012-05-08,GoC_10Y,1.97
2012-05-09,GoC_10Y,1.99
2012-05-10,GoC_10Y,1.99
2012-05-11,GoC_10Y,1.97
2012-05-14,GoC_10Y,1.94
2012-05-15,GoC_10Y,1.93
2012-05-16,GoC_10Y,1.93
2012-05-17,GoC_10Y,1.88
2012-05-18,GoC_10Y,1.89
2012-05-22,GoC_10Y,1.91
2012-05-23,GoC_10Y,1.88
2012-05-24,GoC_10Y,1.86
2012-05-25,GoC_10Y,1.8
2012-05-28,GoC_10Y,1.84
2012-05-29,GoC_10Y,1.87
2012-05-30,GoC_10Y,1.79
2012-05-31,GoC_10Y,1.74
2012-06-01,GoC_10Y,1.62
2012-06-04,GoC_10Y,1.68
2012-06-05,GoC_10Y,1.74
2012-06-06,GoC_10Y,1.8
2012-06-07,GoC_10Y,1.8
2012-06-08,GoC_10Y,1.81
2012-06-11,GoC_10Y,1.76
2012-06-12,GoC_10Y,1.8
2012-06-13,GoC_10Y,1.77
2012-06-14,GoC_10Y,1.79
2012-06-15,GoC_10Y,1.72
2012-06-18,GoC_10Y,1.71
2012-06-19,GoC_10Y,1.76
2012-06-20,GoC_10Y,1.77
2012-06-21,GoC_10Y,1.75
2012-06-22,GoC_10Y,1.8
2012-06-25,GoC_10Y,1.73
2012-06-26,GoC_10Y,1.75
2012-06-27,GoC_10Y,1.72
2012-06-28,GoC_10Y,1.68
2012-06-29,GoC_10Y,1.74
2012-07-03,GoC_10Y,1.74
2012-07-04,GoC_10Y,1.71
2012-07-05,GoC_10Y,1.72
2012-07-06,GoC_10Y,1.69
2012-07-09,GoC_10Y,1.66
2012-07-10,GoC_10Y,1.65
2012-07-11,GoC_10Y,1.67
2012-07-12,GoC_10Y,1.63
2012-07-13,GoC_10Y,1.64
2012-07-16,GoC_10Y,1.62
2012-07-17,GoC_10Y,1.64
2012-07-18,GoC_10Y,1.62
2012-07-19,GoC_10Y,1.65
2012-07-20,GoC_10Y,1.61
2012-07-23,GoC_10Y,1.58
2012-07-24,GoC_10Y,1.58
2012-07-25,GoC_10Y,1.6
2012-07-26,GoC_10Y,1.64
2012-07-27,GoC_10Y,1.75
2012-07-30,GoC_10Y,1.7
2012-07-31,GoC_10Y,1.68
2012-08-01,GoC_10Y,1.71
2012-08-02,GoC_10Y,1.67
2012-08-03,GoC_10Y,1.77
2012-08-07,GoC_10Y,1.84
2012-08-08,GoC_10Y,1.82
2012-08-09,GoC_10Y,1.81
2012-08-10,GoC_10Y,1.78
2012-08-13,GoC_10Y,1.8
2012-08-14,GoC_10Y,1.85
2012-08-15,GoC_10Y,1.95
2012-08-16,GoC_10Y,1.96
2012-08-17,GoC_10Y,1.94
2012-08-20,GoC_10Y,1.94
2012-08-21,GoC_10Y,1.92
2012-08-22,GoC_10Y,1.84
2012-08-23,GoC_10Y,1.82
2012-08-24,GoC_10Y,1.83
2012-08-27,GoC_10Y,1.8
2012-08-28,GoC_10Y,1.8
2012-08-29,GoC_10Y,1.8
2012-08-30,GoC_10Y,1.77
2012-08-31,GoC_10Y,1.77
2012-09-04,GoC_10Y,1.74
2012-09-05,GoC_10Y,1.75
2012-09-06,GoC_10Y,1.84
2012-09-07,GoC_10Y,1.85
2012-09-10,GoC_10Y,1.83
2012-09-11,GoC_10Y,1.85
2012-09-12,GoC_10Y,1.9
2012-09-13,GoC_10Y,1.88
2012-09-14,GoC_10Y,1.97
2012-09-17,GoC_10Y,1.94
2012-09-18,GoC_10Y,1.91
2012-09-19,GoC_10Y,1.89
2012-09-20,GoC_10Y,1.86
2012-09-21,GoC_10Y,1.85
2012-09-24,GoC_10Y,1.82
2012-09-25,GoC_10Y,1.81
2012-09-26,GoC_10Y,1.75
2012-09-27,GoC_10Y,1.75
2012-09-28,GoC_10Y,1.73
2012-10-01,GoC_10Y,1.71
2012-10-02,GoC_10Y,1.72
2012-10-03,GoC_10Y,1.72
2012-10-04,GoC_10Y,1.76
2012-10-05,GoC_10Y,1.81
2012-10-09,GoC_10Y,1.8
2012-10-10,GoC_10Y,1.79
2012-10-11,GoC_10Y,1.81
2012-10-12,GoC_10Y,1.8
2012-10-15,GoC_10Y,1.8
2012-10-16,GoC_10Y,1.83
2012-10-17,GoC_10Y,1.91
2012-10-18,GoC_10Y,1.89
2012-10-19,GoC_10Y,1.84
2012-10-22,GoC_10Y,1.87
2012-10-23,GoC_10Y,1.85
2012-10-24,GoC_10Y,1.84
2012-10-25,GoC_10Y,1.89
2012-10-26,GoC_10Y,1.84
2012-10-29,GoC_10Y,1.79
2012-10-30,GoC_10Y,1.81
2012-10-31,GoC_10Y,1.78
2012-11-01,GoC_10Y,1.78
2012-11-02,GoC_10Y,1.77
2012-11-05,GoC_10Y,1.76
2012-11-06,GoC_10Y,1.8
2012-11-07,GoC_10Y,1.74
2012-11-08,GoC_10Y,1.72
2012-11-09,GoC_10Y,1.71
2012-11-13,GoC_10Y,1.69
2012-11-14,GoC_10Y,1.7
2012-11-15,GoC_10Y,1.72
2012-11-16,GoC_10Y,1.69
2012-11-19,GoC_10Y,1.73
2012-11-20,GoC_10Y,1.76
2012-11-21,GoC_10Y,1.76
2012-11-22,GoC_10Y,1.77
2012-11-23,GoC_10Y,1.79
2012-11-26,GoC_10Y,1.76
2012-11-27,GoC_10Y,1.73
2012-11-28,GoC_10Y,1.72
2012-11-29,GoC_10Y,1.7
2012-11-30,GoC_10Y,1.7
2012-12-03,GoC_10Y,1.7
2012-12-04,GoC_10Y,1.7
2012-12-05,GoC_10Y,1.68
2012-12-06,GoC_10Y,1.69
2012-12-07,GoC_10Y,1.71
2012-12-10,GoC_10Y,1.7
2012-12-11,GoC_10Y,1.73
2012-12-12,GoC_10Y,1.76
2012-12-13,GoC_10Y,1.8
2012-12-14,GoC_10Y,1.79
2012-12-17,GoC_10Y,1.83
2012-12-18,GoC_10Y,1.84
2012-12-19,GoC_10Y,1.84
2012-12-20,GoC_10Y,1.84
2012-12-21,GoC_10Y,1.8
2012-12-24,GoC_10Y,1.82
2012-12-27,GoC_10Y,1.79
2012-12-28,GoC_10Y,1.77
2012-12-31,GoC_10Y,1.8
2013-01-02,GoC_10Y,1.87
2013-01-03,GoC_10Y,1.92
2013-01-04,GoC_10Y,1.94
2013-01-07,GoC_10Y,1.94
2013-01-08,GoC_10Y,1.91
2013-01-09,GoC_10Y,1.91
2013-01-10,GoC_10Y,1.96
2013-01-11,GoC_10Y,1.94
2013-01-14,GoC_10Y,1.94
2013-01-15,GoC_10Y,1.91
2013-01-16,GoC_10Y,1.89
2013-01-17,GoC_10Y,1.95
2013-01-18,GoC_10Y,1.92
2013-01-21,GoC_10Y,1.93
2013-01-22,GoC_10Y,1.91
2013-01-23,GoC_10Y,1.87
2013-01-24,GoC_10Y,1.89
2013-01-25,GoC_10Y,1.95
2013-01-28,GoC_10Y,1.96
2013-01-29,GoC_10Y,2.0
2013-01-30,GoC_10Y,1.99
2013-01-31,GoC_10Y,1.99
2013-02-01,GoC_10Y,2.04
2013-02-04,GoC_10Y,1.99
2013-02-05,GoC_10Y,2.02
2013-02-06,GoC_10Y,1.99
2013-02-07,GoC_10Y,1.99
2013-02-08,GoC_10Y,1.96
2013-02-11,GoC_10Y,1.97
2013-02-12,GoC_10Y,2.0
2013-02-13,GoC_10Y,2.03
2013-02-14,GoC_10Y,2.0
2013-02-15,GoC_10Y,2.01
2013-02-19,GoC_10Y,2.02
2013-02-20,GoC_10Y,2.02
2013-02-21,GoC_10Y,1.98
2013-02-22,GoC_10Y,1.94
2013-02-25,GoC_10Y,1.87
2013-02-26,GoC_10Y,1.86
2013-02-27,GoC_10Y,1.86
2013-02-28,GoC_10Y,1.84
2013-03-01,GoC_10Y,1.8
2013-03-04,GoC_10Y,1.81
2013-03-05,GoC_10Y,1.81
2013-03-06,GoC_10Y,1.84
2013-03-07,GoC_10Y,1.88
2013-03-08,GoC_10Y,1.93
2013-03-11,GoC_10Y,1.95
2013-03-12,GoC_10Y,1.91
2013-03-13,GoC_10Y,1.92
2013-03-14,GoC_10Y,1.95
2013-03-15,GoC_10Y,1.89
2013-03-18,GoC_10Y,1.86
2013-03-19,GoC_10Y,1.82
2013-03-20,GoC_10Y,1.86
2013-03-21,GoC_10Y,1.82
2013-03-22,GoC_10Y,1.82
2013-03-25,GoC_10Y,1.82
2013-03-26,GoC_10Y,1.82
2013-03-27,GoC_10Y,1.76
2013-03-28,GoC_10Y,1.76
2013-04-01,GoC_10Y,1.84
2013-04-02,GoC_10Y,1.87
2013-04-03,GoC_10Y,1.83
2013-04-04,GoC_10Y,1.79
2013-04-05,GoC_10Y,1.75
2013-04-08,GoC_10Y,1.76
2013-04-09,GoC_10Y,1.77
2013-04-10,GoC_10Y,1.8
2013-04-11,GoC_10Y,1.78
2013-04-12,GoC_10Y,1.74
2013-04-15,GoC_10Y,1.71
2013-04-16,GoC_10Y,1.73
2013-04-17,GoC_10Y,1.71
2013-04-18,GoC_10Y,1.7
2013-04-19,GoC_10Y,1.71
2013-04-22,GoC_10Y,1.71
2013-04-23,GoC_10Y,1.72
2013-04-24,GoC_10Y,1.72
2013-04-25,GoC_10Y,1.74
2013-04-26,GoC_10Y,1.7
2013-04-29,GoC_10Y,1.7
2013-04-30,GoC_10Y,1.69
2013-05-01,GoC_10Y,1.68
2013-05-02,GoC_10Y,1.67
2013-05-03,GoC_10Y,1.77
2013-05-06,GoC_10Y,1.8
2013-05-07,GoC_10Y,1.82
2013-05-08,GoC_10Y,1.81
2013-05-09,GoC_10Y,1.8
2013-05-10,GoC_10Y,1.88
2013-05-13,GoC_10Y,1.9
2013-05-14,GoC_10Y,1.95
2013-05-15,GoC_10Y,1.92
2013-05-16,GoC_10Y,1.88
2013-05-17,GoC_10Y,1.92
2013-05-21,GoC_10Y,1.91
2013-05-22,GoC_10Y,1.96
2013-05-23,GoC_10Y,1.96
2013-05-24,GoC_10Y,1.95
2013-05-27,GoC_10Y,1.99
2013-05-28,GoC_10Y,2.07
2013-05-29,GoC_10Y,2.07
2013-05-30,GoC_10Y,2.07
2013-05-31,GoC_10Y,2.06
2013-06-03,GoC_10Y,2.05
2013-06-04,GoC_10Y,2.08
2013-06-05,GoC_10Y,2.05
2013-06-06,GoC_10Y,2.04
2013-06-07,GoC_10Y,2.15
2013-06-10,GoC_10Y,2.2
2013-06-11,GoC_10Y,2.17
2013-06-12,GoC_10Y,2.2
2013-06-13,GoC_10Y,2.14
2013-06-14,GoC_10Y,2.12
2013-06-17,GoC_10Y,2.14
2013-06-18,GoC_10Y,2.15
2013-06-19,GoC_10Y,2.25
2013-06-20,GoC_10Y,2.32
2013-06-21,GoC_10Y,2.45
2013-06-24,GoC_10Y,2.49
2013-06-25,GoC_10Y,2.53
2013-06-26,GoC_10Y,2.5
2013-06-27,GoC_10Y,2.42
2013-06-28,GoC_10Y,2.44
2013-07-02,GoC_10Y,2.41
2013-07-03,GoC_10Y,2.42
2013-07-04,GoC_10Y,2.41
2013-07-05,GoC_10Y,2.55
2013-07-08,GoC_10Y,2.48
2013-07-09,GoC_10Y,2.47
2013-07-10,GoC_10Y,2.51
2013-07-11,GoC_10Y,2.44
2013-07-12,GoC_10Y,2.43
2013-07-15,GoC_10Y,2.41
2013-07-16,GoC_10Y,2.4
2013-07-17,GoC_10Y,2.37
2013-07-18,GoC_10Y,2.4
2013-07-19,GoC_10Y,2.36
2013-07-22,GoC_10Y,2.36
2013-07-23,GoC_10Y,2.4
2013-07-24,GoC_10Y,2.48
2013-07-25,GoC_10Y,2.46
2013-07-26,GoC_10Y,2.45
2013-07-29,GoC_10Y,2.48
2013-07-30,GoC_10Y,2.5
2013-07-31,GoC_10Y,2.45
2013-08-01,GoC_10Y,2.55
2013-08-02,GoC_10Y,2.49
2013-08-06,GoC_10Y,2.52
2013-08-07,GoC_10Y,2.5
2013-08-08,GoC_10Y,2.49
2013-08-09,GoC_10Y,2.48
2013-08-12,GoC_10Y,2.52
2013-08-13,GoC_10Y,2.62
2013-08-14,GoC_10Y,2.62
2013-08-15,GoC_10Y,2.68
2013-08-16,GoC_10Y,2.72
2013-08-19,GoC_10Y,2.74
2013-08-20,GoC_10Y,2.68
2013-08-21,GoC_10Y,2.74
2013-08-22,GoC_10Y,2.74
2013-08-23,GoC_10Y,2.69
2013-08-26,GoC_10Y,2.65
2013-08-27,GoC_10Y,2.57
2013-08-28,GoC_10Y,2.63
2013-08-29,GoC_10Y,2.6
2013-08-30,GoC_10Y,2.61
2013-09-03,GoC_10Y,2.68
2013-09-04,GoC_10Y,2.71
2013-09-05,GoC_10Y,2.8
2013-09-06,GoC_10Y,2.76
2013-09-09,GoC_10Y,2.74
2013-09-10,GoC_10Y,2.82
2013-09-11,GoC_10Y,2.78
2013-09-12,GoC_10Y,2.78
2013-09-13,GoC_10Y,2.76
2013-09-16,GoC_10Y,2.79
2013-09-17,GoC_10Y,2.77
2013-09-18,GoC_10Y,2.7
2013-09-19,GoC_10Y,2.7
2013-09-20,GoC_10Y,2.69
2013-09-23,GoC_10Y,2.65
2013-09-24,GoC_10Y,2.59
2013-09-25,GoC_10Y,2.57
2013-09-26,GoC_10Y,2.58
2013-09-27,GoC_10Y,2.55
2013-09-30,GoC_10Y,2.54
2013-10-01,GoC_10Y,2.54
2013-10-02,GoC_10Y,2.54
2013-10-03,GoC_10Y,2.54
2013-10-04,GoC_10Y,2.58
2013-10-07,GoC_10Y,2.57
2013-10-08,GoC_10Y,2.57
2013-10-09,GoC_10Y,2.57
2013-10-10,GoC_10Y,2.59
2013-10-11,GoC_10Y,2.59
2013-10-15,GoC_10Y,2.65
2013-10-16,GoC_10Y,2.62
2013-10-17,GoC_10Y,2.56
2013-10-18,GoC_10Y,2.53
2013-10-21,GoC_10Y,2.55
2013-10-22,GoC_10Y,2.48
2013-10-23,GoC_10Y,2.43
2013-10-24,GoC_10Y,2.42
2013-10-25,GoC_10Y,2.41
2013-10-28,GoC_10Y,2.42
2013-10-29,GoC_10Y,2.4
2013-10-30,GoC_10Y,2.42
2013-10-31,GoC_10Y,2.42
2013-11-01,GoC_10Y,2.51
2013-11-04,GoC_10Y,2.49
2013-11-05,GoC_10Y,2.53
2013-11-06,GoC_10Y,2.53
2013-11-07,GoC_10Y,2.52
2013-11-08,GoC_10Y,2.6
2013-11-12,GoC_10Y,2.65
2013-11-13,GoC_10Y,2.6
2013-11-14,GoC_10Y,2.56
2013-11-15,GoC_10Y,2.56
2013-11-18,GoC_10Y,2.52
2013-11-19,GoC_10Y,2.56
2013-11-20,GoC_10Y,2.62
2013-11-21,GoC_10Y,2.63
2013-11-22,GoC_10Y,2.58
2013-11-25,GoC_10Y,2.56
2013-11-26,GoC_10Y,2.52
2013-11-27,GoC_10Y,2.54
2013-11-28,GoC_10Y,2.54
2013-11-29,GoC_10Y,2.55
2013-12-02,GoC_10Y,2.6
2013-12-03,GoC_10Y,2.59
2013-12-04,GoC_10Y,2.64
2013-12-05,GoC_10Y,2.67
2013-12-06,GoC_10Y,2.69
2013-12-09,GoC_10Y,2.67
2013-12-10,GoC_10Y,2.59
2013-12-11,GoC_10Y,2.64
2013-12-12,GoC_10Y,2.66
2013-12-13,GoC_10Y,2.66
2013-12-16,GoC_10Y,2.67
2013-12-17,GoC_10Y,2.64
2013-12-18,GoC_10Y,2.68
2013-12-19,GoC_10Y,2.7
2013-12-20,GoC_10Y,2.67
2013-12-23,GoC_10Y,2.68
2013-12-24,GoC_10Y,2.72
2013-12-27,GoC_10Y,2.79
2013-12-30,GoC_10Y,2.74
2013-12-31,GoC_10Y,2.77
2014-01-02,GoC_10Y,2.74
2014-01-03,GoC_10Y,2.75
2014-01-06,GoC_10Y,2.72
2014-01-07,GoC_10Y,2.67
2014-01-08,GoC_10Y,2.72
2014-01-09,GoC_10Y,2.68
2014-01-10,GoC_10Y,2.56
2014-01-13,GoC_10Y,2.54
2014-01-14,GoC_10Y,2.57
2014-01-15,GoC_10Y,2.57
2014-01-16,GoC_10Y,2.52
2014-01-17,GoC_10Y,2.5
2014-01-20,GoC_10Y,2.49
2014-01-21,GoC_10Y,2.5
2014-01-22,GoC_10Y,2.48
2014-01-23,GoC_10Y,2.41
2014-01-24,GoC_10Y,2.4
2014-01-27,GoC_10Y,2.44
2014-01-28,GoC_10Y,2.42
2014-01-29,GoC_10Y,2.36
2014-01-30,GoC_10Y,2.37
2014-01-31,GoC_10Y,2.34
2014-02-03,GoC_10Y,2.3
2014-02-04,GoC_10Y,2.34
2014-02-05,GoC_10Y,2.38
2014-02-06,GoC_10Y,2.43
2014-02-07,GoC_10Y,2.39
2014-02-10,GoC_10Y,2.41
2014-02-11,GoC_10Y,2.45
2014-02-12,GoC_10Y,2.48
2014-02-13,GoC_10Y,2.45
2014-02-14,GoC_10Y,2.46
2014-02-18,GoC_10Y,2.44
2014-02-19,GoC_10Y,2.44
2014-02-20,GoC_10Y,2.44
2014-02-21,GoC_10Y,2.41
2014-02-24,GoC_10Y,2.41
2014-02-25,GoC_10Y,2.48
2014-02-26,GoC_10Y,2.44
2014-02-27,GoC_10Y,2.41
2014-02-28,GoC_10Y,2.42
2014-03-03,GoC_10Y,2.4
2014-03-04,GoC_10Y,2.47
2014-03-05,GoC_10Y,2.46
2014-03-06,GoC_10Y,2.5
2014-03-07,GoC_10Y,2.52
2014-03-10,GoC_10Y,2.5
2014-03-11,GoC_10Y,2.48
2014-03-12,GoC_10Y,2.44
2014-03-13,GoC_10Y,2.38
2014-03-14,GoC_10Y,2.39
2014-03-17,GoC_10Y,2.43
2014-03-18,GoC_10Y,2.4
2014-03-19,GoC_10Y,2.48
2014-03-20,GoC_10Y,2.5
2014-03-21,GoC_10Y,2.48
2014-03-24,GoC_10Y,2.46
2014-03-25,GoC_10Y,2.47
2014-03-26,GoC_10Y,2.45
2014-03-27,GoC_10Y,2.43
2014-03-28,GoC_10Y,2.44
2014-03-31,GoC_10Y,2.46
2014-04-01,GoC_10Y,2.5
2014-04-02,GoC_10Y,2.55
2014-04-03,GoC_10Y,2.54
2014-04-04,GoC_10Y,2.49
2014-04-07,GoC_10Y,2.46
2014-04-08,GoC_10Y,2.46
2014-04-09,GoC_10Y,2.47
2014-04-10,GoC_10Y,2.43
2014-04-11,GoC_10Y,2.39
2014-04-14,GoC_10Y,2.41
2014-04-15,GoC_10Y,2.38
2014-04-16,GoC_10Y,2.39
2014-04-17,GoC_10Y,2.45
2014-04-21,GoC_10Y,2.45
2014-04-22,GoC_10Y,2.45
2014-04-23,GoC_10Y,2.42
2014-04-24,GoC_10Y,2.42
2014-04-25,GoC_10Y,2.41
2014-04-28,GoC_10Y,2.44
2014-04-29,GoC_10Y,2.43
2014-04-30,GoC_10Y,2.4
2014-05-01,GoC_10Y,2.36
2014-05-02,GoC_10Y,2.35
2014-05-05,GoC_10Y,2.37
2014-05-06,GoC_10Y,2.37
2014-05-07,GoC_10Y,2.37
2014-05-08,GoC_10Y,2.37
2014-05-09,GoC_10Y,2.36
2014-05-12,GoC_10Y,2.4
2014-05-13,GoC_10Y,2.35
2014-05-14,GoC_10Y,2.28
2014-05-15,GoC_10Y,2.26
2014-05-16,GoC_10Y,2.26
2014-05-20,GoC_10Y,2.27
2014-05-21,GoC_10Y,2.3
2014-05-22,GoC_10Y,2.32
2014-05-23,GoC_10Y,2.3
2014-05-26,GoC_10Y,2.32
2014-05-27,GoC_10Y,2.3
2014-05-28,GoC_10Y,2.22
2014-05-29,GoC_10Y,2.25
2014-05-30,GoC_10Y,2.24
2014-06-02,GoC_10Y,2.28
2014-06-03,GoC_10Y,2.34
2014-06-04,GoC_10Y,2.35
2014-06-05,GoC_10Y,2.33
2014-06-06,GoC_10Y,2.32
2014-06-09,GoC_10Y,2.32
2014-06-10,GoC_10Y,2.34
2014-06-11,GoC_10Y,2.34
2014-06-12,GoC_10Y,2.3
2014-06-13,GoC_10Y,2.31
2014-06-16,GoC_10Y,2.29
2014-06-17,GoC_10Y,2.31
2014-06-18,GoC_10Y,2.27
2014-06-19,GoC_10Y,2.27
2014-06-20,GoC_10Y,2.3
2014-06-23,GoC_10Y,2.33
2014-06-24,GoC_10Y,2.28
2014-06-25,GoC_10Y,2.26
2014-06-26,GoC_10Y,2.24
2014-06-27,GoC_10Y,2.25
2014-06-30,GoC_10Y,2.24
2014-07-02,GoC_10Y,2.32
2014-07-03,GoC_10Y,2.32
2014-07-04,GoC_10Y,2.33
2014-07-07,GoC_10Y,2.3
2014-07-08,GoC_10Y,2.25
2014-07-09,GoC_10Y,2.24
2014-07-10,GoC_10Y,2.23
2014-07-11,GoC_10Y,2.21
2014-07-14,GoC_10Y,2.21
2014-07-15,GoC_10Y,2.21
2014-07-16,GoC_10Y,2.2
2014-07-17,GoC_10Y,2.14
2014-07-18,GoC_10Y,2.16
2014-07-21,GoC_10Y,2.13
2014-07-22,GoC_10Y,2.12
2014-07-23,GoC_10Y,2.12
2014-07-24,GoC_10Y,2.16
2014-07-25,GoC_10Y,2.11
2014-07-28,GoC_10Y,2.11
2014-07-29,GoC_10Y,2.09
2014-07-30,GoC_10Y,2.16
2014-07-31,GoC_10Y,2.16
2014-08-01,GoC_10Y,2.12
2014-08-05,GoC_10Y,2.11
2014-08-06,GoC_10Y,2.11
2014-08-07,GoC_10Y,2.07
2014-08-08,GoC_10Y,2.06
2014-08-11,GoC_10Y,2.07
2014-08-12,GoC_10Y,2.11
2014-08-13,GoC_10Y,2.07
2014-08-14,GoC_10Y,2.05
2014-08-15,GoC_10Y,2.02
2014-08-18,GoC_10Y,2.06
2014-08-19,GoC_10Y,2.07
2014-08-20,GoC_10Y,2.1
2014-08-21,GoC_10Y,2.08
2014-08-22,GoC_10Y,2.07
2014-08-25,GoC_10Y,2.04
2014-08-26,GoC_10Y,2.04
2014-08-27,GoC_10Y,2.0
2014-08-28,GoC_10Y,2.0
2014-08-29,GoC_10Y,1.99
2014-09-02,GoC_10Y,2.09
2014-09-03,GoC_10Y,2.09
2014-09-04,GoC_10Y,2.12
2014-09-05,GoC_10Y,2.11
2014-09-08,GoC_10Y,2.14
2014-09-09,GoC_10Y,2.17
2014-09-10,GoC_10Y,2.2
2014-09-11,GoC_10Y,2.2
2014-09-12,GoC_10Y,2.24
2014-09-15,GoC_10Y,2.23
2014-09-16,GoC_10Y,2.24
2014-09-17,GoC_10Y,2.26
2014-09-18,GoC_10Y,2.28
2014-09-19,GoC_10Y,2.25
2014-09-22,GoC_10Y,2.22
2014-09-23,GoC_10Y,2.17
2014-09-24,GoC_10Y,2.2
2014-09-25,GoC_10Y,2.15
2014-09-26,GoC_10Y,2.16
2014-09-29,GoC_10Y,2.13
2014-09-30,GoC_10Y,2.15
2014-10-01,GoC_10Y,2.08
2014-10-02,GoC_10Y,2.1
2014-10-03,GoC_10Y,2.1
2014-10-06,GoC_10Y,2.09
2014-10-07,GoC_10Y,2.03
2014-10-08,GoC_10Y,2.01
2014-10-09,GoC_10Y,2.03
2014-10-10,GoC_10Y,2.01
2014-10-14,GoC_10Y,1.95
2014-10-15,GoC_10Y,1.91
2014-10-16,GoC_10Y,1.93
2014-10-17,GoC_10Y,1.95
2014-10-20,GoC_10Y,1.93
2014-10-21,GoC_10Y,1.96
2014-10-22,GoC_10Y,1.96
2014-10-23,GoC_10Y,2.0
2014-10-24,GoC_10Y,2.01
2014-10-27,GoC_10Y,2.01
2014-10-28,GoC_10Y,2.02
2014-10-29,GoC_10Y,2.05
2014-10-30,GoC_10Y,2.05
2014-10-31,GoC_10Y,2.05
2014-11-03,GoC_10Y,2.04
2014-11-04,GoC_10Y,2.03
2014-11-05,GoC_10Y,2.04
2014-11-06,GoC_10Y,2.08
2014-11-07,GoC_10Y,2.03
2014-11-10,GoC_10Y,2.06
2014-11-12,GoC_10Y,2.05
2014-11-13,GoC_10Y,2.04
2014-11-14,GoC_10Y,2.03
2014-11-17,GoC_10Y,2.02
2014-11-18,GoC_10Y,1.99
2014-11-19,GoC_10Y,2.03
2014-11-20,GoC_10Y,2.02
2014-11-21,GoC_10Y,2.0
2014-11-24,GoC_10Y,1.98
2014-11-25,GoC_10Y,1.94
2014-11-26,GoC_10Y,1.93
2014-11-27,GoC_10Y,1.9
2014-11-28,GoC_10Y,1.85
2014-12-01,GoC_10Y,1.89
2014-12-02,GoC_10Y,1.95
2014-12-03,GoC_10Y,1.95
2014-12-04,GoC_10Y,1.91
2014-12-05,GoC_10Y,1.96
2014-12-08,GoC_10Y,1.89
2014-12-09,GoC_10Y,1.88
2014-12-10,GoC_10Y,1.82
2014-12-11,GoC_10Y,1.83
2014-12-12,GoC_10Y,1.76
2014-12-15,GoC_10Y,1.78
2014-12-16,GoC_10Y,1.74
2014-12-17,GoC_10Y,1.81
2014-12-18,GoC_10Y,1.86
2014-12-19,GoC_10Y,1.82
2014-12-22,GoC_10Y,1.8
2014-12-23,GoC_10Y,1.9
2014-12-24,GoC_10Y,1.9
2014-12-29,GoC_10Y,1.84
2014-12-30,GoC_10Y,1.81
2014-12-31,GoC_10Y,1.79
2015-01-02,GoC_10Y,1.74
2015-01-05,GoC_10Y,1.69
2015-01-06,GoC_10Y,1.64
2015-01-07,GoC_10Y,1.65
2015-01-08,GoC_10Y,1.71
2015-01-09,GoC_10Y,1.66
2015-01-12,GoC_10Y,1.61
2015-01-13,GoC_10Y,1.6
2015-01-14,GoC_10Y,1.57
2015-01-15,GoC_10Y,1.48
2015-01-16,GoC_10Y,1.53
2015-01-19,GoC_10Y,1.51
2015-01-20,GoC_10Y,1.49
2015-01-21,GoC_10Y,1.42
2015-01-22,GoC_10Y,1.42
2015-01-23,GoC_10Y,1.45
2015-01-26,GoC_10Y,1.47
2015-01-27,GoC_10Y,1.42
2015-01-28,GoC_10Y,1.35
2015-01-29,GoC_10Y,1.37
2015-01-30,GoC_10Y,1.26
2015-02-02,GoC_10Y,1.24
2015-02-03,GoC_10Y,1.3
2015-02-04,GoC_10Y,1.28
2015-02-05,GoC_10Y,1.35
2015-02-06,GoC_10Y,1.44
2015-02-09,GoC_10Y,1.41
2015-02-10,GoC_10Y,1.43
2015-02-11,GoC_10Y,1.44
2015-02-12,GoC_10Y,1.39
2015-02-13,GoC_10Y,1.43
2015-02-17,GoC_10Y,1.5
2015-02-18,GoC_10Y,1.47
2015-02-19,GoC_10Y,1.45
2015-02-20,GoC_10Y,1.43
2015-02-23,GoC_10Y,1.36
2015-02-24,GoC_10Y,1.31
2015-02-25,GoC_10Y,1.32
2015-02-26,GoC_10Y,1.36
2015-02-27,GoC_10Y,1.3
2015-03-02,GoC_10Y,1.38
2015-03-03,GoC_10Y,1.43
2015-03-04,GoC_10Y,1.5
2015-03-05,GoC_10Y,1.52
2015-03-06,GoC_10Y,1.6
2015-03-09,GoC_10Y,1.58
2015-03-10,GoC_10Y,1.54
2015-03-11,GoC_10Y,1.49
2015-03-12,GoC_10Y,1.49
2015-03-13,GoC_10Y,1.48
2015-03-16,GoC_10Y,1.44
2015-03-17,GoC_10Y,1.41
2015-03-18,GoC_10Y,1.33
2015-03-19,GoC_10Y,1.32
2015-03-20,GoC_10Y,1.3
2015-03-23,GoC_10Y,1.3
2015-03-24,GoC_10Y,1.3
2015-03-25,GoC_10Y,1.33
2015-03-26,GoC_10Y,1.43
2015-03-27,GoC_10Y,1.37
2015-03-30,GoC_10Y,1.37
2015-03-31,GoC_10Y,1.36
2015-04-01,GoC_10Y,1.31
2015-04-02,GoC_10Y,1.31
2015-04-06,GoC_10Y,1.35
2015-04-07,GoC_10Y,1.34
2015-04-08,GoC_10Y,1.33
2015-04-09,GoC_10Y,1.37
2015-04-10,GoC_10Y,1.37
2015-04-13,GoC_10Y,1.36
2015-04-14,GoC_10Y,1.31
2015-04-15,GoC_10Y,1.34
2015-04-16,GoC_10Y,1.37
2015-04-17,GoC_10Y,1.41
2015-04-20,GoC_10Y,1.42
2015-04-21,GoC_10Y,1.45
2015-04-22,GoC_10Y,1.5
2015-04-23,GoC_10Y,1.48
2015-04-24,GoC_10Y,1.43
2015-04-27,GoC_10Y,1.45
2015-04-28,GoC_10Y,1.55
2015-04-29,GoC_10Y,1.59
2015-04-30,GoC_10Y,1.59
2015-05-01,GoC_10Y,1.66
2015-05-04,GoC_10Y,1.71
2015-05-05,GoC_10Y,1.73
2015-05-06,GoC_10Y,1.82
2015-05-07,GoC_10Y,1.74
2015-05-08,GoC_10Y,1.7
2015-05-11,GoC_10Y,1.81
2015-05-12,GoC_10Y,1.8
2015-05-13,GoC_10Y,1.82
2015-05-14,GoC_10Y,1.8
2015-05-15,GoC_10Y,1.71
2015-05-19,GoC_10Y,1.83
2015-05-20,GoC_10Y,1.8
2015-05-21,GoC_10Y,1.75
2015-05-22,GoC_10Y,1.77
2015-05-25,GoC_10Y,1.78
2015-05-26,GoC_10Y,1.7
2015-05-27,GoC_10Y,1.67
2015-05-28,GoC_10Y,1.66
2015-05-29,GoC_10Y,1.62
2015-06-01,GoC_10Y,1.63
2015-06-02,GoC_10Y,1.71
2015-06-03,GoC_10Y,1.79
2015-06-04,GoC_10Y,1.73
2015-06-05,GoC_10Y,1.82
2015-06-08,GoC_10Y,1.81
2015-06-09,GoC_10Y,1.88
2015-06-10,GoC_10Y,1.9
2015-06-11,GoC_10Y,1.81
2015-06-12,GoC_10Y,1.8
2015-06-15,GoC_10Y,1.77
2015-06-16,GoC_10Y,1.74
2015-06-17,GoC_10Y,1.75
2015-06-18,GoC_10Y,1.79
2015-06-19,GoC_10Y,1.71
2015-06-22,GoC_10Y,1.81
2015-06-23,GoC_10Y,1.83
2015-06-24,GoC_10Y,1.77
2015-06-25,GoC_10Y,1.82
2015-06-26,GoC_10Y,1.87
2015-06-29,GoC_10Y,1.74
2015-06-30,GoC_10Y,1.68
2015-07-02,GoC_10Y,1.74
2015-07-03,GoC_10Y,1.69
2015-07-06,GoC_10Y,1.64
2015-07-07,GoC_10Y,1.57
2015-07-08,GoC_10Y,1.52
2015-07-09,GoC_10Y,1.59
2015-07-10,GoC_10Y,1.68
2015-07-13,GoC_10Y,1.68
2015-07-14,GoC_10Y,1.65
2015-07-15,GoC_10Y,1.59
2015-07-16,GoC_10Y,1.56
2015-07-17,GoC_10Y,1.56
2015-07-20,GoC_10Y,1.57
2015-07-21,GoC_10Y,1.57
2015-07-22,GoC_10Y,1.54
2015-07-23,GoC_10Y,1.5
2015-07-24,GoC_10Y,1.48
2015-07-27,GoC_10Y,1.45
2015-07-28,GoC_10Y,1.5
2015-07-29,GoC_10Y,1.52
2015-07-30,GoC_10Y,1.49
2015-07-31,GoC_10Y,1.44
2015-08-04,GoC_10Y,1.42
2015-08-05,GoC_10Y,1.46
2015-08-06,GoC_10Y,1.44
2015-08-07,GoC_10Y,1.42
2015-08-10,GoC_10Y,1.47
2015-08-11,GoC_10Y,1.39
2015-08-12,GoC_10Y,1.39
2015-08-13,GoC_10Y,1.4
2015-08-14,GoC_10Y,1.39
2015-08-17,GoC_10Y,1.37
2015-08-18,GoC_10Y,1.4
2015-08-19,GoC_10Y,1.31
2015-08-20,GoC_10Y,1.29
2015-08-21,GoC_10Y,1.27
2015-08-24,GoC_10Y,1.26
2015-08-25,GoC_10Y,1.33
2015-08-26,GoC_10Y,1.45
2015-08-27,GoC_10Y,1.45
2015-08-28,GoC_10Y,1.44
2015-08-31,GoC_10Y,1.48
2015-09-01,GoC_10Y,1.43
2015-09-02,GoC_10Y,1.45
2015-09-03,GoC_10Y,1.46
2015-09-04,GoC_10Y,1.44
2015-09-08,GoC_10Y,1.48
2015-09-09,GoC_10Y,1.49
2015-09-10,GoC_10Y,1.49
2015-09-11,GoC_10Y,1.47
2015-09-14,GoC_10Y,1.45
2015-09-15,GoC_10Y,1.56
2015-09-16,GoC_10Y,1.59
2015-09-17,GoC_10Y,1.53
2015-09-18,GoC_10Y,1.46
2015-09-21,GoC_10Y,1.54
2015-09-22,GoC_10Y,1.48
2015-09-23,GoC_10Y,1.48
2015-09-24,GoC_10Y,1.46
2015-09-25,GoC_10Y,1.53
2015-09-28,GoC_10Y,1.44
2015-09-29,GoC_10Y,1.43
2015-09-30,GoC_10Y,1.45
2015-10-01,GoC_10Y,1.43
2015-10-02,GoC_10Y,1.39
2015-10-05,GoC_10Y,1.44
2015-10-06,GoC_10Y,1.43
2015-10-07,GoC_10Y,1.45
2015-10-08,GoC_10Y,1.51
2015-10-09,GoC_10Y,1.52
2015-10-13,GoC_10Y,1.44
2015-10-14,GoC_10Y,1.39
2015-10-15,GoC_10Y,1.44
2015-10-16,GoC_10Y,1.46
2015-10-19,GoC_10Y,1.46
2015-10-20,GoC_10Y,1.54
2015-10-21,GoC_10Y,1.46
2015-10-22,GoC_10Y,1.45
2015-10-23,GoC_10Y,1.5
2015-10-26,GoC_10Y,1.44
2015-10-27,GoC_10Y,1.42
2015-10-28,GoC_10Y,1.47
2015-10-29,GoC_10Y,1.55
2015-10-30,GoC_10Y,1.54
2015-11-02,GoC_10Y,1.58
2015-11-03,GoC_10Y,1.61
2015-11-04,GoC_10Y,1.63
2015-11-05,GoC_10Y,1.65
2015-11-06,GoC_10Y,1.72
2015-11-09,GoC_10Y,1.72
2015-11-10,GoC_10Y,1.7
2015-11-12,GoC_10Y,1.7
2015-11-13,GoC_10Y,1.65
2015-11-16,GoC_10Y,1.65
2015-11-17,GoC_10Y,1.66
2015-11-18,GoC_10Y,1.65
2015-11-19,GoC_10Y,1.62
2015-11-20,GoC_10Y,1.62
2015-11-23,GoC_10Y,1.61
2015-11-24,GoC_10Y,1.61
2015-11-25,GoC_10Y,1.59
2015-11-26,GoC_10Y,1.57
2015-11-27,GoC_10Y,1.56
2015-11-30,GoC_10Y,1.57
2015-12-01,GoC_10Y,1.5
2015-12-02,GoC_10Y,1.51
2015-12-03,GoC_10Y,1.62
2015-12-04,GoC_10Y,1.57
2015-12-07,GoC_10Y,1.51
2015-12-08,GoC_10Y,1.51
2015-12-09,GoC_10Y,1.49
2015-12-10,GoC_10Y,1.48
2015-12-11,GoC_10Y,1.41
2015-12-14,GoC_10Y,1.47
2015-12-15,GoC_10Y,1.49
2015-12-16,GoC_10Y,1.51
2015-12-17,GoC_10Y,1.43
2015-12-18,GoC_10Y,1.39
2015-12-21,GoC_10Y,1.38
2015-12-22,GoC_10Y,1.41
2015-12-23,GoC_10Y,1.41
2015-12-24,GoC_10Y,1.37
2015-12-29,GoC_10Y,1.4
2015-12-30,GoC_10Y,1.4
2015-12-31,GoC_10Y,1.39
2016-01-04,GoC_10Y,1.39
2016-01-05,GoC_10Y,1.38
2016-01-06,GoC_10Y,1.33
2016-01-07,GoC_10Y,1.32
2016-01-08,GoC_10Y,1.29
2016-01-11,GoC_10Y,1.32
2016-01-12,GoC_10Y,1.27
2016-01-13,GoC_10Y,1.22
2016-01-14,GoC_10Y,1.22
2016-01-15,GoC_10Y,1.14
2016-01-18,GoC_10Y,1.16
2016-01-19,GoC_10Y,1.18
2016-01-20,GoC_10Y,1.16
2016-01-21,GoC_10Y,1.25
2016-01-22,GoC_10Y,1.31
2016-01-25,GoC_10Y,1.25
2016-01-26,GoC_10Y,1.27
2016-01-27,GoC_10Y,1.24
2016-01-28,GoC_10Y,1.24
2016-01-29,GoC_10Y,1.22
2016-02-01,GoC_10Y,1.23
2016-02-02,GoC_10Y,1.11
2016-02-03,GoC_10Y,1.15
2016-02-04,GoC_10Y,1.16
2016-02-05,GoC_10Y,1.13
2016-02-08,GoC_10Y,1.05
2016-02-09,GoC_10Y,1.05
2016-02-10,GoC_10Y,1.01
2016-02-11,GoC_10Y,1.0
2016-02-12,GoC_10Y,1.13
2016-02-16,GoC_10Y,1.16
2016-02-17,GoC_10Y,1.17
2016-02-18,GoC_10Y,1.11
2016-02-19,GoC_10Y,1.12
2016-02-22,GoC_10Y,1.12
2016-02-23,GoC_10Y,1.14
2016-02-24,GoC_10Y,1.15
2016-02-25,GoC_10Y,1.13
2016-02-26,GoC_10Y,1.19
2016-02-29,GoC_10Y,1.18
2016-03-01,GoC_10Y,1.23
2016-03-02,GoC_10Y,1.25
2016-03-03,GoC_10Y,1.22
2016-03-04,GoC_10Y,1.25
2016-03-07,GoC_10Y,1.28
2016-03-08,GoC_10Y,1.18
2016-03-09,GoC_10Y,1.26
2016-03-10,GoC_10Y,1.3
2016-03-11,GoC_10Y,1.36
2016-03-14,GoC_10Y,1.35
2016-03-15,GoC_10Y,1.33
2016-03-16,GoC_10Y,1.31
2016-03-17,GoC_10Y,1.29
2016-03-18,GoC_10Y,1.29
2016-03-21,GoC_10Y,1.3
2016-03-22,GoC_10Y,1.31
2016-03-23,GoC_10Y,1.24
2016-03-24,GoC_10Y,1.27
2016-03-28,GoC_10Y,1.25
2016-03-29,GoC_10Y,1.18
2016-03-30,GoC_10Y,1.22
2016-03-31,GoC_10Y,1.23
2016-04-01,GoC_10Y,1.24
2016-04-04,GoC_10Y,1.23
2016-04-05,GoC_10Y,1.16
2016-04-06,GoC_10Y,1.2
2016-04-07,GoC_10Y,1.16
2016-04-08,GoC_10Y,1.23
2016-04-11,GoC_10Y,1.24
2016-04-12,GoC_10Y,1.29
2016-04-13,GoC_10Y,1.25
2016-04-14,GoC_10Y,1.29
2016-04-15,GoC_10Y,1.26
2016-04-18,GoC_10Y,1.3
2016-04-19,GoC_10Y,1.33
2016-04-20,GoC_10Y,1.33
2016-04-21,GoC_10Y,1.46
2016-04-22,GoC_10Y,1.51
2016-04-25,GoC_10Y,1.54
2016-04-26,GoC_10Y,1.56
2016-04-27,GoC_10Y,1.5
2016-04-28,GoC_10Y,1.48
2016-04-29,GoC_10Y,1.5
2016-05-02,GoC_10Y,1.53
2016-05-03,GoC_10Y,1.46
2016-05-04,GoC_10Y,1.4
2016-05-05,GoC_10Y,1.35
2016-05-06,GoC_10Y,1.35
2016-05-09,GoC_10Y,1.31
2016-05-10,GoC_10Y,1.31
2016-05-11,GoC_10Y,1.3
2016-05-12,GoC_10Y,1.32
2016-05-13,GoC_10Y,1.27
2016-05-16,GoC_10Y,1.31
2016-05-17,GoC_10Y,1.3
2016-05-18,GoC_10Y,1.36
2016-05-19,GoC_10Y,1.34
2016-05-20,GoC_10Y,1.35
2016-05-24,GoC_10Y,1.37
2016-05-25,GoC_10Y,1.38
2016-05-26,GoC_10Y,1.33
2016-05-27,GoC_10Y,1.35
2016-05-30,GoC_10Y,1.35
2016-05-31,GoC_10Y,1.31
2016-06-01,GoC_10Y,1.3
2016-06-02,GoC_10Y,1.25
2016-06-03,GoC_10Y,1.18
2016-06-06,GoC_10Y,1.24
2016-06-07,GoC_10Y,1.22
2016-06-08,GoC_10Y,1.2
2016-06-09,GoC_10Y,1.18
2016-06-10,GoC_10Y,1.12
2016-06-13,GoC_10Y,1.11
2016-06-14,GoC_10Y,1.12
2016-06-15,GoC_10Y,1.08
2016-06-16,GoC_10Y,1.1
2016-06-17,GoC_10Y,1.12
2016-06-20,GoC_10Y,1.2
2016-06-21,GoC_10Y,1.25
2016-06-22,GoC_10Y,1.23
2016-06-23,GoC_10Y,1.3
2016-06-24,GoC_10Y,1.17
2016-06-27,GoC_10Y,1.08
2016-06-28,GoC_10Y,1.07
2016-06-29,GoC_10Y,1.12
2016-06-30,GoC_10Y,1.06
2016-07-04,GoC_10Y,1.04
2016-07-05,GoC_10Y,0.99
2016-07-06,GoC_10Y,0.98
2016-07-07,GoC_10Y,0.98
2016-07-08,GoC_10Y,0.96
2016-07-11,GoC_10Y,0.98
2016-07-12,GoC_10Y,1.06
2016-07-13,GoC_10Y,1.0
2016-07-14,GoC_10Y,1.05
2016-07-15,GoC_10Y,1.12
2016-07-18,GoC_10Y,1.1
2016-07-19,GoC_10Y,1.08
2016-07-20,GoC_10Y,1.12
2016-07-21,GoC_10Y,1.1
2016-07-22,GoC_10Y,1.09
2016-07-25,GoC_10Y,1.1
2016-07-26,GoC_10Y,1.11
2016-07-27,GoC_10Y,1.07
2016-07-28,GoC_10Y,1.06
2016-07-29,GoC_10Y,1.03
2016-08-02,GoC_10Y,1.07
2016-08-03,GoC_10Y,1.1
2016-08-04,GoC_10Y,1.05
2016-08-05,GoC_10Y,1.07
2016-08-08,GoC_10Y,1.06
2016-08-09,GoC_10Y,1.0
2016-08-10,GoC_10Y,0.99
2016-08-11,GoC_10Y,1.04
2016-08-12,GoC_10Y,1.01
2016-08-15,GoC_10Y,1.04
2016-08-16,GoC_10Y,1.06
2016-08-17,GoC_10Y,1.06
2016-08-18,GoC_10Y,1.04
2016-08-19,GoC_10Y,1.08
2016-08-22,GoC_10Y,1.02
2016-08-23,GoC_10Y,1.02
2016-08-24,GoC_10Y,1.03
2016-08-25,GoC_10Y,1.06
2016-08-26,GoC_10Y,1.08
2016-08-29,GoC_10Y,1.02
2016-08-30,GoC_10Y,1.02
2016-08-31,GoC_10Y,1.02
2016-09-01,GoC_10Y,1.0
2016-09-02,GoC_10Y,1.06
2016-09-06,GoC_10Y,1.03
2016-09-07,GoC_10Y,1.0
2016-09-08,GoC_10Y,1.09
2016-09-09,GoC_10Y,1.15
2016-09-12,GoC_10Y,1.15
2016-09-13,GoC_10Y,1.23
2016-09-14,GoC_10Y,1.19
2016-09-15,GoC_10Y,1.2
2016-09-16,GoC_10Y,1.19
2016-09-19,GoC_10Y,1.19
2016-09-20,GoC_10Y,1.16
2016-09-21,GoC_10Y,1.15
2016-09-22,GoC_10Y,1.1
2016-09-23,GoC_10Y,1.04
2016-09-26,GoC_10Y,0.99
2016-09-27,GoC_10Y,0.96
2016-09-28,GoC_10Y,0.98
2016-09-29,GoC_10Y,0.95
2016-09-30,GoC_10Y,1.0
2016-10-03,GoC_10Y,1.01
2016-10-04,GoC_10Y,1.06
2016-10-05,GoC_10Y,1.1
2016-10-06,GoC_10Y,1.15
2016-10-07,GoC_10Y,1.17
2016-10-11,GoC_10Y,1.2
2016-10-12,GoC_10Y,1.2
2016-10-13,GoC_10Y,1.18
2016-10-14,GoC_10Y,1.25
2016-10-17,GoC_10Y,1.22
2016-10-18,GoC_10Y,1.2
2016-10-19,GoC_10Y,1.2
2016-10-20,GoC_10Y,1.17
2016-10-21,GoC_10Y,1.13
2016-10-24,GoC_10Y,1.14
2016-10-25,GoC_10Y,1.14
2016-10-26,GoC_10Y,1.15
2016-10-27,GoC_10Y,1.23
2016-10-28,GoC_10Y,1.23
2016-10-31,GoC_10Y,1.2
2016-11-01,GoC_10Y,1.21
2016-11-02,GoC_10Y,1.18
2016-11-03,GoC_10Y,1.2
2016-11-04,GoC_10Y,1.16
2016-11-07,GoC_10Y,1.22
2016-11-08,GoC_10Y,1.27
2016-11-09,GoC_10Y,1.38
2016-11-10,GoC_10Y,1.43
2016-11-14,GoC_10Y,1.54
2016-11-15,GoC_10Y,1.55
2016-11-16,GoC_10Y,1.5
2016-11-17,GoC_10Y,1.55
2016-11-18,GoC_10Y,1.57
2016-11-21,GoC_10Y,1.57
2016-11-22,GoC_10Y,1.54
2016-11-23,GoC_10Y,1.55
2016-11-24,GoC_10Y,1.59
2016-11-25,GoC_10Y,1.57
2016-11-28,GoC_10Y,1.52
2016-11-29,GoC_10Y,1.51
2016-11-30,GoC_10Y,1.58
2016-12-01,GoC_10Y,1.66
2016-12-02,GoC_10Y,1.63
2016-12-05,GoC_10Y,1.62
2016-12-06,GoC_10Y,1.63
2016-12-07,GoC_10Y,1.59
2016-12-08,GoC_10Y,1.65
2016-12-09,GoC_10Y,1.73
2016-12-12,GoC_10Y,1.75
2016-12-13,GoC_10Y,1.75
2016-12-14,GoC_10Y,1.78
2016-12-15,GoC_10Y,1.84
2016-12-16,GoC_10Y,1.83
2016-12-19,GoC_10Y,1.78
2016-12-20,GoC_10Y,1.81
2016-12-21,GoC_10Y,1.81
2016-12-22,GoC_10Y,1.82
2016-12-23,GoC_10Y,1.79
2016-12-28,GoC_10Y,1.73
2016-12-29,GoC_10Y,1.72
2016-12-30,GoC_10Y,1.72
2017-01-03,GoC_10Y,1.74
2017-01-04,GoC_10Y,1.71
2017-01-05,GoC_10Y,1.67
2017-01-06,GoC_10Y,1.73
2017-01-09,GoC_10Y,1.69
2017-01-10,GoC_10Y,1.69
2017-01-11,GoC_10Y,1.68
2017-01-12,GoC_10Y,1.65
2017-01-13,GoC_10Y,1.71
2017-01-16,GoC_10Y,1.68
2017-01-17,GoC_10Y,1.66
2017-01-18,GoC_10Y,1.7
2017-01-19,GoC_10Y,1.75
2017-01-20,GoC_10Y,1.74
2017-01-23,GoC_10Y,1.68
2017-01-24,GoC_10Y,1.75
2017-01-25,GoC_10Y,1.82
2017-01-26,GoC_10Y,1.81
2017-01-27,GoC_10Y,1.78
2017-01-30,GoC_10Y,1.78
2017-01-31,GoC_10Y,1.75
2017-02-01,GoC_10Y,1.76
2017-02-02,GoC_10Y,1.76
2017-02-03,GoC_10Y,1.77
2017-02-06,GoC_10Y,1.7
2017-02-07,GoC_10Y,1.69
2017-02-08,GoC_10Y,1.62
2017-02-09,GoC_10Y,1.68
2017-02-10,GoC_10Y,1.69
2017-02-13,GoC_10Y,1.73
2017-02-14,GoC_10Y,1.76
2017-02-15,GoC_10Y,1.78
2017-02-16,GoC_10Y,1.74
2017-02-17,GoC_10Y,1.7
2017-02-21,GoC_10Y,1.72
2017-02-22,GoC_10Y,1.71
2017-02-23,GoC_10Y,1.67
2017-02-24,GoC_10Y,1.6
2017-02-27,GoC_10Y,1.64
2017-02-28,GoC_10Y,1.62
2017-03-01,GoC_10Y,1.68
2017-03-02,GoC_10Y,1.7
2017-03-03,GoC_10Y,1.7
2017-03-06,GoC_10Y,1.7
2017-03-07,GoC_10Y,1.73
2017-03-08,GoC_10Y,1.78
2017-03-09,GoC_10Y,1.81
2017-03-10,GoC_10Y,1.81
2017-03-13,GoC_10Y,1.87
2017-03-14,GoC_10Y,1.83
2017-03-15,GoC_10Y,1.76
2017-03-16,GoC_10Y,1.8
2017-03-17,GoC_10Y,1.76
2017-03-20,GoC_10Y,1.73
2017-03-21,GoC_10Y,1.71
2017-03-22,GoC_10Y,1.68
2017-03-23,GoC_10Y,1.68
2017-03-24,GoC_10Y,1.63
2017-03-27,GoC_10Y,1.6
2017-03-28,GoC_10Y,1.62
2017-03-29,GoC_10Y,1.59
2017-03-30,GoC_10Y,1.63
2017-03-31,GoC_10Y,1.63
2017-04-03,GoC_10Y,1.58
2017-04-04,GoC_10Y,1.57
2017-04-05,GoC_10Y,1.55
2017-04-06,GoC_10Y,1.55
2017-04-07,GoC_10Y,1.59
2017-04-10,GoC_10Y,1.6
2017-04-11,GoC_10Y,1.55
2017-04-12,GoC_10Y,1.52
2017-04-13,GoC_10Y,1.49
2017-04-17,GoC_10Y,1.51
2017-04-18,GoC_10Y,1.44
2017-04-19,GoC_10Y,1.46
2017-04-20,GoC_10Y,1.48
2017-04-21,GoC_10Y,1.46
2017-04-24,GoC_10Y,1.48
2017-04-25,GoC_10Y,1.52
2017-04-26,GoC_10Y,1.48
2017-04-27,GoC_10Y,1.57
2017-04-28,GoC_10Y,1.54
2017-05-01,GoC_10Y,1.57
2017-05-02,GoC_10Y,1.51
2017-05-03,GoC_10Y,1.53
2017-05-04,GoC_10Y,1.53
2017-05-05,GoC_10Y,1.54
2017-05-08,GoC_10Y,1.57
2017-05-09,GoC_10Y,1.61
2017-05-10,GoC_10Y,1.63
2017-05-11,GoC_10Y,1.6
2017-05-12,GoC_10Y,1.57
2017-05-15,GoC_10Y,1.59
2017-05-16,GoC_10Y,1.57
2017-05-17,GoC_10Y,1.45
2017-05-18,GoC_10Y,1.44
2017-05-19,GoC_10Y,1.47
2017-05-23,GoC_10Y,1.5
2017-05-24,GoC_10Y,1.48
2017-05-25,GoC_10Y,1.46
2017-05-26,GoC_10Y,1.44
2017-05-29,GoC_10Y,1.41
2017-05-30,GoC_10Y,1.41
2017-05-31,GoC_10Y,1.41
2017-06-01,GoC_10Y,1.43
2017-06-02,GoC_10Y,1.4
2017-06-05,GoC_10Y,1.41
2017-06-06,GoC_10Y,1.39
2017-06-07,GoC_10Y,1.41
2017-06-08,GoC_10Y,1.42
2017-06-09,GoC_10Y,1.42
2017-06-12,GoC_10Y,1.48
2017-06-13,GoC_10Y,1.56
2017-06-14,GoC_10Y,1.49
2017-06-15,GoC_10Y,1.53
2017-06-16,GoC_10Y,1.52
2017-06-19,GoC_10Y,1.54
2017-06-20,GoC_10Y,1.5
2017-06-21,GoC_10Y,1.49
2017-06-22,GoC_10Y,1.5
2017-06-23,GoC_10Y,1.48
2017-06-26,GoC_10Y,1.46
2017-06-27,GoC_10Y,1.57
2017-06-28,GoC_10Y,1.61
2017-06-29,GoC_10Y,1.7
2017-06-30,GoC_10Y,1.75
2017-07-04,GoC_10Y,1.83
2017-07-05,GoC_10Y,1.8
2017-07-06,GoC_10Y,1.83
2017-07-07,GoC_10Y,1.88
2017-07-10,GoC_10Y,1.88
2017-07-11,GoC_10Y,1.86
2017-07-12,GoC_10Y,1.88
2017-07-13,GoC_10Y,1.92
2017-07-14,GoC_10Y,1.9
2017-07-17,GoC_10Y,1.88
2017-07-18,GoC_10Y,1.86
2017-07-19,GoC_10Y,1.89
2017-07-20,GoC_10Y,1.88
2017-07-21,GoC_10Y,1.88
2017-07-24,GoC_10Y,1.92
2017-07-25,GoC_10Y,2.02
2017-07-26,GoC_10Y,1.96
2017-07-27,GoC_10Y,2.0
2017-07-28,GoC_10Y,2.03
2017-07-31,GoC_10Y,2.06
2017-08-01,GoC_10Y,1.96
2017-08-02,GoC_10Y,1.93
2017-08-03,GoC_10Y,1.89
2017-08-04,GoC_10Y,1.92
2017-08-08,GoC_10Y,1.94
2017-08-09,GoC_10Y,1.91
2017-08-10,GoC_10Y,1.85
2017-08-11,GoC_10Y,1.85
2017-08-14,GoC_10Y,1.88
2017-08-15,GoC_10Y,1.9
2017-08-16,GoC_10Y,1.87
2017-08-17,GoC_10Y,1.85
2017-08-18,GoC_10Y,1.87
2017-08-21,GoC_10Y,1.88
2017-08-22,GoC_10Y,1.92
2017-08-23,GoC_10Y,1.88
2017-08-24,GoC_10Y,1.89
2017-08-25,GoC_10Y,1.87
2017-08-28,GoC_10Y,1.86
2017-08-29,GoC_10Y,1.83
2017-08-30,GoC_10Y,1.84
2017-08-31,GoC_10Y,1.85
2017-09-01,GoC_10Y,1.91
2017-09-05,GoC_10Y,1.86
2017-09-06,GoC_10Y,1.94
2017-09-07,GoC_10Y,1.94
2017-09-08,GoC_10Y,1.99
2017-09-11,GoC_10Y,2.02
2017-09-12,GoC_10Y,2.05
2017-09-13,GoC_10Y,2.07
2017-09-14,GoC_10Y,2.07
2017-09-15,GoC_10Y,2.09
2017-09-18,GoC_10Y,2.08
2017-09-19,GoC_10Y,2.09
2017-09-20,GoC_10Y,2.1
2017-09-21,GoC_10Y,2.12
2017-09-22,GoC_10Y,2.11
2017-09-25,GoC_10Y,2.09
2017-09-26,GoC_10Y,2.11
2017-09-27,GoC_10Y,2.13
2017-09-28,GoC_10Y,2.12
2017-09-29,GoC_10Y,2.1
2017-10-02,GoC_10Y,2.13
2017-10-03,GoC_10Y,2.11
2017-10-04,GoC_10Y,2.12
2017-10-05,GoC_10Y,2.1
2017-10-06,GoC_10Y,2.13
2017-10-10,GoC_10Y,2.12
2017-10-11,GoC_10Y,2.1
2017-10-12,GoC_10Y,2.08
2017-10-13,GoC_10Y,2.03
2017-10-16,GoC_10Y,2.02
2017-10-17,GoC_10Y,2.01
2017-10-18,GoC_10Y,2.03
2017-10-19,GoC_10Y,2.02
2017-10-20,GoC_10Y,2.03
2017-10-23,GoC_10Y,2.02
2017-10-24,GoC_10Y,2.06
2017-10-25,GoC_10Y,2.04
2017-10-26,GoC_10Y,2.03
2017-10-27,GoC_10Y,1.98
2017-10-30,GoC_10Y,1.96
2017-10-31,GoC_10Y,1.95
2017-11-01,GoC_10Y,1.97
2017-11-02,GoC_10Y,1.96
2017-11-03,GoC_10Y,1.95
2017-11-06,GoC_10Y,1.92
2017-11-07,GoC_10Y,1.89
2017-11-08,GoC_10Y,1.91
2017-11-09,GoC_10Y,1.93
2017-11-10,GoC_10Y,1.96
2017-11-14,GoC_10Y,1.95
2017-11-15,GoC_10Y,1.91
2017-11-16,GoC_10Y,1.97
2017-11-17,GoC_10Y,1.94
2017-11-20,GoC_10Y,1.96
2017-11-21,GoC_10Y,1.92
2017-11-22,GoC_10Y,1.9
2017-11-23,GoC_10Y,1.89
2017-11-24,GoC_10Y,1.89
2017-11-27,GoC_10Y,1.86
2017-11-28,GoC_10Y,1.84
2017-11-29,GoC_10Y,1.88
2017-11-30,GoC_10Y,1.89
2017-12-01,GoC_10Y,1.9
2017-12-04,GoC_10Y,1.93
2017-12-05,GoC_10Y,1.9
2017-12-06,GoC_10Y,1.84
2017-12-07,GoC_10Y,1.85
2017-12-08,GoC_10Y,1.85
2017-12-11,GoC_10Y,1.86
2017-12-12,GoC_10Y,1.86
2017-12-13,GoC_10Y,1.84
2017-12-14,GoC_10Y,1.86
2017-12-15,GoC_10Y,1.83
2017-12-18,GoC_10Y,1.86
2017-12-19,GoC_10Y,1.93
2017-12-20,GoC_10Y,1.98
2017-12-21,GoC_10Y,2.03
2017-12-22,GoC_10Y,2.02
2017-12-27,GoC_10Y,1.98
2017-12-28,GoC_10Y,2.03
2017-12-29,GoC_10Y,2.04
2018-01-02,GoC_10Y,2.08
2018-01-03,GoC_10Y,2.05
2018-01-04,GoC_10Y,2.08
2018-01-05,GoC_10Y,2.15
2018-01-08,GoC_10Y,2.16
2018-01-09,GoC_10Y,2.2
2018-01-10,GoC_10Y,2.16
2018-01-11,GoC_10Y,2.17
2018-01-12,GoC_10Y,2.18
2018-01-15,GoC_10Y,2.19
2018-01-16,GoC_10Y,2.18
2018-01-17,GoC_10Y,2.2
2018-01-18,GoC_10Y,2.23
2018-01-19,GoC_10Y,2.23
2018-01-22,GoC_10Y,2.24
2018-01-23,GoC_10Y,2.23
2018-01-24,GoC_10Y,2.26
2018-01-25,GoC_10Y,2.24
2018-01-26,GoC_10Y,2.26
2018-01-29,GoC_10Y,2.28
2018-01-30,GoC_10Y,2.3
2018-01-31,GoC_10Y,2.29
2018-02-01,GoC_10Y,2.37
2018-02-02,GoC_10Y,2.36
2018-02-05,GoC_10Y,2.32
2018-02-06,GoC_10Y,2.36
2018-02-07,GoC_10Y,2.38
2018-02-08,GoC_10Y,2.36
2018-02-09,GoC_10Y,2.35
2018-02-12,GoC_10Y,2.34
2018-02-13,GoC_10Y,2.32
2018-02-14,GoC_10Y,2.37
2018-02-15,GoC_10Y,2.37
2018-02-16,GoC_10Y,2.31
2018-02-20,GoC_10Y,2.32
2018-02-21,GoC_10Y,2.34
2018-02-22,GoC_10Y,2.3
2018-02-23,GoC_10Y,2.25
2018-02-26,GoC_10Y,2.24
2018-02-27,GoC_10Y,2.27
2018-02-28,GoC_10Y,2.23
2018-03-01,GoC_10Y,2.17
2018-03-02,GoC_10Y,2.2
2018-03-05,GoC_10Y,2.19
2018-03-06,GoC_10Y,2.23
2018-03-07,GoC_10Y,2.23
2018-03-08,GoC_10Y,2.23
2018-03-09,GoC_10Y,2.27
2018-03-12,GoC_10Y,2.24
2018-03-13,GoC_10Y,2.2
2018-03-14,GoC_10Y,2.16
2018-03-15,GoC_10Y,2.14
2018-03-16,GoC_10Y,2.14
2018-03-19,GoC_10Y,2.17
2018-03-20,GoC_10Y,2.2
2018-03-21,GoC_10Y,2.26
2018-03-22,GoC_10Y,2.17
2018-03-23,GoC_10Y,2.19
2018-03-26,GoC_10Y,2.23
2018-03-27,GoC_10Y,2.14
2018-03-28,GoC_10Y,2.11
2018-03-29,GoC_10Y,2.09
2018-04-02,GoC_10Y,2.11
2018-04-03,GoC_10Y,2.14
2018-04-04,GoC_10Y,2.17
2018-04-05,GoC_10Y,2.18
2018-04-06,GoC_10Y,2.14
2018-04-09,GoC_10Y,2.14
2018-04-10,GoC_10Y,2.18
2018-04-11,GoC_10Y,2.2
2018-04-12,GoC_10Y,2.27
2018-04-13,GoC_10Y,2.23
2018-04-16,GoC_10Y,2.27
2018-04-17,GoC_10Y,2.24
2018-04-18,GoC_10Y,2.28
2018-04-19,GoC_10Y,2.32
2018-04-20,GoC_10Y,2.33
2018-04-23,GoC_10Y,2.35
2018-04-24,GoC_10Y,2.34
2018-04-25,GoC_10Y,2.37
2018-04-26,GoC_10Y,2.35
2018-04-27,GoC_10Y,2.32
2018-04-30,GoC_10Y,2.3
2018-05-01,GoC_10Y,2.35
2018-05-02,GoC_10Y,2.36
2018-05-03,GoC_10Y,2.32
2018-05-04,GoC_10Y,2.33
2018-05-07,GoC_10Y,2.32
2018-05-08,GoC_10Y,2.35
2018-05-09,GoC_10Y,2.39
2018-05-10,GoC_10Y,2.4
2018-05-11,GoC_10Y,2.38
2018-05-14,GoC_10Y,2.42
2018-05-15,GoC_10Y,2.48
2018-05-16,GoC_10Y,2.5
2018-05-17,GoC_10Y,2.52
2018-05-18,GoC_10Y,2.48
2018-05-22,GoC_10Y,2.48
2018-05-23,GoC_10Y,2.45
2018-05-24,GoC_10Y,2.41
2018-05-25,GoC_10Y,2.35
2018-05-28,GoC_10Y,2.3
2018-05-29,GoC_10Y,2.19
2018-05-30,GoC_10Y,2.25
2018-05-31,GoC_10Y,2.23
2018-06-01,GoC_10Y,2.24
2018-06-04,GoC_10Y,2.27
2018-06-05,GoC_10Y,2.24
2018-06-06,GoC_10Y,2.3
2018-06-07,GoC_10Y,2.27
2018-06-08,GoC_10Y,2.31
2018-06-11,GoC_10Y,2.31
2018-06-12,GoC_10Y,2.3
2018-06-13,GoC_10Y,2.32
2018-06-14,GoC_10Y,2.27
2018-06-15,GoC_10Y,2.22
2018-06-18,GoC_10Y,2.2
2018-06-19,GoC_10Y,2.15
2018-06-20,GoC_10Y,2.18
2018-06-21,GoC_10Y,2.14
2018-06-22,GoC_10Y,2.12
2018-06-25,GoC_10Y,2.09
2018-06-26,GoC_10Y,2.1
2018-06-27,GoC_10Y,2.06
2018-06-28,GoC_10Y,2.13
2018-06-29,GoC_10Y,2.17
2018-07-03,GoC_10Y,2.14
2018-07-04,GoC_10Y,2.16
2018-07-05,GoC_10Y,2.14
2018-07-06,GoC_10Y,2.13
2018-07-09,GoC_10Y,2.16
2018-07-10,GoC_10Y,2.16
2018-07-11,GoC_10Y,2.14
2018-07-12,GoC_10Y,2.16
2018-07-13,GoC_10Y,2.14
2018-07-16,GoC_10Y,2.14
2018-07-17,GoC_10Y,2.12
2018-07-18,GoC_10Y,2.14
2018-07-19,GoC_10Y,2.11
2018-07-20,GoC_10Y,2.18
2018-07-23,GoC_10Y,2.23
2018-07-24,GoC_10Y,2.22
2018-07-25,GoC_10Y,2.28
2018-07-26,GoC_10Y,2.28
2018-07-27,GoC_10Y,2.29
2018-07-30,GoC_10Y,2.3
2018-07-31,GoC_10Y,2.31
2018-08-01,GoC_10Y,2.36
2018-08-02,GoC_10Y,2.36
2018-08-03,GoC_10Y,2.35
2018-08-07,GoC_10Y,2.37
2018-08-08,GoC_10Y,2.36
2018-08-09,GoC_10Y,2.33
2018-08-10,GoC_10Y,2.29
2018-08-13,GoC_10Y,2.3
2018-08-14,GoC_10Y,2.31
2018-08-15,GoC_10Y,2.27
2018-08-16,GoC_10Y,2.25
2018-08-17,GoC_10Y,2.26
2018-08-20,GoC_10Y,2.25
2018-08-21,GoC_10Y,2.26
2018-08-22,GoC_10Y,2.25
2018-08-23,GoC_10Y,2.25
2018-08-24,GoC_10Y,2.26
2018-08-27,GoC_10Y,2.29
2018-08-28,GoC_10Y,2.31
2018-08-29,GoC_10Y,2.32
2018-08-30,GoC_10Y,2.28
2018-08-31,GoC_10Y,2.22
2018-09-04,GoC_10Y,2.23
2018-09-05,GoC_10Y,2.24
2018-09-06,GoC_10Y,2.23
2018-09-07,GoC_10Y,2.29
2018-09-10,GoC_10Y,2.28
2018-09-11,GoC_10Y,2.32
2018-09-12,GoC_10Y,2.33
2018-09-13,GoC_10Y,2.32
2018-09-14,GoC_10Y,2.34
2018-09-17,GoC_10Y,2.34
2018-09-18,GoC_10Y,2.38
2018-09-19,GoC_10Y,2.42
2018-09-20,GoC_10Y,2.42
2018-09-21,GoC_10Y,2.43
2018-09-24,GoC_10Y,2.44
2018-09-25,GoC_10Y,2.46
2018-09-26,GoC_10Y,2.42
2018-09-27,GoC_10Y,2.41
2018-09-28,GoC_10Y,2.42
2018-10-01,GoC_10Y,2.51
2018-10-02,GoC_10Y,2.46
2018-10-03,GoC_10Y,2.53
2018-10-04,GoC_10Y,2.55
2018-10-05,GoC_10Y,2.6
2018-10-09,GoC_10Y,2.57
2018-10-10,GoC_10Y,2.55
2018-10-11,GoC_10Y,2.49
2018-10-12,GoC_10Y,2.49
2018-10-15,GoC_10Y,2.5
2018-10-16,GoC_10Y,2.49
2018-10-17,GoC_10Y,2.51
2018-10-18,GoC_10Y,2.49
2018-10-19,GoC_10Y,2.49
2018-10-22,GoC_10Y,2.48
2018-10-23,GoC_10Y,2.45
2018-10-24,GoC_10Y,2.43
2018-10-25,GoC_10Y,2.45
2018-10-26,GoC_10Y,2.39
2018-10-29,GoC_10Y,2.39
2018-10-30,GoC_10Y,2.44
2018-10-31,GoC_10Y,2.49
2018-11-01,GoC_10Y,2.48
2018-11-02,GoC_10Y,2.53
2018-11-05,GoC_10Y,2.52
2018-11-06,GoC_10Y,2.53
2018-11-07,GoC_10Y,2.52
2018-11-08,GoC_10Y,2.54
2018-11-09,GoC_10Y,2.5
2018-11-13,GoC_10Y,2.46
2018-11-14,GoC_10Y,2.42
2018-11-15,GoC_10Y,2.38
2018-11-16,GoC_10Y,2.36
2018-11-19,GoC_10Y,2.35
2018-11-20,GoC_10Y,2.34
2018-11-21,GoC_10Y,2.35
2018-11-22,GoC_10Y,2.36
2018-11-23,GoC_10Y,2.34
2018-11-26,GoC_10Y,2.35
2018-11-27,GoC_10Y,2.33
2018-11-28,GoC_10Y,2.33
2018-11-29,GoC_10Y,2.3
2018-11-30,GoC_10Y,2.27
2018-12-03,GoC_10Y,2.24
2018-12-04,GoC_10Y,2.18
2018-12-05,GoC_10Y,2.12
2018-12-06,GoC_10Y,2.08
2018-12-07,GoC_10Y,2.07
2018-12-10,GoC_10Y,2.05
2018-12-11,GoC_10Y,2.07
2018-12-12,GoC_10Y,2.12
2018-12-13,GoC_10Y,2.15
2018-12-14,GoC_10Y,2.1
2018-12-17,GoC_10Y,2.05
2018-12-18,GoC_10Y,2.01
2018-12-19,GoC_10Y,1.97
2018-12-20,GoC_10Y,1.99
2018-12-21,GoC_10Y,2.02
2018-12-24,GoC_10Y,1.98
2018-12-27,GoC_10Y,1.99
2018-12-28,GoC_10Y,1.95
2018-12-31,GoC_10Y,1.96
2019-01-02,GoC_10Y,1.92
2019-01-03,GoC_10Y,1.83
2019-01-04,GoC_10Y,1.92
2019-01-07,GoC_10Y,1.95
2019-01-08,GoC_10Y,1.96
2019-01-09,GoC_10Y,1.98
2019-01-10,GoC_10Y,1.98
2019-01-11,GoC_10Y,1.95
2019-01-14,GoC_10Y,1.96
2019-01-15,GoC_10Y,1.97
2019-01-16,GoC_10Y,1.99
2019-01-17,GoC_10Y,1.99
2019-01-18,GoC_10Y,2.03
2019-01-21,GoC_10Y,2.02
2019-01-22,GoC_10Y,1.96
2019-01-23,GoC_10Y,1.97
2019-01-24,GoC_10Y,1.93
2019-01-25,GoC_10Y,1.97
2019-01-28,GoC_10Y,1.96
2019-01-29,GoC_10Y,1.94
2019-01-30,GoC_10Y,1.92
2019-01-31,GoC_10Y,1.88
2019-02-01,GoC_10Y,1.96
2019-02-04,GoC_10Y,1.96
2019-02-05,GoC_10Y,1.94
2019-02-06,GoC_10Y,1.92
2019-02-07,GoC_10Y,1.87
2019-02-08,GoC_10Y,1.88
2019-02-11,GoC_10Y,1.91
2019-02-12,GoC_10Y,1.92
2019-02-13,GoC_10Y,1.93
2019-02-14,GoC_10Y,1.88
2019-02-15,GoC_10Y,1.89
2019-02-19,GoC_10Y,1.89
2019-02-20,GoC_10Y,1.89
2019-02-21,GoC_10Y,1.91
2019-02-22,GoC_10Y,1.89
2019-02-25,GoC_10Y,1.89
2019-02-26,GoC_10Y,1.86
2019-02-27,GoC_10Y,1.91
2019-02-28,GoC_10Y,1.94
2019-03-01,GoC_10Y,1.94
2019-03-04,GoC_10Y,1.89
2019-03-05,GoC_10Y,1.88
2019-03-06,GoC_10Y,1.82
2019-03-07,GoC_10Y,1.76
2019-03-08,GoC_10Y,1.76
2019-03-11,GoC_10Y,1.75
2019-03-12,GoC_10Y,1.73
2019-03-13,GoC_10Y,1.76
2019-03-14,GoC_10Y,1.76
2019-03-15,GoC_10Y,1.71
2019-03-18,GoC_10Y,1.71
2019-03-19,GoC_10Y,1.72
2019-03-20,GoC_10Y,1.67
2019-03-21,GoC_10Y,1.67
2019-03-22,GoC_10Y,1.6
2019-03-25,GoC_10Y,1.55
2019-03-26,GoC_10Y,1.57
2019-03-27,GoC_10Y,1.54
2019-03-28,GoC_10Y,1.55
2019-03-29,GoC_10Y,1.62
2019-04-01,GoC_10Y,1.7
2019-04-02,GoC_10Y,1.66
2019-04-03,GoC_10Y,1.7
2019-04-04,GoC_10Y,1.69
2019-04-05,GoC_10Y,1.7
2019-04-08,GoC_10Y,1.73
2019-04-09,GoC_10Y,1.72
2019-04-10,GoC_10Y,1.68
2019-04-11,GoC_10Y,1.72
2019-04-12,GoC_10Y,1.78
2019-04-15,GoC_10Y,1.75
2019-04-16,GoC_10Y,1.78
2019-04-17,GoC_10Y,1.8
2019-04-18,GoC_10Y,1.77
2019-04-22,GoC_10Y,1.79
2019-04-23,GoC_10Y,1.75
2019-04-24,GoC_10Y,1.67
2019-04-25,GoC_10Y,1.7
2019-04-26,GoC_10Y,1.69
2019-04-29,GoC_10Y,1.72
2019-04-30,GoC_10Y,1.71
2019-05-01,GoC_10Y,1.7
2019-05-02,GoC_10Y,1.76
2019-05-03,GoC_10Y,1.77
2019-05-06,GoC_10Y,1.73
2019-05-07,GoC_10Y,1.68
2019-05-08,GoC_10Y,1.7
2019-05-09,GoC_10Y,1.68
2019-05-10,GoC_10Y,1.73
2019-05-13,GoC_10Y,1.66
2019-05-14,GoC_10Y,1.69
2019-05-15,GoC_10Y,1.66
2019-05-16,GoC_10Y,1.68
2019-05-17,GoC_10Y,1.69
2019-05-21,GoC_10Y,1.75
2019-05-22,GoC_10Y,1.72
2019-05-23,GoC_10Y,1.64
2019-05-24,GoC_10Y,1.61
2019-05-27,GoC_10Y,1.59
2019-05-28,GoC_10Y,1.57
2019-05-29,GoC_10Y,1.57
2019-05-30,GoC_10Y,1.55
2019-05-31,GoC_10Y,1.49
2019-06-03,GoC_10Y,1.42
2019-06-04,GoC_10Y,1.47
2019-06-05,GoC_10Y,1.44
2019-06-06,GoC_10Y,1.46
2019-06-07,GoC_10Y,1.46
2019-06-10,GoC_10Y,1.52
2019-06-11,GoC_10Y,1.53
2019-06-12,GoC_10Y,1.5
2019-06-13,GoC_10Y,1.45
2019-06-14,GoC_10Y,1.44
2019-06-17,GoC_10Y,1.44
2019-06-18,GoC_10Y,1.42
2019-06-19,GoC_10Y,1.44
2019-06-20,GoC_10Y,1.45
2019-06-21,GoC_10Y,1.48
2019-06-24,GoC_10Y,1.46
2019-06-25,GoC_10Y,1.44
2019-06-26,GoC_10Y,1.5
2019-06-27,GoC_10Y,1.47
2019-06-28,GoC_10Y,1.46
2019-07-02,GoC_10Y,1.47
2019-07-03,GoC_10Y,1.45
2019-07-04,GoC_10Y,1.47
2019-07-05,GoC_10Y,1.57
2019-07-08,GoC_10Y,1.59
2019-07-09,GoC_10Y,1.58
2019-07-10,GoC_10Y,1.58
2019-07-11,GoC_10Y,1.62
2019-07-12,GoC_10Y,1.6
2019-07-15,GoC_10Y,1.58
2019-07-16,GoC_10Y,1.59
2019-07-17,GoC_10Y,1.53
2019-07-18,GoC_10Y,1.5
2019-07-19,GoC_10Y,1.5
2019-07-22,GoC_10Y,1.48
2019-07-23,GoC_10Y,1.49
2019-07-24,GoC_10Y,1.45
2019-07-25,GoC_10Y,1.46
2019-07-26,GoC_10Y,1.46
2019-07-29,GoC_10Y,1.47
2019-07-30,GoC_10Y,1.49
2019-07-31,GoC_10Y,1.49
2019-08-01,GoC_10Y,1.39
2019-08-02,GoC_10Y,1.37
2019-08-06,GoC_10Y,1.24
2019-08-07,GoC_10Y,1.22
2019-08-08,GoC_10Y,1.24
2019-08-09,GoC_10Y,1.27
2019-08-12,GoC_10Y,1.2
2019-08-13,GoC_10Y,1.23
2019-08-14,GoC_10Y,1.15
2019-08-15,GoC_10Y,1.09
2019-08-16,GoC_10Y,1.14
2019-08-19,GoC_10Y,1.18
2019-08-20,GoC_10Y,1.16
2019-08-21,GoC_10Y,1.21
2019-08-22,GoC_10Y,1.28
2019-08-23,GoC_10Y,1.17
2019-08-26,GoC_10Y,1.21
2019-08-27,GoC_10Y,1.12
2019-08-28,GoC_10Y,1.13
2019-08-29,GoC_10Y,1.15
2019-08-30,GoC_10Y,1.16
2019-09-03,GoC_10Y,1.13
2019-09-04,GoC_10Y,1.13
2019-09-05,GoC_10Y,1.26
2019-09-06,GoC_10Y,1.28
2019-09-09,GoC_10Y,1.34
2019-09-10,GoC_10Y,1.43
2019-09-11,GoC_10Y,1.42
2019-09-12,GoC_10Y,1.45
2019-09-13,GoC_10Y,1.51
2019-09-16,GoC_10Y,1.48
2019-09-17,GoC_10Y,1.45
2019-09-18,GoC_10Y,1.43
2019-09-19,GoC_10Y,1.43
2019-09-20,GoC_10Y,1.39
2019-09-23,GoC_10Y,1.37
2019-09-24,GoC_10Y,1.3
2019-09-25,GoC_10Y,1.39
2019-09-26,GoC_10Y,1.36
2019-09-27,GoC_10Y,1.36
2019-09-30,GoC_10Y,1.37
2019-10-01,GoC_10Y,1.35
2019-10-02,GoC_10Y,1.32
2019-10-03,GoC_10Y,1.24
2019-10-04,GoC_10Y,1.23
2019-10-07,GoC_10Y,1.29
2019-10-08,GoC_10Y,1.28
2019-10-09,GoC_10Y,1.31
2019-10-10,GoC_10Y,1.4
2019-10-11,GoC_10Y,1.51
2019-10-15,GoC_10Y,1.56
2019-10-16,GoC_10Y,1.55
2019-10-17,GoC_10Y,1.56
2019-10-18,GoC_10Y,1.54
2019-10-21,GoC_10Y,1.56
2019-10-22,GoC_10Y,1.52
2019-10-23,GoC_10Y,1.52
2019-10-24,GoC_10Y,1.52
2019-10-25,GoC_10Y,1.54
2019-10-28,GoC_10Y,1.62
2019-10-29,GoC_10Y,1.6
2019-10-30,GoC_10Y,1.45
2019-10-31,GoC_10Y,1.42
2019-11-01,GoC_10Y,1.44
2019-11-04,GoC_10Y,1.53
2019-11-05,GoC_10Y,1.6
2019-11-06,GoC_10Y,1.54
2019-11-07,GoC_10Y,1.61
2019-11-08,GoC_10Y,1.58
2019-11-12,GoC_10Y,1.6
2019-11-13,GoC_10Y,1.55
2019-11-14,GoC_10Y,1.47
2019-11-15,GoC_10Y,1.48
2019-11-18,GoC_10Y,1.48
2019-11-19,GoC_10Y,1.44
2019-11-20,GoC_10Y,1.42
2019-11-21,GoC_10Y,1.48
2019-11-22,GoC_10Y,1.47
2019-11-25,GoC_10Y,1.47
2019-11-26,GoC_10Y,1.44
2019-11-27,GoC_10Y,1.47
2019-11-28,GoC_10Y,1.46
2019-11-29,GoC_10Y,1.46
2019-12-02,GoC_10Y,1.53
2019-12-03,GoC_10Y,1.45
2019-12-04,GoC_10Y,1.54
2019-12-05,GoC_10Y,1.6
2019-12-06,GoC_10Y,1.58
2019-12-09,GoC_10Y,1.59
2019-12-10,GoC_10Y,1.6
2019-12-11,GoC_10Y,1.58
2019-12-12,GoC_10Y,1.66
2019-12-13,GoC_10Y,1.58
2019-12-16,GoC_10Y,1.63
2019-12-17,GoC_10Y,1.63
2019-12-18,GoC_10Y,1.69
2019-12-19,GoC_10Y,1.65
2019-12-20,GoC_10Y,1.61
2019-12-23,GoC_10Y,1.63
2019-12-24,GoC_10Y,1.61
2019-12-27,GoC_10Y,1.59
2019-12-30,GoC_10Y,1.64
2019-12-31,GoC_10Y,1.7
2020-01-02,GoC_10Y,1.62
2020-01-03,GoC_10Y,1.53
2020-01-06,GoC_10Y,1.58
2020-01-07,GoC_10Y,1.58
2020-01-08,GoC_10Y,1.62
2020-01-09,GoC_10Y,1.6
2020-01-10,GoC_10Y,1.59
2020-01-13,GoC_10Y,1.61
2020-01-14,GoC_10Y,1.58
2020-01-15,GoC_10Y,1.53
2020-01-16,GoC_10Y,1.55
2020-01-17,GoC_10Y,1.57
2020-01-20,GoC_10Y,1.56
2020-01-21,GoC_10Y,1.51
2020-01-22,GoC_10Y,1.45
2020-01-23,GoC_10Y,1.42
2020-01-24,GoC_10Y,1.36
2020-01-27,GoC_10Y,1.3
2020-01-28,GoC_10Y,1.37
2020-01-29,GoC_10Y,1.31
2020-01-30,GoC_10Y,1.32
2020-01-31,GoC_10Y,1.27
2020-02-03,GoC_10Y,1.25
2020-02-04,GoC_10Y,1.33
2020-02-05,GoC_10Y,1.39
2020-02-06,GoC_10Y,1.37
2020-02-07,GoC_10Y,1.33
2020-02-10,GoC_10Y,1.31
2020-02-11,GoC_10Y,1.35
2020-02-12,GoC_10Y,1.39
2020-02-13,GoC_10Y,1.39
2020-02-14,GoC_10Y,1.36
2020-02-18,GoC_10Y,1.33
2020-02-19,GoC_10Y,1.35
2020-02-20,GoC_10Y,1.3
2020-02-21,GoC_10Y,1.28
2020-02-24,GoC_10Y,1.19
2020-02-25,GoC_10Y,1.19
2020-02-26,GoC_10Y,1.21
2020-02-27,GoC_10Y,1.16
2020-02-28,GoC_10Y,1.12
2020-03-02,GoC_10Y,1.12
2020-03-03,GoC_10Y,0.96
2020-03-04,GoC_10Y,0.97
2020-03-05,GoC_10Y,0.84
2020-03-06,GoC_10Y,0.72
2020-03-09,GoC_10Y,0.53
2020-03-10,GoC_10Y,0.62
2020-03-11,GoC_10Y,0.64
2020-03-12,GoC_10Y,0.64
2020-03-13,GoC_10Y,0.82
2020-03-16,GoC_10Y,0.78
2020-03-17,GoC_10Y,0.92
2020-03-18,GoC_10Y,1.06
2020-03-19,GoC_10Y,1.0
2020-03-20,GoC_10Y,0.87
2020-03-23,GoC_10Y,0.78
2020-03-24,GoC_10Y,0.85
2020-03-25,GoC_10Y,0.88
2020-03-26,GoC_10Y,0.84
2020-03-27,GoC_10Y,0.72
2020-03-30,GoC_10Y,0.75
2020-03-31,GoC_10Y,0.71
2020-04-01,GoC_10Y,0.63
2020-04-02,GoC_10Y,0.66
2020-04-03,GoC_10Y,0.71
2020-04-06,GoC_10Y,0.75
2020-04-07,GoC_10Y,0.82
2020-04-08,GoC_10Y,0.81
2020-04-09,GoC_10Y,0.76
2020-04-13,GoC_10Y,0.75
2020-04-14,GoC_10Y,0.75
2020-04-15,GoC_10Y,0.64
2020-04-16,GoC_10Y,0.61
2020-04-17,GoC_10Y,0.64
2020-04-20,GoC_10Y,0.63
2020-04-21,GoC_10Y,0.57
2020-04-22,GoC_10Y,0.61
2020-04-23,GoC_10Y,0.6
2020-04-24,GoC_10Y,0.58
2020-04-27,GoC_10Y,0.61
2020-04-28,GoC_10Y,0.57
2020-04-29,GoC_10Y,0.56
2020-04-30,GoC_10Y,0.54
2020-05-01,GoC_10Y,0.52
2020-05-04,GoC_10Y,0.57
2020-05-05,GoC_10Y,0.56
2020-05-06,GoC_10Y,0.61
2020-05-07,GoC_10Y,0.54
2020-05-08,GoC_10Y,0.58
2020-05-11,GoC_10Y,0.59
2020-05-12,GoC_10Y,0.55
2020-05-13,GoC_10Y,0.55
2020-05-14,GoC_10Y,0.53
2020-05-15,GoC_10Y,0.54
2020-05-19,GoC_10Y,0.6
2020-05-20,GoC_10Y,0.56
2020-05-21,GoC_10Y,0.55
2020-05-22,GoC_10Y,0.51
2020-05-25,GoC_10Y,0.49
2020-05-26,GoC_10Y,0.54
2020-05-27,GoC_10Y,0.54
2020-05-28,GoC_10Y,0.56
2020-05-29,GoC_10Y,0.53
2020-06-01,GoC_10Y,0.53
2020-06-02,GoC_10Y,0.54
2020-06-03,GoC_10Y,0.62
2020-06-04,GoC_10Y,0.67
2020-06-05,GoC_10Y,0.73
2020-06-08,GoC_10Y,0.68
2020-06-09,GoC_10Y,0.64
2020-06-10,GoC_10Y,0.57
2020-06-11,GoC_10Y,0.52
2020-06-12,GoC_10Y,0.53
2020-06-15,GoC_10Y,0.51
2020-06-16,GoC_10Y,0.55
2020-06-17,GoC_10Y,0.53
2020-06-18,GoC_10Y,0.52
2020-06-19,GoC_10Y,0.53
2020-06-22,GoC_10Y,0.54
2020-06-23,GoC_10Y,0.54
2020-06-24,GoC_10Y,0.54
2020-06-25,GoC_10Y,0.52
2020-06-26,GoC_10Y,0.51
2020-06-29,GoC_10Y,0.51
2020-06-30,GoC_10Y,0.52
2020-07-02,GoC_10Y,0.56
2020-07-03,GoC_10Y,0.55
2020-07-06,GoC_10Y,0.55
2020-07-07,GoC_10Y,0.51
2020-07-08,GoC_10Y,0.57
2020-07-09,GoC_10Y,0.53
2020-07-10,GoC_10Y,0.55
2020-07-13,GoC_10Y,0.54
2020-07-14,GoC_10Y,0.54
2020-07-15,GoC_10Y,0.53
2020-07-16,GoC_10Y,0.5
2020-07-17,GoC_10Y,0.52
2020-07-20,GoC_10Y,0.51
2020-07-21,GoC_10Y,0.51
2020-07-22,GoC_10Y,0.51
2020-07-23,GoC_10Y,0.5
2020-07-24,GoC_10Y,0.5
2020-07-27,GoC_10Y,0.52
2020-07-28,GoC_10Y,0.47
2020-07-29,GoC_10Y,0.48
2020-07-30,GoC_10Y,0.45
2020-07-31,GoC_10Y,0.46
2020-08-04,GoC_10Y,0.43
2020-08-05,GoC_10Y,0.5
2020-08-06,GoC_10Y,0.46
2020-08-07,GoC_10Y,0.48
2020-08-10,GoC_10Y,0.49
2020-08-11,GoC_10Y,0.56
2020-08-12,GoC_10Y,0.6
2020-08-13,GoC_10Y,0.64
2020-08-14,GoC_10Y,0.61
2020-08-17,GoC_10Y,0.58
2020-08-18,GoC_10Y,0.56
2020-08-19,GoC_10Y,0.58
2020-08-20,GoC_10Y,0.56
2020-08-21,GoC_10Y,0.54
2020-08-24,GoC_10Y,0.55
2020-08-25,GoC_10Y,0.59
2020-08-26,GoC_10Y,0.61
2020-08-27,GoC_10Y,0.66
2020-08-28,GoC_10Y,0.64
2020-08-31,GoC_10Y,0.63
2020-09-01,GoC_10Y,0.58
2020-09-02,GoC_10Y,0.55
2020-09-03,GoC_10Y,0.54
2020-09-04,GoC_10Y,0.59
2020-09-08,GoC_10Y,0.57
2020-09-09,GoC_10Y,0.59
2020-09-10,GoC_10Y,0.56
2020-09-11,GoC_10Y,0.55
2020-09-14,GoC_10Y,0.55
2020-09-15,GoC_10Y,0.55
2020-09-16,GoC_10Y,0.57
2020-09-17,GoC_10Y,0.57
2020-09-18,GoC_10Y,0.58
2020-09-21,GoC_10Y,0.55
2020-09-22,GoC_10Y,0.55
2020-09-23,GoC_10Y,0.55
2020-09-24,GoC_10Y,0.55
2020-09-25,GoC_10Y,0.54
2020-09-28,GoC_10Y,0.55
2020-09-29,GoC_10Y,0.54
2020-09-30,GoC_10Y,0.57
2020-10-01,GoC_10Y,0.55
2020-10-02,GoC_10Y,0.56
2020-10-05,GoC_10Y,0.61
2020-10-06,GoC_10Y,0.57
2020-10-07,GoC_10Y,0.63
2020-10-08,GoC_10Y,0.61
2020-10-09,GoC_10Y,0.63
2020-10-13,GoC_10Y,0.59
2020-10-14,GoC_10Y,0.58
2020-10-15,GoC_10Y,0.57
2020-10-16,GoC_10Y,0.57
2020-10-19,GoC_10Y,0.58
2020-10-20,GoC_10Y,0.61
2020-10-21,GoC_10Y,0.61
2020-10-22,GoC_10Y,0.65
2020-10-23,GoC_10Y,0.64
2020-10-26,GoC_10Y,0.62
2020-10-27,GoC_10Y,0.6
2020-10-28,GoC_10Y,0.59
2020-10-29,GoC_10Y,0.63
2020-10-30,GoC_10Y,0.66
2020-11-02,GoC_10Y,0.64
2020-11-03,GoC_10Y,0.68
2020-11-04,GoC_10Y,0.61
2020-11-05,GoC_10Y,0.61
2020-11-06,GoC_10Y,0.64
2020-11-09,GoC_10Y,0.75
2020-11-10,GoC_10Y,0.77
2020-11-12,GoC_10Y,0.72
2020-11-13,GoC_10Y,0.73
2020-11-16,GoC_10Y,0.74
2020-11-17,GoC_10Y,0.7
2020-11-18,GoC_10Y,0.7
2020-11-19,GoC_10Y,0.68
2020-11-20,GoC_10Y,0.66
2020-11-23,GoC_10Y,0.69
2020-11-24,GoC_10Y,0.72
2020-11-25,GoC_10Y,0.7
2020-11-26,GoC_10Y,0.69
2020-11-27,GoC_10Y,0.67
2020-11-30,GoC_10Y,0.67
2020-12-01,GoC_10Y,0.74
2020-12-02,GoC_10Y,0.76
2020-12-03,GoC_10Y,0.74
2020-12-04,GoC_10Y,0.8
2020-12-07,GoC_10Y,0.76
2020-12-08,GoC_10Y,0.74
2020-12-09,GoC_10Y,0.75
2020-12-10,GoC_10Y,0.74
2020-12-11,GoC_10Y,0.71
2020-12-14,GoC_10Y,0.72
2020-12-15,GoC_10Y,0.73
2020-12-16,GoC_10Y,0.73
2020-12-17,GoC_10Y,0.74
2020-12-18,GoC_10Y,0.74
2020-12-21,GoC_10Y,0.72
2020-12-22,GoC_10Y,0.7
2020-12-23,GoC_10Y,0.73
2020-12-24,GoC_10Y,0.72
2020-12-29,GoC_10Y,0.71
2020-12-30,GoC_10Y,0.7
2020-12-31,GoC_10Y,0.67
2021-01-04,GoC_10Y,0.68
2021-01-05,GoC_10Y,0.7
2021-01-06,GoC_10Y,0.75
2021-01-07,GoC_10Y,0.79
2021-01-08,GoC_10Y,0.81
2021-01-11,GoC_10Y,0.83
2021-01-12,GoC_10Y,0.84
2021-01-13,GoC_10Y,0.81
2021-01-14,GoC_10Y,0.86
2021-01-15,GoC_10Y,0.81
2021-01-18,GoC_10Y,0.8
2021-01-19,GoC_10Y,0.8
2021-01-20,GoC_10Y,0.83
2021-01-21,GoC_10Y,0.87
2021-01-22,GoC_10Y,0.84
2021-01-25,GoC_10Y,0.81
2021-01-26,GoC_10Y,0.82
2021-01-27,GoC_10Y,0.8
2021-01-28,GoC_10Y,0.82
2021-01-29,GoC_10Y,0.84
2021-02-01,GoC_10Y,0.88
2021-02-02,GoC_10Y,0.91
2021-02-03,GoC_10Y,0.94
2021-02-04,GoC_10Y,0.96
2021-02-05,GoC_10Y,1.0
2021-02-08,GoC_10Y,1.01
2021-02-09,GoC_10Y,0.99
2021-02-10,GoC_10Y,0.99
2021-02-11,GoC_10Y,0.99
2021-02-12,GoC_10Y,1.03
2021-02-16,GoC_10Y,1.12
2021-02-17,GoC_10Y,1.11
2021-02-18,GoC_10Y,1.14
2021-02-19,GoC_10Y,1.21
2021-02-22,GoC_10Y,1.23
2021-02-23,GoC_10Y,1.26
2021-02-24,GoC_10Y,1.31
2021-02-25,GoC_10Y,1.46
2021-02-26,GoC_10Y,1.35
2021-03-01,GoC_10Y,1.35
2021-03-02,GoC_10Y,1.33
2021-03-03,GoC_10Y,1.4
2021-03-04,GoC_10Y,1.49
2021-03-05,GoC_10Y,1.5
2021-03-08,GoC_10Y,1.53
2021-03-09,GoC_10Y,1.45
2021-03-10,GoC_10Y,1.41
2021-03-11,GoC_10Y,1.43
2021-03-12,GoC_10Y,1.58
2021-03-15,GoC_10Y,1.54
2021-03-16,GoC_10Y,1.56
2021-03-17,GoC_10Y,1.58
2021-03-18,GoC_10Y,1.61
2021-03-19,GoC_10Y,1.59
2021-03-22,GoC_10Y,1.55
2021-03-23,GoC_10Y,1.49
2021-03-24,GoC_10Y,1.47
2021-03-25,GoC_10Y,1.46
2021-03-26,GoC_10Y,1.49
2021-03-29,GoC_10Y,1.53
2021-03-30,GoC_10Y,1.53
2021-03-31,GoC_10Y,1.55
2021-04-01,GoC_10Y,1.51
2021-04-05,GoC_10Y,1.56
2021-04-06,GoC_10Y,1.49
2021-04-07,GoC_10Y,1.5
2021-04-08,GoC_10Y,1.46
2021-04-09,GoC_10Y,1.5
2021-04-12,GoC_10Y,1.51
2021-04-13,GoC_10Y,1.5
2021-04-14,GoC_10Y,1.53
2021-04-15,GoC_10Y,1.45
2021-04-16,GoC_10Y,1.53
2021-04-19,GoC_10Y,1.53
2021-04-20,GoC_10Y,1.5
2021-04-21,GoC_10Y,1.52
2021-04-22,GoC_10Y,1.52
2021-04-23,GoC_10Y,1.51
2021-04-26,GoC_10Y,1.53
2021-04-27,GoC_10Y,1.56
2021-04-28,GoC_10Y,1.53
2021-04-29,GoC_10Y,1.56
2021-04-30,GoC_10Y,1.54
2021-05-03,GoC_10Y,1.52
2021-05-04,GoC_10Y,1.53
2021-05-05,GoC_10Y,1.51
2021-05-06,GoC_10Y,1.51
2021-05-07,GoC_10Y,1.49
2021-05-10,GoC_10Y,1.51
2021-05-11,GoC_10Y,1.54
2021-05-12,GoC_10Y,1.59
2021-05-13,GoC_10Y,1.56
2021-05-14,GoC_10Y,1.55
2021-05-17,GoC_10Y,1.57
2021-05-18,GoC_10Y,1.56
2021-05-19,GoC_10Y,1.58
2021-05-20,GoC_10Y,1.54
2021-05-21,GoC_10Y,1.54
2021-05-25,GoC_10Y,1.46
2021-05-26,GoC_10Y,1.45
2021-05-27,GoC_10Y,1.49
2021-05-28,GoC_10Y,1.49
2021-05-31,GoC_10Y,1.49
2021-06-01,GoC_10Y,1.5
2021-06-02,GoC_10Y,1.49
2021-06-03,GoC_10Y,1.52
2021-06-04,GoC_10Y,1.46
2021-06-07,GoC_10Y,1.47
2021-06-08,GoC_10Y,1.45
2021-06-09,GoC_10Y,1.41
2021-06-10,GoC_10Y,1.38
2021-06-11,GoC_10Y,1.38
2021-06-14,GoC_10Y,1.39
2021-06-15,GoC_10Y,1.38
2021-06-16,GoC_10Y,1.44
2021-06-17,GoC_10Y,1.4
2021-06-18,GoC_10Y,1.37
2021-06-21,GoC_10Y,1.41
2021-06-22,GoC_10Y,1.4
2021-06-23,GoC_10Y,1.42
2021-06-24,GoC_10Y,1.41
2021-06-25,GoC_10Y,1.45
2021-06-28,GoC_10Y,1.41
2021-06-29,GoC_10Y,1.42
2021-06-30,GoC_10Y,1.39
2021-07-02,GoC_10Y,1.37
2021-07-05,GoC_10Y,1.4
2021-07-06,GoC_10Y,1.32
2021-07-07,GoC_10Y,1.29
2021-07-08,GoC_10Y,1.26
2021-07-09,GoC_10Y,1.32
2021-07-12,GoC_10Y,1.32
2021-07-13,GoC_10Y,1.34
2021-07-14,GoC_10Y,1.29
2021-07-15,GoC_10Y,1.26
2021-07-16,GoC_10Y,1.24
2021-07-19,GoC_10Y,1.14
2021-07-20,GoC_10Y,1.17
2021-07-21,GoC_10Y,1.22
2021-07-22,GoC_10Y,1.19
2021-07-23,GoC_10Y,1.21
2021-07-26,GoC_10Y,1.22
2021-07-27,GoC_10Y,1.16
2021-07-28,GoC_10Y,1.17
2021-07-29,GoC_10Y,1.19
2021-07-30,GoC_10Y,1.2
2021-08-03,GoC_10Y,1.12
2021-08-04,GoC_10Y,1.13
2021-08-05,GoC_10Y,1.16
2021-08-06,GoC_10Y,1.24
2021-08-09,GoC_10Y,1.25
2021-08-10,GoC_10Y,1.27
2021-08-11,GoC_10Y,1.26
2021-08-12,GoC_10Y,1.25
2021-08-13,GoC_10Y,1.19
2021-08-16,GoC_10Y,1.16
2021-08-17,GoC_10Y,1.15
2021-08-18,GoC_10Y,1.16
2021-08-19,GoC_10Y,1.13
2021-08-20,GoC_10Y,1.14
2021-08-23,GoC_10Y,1.16
2021-08-24,GoC_10Y,1.18
2021-08-25,GoC_10Y,1.25
2021-08-26,GoC_10Y,1.23
2021-08-27,GoC_10Y,1.2
2021-08-30,GoC_10Y,1.18
2021-08-31,GoC_10Y,1.22
2021-09-01,GoC_10Y,1.18
2021-09-02,GoC_10Y,1.15
2021-09-03,GoC_10Y,1.19
2021-09-07,GoC_10Y,1.23
2021-09-08,GoC_10Y,1.2
2021-09-09,GoC_10Y,1.17
2021-09-10,GoC_10Y,1.23
2021-09-13,GoC_10Y,1.22
2021-09-14,GoC_10Y,1.17
2021-09-15,GoC_10Y,1.22
2021-09-16,GoC_10Y,1.23
2021-09-17,GoC_10Y,1.29
2021-09-20,GoC_10Y,1.22
2021-09-21,GoC_10Y,1.22
2021-09-22,GoC_10Y,1.21
2021-09-23,GoC_10Y,1.33
2021-09-24,GoC_10Y,1.38
2021-09-27,GoC_10Y,1.41
2021-09-28,GoC_10Y,1.5
2021-09-29,GoC_10Y,1.51
2021-10-01,GoC_10Y,1.47
2021-10-04,GoC_10Y,1.49
2021-10-05,GoC_10Y,1.53
2021-10-06,GoC_10Y,1.5
2021-10-07,GoC_10Y,1.56
2021-10-08,GoC_10Y,1.62
2021-10-12,GoC_10Y,1.62
2021-10-13,GoC_10Y,1.61
2021-10-14,GoC_10Y,1.53
2021-10-15,GoC_10Y,1.58
2021-10-18,GoC_10Y,1.58
2021-10-19,GoC_10Y,1.63
2021-10-20,GoC_10Y,1.63
2021-10-21,GoC_10Y,1.68
2021-10-22,GoC_10Y,1.65
2021-10-25,GoC_10Y,1.65
2021-10-26,GoC_10Y,1.63
2021-10-27,GoC_10Y,1.6
2021-10-28,GoC_10Y,1.66
2021-10-29,GoC_10Y,1.72
2021-11-01,GoC_10Y,1.74
2021-11-02,GoC_10Y,1.72
2021-11-03,GoC_10Y,1.71
2021-11-04,GoC_10Y,1.64
2021-11-05,GoC_10Y,1.59
2021-11-08,GoC_10Y,1.63
2021-11-09,GoC_10Y,1.59
2021-11-10,GoC_10Y,1.68
2021-11-12,GoC_10Y,1.67
2021-11-15,GoC_10Y,1.72
2021-11-16,GoC_10Y,1.77
2021-11-17,GoC_10Y,1.7
2021-11-18,GoC_10Y,1.69
2021-11-19,GoC_10Y,1.66
2021-11-22,GoC_10Y,1.76
2021-11-23,GoC_10Y,1.81
2021-11-24,GoC_10Y,1.77
2021-11-25,GoC_10Y,1.77
2021-11-26,GoC_10Y,1.59
2021-11-29,GoC_10Y,1.61
2021-11-30,GoC_10Y,1.58
2021-12-01,GoC_10Y,1.5
2021-12-02,GoC_10Y,1.49
2021-12-03,GoC_10Y,1.45
2021-12-06,GoC_10Y,1.51
2021-12-07,GoC_10Y,1.58
2021-12-08,GoC_10Y,1.56
2021-12-09,GoC_10Y,1.5
2021-12-10,GoC_10Y,1.47
2021-12-13,GoC_10Y,1.4
2021-12-14,GoC_10Y,1.43
2021-12-15,GoC_10Y,1.41
2021-12-16,GoC_10Y,1.35
2021-12-17,GoC_10Y,1.32
2021-12-20,GoC_10Y,1.38
2021-12-21,GoC_10Y,1.44
2021-12-22,GoC_10Y,1.42
2021-12-23,GoC_10Y,1.44
2021-12-24,GoC_10Y,1.46
2021-12-29,GoC_10Y,1.47
2021-12-30,GoC_10Y,1.45
2021-12-31,GoC_10Y,1.42
2022-01-04,GoC_10Y,1.59
2022-01-05,GoC_10Y,1.63
2022-01-06,GoC_10Y,1.7
2022-01-07,GoC_10Y,1.72
2022-01-10,GoC_10Y,1.72
2022-01-11,GoC_10Y,1.71
2022-01-12,GoC_10Y,1.73
2022-01-13,GoC_10Y,1.7
2022-01-14,GoC_10Y,1.76
2022-01-17,GoC_10Y,1.8
2022-01-18,GoC_10Y,1.88
2022-01-19,GoC_10Y,1.86
2022-01-20,GoC_10Y,1.84
2022-01-21,GoC_10Y,1.78
2022-01-24,GoC_10Y,1.8
2022-01-25,GoC_10Y,1.8
2022-01-26,GoC_10Y,1.84
2022-01-27,GoC_10Y,1.78
2022-01-28,GoC_10Y,1.76
2022-01-31,GoC_10Y,1.78
2022-02-01,GoC_10Y,1.81
2022-02-02,GoC_10Y,1.76
2022-02-03,GoC_10Y,1.79
2022-02-04,GoC_10Y,1.85
2022-02-07,GoC_10Y,1.83
2022-02-08,GoC_10Y,1.86
2022-02-09,GoC_10Y,1.85
2022-02-10,GoC_10Y,1.95
2022-02-11,GoC_10Y,1.85
2022-02-14,GoC_10Y,1.91
2022-02-15,GoC_10Y,1.97
2022-02-16,GoC_10Y,1.95
2022-02-17,GoC_10Y,1.91
2022-02-18,GoC_10Y,1.88
2022-02-22,GoC_10Y,1.91
2022-02-23,GoC_10Y,1.97
2022-02-24,GoC_10Y,1.92
2022-02-25,GoC_10Y,1.9
2022-02-28,GoC_10Y,1.84
2022-03-01,GoC_10Y,1.71
2022-03-02,GoC_10Y,1.81
2022-03-03,GoC_10Y,1.78
2022-03-04,GoC_10Y,1.66
2022-03-07,GoC_10Y,1.72
2022-03-08,GoC_10Y,1.83
2022-03-09,GoC_10Y,1.89
2022-03-10,GoC_10Y,1.93
2022-03-11,GoC_10Y,2.0
2022-03-14,GoC_10Y,2.16
2022-03-15,GoC_10Y,2.18
2022-03-16,GoC_10Y,2.18
2022-03-17,GoC_10Y,2.19
2022-03-18,GoC_10Y,2.19
2022-03-21,GoC_10Y,2.33
2022-03-22,GoC_10Y,2.42
2022-03-23,GoC_10Y,2.32
2022-03-24,GoC_10Y,2.39
2022-03-25,GoC_10Y,2.54
2022-03-28,GoC_10Y,2.51
2022-03-29,GoC_10Y,2.47
2022-03-30,GoC_10Y,2.43
2022-03-31,GoC_10Y,2.4
2022-04-01,GoC_10Y,2.44
2022-04-04,GoC_10Y,2.44
2022-04-05,GoC_10Y,2.52
2022-04-06,GoC_10Y,2.54
2022-04-07,GoC_10Y,2.58
2022-04-08,GoC_10Y,2.63
2022-04-11,GoC_10Y,2.7
2022-04-12,GoC_10Y,2.64
2022-04-13,GoC_10Y,2.64
2022-04-14,GoC_10Y,2.76
2022-04-18,GoC_10Y,2.79
2022-04-19,GoC_10Y,2.83
2022-04-20,GoC_10Y,2.82
2022-04-21,GoC_10Y,2.88
2022-04-22,GoC_10Y,2.87
2022-04-25,GoC_10Y,2.8
2022-04-26,GoC_10Y,2.72
2022-04-27,GoC_10Y,2.8
2022-04-28,GoC_10Y,2.8
2022-04-29,GoC_10Y,2.88
2022-05-02,GoC_10Y,2.95
2022-05-03,GoC_10Y,2.96
2022-05-04,GoC_10Y,2.9
2022-05-05,GoC_10Y,3.03
2022-05-06,GoC_10Y,3.11
2022-05-09,GoC_10Y,3.01
2022-05-10,GoC_10Y,3.0
2022-05-11,GoC_10Y,2.99
2022-05-12,GoC_10Y,2.92
2022-05-13,GoC_10Y,2.95
2022-05-16,GoC_10Y,2.91
2022-05-17,GoC_10Y,3.02
2022-05-18,GoC_10Y,2.96
2022-05-19,GoC_10Y,2.88
2022-05-20,GoC_10Y,2.83
2022-05-24,GoC_10Y,2.8
2022-05-25,GoC_10Y,2.76
2022-05-26,GoC_10Y,2.8
2022-05-27,GoC_10Y,2.78
2022-05-30,GoC_10Y,2.83
2022-05-31,GoC_10Y,2.9
2022-06-01,GoC_10Y,2.98
2022-06-02,GoC_10Y,3.0
2022-06-03,GoC_10Y,3.07
2022-06-06,GoC_10Y,3.18
2022-06-07,GoC_10Y,3.19
2022-06-08,GoC_10Y,3.27
2022-06-09,GoC_10Y,3.23
2022-06-10,GoC_10Y,3.35
2022-06-13,GoC_10Y,3.51
2022-06-14,GoC_10Y,3.62
2022-06-15,GoC_10Y,3.48
2022-06-16,GoC_10Y,3.41
2022-06-17,GoC_10Y,3.41
2022-06-20,GoC_10Y,3.46
2022-06-21,GoC_10Y,3.51
2022-06-22,GoC_10Y,3.41
2022-06-23,GoC_10Y,3.29
2022-06-24,GoC_10Y,3.32
2022-06-27,GoC_10Y,3.38
2022-06-28,GoC_10Y,3.35
2022-06-29,GoC_10Y,3.29
2022-06-30,GoC_10Y,3.23
2022-07-04,GoC_10Y,3.17
2022-07-05,GoC_10Y,3.08
2022-07-06,GoC_10Y,3.18
2022-07-07,GoC_10Y,3.22
2022-07-08,GoC_10Y,3.29
2022-07-11,GoC_10Y,3.24
2022-07-12,GoC_10Y,3.18
2022-07-13,GoC_10Y,3.14
2022-07-14,GoC_10Y,3.14
2022-07-15,GoC_10Y,3.07
2022-07-18,GoC_10Y,3.07
2022-07-19,GoC_10Y,3.08
2022-07-20,GoC_10Y,3.11
2022-07-21,GoC_10Y,2.96
2022-07-22,GoC_10Y,2.83
2022-07-25,GoC_10Y,2.86
2022-07-26,GoC_10Y,2.82
2022-07-27,GoC_10Y,2.77
2022-07-28,GoC_10Y,2.61
2022-07-29,GoC_10Y,2.61
2022-08-02,GoC_10Y,2.71
2022-08-03,GoC_10Y,2.71
2022-08-04,GoC_10Y,2.66
2022-08-05,GoC_10Y,2.74
2022-08-08,GoC_10Y,2.68
2022-08-09,GoC_10Y,2.71
2022-08-10,GoC_10Y,2.67
2022-08-11,GoC_10Y,2.78
2022-08-12,GoC_10Y,2.74
2022-08-15,GoC_10Y,2.7
2022-08-16,GoC_10Y,2.75
2022-08-17,GoC_10Y,2.85
2022-08-18,GoC_10Y,2.84
2022-08-19,GoC_10Y,2.94
2022-08-22,GoC_10Y,3.0
2022-08-23,GoC_10Y,3.04
2022-08-24,GoC_10Y,3.1
2022-08-25,GoC_10Y,3.01
2022-08-26,GoC_10Y,3.02
2022-08-29,GoC_10Y,3.08
2022-08-30,GoC_10Y,3.06
2022-08-31,GoC_10Y,3.11
2022-09-01,GoC_10Y,3.18
2022-09-02,GoC_10Y,3.1
2022-09-06,GoC_10Y,3.18
2022-09-07,GoC_10Y,3.13
2022-09-08,GoC_10Y,3.19
2022-09-09,GoC_10Y,3.13
2022-09-12,GoC_10Y,3.14
2022-09-13,GoC_10Y,3.2
2022-09-14,GoC_10Y,3.16
2022-09-15,GoC_10Y,3.16
2022-09-16,GoC_10Y,3.14
2022-09-19,GoC_10Y,3.13
2022-09-20,GoC_10Y,3.1
2022-09-21,GoC_10Y,3.03
2022-09-22,GoC_10Y,3.11
2022-09-23,GoC_10Y,3.07
2022-09-26,GoC_10Y,3.2
2022-09-27,GoC_10Y,3.32
2022-09-28,GoC_10Y,3.08
2022-09-29,GoC_10Y,3.16
2022-10-03,GoC_10Y,3.14
2022-10-04,GoC_10Y,3.12
2022-10-05,GoC_10Y,3.27
2022-10-06,GoC_10Y,3.32
2022-10-07,GoC_10Y,3.38
2022-10-11,GoC_10Y,3.48
2022-10-12,GoC_10Y,3.43
2022-10-13,GoC_10Y,3.41
2022-10-14,GoC_10Y,3.47
2022-10-17,GoC_10Y,3.42
2022-10-18,GoC_10Y,3.34
2022-10-19,GoC_10Y,3.55
2022-10-20,GoC_10Y,3.66
2022-10-21,GoC_10Y,3.6
2022-10-24,GoC_10Y,3.57
2022-10-25,GoC_10Y,3.48
2022-10-26,GoC_10Y,3.28
2022-10-27,GoC_10Y,3.19
2022-10-28,GoC_10Y,3.23
2022-10-31,GoC_10Y,3.27
2022-11-01,GoC_10Y,3.25
2022-11-02,GoC_10Y,3.32
2022-11-03,GoC_10Y,3.41
2022-11-04,GoC_10Y,3.51
2022-11-07,GoC_10Y,3.61
2022-11-08,GoC_10Y,3.48
2022-11-09,GoC_10Y,3.4
2022-11-10,GoC_10Y,3.14
2022-11-14,GoC_10Y,3.16
2022-11-15,GoC_10Y,3.13
2022-11-16,GoC_10Y,3.04
2022-11-17,GoC_10Y,3.1
2022-11-18,GoC_10Y,3.12
2022-11-21,GoC_10Y,3.08
2022-11-22,GoC_10Y,3.03
2022-11-23,GoC_10Y,2.98
2022-11-24,GoC_10Y,2.92
2022-11-25,GoC_10Y,2.91
2022-11-28,GoC_10Y,2.95
2022-11-29,GoC_10Y,2.99
2022-11-30,GoC_10Y,2.96
2022-12-01,GoC_10Y,2.83
2022-12-02,GoC_10Y,2.77
2022-12-05,GoC_10Y,2.83
2022-12-06,GoC_10Y,2.77
2022-12-07,GoC_10Y,2.75
2022-12-08,GoC_10Y,2.8
2022-12-09,GoC_10Y,2.87
2022-12-12,GoC_10Y,2.92
2022-12-13,GoC_10Y,2.85
2022-12-14,GoC_10Y,2.81
2022-12-15,GoC_10Y,2.78
2022-12-16,GoC_10Y,2.81
2022-12-19,GoC_10Y,2.9
2022-12-20,GoC_10Y,3.01
2022-12-21,GoC_10Y,3.02
2022-12-22,GoC_10Y,3.08
2022-12-23,GoC_10Y,3.17
2022-12-28,GoC_10Y,3.29
2022-12-29,GoC_10Y,3.27
2022-12-30,GoC_10Y,3.3
2023-01-03,GoC_10Y,3.21
2023-01-04,GoC_10Y,3.14
2023-01-05,GoC_10Y,3.17
2023-01-06,GoC_10Y,3.09
2023-01-09,GoC_10Y,3.08
2023-01-10,GoC_10Y,3.11
2023-01-11,GoC_10Y,3.01
2023-01-12,GoC_10Y,2.89
2023-01-13,GoC_10Y,2.89
2023-01-16,GoC_10Y,2.85
2023-01-17,GoC_10Y,2.85
2023-01-18,GoC_10Y,2.72
2023-01-19,GoC_10Y,2.75
2023-01-20,GoC_10Y,2.84
2023-01-23,GoC_10Y,2.88
2023-01-24,GoC_10Y,2.84
2023-01-25,GoC_10Y,2.79
2023-01-26,GoC_10Y,2.85
2023-01-27,GoC_10Y,2.89
2023-01-30,GoC_10Y,2.92
2023-01-31,GoC_10Y,2.92
2023-02-01,GoC_10Y,2.85
2023-02-02,GoC_10Y,2.83
2023-02-03,GoC_10Y,2.93
2023-02-06,GoC_10Y,3.04
2023-02-07,GoC_10Y,3.08
2023-02-08,GoC_10Y,3.02
2023-02-09,GoC_10Y,3.06
2023-02-10,GoC_10Y,3.15
2023-02-13,GoC_10Y,3.1
2023-02-14,GoC_10Y,3.19
2023-02-15,GoC_10Y,3.27
2023-02-16,GoC_10Y,3.29
2023-02-17,GoC_10Y,3.29
2023-02-21,GoC_10Y,3.43
2023-02-22,GoC_10Y,3.37
2023-02-23,GoC_10Y,3.32
2023-02-24,GoC_10Y,3.39
2023-02-27,GoC_10Y,3.37
2023-02-28,GoC_10Y,3.33
2023-03-01,GoC_10Y,3.41
2023-03-02,GoC_10Y,3.48
2023-03-03,GoC_10Y,3.34
2023-03-06,GoC_10Y,3.36
2023-03-07,GoC_10Y,3.32
2023-03-08,GoC_10Y,3.25
2023-03-09,GoC_10Y,3.17
2023-03-10,GoC_10Y,2.99
2023-03-13,GoC_10Y,2.76
2023-03-14,GoC_10Y,2.87
2023-03-15,GoC_10Y,2.77
2023-03-16,GoC_10Y,2.9
2023-03-17,GoC_10Y,2.77
2023-03-20,GoC_10Y,2.81
2023-03-21,GoC_10Y,2.88
2023-03-22,GoC_10Y,2.7
2023-03-23,GoC_10Y,2.74
2023-03-24,GoC_10Y,2.74
2023-03-27,GoC_10Y,2.9
2023-03-28,GoC_10Y,2.93
2023-03-29,GoC_10Y,2.93
2023-03-30,GoC_10Y,2.93
2023-03-31,GoC_10Y,2.9
2023-04-03,GoC_10Y,2.84
2023-04-04,GoC_10Y,2.77
2023-04-05,GoC_10Y,2.78
2023-04-06,GoC_10Y,2.79
2023-04-10,GoC_10Y,2.89
2023-04-11,GoC_10Y,2.91
2023-04-12,GoC_10Y,2.88
2023-04-13,GoC_10Y,2.96
2023-04-14,GoC_10Y,3.03
2023-04-17,GoC_10Y,3.08
2023-04-18,GoC_10Y,3.05
2023-04-19,GoC_10Y,3.05
2023-04-20,GoC_10Y,2.97
2023-04-21,GoC_10Y,2.93
2023-04-24,GoC_10Y,2.92
2023-04-25,GoC_10Y,2.79
2023-04-26,GoC_10Y,2.85
2023-04-27,GoC_10Y,2.95
2023-04-28,GoC_10Y,2.84
2023-05-01,GoC_10Y,2.98
2023-05-02,GoC_10Y,2.82
2023-05-03,GoC_10Y,2.76
2023-05-04,GoC_10Y,2.79
2023-05-05,GoC_10Y,2.9
2023-05-08,GoC_10Y,2.96
2023-05-09,GoC_10Y,2.95
2023-05-10,GoC_10Y,2.89
2023-05-11,GoC_10Y,2.82
2023-05-12,GoC_10Y,2.87
2023-05-15,GoC_10Y,2.95
2023-05-16,GoC_10Y,3.05
2023-05-17,GoC_10Y,3.09
2023-05-18,GoC_10Y,3.18
2023-05-19,GoC_10Y,3.11
2023-05-23,GoC_10Y,3.23
2023-05-24,GoC_10Y,3.26
2023-05-25,GoC_10Y,3.3
2023-05-26,GoC_10Y,3.33
2023-05-29,GoC_10Y,3.33
2023-05-30,GoC_10Y,3.25
2023-05-31,GoC_10Y,3.18
2023-06-01,GoC_10Y,3.16
2023-06-02,GoC_10Y,3.23
2023-06-05,GoC_10Y,3.26
2023-06-06,GoC_10Y,3.28
2023-06-07,GoC_10Y,3.44
2023-06-08,GoC_10Y,3.4
2023-06-09,GoC_10Y,3.38
2023-06-12,GoC_10Y,3.34
2023-06-13,GoC_10Y,3.47
2023-06-14,GoC_10Y,3.41
2023-06-15,GoC_10Y,3.33
2023-06-16,GoC_10Y,3.35
2023-06-19,GoC_10Y,3.41
2023-06-20,GoC_10Y,3.34
2023-06-21,GoC_10Y,3.38
2023-06-22,GoC_10Y,3.45
2023-06-23,GoC_10Y,3.36
2023-06-26,GoC_10Y,3.3
2023-06-27,GoC_10Y,3.31
2023-06-28,GoC_10Y,3.22
2023-06-29,GoC_10Y,3.36
2023-06-30,GoC_10Y,3.26
2023-07-04,GoC_10Y,3.32
2023-07-05,GoC_10Y,3.41
2023-07-06,GoC_10Y,3.49
2023-07-07,GoC_10Y,3.56
2023-07-10,GoC_10Y,3.51
2023-07-11,GoC_10Y,3.53
2023-07-12,GoC_10Y,3.42
2023-07-13,GoC_10Y,3.34
2023-07-14,GoC_10Y,3.37
2023-07-17,GoC_10Y,3.4
2023-07-18,GoC_10Y,3.38
2023-07-19,GoC_10Y,3.35
2023-07-20,GoC_10Y,3.48
2023-07-21,GoC_10Y,3.41
2023-07-24,GoC_10Y,3.49
2023-07-25,GoC_10Y,3.52
2023-07-26,GoC_10Y,3.45
2023-07-27,GoC_10Y,3.61
2023-07-28,GoC_10Y,3.51
2023-07-31,GoC_10Y,3.49
2023-08-01,GoC_10Y,3.6
2023-08-02,GoC_10Y,3.61
2023-08-03,GoC_10Y,3.71
2023-08-04,GoC_10Y,3.55
2023-08-08,GoC_10Y,3.51
2023-08-09,GoC_10Y,3.51
2023-08-10,GoC_10Y,3.59
2023-08-11,GoC_10Y,3.65
2023-08-14,GoC_10Y,3.68
2023-08-15,GoC_10Y,3.74
2023-08-16,GoC_10Y,3.77
2023-08-17,GoC_10Y,3.78
2023-08-18,GoC_10Y,3.71
2023-08-21,GoC_10Y,3.77
2023-08-22,GoC_10Y,3.81
2023-08-23,GoC_10Y,3.63
2023-08-24,GoC_10Y,3.69
2023-08-25,GoC_10Y,3.7
2023-08-28,GoC_10Y,3.67
2023-08-29,GoC_10Y,3.58
2023-08-30,GoC_10Y,3.57
2023-08-31,GoC_10Y,3.56
2023-09-01,GoC_10Y,3.56
2023-09-05,GoC_10Y,3.69
2023-09-06,GoC_10Y,3.68
2023-09-07,GoC_10Y,3.65
2023-09-08,GoC_10Y,3.67
2023-09-11,GoC_10Y,3.69
2023-09-12,GoC_10Y,3.69
2023-09-13,GoC_10Y,3.68
2023-09-14,GoC_10Y,3.69
2023-09-15,GoC_10Y,3.74
2023-09-18,GoC_10Y,3.75
2023-09-19,GoC_10Y,3.86
2023-09-20,GoC_10Y,3.88
2023-09-21,GoC_10Y,3.95
2023-09-22,GoC_10Y,3.91
2023-09-25,GoC_10Y,4.02
2023-09-26,GoC_10Y,4.03
2023-09-27,GoC_10Y,4.09
2023-09-28,GoC_10Y,4.06
2023-09-29,GoC_10Y,4.03
2023-10-03,GoC_10Y,4.26
2023-10-04,GoC_10Y,4.14
2023-10-05,GoC_10Y,4.13
2023-10-06,GoC_10Y,4.15
2023-10-10,GoC_10Y,3.99
2023-10-11,GoC_10Y,3.93
2023-10-12,GoC_10Y,4.04
2023-10-13,GoC_10Y,3.97
2023-10-16,GoC_10Y,4.03
2023-10-17,GoC_10Y,4.07
2023-10-18,GoC_10Y,4.1
2023-10-19,GoC_10Y,4.18
2023-10-20,GoC_10Y,4.08
2023-10-23,GoC_10Y,4.01
2023-10-24,GoC_10Y,4.01
2023-10-25,GoC_10Y,4.11
2023-10-26,GoC_10Y,4.0
2023-10-27,GoC_10Y,3.97
2023-10-30,GoC_10Y,4.02
2023-10-31,GoC_10Y,4.05
2023-11-01,GoC_10Y,3.92
2023-11-02,GoC_10Y,3.85
2023-11-03,GoC_10Y,3.74
2023-11-06,GoC_10Y,3.81
2023-11-07,GoC_10Y,3.76
2023-11-08,GoC_10Y,3.71
2023-11-09,GoC_10Y,3.85
2023-11-10,GoC_10Y,3.83
2023-11-14,GoC_10Y,3.67
2023-11-15,GoC_10Y,3.75
2023-11-16,GoC_10Y,3.69
2023-11-17,GoC_10Y,3.68
2023-11-20,GoC_10Y,3.65
2023-11-21,GoC_10Y,3.65
2023-11-22,GoC_10Y,3.65
2023-11-23,GoC_10Y,3.71
2023-11-24,GoC_10Y,3.72
2023-11-27,GoC_10Y,3.64
2023-11-28,GoC_10Y,3.58
2023-11-29,GoC_10Y,3.51
2023-11-30,GoC_10Y,3.56
2023-12-01,GoC_10Y,3.43
2023-12-04,GoC_10Y,3.46
2023-12-05,GoC_10Y,3.34
2023-12-06,GoC_10Y,3.3
2023-12-07,GoC_10Y,3.3
2023-12-08,GoC_10Y,3.37
2023-12-11,GoC_10Y,3.41
2023-12-12,GoC_10Y,3.4
2023-12-13,GoC_10Y,3.24
2023-12-14,GoC_10Y,3.14
2023-12-15,GoC_10Y,3.11
2023-12-18,GoC_10Y,3.17
2023-12-19,GoC_10Y,3.13
2023-12-20,GoC_10Y,3.06
2023-12-21,GoC_10Y,3.11
2023-12-22,GoC_10Y,3.21
2023-12-27,GoC_10Y,3.06
2023-12-28,GoC_10Y,3.11
2023-12-29,GoC_10Y,3.1
2024-01-02,GoC_10Y,3.18
2024-01-03,GoC_10Y,3.14
2024-01-04,GoC_10Y,3.23
2024-01-05,GoC_10Y,3.26
2024-01-08,GoC_10Y,3.22
2024-01-09,GoC_10Y,3.22
2024-01-10,GoC_10Y,3.27
2024-01-11,GoC_10Y,3.25
2024-01-12,GoC_10Y,3.22
2024-01-15,GoC_10Y,3.22
2024-01-16,GoC_10Y,3.36
2024-01-17,GoC_10Y,3.44
2024-01-18,GoC_10Y,3.49
2024-01-19,GoC_10Y,3.5
2024-01-22,GoC_10Y,3.45
2024-01-23,GoC_10Y,3.47
2024-01-24,GoC_10Y,3.49
2024-01-25,GoC_10Y,3.48
2024-01-26,GoC_10Y,3.52
2024-01-29,GoC_10Y,3.45
2024-01-30,GoC_10Y,3.41
2024-01-31,GoC_10Y,3.35
2024-02-01,GoC_10Y,3.25
2024-02-02,GoC_10Y,3.38
2024-02-05,GoC_10Y,3.5
2024-02-06,GoC_10Y,3.42
2024-02-07,GoC_10Y,3.47
2024-02-08,GoC_10Y,3.56
2024-02-09,GoC_10Y,3.54
2024-02-12,GoC_10Y,3.57
2024-02-13,GoC_10Y,3.65
2024-02-14,GoC_10Y,3.55
2024-02-15,GoC_10Y,3.54
2024-02-16,GoC_10Y,3.58
2024-02-20,GoC_10Y,3.5
2024-02-21,GoC_10Y,3.54
2024-02-22,GoC_10Y,3.53
2024-02-23,GoC_10Y,3.46
2024-02-26,GoC_10Y,3.49
2024-02-27,GoC_10Y,3.55
2024-02-28,GoC_10Y,3.52
2024-02-29,GoC_10Y,3.48
2024-03-01,GoC_10Y,3.43
2024-03-04,GoC_10Y,3.45
2024-03-05,GoC_10Y,3.36
2024-03-06,GoC_10Y,3.34
2024-03-07,GoC_10Y,3.35
2024-03-08,GoC_10Y,3.33
2024-03-11,GoC_10Y,3.34
2024-03-12,GoC_10Y,3.39
2024-03-13,GoC_10Y,3.42
2024-03-14,GoC_10Y,3.52
2024-03-15,GoC_10Y,3.54
2024-03-18,GoC_10Y,3.6
2024-03-19,GoC_10Y,3.52
2024-03-20,GoC_10Y,3.48
2024-03-21,GoC_10Y,3.51
2024-03-22,GoC_10Y,3.44
2024-03-25,GoC_10Y,3.48
2024-03-26,GoC_10Y,3.49
2024-03-27,GoC_10Y,3.44
2024-03-28,GoC_10Y,3.45
2024-04-01,GoC_10Y,3.59
2024-04-02,GoC_10Y,3.61
2024-04-03,GoC_10Y,3.59
2024-04-04,GoC_10Y,3.54
2024-04-05,GoC_10Y,3.58
2024-04-08,GoC_10Y,3.61
2024-04-09,GoC_10Y,3.55
2024-04-10,GoC_10Y,3.69
2024-04-11,GoC_10Y,3.72
2024-04-12,GoC_10Y,3.64
2024-04-15,GoC_10Y,3.74
2024-04-16,GoC_10Y,3.73
2024-04-17,GoC_10Y,3.69
2024-04-18,GoC_10Y,3.75
2024-04-19,GoC_10Y,3.73
2024-04-22,GoC_10Y,3.75
2024-04-23,GoC_10Y,3.76
2024-04-24,GoC_10Y,3.79
2024-04-25,GoC_10Y,3.85
2024-04-26,GoC_10Y,3.82
2024-04-29,GoC_10Y,3.76
2024-04-30,GoC_10Y,3.82
2024-05-01,GoC_10Y,3.76
2024-05-02,GoC_10Y,3.72
2024-05-03,GoC_10Y,3.65
2024-05-06,GoC_10Y,3.61
2024-05-07,GoC_10Y,3.57
2024-05-08,GoC_10Y,3.63
2024-05-09,GoC_10Y,3.62
2024-05-10,GoC_10Y,3.69
2024-05-13,GoC_10Y,3.68
2024-05-14,GoC_10Y,3.68
2024-05-15,GoC_10Y,3.57
2024-05-16,GoC_10Y,3.56
2024-05-17,GoC_10Y,3.62
2024-05-21,GoC_10Y,3.57
2024-05-22,GoC_10Y,3.59
2024-05-23,GoC_10Y,3.62
2024-05-24,GoC_10Y,3.6
2024-05-27,GoC_10Y,3.62
2024-05-28,GoC_10Y,3.69
2024-05-29,GoC_10Y,3.75
2024-05-30,GoC_10Y,3.7
2024-05-31,GoC_10Y,3.62
2024-06-03,GoC_10Y,3.52
2024-06-04,GoC_10Y,3.44
2024-06-05,GoC_10Y,3.38
2024-06-06,GoC_10Y,3.39
2024-06-07,GoC_10Y,3.46
2024-06-10,GoC_10Y,3.5
2024-06-11,GoC_10Y,3.47
2024-06-12,GoC_10Y,3.39
2024-06-13,GoC_10Y,3.32
2024-06-14,GoC_10Y,3.28
2024-06-17,GoC_10Y,3.31
2024-06-18,GoC_10Y,3.26
2024-06-19,GoC_10Y,3.29
2024-06-20,GoC_10Y,3.33
2024-06-21,GoC_10Y,3.34
2024-06-24,GoC_10Y,3.34
2024-06-25,GoC_10Y,3.37
2024-06-26,GoC_10Y,3.47
2024-06-27,GoC_10Y,3.47
2024-06-28,GoC_10Y,3.5
2024-07-02,GoC_10Y,3.61
2024-07-03,GoC_10Y,3.57
2024-07-04,GoC_10Y,3.6
2024-07-05,GoC_10Y,3.5
2024-07-08,GoC_10Y,3.47
2024-07-09,GoC_10Y,3.49
2024-07-10,GoC_10Y,3.47
2024-07-11,GoC_10Y,3.43
2024-07-12,GoC_10Y,3.4
2024-07-15,GoC_10Y,3.41
2024-07-16,GoC_10Y,3.35
2024-07-17,GoC_10Y,3.34
2024-07-18,GoC_10Y,3.37
2024-07-19,GoC_10Y,3.39
2024-07-22,GoC_10Y,3.41
2024-07-23,GoC_10Y,3.39
2024-07-24,GoC_10Y,3.39
2024-07-25,GoC_10Y,3.37
2024-07-26,GoC_10Y,3.32
2024-07-29,GoC_10Y,3.28
2024-07-30,GoC_10Y,3.23
2024-07-31,GoC_10Y,3.18
2024-08-01,GoC_10Y,3.11
2024-08-02,GoC_10Y,3.0
2024-08-06,GoC_10Y,3.12
2024-08-07,GoC_10Y,3.15
2024-08-08,GoC_10Y,3.18
2024-08-09,GoC_10Y,3.11
2024-08-12,GoC_10Y,3.08
2024-08-13,GoC_10Y,3.03
2024-08-14,GoC_10Y,3.01
2024-08-15,GoC_10Y,3.07
2024-08-16,GoC_10Y,3.06
2024-08-19,GoC_10Y,3.07
2024-08-20,GoC_10Y,3.01
2024-08-21,GoC_10Y,3.01
2024-08-22,GoC_10Y,3.07
2024-08-23,GoC_10Y,3.03
2024-08-26,GoC_10Y,3.05
2024-08-27,GoC_10Y,3.06
2024-08-28,GoC_10Y,3.08
2024-08-29,GoC_10Y,3.13
2024-08-30,GoC_10Y,3.16
2024-09-03,GoC_10Y,3.06
2024-09-04,GoC_10Y,2.99
2024-09-05,GoC_10Y,2.97
2024-09-06,GoC_10Y,2.96
2024-09-09,GoC_10Y,2.93
2024-09-10,GoC_10Y,2.9
2024-09-11,GoC_10Y,2.91
2024-09-12,GoC_10Y,2.91
2024-09-13,GoC_10Y,2.9
2024-09-16,GoC_10Y,2.86
2024-09-17,GoC_10Y,2.9
2024-09-18,GoC_10Y,2.93
2024-09-19,GoC_10Y,2.93
2024-09-20,GoC_10Y,2.94
2024-09-23,GoC_10Y,2.94
2024-09-24,GoC_10Y,2.95
2024-09-25,GoC_10Y,3.01
2024-09-26,GoC_10Y,3.01
2024-09-27,GoC_10Y,2.95
2024-10-01,GoC_10Y,2.94
2024-10-02,GoC_10Y,3.02
2024-10-03,GoC_10Y,3.09
2024-10-04,GoC_10Y,3.2
2024-10-07,GoC_10Y,3.24
2024-10-08,GoC_10Y,3.24
2024-10-09,GoC_10Y,3.25
2024-10-10,GoC_10Y,3.23
2024-10-11,GoC_10Y,3.21
2024-10-15,GoC_10Y,3.13
2024-10-16,GoC_10Y,3.1
2024-10-17,GoC_10Y,3.15
2024-10-18,GoC_10Y,3.13
2024-10-21,GoC_10Y,3.22
2024-10-22,GoC_10Y,3.22
2024-10-23,GoC_10Y,3.25
2024-10-24,GoC_10Y,3.23
2024-10-25,GoC_10Y,3.26
2024-10-28,GoC_10Y,3.26
2024-10-29,GoC_10Y,3.26
2024-10-30,GoC_10Y,3.25
2024-10-31,GoC_10Y,3.22
2024-11-01,GoC_10Y,3.28
2024-11-04,GoC_10Y,3.24
2024-11-05,GoC_10Y,3.25
2024-11-06,GoC_10Y,3.31
2024-11-07,GoC_10Y,3.22
2024-11-08,GoC_10Y,3.18
2024-11-12,GoC_10Y,3.26
2024-11-13,GoC_10Y,3.31
2024-11-14,GoC_10Y,3.28
2024-11-15,GoC_10Y,3.27
2024-11-18,GoC_10Y,3.27
2024-11-19,GoC_10Y,3.32
2024-11-20,GoC_10Y,3.38
2024-11-21,GoC_10Y,3.46
2024-11-22,GoC_10Y,3.44
2024-11-25,GoC_10Y,3.31
2024-11-26,GoC_10Y,3.27
2024-11-27,GoC_10Y,3.23
2024-11-28,GoC_10Y,3.22
2024-11-29,GoC_10Y,3.07
2024-12-02,GoC_10Y,3.06
2024-12-03,GoC_10Y,3.12
2024-12-04,GoC_10Y,3.07
2024-12-05,GoC_10Y,3.07
2024-12-06,GoC_10Y,2.98
2024-12-09,GoC_10Y,3.03
2024-12-10,GoC_10Y,3.02
2024-12-11,GoC_10Y,3.08
2024-12-12,GoC_10Y,3.14
2024-12-13,GoC_10Y,3.17
2024-12-16,GoC_10Y,3.18
2024-12-17,GoC_10Y,3.14
2024-12-18,GoC_10Y,3.22
2024-12-19,GoC_10Y,3.34
2024-12-20,GoC_10Y,3.27
2024-12-23,GoC_10Y,3.28
2024-12-24,GoC_10Y,3.29
2024-12-27,GoC_10Y,3.3
2024-12-30,GoC_10Y,3.24
2024-12-31,GoC_10Y,3.23
2025-01-02,GoC_10Y,3.22
2025-01-03,GoC_10Y,3.23
2025-01-06,GoC_10Y,3.23
2025-01-07,GoC_10Y,3.3
2025-01-08,GoC_10Y,3.32
2025-01-09,GoC_10Y,3.34
2025-01-10,GoC_10Y,3.44
2025-01-13,GoC_10Y,3.5
2025-01-14,GoC_10Y,3.54
2025-01-15,GoC_10Y,3.41
2025-01-16,GoC_10Y,3.34
2025-01-17,GoC_10Y,3.3
2025-01-20,GoC_10Y,3.28
2025-01-21,GoC_10Y,3.25
2025-01-22,GoC_10Y,3.3
2025-01-23,GoC_10Y,3.32
2025-01-24,GoC_10Y,3.28
2025-01-27,GoC_10Y,3.19
2025-01-28,GoC_10Y,3.2
2025-01-29,GoC_10Y,3.18
2025-01-30,GoC_10Y,3.11
2025-01-31,GoC_10Y,3.07
2025-02-03,GoC_10Y,2.96
2025-02-04,GoC_10Y,3.0
2025-02-05,GoC_10Y,2.95
2025-02-06,GoC_10Y,2.96
2025-02-07,GoC_10Y,3.07
2025-02-10,GoC_10Y,3.06
2025-02-11,GoC_10Y,3.1
2025-02-12,GoC_10Y,3.18
2025-02-13,GoC_10Y,3.1
2025-02-14,GoC_10Y,3.09
2025-02-18,GoC_10Y,3.19
2025-02-19,GoC_10Y,3.18
2025-02-20,GoC_10Y,3.22
2025-02-21,GoC_10Y,3.1
2025-02-24,GoC_10Y,3.07
2025-02-25,GoC_10Y,2.99
2025-02-26,GoC_10Y,2.98
2025-02-27,GoC_10Y,2.97
2025-02-28,GoC_10Y,2.9
2025-03-03,GoC_10Y,2.81
2025-03-04,GoC_10Y,2.85
2025-03-05,GoC_10Y,2.95
2025-03-06,GoC_10Y,3.07
2025-03-07,GoC_10Y,3.03
2025-03-10,GoC_10Y,2.98
2025-03-11,GoC_10Y,3.01
2025-03-12,GoC_10Y,3.07
2025-03-13,GoC_10Y,3.04
2025-03-14,GoC_10Y,3.06
2025-03-17,GoC_10Y,3.02
2025-03-18,GoC_10Y,3.02
2025-03-19,GoC_10Y,2.99
2025-03-20,GoC_10Y,3.0
2025-03-21,GoC_10Y,3.0
2025-03-24,GoC_10Y,3.06
2025-03-25,GoC_10Y,3.06
2025-03-26,GoC_10Y,3.12
2025-03-27,GoC_10Y,3.09
2025-03-28,GoC_10Y,3.02
2025-03-31,GoC_10Y,2.97
2025-04-01,GoC_10Y,2.92
2025-04-02,GoC_10Y,2.94
2025-04-03,GoC_10Y,2.94
2025-04-04,GoC_10Y,2.89
2025-04-07,GoC_10Y,3.04
2025-04-08,GoC_10Y,3.1
2025-04-09,GoC_10Y,3.18
2025-04-10,GoC_10Y,3.22
2025-04-11,GoC_10Y,3.26
2025-04-14,GoC_10Y,3.12
2025-04-15,GoC_10Y,3.11
2025-04-16,GoC_10Y,3.08
2025-04-17,GoC_10Y,3.13
2025-04-21,GoC_10Y,3.23
2025-04-22,GoC_10Y,3.19
2025-04-23,GoC_10Y,3.23
2025-04-24,GoC_10Y,3.18
2025-04-25,GoC_10Y,3.17
2025-04-28,GoC_10Y,3.16
2025-04-29,GoC_10Y,3.12
2025-04-30,GoC_10Y,3.07
2025-05-01,GoC_10Y,3.1
2025-05-02,GoC_10Y,3.18
2025-05-05,GoC_10Y,3.17
2025-05-06,GoC_10Y,3.15
2025-05-07,GoC_10Y,3.1
2025-05-08,GoC_10Y,3.2
2025-05-09,GoC_10Y,3.15
2025-05-12,GoC_10Y,3.2
2025-05-13,GoC_10Y,3.22
2025-05-14,GoC_10Y,3.25
2025-05-15,GoC_10Y,3.16
2025-05-16,GoC_10Y,3.17
2025-05-20,GoC_10Y,3.29
2025-05-21,GoC_10Y,3.39
2025-05-22,GoC_10Y,3.36
2025-05-23,GoC_10Y,3.34
2025-05-26,GoC_10Y,3.32
2025-05-27,GoC_10Y,3.25
2025-05-28,GoC_10Y,3.24
2025-05-29,GoC_10Y,3.21
2025-05-30,GoC_10Y,3.2
2025-06-02,GoC_10Y,3.23
2025-06-03,GoC_10Y,3.27
2025-06-04,GoC_10Y,3.23
2025-06-05,GoC_10Y,3.25
2025-06-06,GoC_10Y,3.34
2025-06-09,GoC_10Y,3.36
2025-06-10,GoC_10Y,3.34
2025-06-11,GoC_10Y,3.34
2025-06-12,GoC_10Y,3.33
2025-06-13,GoC_10Y,3.37
2025-06-16,GoC_10Y,3.4
2025-06-17,GoC_10Y,3.37
2025-06-18,GoC_10Y,3.33
2025-06-19,GoC_10Y,3.33
2025-06-20,GoC_10Y,3.3
2025-06-23,GoC_10Y,3.27
2025-06-24,GoC_10Y,3.26
2025-06-25,GoC_10Y,3.32
2025-06-26,GoC_10Y,3.33
2025-06-27,GoC_10Y,3.31
2025-06-30,GoC_10Y,3.28
2025-07-02,GoC_10Y,3.36
2025-07-03,GoC_10Y,3.38
2025-07-04,GoC_10Y,3.35
2025-07-07,GoC_10Y,3.4
2025-07-08,GoC_10Y,3.43
2025-07-09,GoC_10Y,3.37
2025-07-10,GoC_10Y,3.4
2025-07-11,GoC_10Y,3.5
2025-07-14,GoC_10Y,3.51
2025-07-15,GoC_10Y,3.6
2025-07-16,GoC_10Y,3.57
2025-07-17,GoC_10Y,3.57
2025-07-18,GoC_10Y,3.57
2025-07-21,GoC_10Y,3.51
2025-07-22,GoC_10Y,3.5
2025-07-23,GoC_10Y,3.56
2025-07-24,GoC_10Y,3.55
2025-07-25,GoC_10Y,3.52
2025-07-28,GoC_10Y,3.52
2025-07-29,GoC_10Y,3.47
2025-07-30,GoC_10Y,3.48
2025-07-31,GoC_10Y,3.45
2025-08-01,GoC_10Y,3.38
2025-08-05,GoC_10Y,3.38
2025-08-06,GoC_10Y,3.39
2025-08-07,GoC_10Y,3.39
2025-08-08,GoC_10Y,3.38
2025-08-11,GoC_10Y,3.39
2025-08-12,GoC_10Y,3.43
2025-08-13,GoC_10Y,3.39
2025-08-14,GoC_10Y,3.41
2025-08-15,GoC_10Y,3.46
2025-08-18,GoC_10Y,3.49
2025-08-19,GoC_10Y,3.44
2025-08-20,GoC_10Y,3.44
2025-08-21,GoC_10Y,3.48
2025-08-22,GoC_10Y,3.43
2025-08-25,GoC_10Y,3.47
2025-08-26,GoC_10Y,3.45
2025-08-27,GoC_10Y,3.45
2025-08-28,GoC_10Y,3.42
2025-08-29,GoC_10Y,3.38
2025-09-02,GoC_10Y,3.44
2025-09-03,GoC_10Y,3.39
2025-09-04,GoC_10Y,3.35
2025-09-05,GoC_10Y,3.27
2025-09-08,GoC_10Y,3.21
2025-09-09,GoC_10Y,3.22
2025-09-10,GoC_10Y,3.17
2025-09-11,GoC_10Y,3.16
2025-09-12,GoC_10Y,3.18
2025-09-15,GoC_10Y,3.17
2025-09-16,GoC_10Y,3.16
2025-09-17,GoC_10Y,3.18
2025-09-18,GoC_10Y,3.19
2025-09-19,GoC_10Y,3.2
2025-09-22,GoC_10Y,3.19
2025-09-23,GoC_10Y,3.19
2025-09-24,GoC_10Y,3.2
2025-09-25,GoC_10Y,3.22
2025-09-26,GoC_10Y,3.23
2025-09-29,GoC_10Y,3.17
2025-10-01,GoC_10Y,3.19
2025-10-02,GoC_10Y,3.18
2025-10-03,GoC_10Y,3.19
2025-10-06,GoC_10Y,3.21
2025-10-07,GoC_10Y,3.19
2025-10-08,GoC_10Y,3.19
2025-10-09,GoC_10Y,3.2
2025-10-10,GoC_10Y,3.18
2025-10-14,GoC_10Y,3.14
2025-10-15,GoC_10Y,3.12
2025-10-16,GoC_10Y,3.08
2025-10-17,GoC_10Y,3.09
2025-10-20,GoC_10Y,3.05
2025-10-21,GoC_10Y,3.08
2025-10-22,GoC_10Y,3.07
2025-10-23,GoC_10Y,3.09
2025-10-24,GoC_10Y,3.08
2025-10-27,GoC_10Y,3.05
2025-10-28,GoC_10Y,3.04
2025-10-29,GoC_10Y,3.15
2025-10-30,GoC_10Y,3.13
2025-10-31,GoC_10Y,3.12
2025-11-03,GoC_10Y,3.15
2025-11-04,GoC_10Y,3.15
2025-11-05,GoC_10Y,3.16
2025-11-06,GoC_10Y,3.1
2025-11-07,GoC_10Y,3.17
2025-11-10,GoC_10Y,3.17
2025-11-12,GoC_10Y,3.14
2025-11-13,GoC_10Y,3.18
2025-11-14,GoC_10Y,3.22
2025-11-17,GoC_10Y,3.23
2025-11-18,GoC_10Y,3.25
2025-11-19,GoC_10Y,3.25
2025-11-20,GoC_10Y,3.22
2025-11-21,GoC_10Y,3.2
2025-11-24,GoC_10Y,3.18
2025-11-25,GoC_10Y,3.15
2025-11-26,GoC_10Y,3.13
2025-11-27,GoC_10Y,3.12
2025-11-28,GoC_10Y,3.14
2025-12-01,GoC_10Y,3.24
2025-12-02,GoC_10Y,3.24
2025-12-03,GoC_10Y,3.22
2025-12-04,GoC_10Y,3.26
2025-12-05,GoC_10Y,3.42
2025-12-08,GoC_10Y,3.42
2025-12-09,GoC_10Y,3.46
2025-12-10,GoC_10Y,3.42
2025-12-11,GoC_10Y,3.42
2025-12-12,GoC_10Y,3.44
2025-12-15,GoC_10Y,3.41
2025-12-16,GoC_10Y,3.4
2025-12-17,GoC_10Y,3.42
2025-12-18,GoC_10Y,3.4
2025-12-19,GoC_10Y,3.47
2025-12-22,GoC_10Y,3.46
2025-12-23,GoC_10Y,3.42
2025-12-24,GoC_10Y,3.4
2025-12-29,GoC_10Y,3.39
2025-12-30,GoC_10Y,3.41
2025-12-31,GoC_10Y,3.42
2026-01-02,GoC_10Y,3.47
2026-01-05,GoC_10Y,3.42
2026-01-06,GoC_10Y,3.43
2026-01-07,GoC_10Y,3.39
2026-01-08,GoC_10Y,3.4
2026-01-09,GoC_10Y,3.38
2026-01-12,GoC_10Y,3.4
2026-01-13,GoC_10Y,3.41
2026-01-14,GoC_10Y,3.36
2026-01-15,GoC_10Y,3.35
2026-01-16,GoC_10Y,3.37
2026-01-19,GoC_10Y,3.39
2026-01-20,GoC_10Y,3.42
2026-01-21,GoC_10Y,3.42
2026-01-22,GoC_10Y,3.4
2026-01-23,GoC_10Y,3.41
2026-01-26,GoC_10Y,3.37
2026-01-27,GoC_10Y,3.41
2026-01-28,GoC_10Y,3.42
2026-01-29,GoC_10Y,3.41
2026-01-30,GoC_10Y,3.42
2026-02-02,GoC_10Y,3.43
2026-02-03,GoC_10Y,3.44
2026-02-04,GoC_10Y,3.43
2026-02-05,GoC_10Y,3.4
2026-02-06,GoC_10Y,3.4
2026-02-09,GoC_10Y,3.39
2026-02-10,GoC_10Y,3.36
2026-02-11,GoC_10Y,3.34
2026-02-12,GoC_10Y,3.28
2026-02-13,GoC_10Y,3.25
2026-02-17,GoC_10Y,3.23
2026-02-18,GoC_10Y,3.23
2026-02-19,GoC_10Y,3.22
2026-02-20,GoC_10Y,3.22
2026-02-23,GoC_10Y,3.18
2026-02-24,GoC_10Y,3.18
2026-02-25,GoC_10Y,3.2
2026-02-26,GoC_10Y,3.17
2026-02-27,GoC_10Y,3.13
2026-03-02,GoC_10Y,3.22
2026-03-03,GoC_10Y,3.24
2026-03-04,GoC_10Y,3.26
2026-03-05,GoC_10Y,3.34
2026-03-06,GoC_10Y,3.4
2026-03-09,GoC_10Y,3.36
2026-03-10,GoC_10Y,3.39
2026-03-11,GoC_10Y,3.48
2026-03-12,GoC_10Y,3.52
2026-03-13,GoC_10Y,3.51
2026-03-16,GoC_10Y,3.43
2026-03-17,GoC_10Y,3.39
2026-03-18,GoC_10Y,3.45
2026-03-19,GoC_10Y,3.44
2026-03-20,GoC_10Y,3.56
2026-03-23,GoC_10Y,3.53
2026-03-24,GoC_10Y,3.59
2026-03-25,GoC_10Y,3.47
2026-03-26,GoC_10Y,3.57
2026-03-27,GoC_10Y,3.58
2026-03-30,GoC_10Y,3.51
2026-03-31,GoC_10Y,3.46
2026-04-01,GoC_10Y,3.5
2026-04-02,GoC_10Y,3.49
2026-04-06,GoC_10Y,3.47
2026-04-07,GoC_10Y,3.49
2026-04-08,GoC_10Y,3.44
2026-04-09,GoC_10Y,3.46
2026-04-10,GoC_10Y,3.47
2026-04-13,GoC_10Y,3.46
2026-04-14,GoC_10Y,3.43
2026-04-15,GoC_10Y,3.47
2026-04-16,GoC_10Y,3.5
2026-04-17,GoC_10Y,3.44
2026-04-20,GoC_10Y,3.44
2026-04-21,GoC_10Y,3.5
2026-04-22,GoC_10Y,3.48
2026-04-23,GoC_10Y,3.48
2026-04-24,GoC_10Y,3.46
2026-04-27,GoC_10Y,3.5
2026-04-28,GoC_10Y,3.51
2026-04-29,GoC_10Y,3.6
2026-04-30,GoC_10Y,3.56
2026-05-01,GoC_10Y,3.53
2026-05-04,GoC_10Y,3.62
2026-05-05,GoC_10Y,3.6
2026-05-06,GoC_10Y,3.51
2026-05-07,GoC_10Y,3.53
2026-05-08,GoC_10Y,3.47
2026-05-11,GoC_10Y,3.54
2026-05-12,GoC_10Y,3.59
2026-05-13,GoC_10Y,3.58
2026-05-14,GoC_10Y,3.56
2026-05-15,GoC_10Y,3.7
2026-05-19,GoC_10Y,3.7
2026-05-20,GoC_10Y,3.58
2026-05-21,GoC_10Y,3.54
2026-05-22,GoC_10Y,3.53
2026-05-25,GoC_10Y,3.46
2026-05-26,GoC_10Y,3.47
2026-05-27,GoC_10Y,3.47
2026-05-28,GoC_10Y,3.44
2026-05-29,GoC_10Y,3.41
2026-06-01,GoC_10Y,3.43
2026-06-02,GoC_10Y,3.41
2026-06-03,GoC_10Y,3.43
2026-06-04,GoC_10Y,3.43
2026-06-05,GoC_10Y,3.48
2026-06-08,GoC_10Y,3.53
2026-06-09,GoC_10Y,3.49
2026-06-10,GoC_10Y,3.49
2026-06-11,GoC_10Y,3.41
2026-06-12,GoC_10Y,3.4
2026-06-15,GoC_10Y,3.41
2026-06-16,GoC_10Y,3.38
2026-06-17,GoC_10Y,3.42
2026-06-18,GoC_10Y,3.38
2026-06-19,GoC_10Y,3.39
2026-06-22,GoC_10Y,3.43
2026-06-23,GoC_10Y,3.44
2026-06-24,GoC_10Y,3.36
2026-06-25,GoC_10Y,3.39
2026-06-26,GoC_10Y,3.39
2026-06-29,GoC_10Y,3.37
2026-06-30,GoC_10Y,3.38
2026-07-02,GoC_10Y,3.45
2026-07-03,GoC_10Y,3.45
2026-07-06,GoC_10Y,3.42
2026-07-07,GoC_10Y,3.49
2026-07-08,GoC_10Y,3.56
2026-07-09,GoC_10Y,3.52
2026-07-10,GoC_10Y,3.51
2026-07-13,GoC_10Y,3.56
2026-07-14,GoC_10Y,3.57
2026-07-15,GoC_10Y,3.53
2026-07-16,GoC_10Y,3.53
2026-07-17,GoC_10Y,3.56
2026-07-20,GoC_10Y,3.57
2026-07-21,GoC_10Y,3.56
2026-07-22,GoC_10Y,3.6
2026-07-23,GoC_10Y,3.65
2026-07-24,GoC_10Y,3.6
2026-07-27,GoC_10Y,3.56
2026-07-28,GoC_10Y,3.53
2026-07-29,GoC_10Y,3.58
2026-07-30,GoC_10Y,3.59
2026-07-31,GoC_10Y,3.65
2026-08-04,GoC_10Y,3.55
2026-08-05,GoC_10Y,3.55
2026-08-06,GoC_10Y,3.61
2026-08-07,GoC_10Y,3.64
2026-08-10,GoC_10Y,3.72
2026-08-11,GoC_10Y,3.7
2026-08-12,GoC_10Y,3.69
2026-08-13,GoC_10Y,3.62
2026-08-14,GoC_10Y,3.68
2026-08-17,GoC_10Y,3.72
2026-08-18,GoC_10Y,3.7
2026-08-19,GoC_10Y,3.69
2026-08-20,GoC_10Y,3.75
2026-08-21,GoC_10Y,3.76
2026-08-24,GoC_10Y,3.68
2026-08-25,GoC_10Y,3.62
2026-08-26,GoC_10Y,3.66
2026-08-27,GoC_10Y,3.7
2026-08-28,GoC_10Y,3.73
2026-08-31,GoC_10Y,3.73
2026-09-01,GoC_10Y,3.75
2026-09-02,GoC_10Y,3.8
2026-09-03,GoC_10Y,3.79
2026-09-04,GoC_10Y,3.77
2026-09-08,GoC_10Y,3.81
2026-09-09,GoC_10Y,3.84
2026-09-10,GoC_10Y,3.94
2026-09-11,GoC_10Y,3.95
2026-09-14,GoC_10Y,3.94
2026-09-15,GoC_10Y,3.95
2026-09-16,GoC_10Y,3.92
2026-09-17,GoC_10Y,3.83
2026-09-18,GoC_10Y,3.87
2026-09-21,GoC_10Y,3.84
2026-09-22,GoC_10Y,3.83
2026-09-23,GoC_10Y,3.96
2026-09-24,GoC_10Y,3.97
2026-09-25,GoC_10Y,3.94
2026-09-28,GoC_10Y,3.96
2026-09-29,GoC_10Y,3.99
2026-10-01,GoC_10Y,3.94
2026-10-02,GoC_10Y,3.93
2001-01-02,GoC_2Y,5.11
2001-01-03,GoC_2Y,5.11
2001-01-04,GoC_2Y,4.99
2001-01-05,GoC_2Y,4.88
2001-01-08,GoC_2Y,4.89
2001-01-09,GoC_2Y,4.95
2001-01-10,GoC_2Y,5.0
2001-01-11,GoC_2Y,4.99
2001-01-12,GoC_2Y,5.04
2001-01-15,GoC_2Y,5.04
2001-01-16,GoC_2Y,5.07
2001-01-17,GoC_2Y,5.06
2001-01-18,GoC_2Y,4.99
2001-01-19,GoC_2Y,4.99
2001-01-22,GoC_2Y,5.04
2001-01-23,GoC_2Y,5.04
2001-01-24,GoC_2Y,5.08
2001-01-25,GoC_2Y,5.03
2001-01-26,GoC_2Y,5.01
2001-01-29,GoC_2Y,4.99
2001-01-30,GoC_2Y,4.95
2001-01-31,GoC_2Y,4.88
2001-02-01,GoC_2Y,4.87
2001-02-02,GoC_2Y,4.96
2001-02-05,GoC_2Y,4.96
2001-02-06,GoC_2Y,4.95
2001-02-07,GoC_2Y,4.94
2001-02-08,GoC_2Y,4.95
2001-02-09,GoC_2Y,4.92
2001-02-12,GoC_2Y,4.94
2001-02-13,GoC_2Y,4.99
2001-02-14,GoC_2Y,5.07
2001-02-15,GoC_2Y,5.05
2001-02-16,GoC_2Y,4.97
2001-02-19,GoC_2Y,4.95
2001-02-20,GoC_2Y,4.96
2001-02-21,GoC_2Y,4.94
2001-02-22,GoC_2Y,4.92
2001-02-23,GoC_2Y,4.88
2001-02-26,GoC_2Y,4.81
2001-02-27,GoC_2Y,4.8
2001-02-28,GoC_2Y,4.81
2001-03-01,GoC_2Y,4.83
2001-03-02,GoC_2Y,4.85
2001-03-05,GoC_2Y,4.86
2001-03-06,GoC_2Y,4.76
2001-03-07,GoC_2Y,4.72
2001-03-08,GoC_2Y,4.71
2001-03-09,GoC_2Y,4.73
2001-03-12,GoC_2Y,4.67
2001-03-13,GoC_2Y,4.71
2001-03-14,GoC_2Y,4.62
2001-03-15,GoC_2Y,4.53
2001-03-16,GoC_2Y,4.53
2001-03-19,GoC_2Y,4.62
2001-03-20,GoC_2Y,4.54
2001-03-21,GoC_2Y,4.54
2001-03-22,GoC_2Y,4.52
2001-03-23,GoC_2Y,4.58
2001-03-26,GoC_2Y,4.61
2001-03-27,GoC_2Y,4.74
2001-03-28,GoC_2Y,4.69
2001-03-29,GoC_2Y,4.73
2001-03-30,GoC_2Y,4.76
2001-04-02,GoC_2Y,4.87
2001-04-03,GoC_2Y,4.79
2001-04-04,GoC_2Y,4.71
2001-04-05,GoC_2Y,4.77
2001-04-06,GoC_2Y,4.64
2001-04-09,GoC_2Y,4.64
2001-04-10,GoC_2Y,4.73
2001-04-11,GoC_2Y,4.8
2001-04-12,GoC_2Y,4.83
2001-04-16,GoC_2Y,4.88
2001-04-17,GoC_2Y,4.91
2001-04-18,GoC_2Y,4.73
2001-04-19,GoC_2Y,4.77
2001-04-20,GoC_2Y,4.75
2001-04-23,GoC_2Y,4.68
2001-04-24,GoC_2Y,4.7
2001-04-25,GoC_2Y,4.76
2001-04-26,GoC_2Y,4.73
2001-04-27,GoC_2Y,4.85
2001-04-30,GoC_2Y,4.88
2001-05-01,GoC_2Y,4.83
2001-05-02,GoC_2Y,4.84
2001-05-03,GoC_2Y,4.8
2001-05-04,GoC_2Y,4.73
2001-05-07,GoC_2Y,4.71
2001-05-08,GoC_2Y,4.72
2001-05-09,GoC_2Y,4.69
2001-05-10,GoC_2Y,4.75
2001-05-11,GoC_2Y,4.9
2001-05-14,GoC_2Y,4.9
2001-05-15,GoC_2Y,4.86
2001-05-16,GoC_2Y,4.81
2001-05-17,GoC_2Y,4.95
2001-05-18,GoC_2Y,4.98
2001-05-22,GoC_2Y,4.99
2001-05-23,GoC_2Y,4.97
2001-05-24,GoC_2Y,5.01
2001-05-25,GoC_2Y,4.96
2001-05-28,GoC_2Y,4.93
2001-05-29,GoC_2Y,4.98
2001-05-30,GoC_2Y,4.99
2001-05-31,GoC_2Y,4.93
2001-06-01,GoC_2Y,4.9
2001-06-04,GoC_2Y,4.86
2001-06-05,GoC_2Y,4.82
2001-06-06,GoC_2Y,4.82
2001-06-07,GoC_2Y,4.82
2001-06-08,GoC_2Y,4.82
2001-06-11,GoC_2Y,4.77
2001-06-12,GoC_2Y,4.77
2001-06-13,GoC_2Y,4.78
2001-06-14,GoC_2Y,4.74
2001-06-15,GoC_2Y,4.75
2001-06-18,GoC_2Y,4.73
2001-06-19,GoC_2Y,4.74
2001-06-20,GoC_2Y,4.73
2001-06-21,GoC_2Y,4.73
2001-06-22,GoC_2Y,4.69
2001-06-25,GoC_2Y,4.7
2001-06-26,GoC_2Y,4.76
2001-06-27,GoC_2Y,4.87
2001-06-28,GoC_2Y,5.0
2001-06-29,GoC_2Y,5.03
2001-07-03,GoC_2Y,5.04
2001-07-04,GoC_2Y,5.03
2001-07-05,GoC_2Y,4.99
2001-07-06,GoC_2Y,4.92
2001-07-09,GoC_2Y,4.91
2001-07-10,GoC_2Y,4.89
2001-07-11,GoC_2Y,4.9
2001-07-12,GoC_2Y,4.9
2001-07-13,GoC_2Y,4.9
2001-07-16,GoC_2Y,4.86
2001-07-17,GoC_2Y,4.86
2001-07-18,GoC_2Y,4.76
2001-07-19,GoC_2Y,4.77
2001-07-20,GoC_2Y,4.73
2001-07-23,GoC_2Y,4.71
2001-07-24,GoC_2Y,4.7
2001-07-25,GoC_2Y,4.73
2001-07-26,GoC_2Y,4.69
2001-07-27,GoC_2Y,4.66
2001-07-30,GoC_2Y,4.65
2001-07-31,GoC_2Y,4.63
2001-08-01,GoC_2Y,4.66
2001-08-02,GoC_2Y,4.69
2001-08-03,GoC_2Y,4.69
2001-08-07,GoC_2Y,4.65
2001-08-08,GoC_2Y,4.56
2001-08-09,GoC_2Y,4.53
2001-08-10,GoC_2Y,4.48
2001-08-13,GoC_2Y,4.46
2001-08-14,GoC_2Y,4.49
2001-08-15,GoC_2Y,4.53
2001-08-16,GoC_2Y,4.49
2001-08-17,GoC_2Y,4.43
2001-08-20,GoC_2Y,4.46
2001-08-21,GoC_2Y,4.4
2001-08-22,GoC_2Y,4.45
2001-08-23,GoC_2Y,4.4
2001-08-24,GoC_2Y,4.41
2001-08-27,GoC_2Y,4.38
2001-08-28,GoC_2Y,4.3
2001-08-29,GoC_2Y,4.26
2001-08-30,GoC_2Y,4.22
2001-08-31,GoC_2Y,4.15
2001-09-04,GoC_2Y,4.25
2001-09-05,GoC_2Y,4.21
2001-09-06,GoC_2Y,4.09
2001-09-07,GoC_2Y,3.95
2001-09-10,GoC_2Y,3.97
2001-09-11,GoC_2Y,3.85
2001-09-12,GoC_2Y,3.67
2001-09-13,GoC_2Y,3.65
2001-09-14,GoC_2Y,3.57
2001-09-17,GoC_2Y,3.57
2001-09-18,GoC_2Y,3.55
2001-09-19,GoC_2Y,3.42
2001-09-20,GoC_2Y,3.42
2001-09-21,GoC_2Y,3.4
2001-09-24,GoC_2Y,3.45
2001-09-25,GoC_2Y,3.39
2001-09-26,GoC_2Y,3.38
2001-09-27,GoC_2Y,3.33
2001-09-28,GoC_2Y,3.66
2001-10-01,GoC_2Y,3.62
2001-10-02,GoC_2Y,3.53
2001-10-03,GoC_2Y,3.49
2001-10-04,GoC_2Y,3.45
2001-10-05,GoC_2Y,3.43
2001-10-09,GoC_2Y,3.45
2001-10-10,GoC_2Y,3.47
2001-10-11,GoC_2Y,3.56
2001-10-12,GoC_2Y,3.52
2001-10-15,GoC_2Y,3.48
2001-10-16,GoC_2Y,3.47
2001-10-17,GoC_2Y,3.49
2001-10-18,GoC_2Y,3.45
2001-10-19,GoC_2Y,3.44
2001-10-22,GoC_2Y,3.45
2001-10-23,GoC_2Y,3.26
2001-10-24,GoC_2Y,3.21
2001-10-25,GoC_2Y,3.15
2001-10-26,GoC_2Y,3.12
2001-10-29,GoC_2Y,3.04
2001-10-30,GoC_2Y,2.95
2001-10-31,GoC_2Y,2.92
2001-11-01,GoC_2Y,2.97
2001-11-02,GoC_2Y,2.94
2001-11-05,GoC_2Y,2.89
2001-11-06,GoC_2Y,2.77
2001-11-07,GoC_2Y,2.65
2001-11-08,GoC_2Y,2.66
2001-11-09,GoC_2Y,2.68
2001-11-13,GoC_2Y,2.76
2001-11-14,GoC_2Y,2.99
2001-11-15,GoC_2Y,3.29
2001-11-16,GoC_2Y,3.4
2001-11-19,GoC_2Y,3.27
2001-11-20,GoC_2Y,3.33
2001-11-21,GoC_2Y,3.38
2001-11-22,GoC_2Y,3.4
2001-11-23,GoC_2Y,3.43
2001-11-26,GoC_2Y,3.41
2001-11-27,GoC_2Y,3.35
2001-11-28,GoC_2Y,3.37
2001-11-29,GoC_2Y,3.22
2001-11-30,GoC_2Y,3.18
2001-12-03,GoC_2Y,3.08
2001-12-04,GoC_2Y,3.11
2001-12-05,GoC_2Y,3.42
2001-12-06,GoC_2Y,3.51
2001-12-07,GoC_2Y,3.49
2001-12-10,GoC_2Y,3.34
2001-12-11,GoC_2Y,3.28
2001-12-12,GoC_2Y,3.26
2001-12-13,GoC_2Y,3.34
2001-12-14,GoC_2Y,3.41
2001-12-17,GoC_2Y,3.35
2001-12-18,GoC_2Y,3.3
2001-12-19,GoC_2Y,3.24
2001-12-20,GoC_2Y,3.19
2001-12-21,GoC_2Y,3.17
2001-12-24,GoC_2Y,3.21
2001-12-27,GoC_2Y,3.18
2001-12-28,GoC_2Y,3.2
2001-12-31,GoC_2Y,3.15
2002-01-02,GoC_2Y,3.25
2002-01-03,GoC_2Y,3.19
2002-01-04,GoC_2Y,3.24
2002-01-07,GoC_2Y,3.15
2002-01-08,GoC_2Y,3.14
2002-01-09,GoC_2Y,3.05
2002-01-10,GoC_2Y,3.03
2002-01-11,GoC_2Y,2.75
2002-01-14,GoC_2Y,2.74
2002-01-15,GoC_2Y,2.85
2002-01-16,GoC_2Y,2.84
2002-01-17,GoC_2Y,3.02
2002-01-18,GoC_2Y,2.99
2002-01-21,GoC_2Y,3.05
2002-01-22,GoC_2Y,3.09
2002-01-23,GoC_2Y,3.12
2002-01-24,GoC_2Y,3.22
2002-01-25,GoC_2Y,3.27
2002-01-28,GoC_2Y,3.26
2002-01-29,GoC_2Y,3.16
2002-01-30,GoC_2Y,3.25
2002-01-31,GoC_2Y,3.32
2002-02-01,GoC_2Y,3.27
2002-02-04,GoC_2Y,3.15
2002-02-05,GoC_2Y,3.15
2002-02-06,GoC_2Y,3.14
2002-02-07,GoC_2Y,3.16
2002-02-08,GoC_2Y,3.2
2002-02-11,GoC_2Y,3.23
2002-02-12,GoC_2Y,3.27
2002-02-13,GoC_2Y,3.32
2002-02-14,GoC_2Y,3.36
2002-02-15,GoC_2Y,3.25
2002-02-18,GoC_2Y,3.27
2002-02-19,GoC_2Y,3.26
2002-02-20,GoC_2Y,3.28
2002-02-21,GoC_2Y,3.27
2002-02-22,GoC_2Y,3.24
2002-02-25,GoC_2Y,3.28
2002-02-26,GoC_2Y,3.33
2002-02-27,GoC_2Y,3.23
2002-02-28,GoC_2Y,3.29
2002-03-01,GoC_2Y,3.42
2002-03-04,GoC_2Y,3.45
2002-03-05,GoC_2Y,3.48
2002-03-06,GoC_2Y,3.48
2002-03-07,GoC_2Y,3.7
2002-03-08,GoC_2Y,3.87
2002-03-11,GoC_2Y,3.85
2002-03-12,GoC_2Y,3.9
2002-03-13,GoC_2Y,3.85
2002-03-14,GoC_2Y,3.98
2002-03-15,GoC_2Y,3.99
2002-03-18,GoC_2Y,4.02
2002-03-19,GoC_2Y,4.34
2002-03-20,GoC_2Y,4.46
2002-03-21,GoC_2Y,4.63
2002-03-22,GoC_2Y,4.65
2002-03-25,GoC_2Y,4.59
2002-03-26,GoC_2Y,4.5
2002-03-27,GoC_2Y,4.5
2002-03-28,GoC_2Y,4.49
2002-04-01,GoC_2Y,4.5
2002-04-02,GoC_2Y,4.43
2002-04-03,GoC_2Y,4.34
2002-04-04,GoC_2Y,4.32
2002-04-05,GoC_2Y,4.33
2002-04-08,GoC_2Y,4.39
2002-04-09,GoC_2Y,4.36
2002-04-10,GoC_2Y,4.37
2002-04-11,GoC_2Y,4.3
2002-04-12,GoC_2Y,4.21
2002-04-15,GoC_2Y,4.17
2002-04-16,GoC_2Y,4.29
2002-04-17,GoC_2Y,4.28
2002-04-18,GoC_2Y,4.18
2002-04-19,GoC_2Y,4.19
2002-04-22,GoC_2Y,4.19
2002-04-23,GoC_2Y,4.2
2002-04-24,GoC_2Y,4.21
2002-04-25,GoC_2Y,4.18
2002-04-26,GoC_2Y,4.15
2002-04-29,GoC_2Y,4.18
2002-04-30,GoC_2Y,4.18
2002-05-01,GoC_2Y,4.14
2002-05-02,GoC_2Y,4.16
2002-05-03,GoC_2Y,4.05
2002-05-06,GoC_2Y,4.01
2002-05-07,GoC_2Y,3.94
2002-05-08,GoC_2Y,4.1
2002-05-09,GoC_2Y,4.06
2002-05-10,GoC_2Y,4.13
2002-05-13,GoC_2Y,4.21
2002-05-14,GoC_2Y,4.34
2002-05-15,GoC_2Y,4.31
2002-05-16,GoC_2Y,4.25
2002-05-17,GoC_2Y,4.33
2002-05-21,GoC_2Y,4.21
2002-05-22,GoC_2Y,4.17
2002-05-23,GoC_2Y,4.19
2002-05-24,GoC_2Y,4.17
2002-05-27,GoC_2Y,4.21
2002-05-28,GoC_2Y,4.2
2002-05-29,GoC_2Y,4.15
2002-05-30,GoC_2Y,4.07
2002-05-31,GoC_2Y,4.14
2002-06-03,GoC_2Y,4.12
2002-06-04,GoC_2Y,4.14
2002-06-05,GoC_2Y,4.16
2002-06-06,GoC_2Y,4.11
2002-06-07,GoC_2Y,4.14
2002-06-10,GoC_2Y,4.16
2002-06-11,GoC_2Y,4.16
2002-06-12,GoC_2Y,4.17
2002-06-13,GoC_2Y,4.08
2002-06-14,GoC_2Y,3.94
2002-06-17,GoC_2Y,3.95
2002-06-18,GoC_2Y,3.93
2002-06-19,GoC_2Y,3.88
2002-06-20,GoC_2Y,3.97
2002-06-21,GoC_2Y,3.94
2002-06-24,GoC_2Y,3.95
2002-06-25,GoC_2Y,3.93
2002-06-26,GoC_2Y,3.84
2002-06-27,GoC_2Y,3.86
2002-06-28,GoC_2Y,3.92
2002-07-02,GoC_2Y,3.82
2002-07-03,GoC_2Y,3.81
2002-07-04,GoC_2Y,3.83
2002-07-05,GoC_2Y,3.98
2002-07-08,GoC_2Y,3.95
2002-07-09,GoC_2Y,3.89
2002-07-10,GoC_2Y,3.78
2002-07-11,GoC_2Y,3.74
2002-07-12,GoC_2Y,3.63
2002-07-15,GoC_2Y,3.56
2002-07-16,GoC_2Y,3.6
2002-07-17,GoC_2Y,3.61
2002-07-18,GoC_2Y,3.55
2002-07-19,GoC_2Y,3.47
2002-07-22,GoC_2Y,3.32
2002-07-23,GoC_2Y,3.2
2002-07-24,GoC_2Y,3.34
2002-07-25,GoC_2Y,3.24
2002-07-26,GoC_2Y,3.2
2002-07-29,GoC_2Y,3.44
2002-07-30,GoC_2Y,3.46
2002-07-31,GoC_2Y,3.32
2002-08-01,GoC_2Y,3.13
2002-08-02,GoC_2Y,3.02
2002-08-06,GoC_2Y,3.08
2002-08-07,GoC_2Y,3.01
2002-08-08,GoC_2Y,3.07
2002-08-09,GoC_2Y,3.12
2002-08-12,GoC_2Y,3.13
2002-08-13,GoC_2Y,3.02
2002-08-14,GoC_2Y,3.26
2002-08-15,GoC_2Y,3.32
2002-08-16,GoC_2Y,3.39
2002-08-19,GoC_2Y,3.4
2002-08-20,GoC_2Y,3.29
2002-08-21,GoC_2Y,3.38
2002-08-22,GoC_2Y,3.55
2002-08-23,GoC_2Y,3.5
2002-08-26,GoC_2Y,3.48
2002-08-27,GoC_2Y,3.57
2002-08-28,GoC_2Y,3.53
2002-08-29,GoC_2Y,3.47
2002-08-30,GoC_2Y,3.48
2002-09-03,GoC_2Y,3.29
2002-09-04,GoC_2Y,3.21
2002-09-05,GoC_2Y,3.13
2002-09-06,GoC_2Y,3.31
2002-09-09,GoC_2Y,3.37
2002-09-10,GoC_2Y,3.34
2002-09-11,GoC_2Y,3.41
2002-09-12,GoC_2Y,3.34
2002-09-13,GoC_2Y,3.49
2002-09-16,GoC_2Y,3.57
2002-09-17,GoC_2Y,3.48
2002-09-18,GoC_2Y,3.52
2002-09-19,GoC_2Y,3.44
2002-09-20,GoC_2Y,3.47
2002-09-23,GoC_2Y,3.38
2002-09-24,GoC_2Y,3.39
2002-09-25,GoC_2Y,3.48
2002-09-26,GoC_2Y,3.47
2002-09-27,GoC_2Y,3.36
2002-09-30,GoC_2Y,3.34
2002-10-01,GoC_2Y,3.41
2002-10-02,GoC_2Y,3.37
2002-10-03,GoC_2Y,3.39
2002-10-04,GoC_2Y,3.48
2002-10-07,GoC_2Y,3.43
2002-10-08,GoC_2Y,3.46
2002-10-09,GoC_2Y,3.4
2002-10-10,GoC_2Y,3.38
2002-10-11,GoC_2Y,3.41
2002-10-15,GoC_2Y,3.55
2002-10-16,GoC_2Y,3.55
2002-10-17,GoC_2Y,3.58
2002-10-18,GoC_2Y,3.55
2002-10-21,GoC_2Y,3.64
2002-10-22,GoC_2Y,3.64
2002-10-23,GoC_2Y,3.59
2002-10-24,GoC_2Y,3.54
2002-10-25,GoC_2Y,3.51
2002-10-28,GoC_2Y,3.49
2002-10-29,GoC_2Y,3.42
2002-10-30,GoC_2Y,3.39
2002-10-31,GoC_2Y,3.27
2002-11-01,GoC_2Y,3.26
2002-11-04,GoC_2Y,3.25
2002-11-05,GoC_2Y,3.26
2002-11-06,GoC_2Y,3.27
2002-11-07,GoC_2Y,3.24
2002-11-08,GoC_2Y,3.31
2002-11-12,GoC_2Y,3.27
2002-11-13,GoC_2Y,3.26
2002-11-14,GoC_2Y,3.36
2002-11-15,GoC_2Y,3.34
2002-11-18,GoC_2Y,3.32
2002-11-19,GoC_2Y,3.31
2002-11-20,GoC_2Y,3.34
2002-11-21,GoC_2Y,3.41
2002-11-22,GoC_2Y,3.4
2002-11-25,GoC_2Y,3.39
2002-11-26,GoC_2Y,3.34
2002-11-27,GoC_2Y,3.47
2002-11-28,GoC_2Y,3.46
2002-11-29,GoC_2Y,3.43
2002-12-02,GoC_2Y,3.45
2002-12-03,GoC_2Y,3.42
2002-12-04,GoC_2Y,3.37
2002-12-05,GoC_2Y,3.38
2002-12-06,GoC_2Y,3.36
2002-12-09,GoC_2Y,3.29
2002-12-10,GoC_2Y,3.33
2002-12-11,GoC_2Y,3.31
2002-12-12,GoC_2Y,3.3
2002-12-13,GoC_2Y,3.29
2002-12-16,GoC_2Y,3.33
2002-12-17,GoC_2Y,3.29
2002-12-18,GoC_2Y,3.24
2002-12-19,GoC_2Y,3.2
2002-12-20,GoC_2Y,3.21
2002-12-23,GoC_2Y,3.23
2002-12-24,GoC_2Y,3.18
2002-12-27,GoC_2Y,3.08
2002-12-30,GoC_2Y,3.09
2002-12-31,GoC_2Y,3.09
2003-01-02,GoC_2Y,3.22
2003-01-03,GoC_2Y,3.22
2003-01-06,GoC_2Y,3.24
2003-01-07,GoC_2Y,3.16
2003-01-08,GoC_2Y,3.12
2003-01-09,GoC_2Y,3.16
2003-01-10,GoC_2Y,3.18
2003-01-13,GoC_2Y,3.22
2003-01-14,GoC_2Y,3.22
2003-01-15,GoC_2Y,3.3
2003-01-16,GoC_2Y,3.32
2003-01-17,GoC_2Y,3.28
2003-01-20,GoC_2Y,3.26
2003-01-21,GoC_2Y,3.31
2003-01-22,GoC_2Y,3.36
2003-01-23,GoC_2Y,3.37
2003-01-24,GoC_2Y,3.36
2003-01-27,GoC_2Y,3.4
2003-01-28,GoC_2Y,3.43
2003-01-29,GoC_2Y,3.51
2003-01-30,GoC_2Y,3.53
2003-01-31,GoC_2Y,3.53
2003-02-03,GoC_2Y,3.57
2003-02-04,GoC_2Y,3.55
2003-02-05,GoC_2Y,3.56
2003-02-06,GoC_2Y,3.51
2003-02-07,GoC_2Y,3.47
2003-02-10,GoC_2Y,3.51
2003-02-11,GoC_2Y,3.46
2003-02-12,GoC_2Y,3.4
2003-02-13,GoC_2Y,3.35
2003-02-14,GoC_2Y,3.41
2003-02-17,GoC_2Y,3.45
2003-02-18,GoC_2Y,3.44
2003-02-19,GoC_2Y,3.48
2003-02-20,GoC_2Y,3.49
2003-02-21,GoC_2Y,3.54
2003-02-24,GoC_2Y,3.47
2003-02-25,GoC_2Y,3.47
2003-02-26,GoC_2Y,3.45
2003-02-27,GoC_2Y,3.52
2003-02-28,GoC_2Y,3.48
2003-03-03,GoC_2Y,3.45
2003-03-04,GoC_2Y,3.59
2003-03-05,GoC_2Y,3.55
2003-03-06,GoC_2Y,3.53
2003-03-07,GoC_2Y,3.51
2003-03-10,GoC_2Y,3.45
2003-03-11,GoC_2Y,3.46
2003-03-12,GoC_2Y,3.56
2003-03-13,GoC_2Y,3.68
2003-03-14,GoC_2Y,3.63
2003-03-17,GoC_2Y,3.71
2003-03-18,GoC_2Y,3.74
2003-03-19,GoC_2Y,3.8
2003-03-20,GoC_2Y,3.79
2003-03-21,GoC_2Y,3.89
2003-03-24,GoC_2Y,3.81
2003-03-25,GoC_2Y,3.86
2003-03-26,GoC_2Y,3.84
2003-03-27,GoC_2Y,3.79
2003-03-28,GoC_2Y,3.78
2003-03-31,GoC_2Y,3.76
2003-04-01,GoC_2Y,3.76
2003-04-02,GoC_2Y,3.81
2003-04-03,GoC_2Y,3.71
2003-04-04,GoC_2Y,3.71
2003-04-07,GoC_2Y,3.76
2003-04-08,GoC_2Y,3.78
2003-04-09,GoC_2Y,3.76
2003-04-10,GoC_2Y,3.81
2003-04-11,GoC_2Y,3.84
2003-04-14,GoC_2Y,3.86
2003-04-15,GoC_2Y,3.73
2003-04-16,GoC_2Y,3.69
2003-04-17,GoC_2Y,3.81
2003-04-21,GoC_2Y,3.71
2003-04-22,GoC_2Y,3.73
2003-04-23,GoC_2Y,3.74
2003-04-24,GoC_2Y,3.67
2003-04-25,GoC_2Y,3.65
2003-04-28,GoC_2Y,3.68
2003-04-29,GoC_2Y,3.68
2003-04-30,GoC_2Y,3.65
2003-05-01,GoC_2Y,3.65
2003-05-02,GoC_2Y,3.7
2003-05-05,GoC_2Y,3.69
2003-05-06,GoC_2Y,3.62
2003-05-07,GoC_2Y,3.56
2003-05-08,GoC_2Y,3.58
2003-05-09,GoC_2Y,3.56
2003-05-12,GoC_2Y,3.57
2003-05-13,GoC_2Y,3.56
2003-05-14,GoC_2Y,3.55
2003-05-15,GoC_2Y,3.56
2003-05-16,GoC_2Y,3.5
2003-05-20,GoC_2Y,3.39
2003-05-21,GoC_2Y,3.4
2003-05-22,GoC_2Y,3.26
2003-05-23,GoC_2Y,3.19
2003-05-26,GoC_2Y,3.14
2003-05-27,GoC_2Y,3.14
2003-05-28,GoC_2Y,3.17
2003-05-29,GoC_2Y,3.11
2003-05-30,GoC_2Y,3.18
2003-06-02,GoC_2Y,3.21
2003-06-03,GoC_2Y,3.1
2003-06-04,GoC_2Y,3.1
2003-06-05,GoC_2Y,3.1
2003-06-06,GoC_2Y,3.0
2003-06-09,GoC_2Y,2.96
2003-06-10,GoC_2Y,2.91
2003-06-11,GoC_2Y,2.94
2003-06-12,GoC_2Y,2.91
2003-06-13,GoC_2Y,2.83
2003-06-16,GoC_2Y,2.88
2003-06-17,GoC_2Y,2.94
2003-06-18,GoC_2Y,2.85
2003-06-19,GoC_2Y,2.87
2003-06-20,GoC_2Y,2.96
2003-06-23,GoC_2Y,2.9
2003-06-24,GoC_2Y,2.9
2003-06-25,GoC_2Y,3.05
2003-06-26,GoC_2Y,3.11
2003-06-27,GoC_2Y,3.07
2003-06-30,GoC_2Y,3.01
2003-07-02,GoC_2Y,3.02
2003-07-03,GoC_2Y,3.04
2003-07-04,GoC_2Y,3.03
2003-07-07,GoC_2Y,3.17
2003-07-08,GoC_2Y,3.16
2003-07-09,GoC_2Y,3.15
2003-07-10,GoC_2Y,3.12
2003-07-11,GoC_2Y,3.23
2003-07-14,GoC_2Y,3.25
2003-07-15,GoC_2Y,3.1
2003-07-16,GoC_2Y,3.03
2003-07-17,GoC_2Y,2.86
2003-07-18,GoC_2Y,2.9
2003-07-21,GoC_2Y,2.93
2003-07-22,GoC_2Y,2.79
2003-07-23,GoC_2Y,2.79
2003-07-24,GoC_2Y,2.77
2003-07-25,GoC_2Y,2.8
2003-07-28,GoC_2Y,2.8
2003-07-29,GoC_2Y,2.83
2003-07-30,GoC_2Y,2.85
2003-07-31,GoC_2Y,2.95
2003-08-01,GoC_2Y,2.98
2003-08-05,GoC_2Y,3.04
2003-08-06,GoC_2Y,2.98
2003-08-07,GoC_2Y,2.95
2003-08-08,GoC_2Y,2.89
2003-08-11,GoC_2Y,2.97
2003-08-12,GoC_2Y,2.97
2003-08-13,GoC_2Y,3.07
2003-08-14,GoC_2Y,3.07
2003-08-15,GoC_2Y,3.04
2003-08-18,GoC_2Y,3.04
2003-08-19,GoC_2Y,2.92
2003-08-20,GoC_2Y,2.98
2003-08-21,GoC_2Y,3.05
2003-08-22,GoC_2Y,3.04
2003-08-25,GoC_2Y,3.04
2003-08-26,GoC_2Y,3.04
2003-08-27,GoC_2Y,3.18
2003-08-28,GoC_2Y,3.12
2003-08-29,GoC_2Y,3.09
2003-09-02,GoC_2Y,3.13
2003-09-03,GoC_2Y,3.25
2003-09-04,GoC_2Y,3.2
2003-09-05,GoC_2Y,3.04
2003-09-08,GoC_2Y,3.04
2003-09-09,GoC_2Y,3.02
2003-09-10,GoC_2Y,2.99
2003-09-11,GoC_2Y,3.07
2003-09-12,GoC_2Y,3.02
2003-09-15,GoC_2Y,3.0
2003-09-16,GoC_2Y,3.01
2003-09-17,GoC_2Y,3.0
2003-09-18,GoC_2Y,3.02
2003-09-19,GoC_2Y,3.02
2003-09-22,GoC_2Y,2.88
2003-09-23,GoC_2Y,3.05
2003-09-24,GoC_2Y,3.02
2003-09-25,GoC_2Y,3.02
2003-09-26,GoC_2Y,3.01
2003-09-29,GoC_2Y,3.04
2003-09-30,GoC_2Y,2.96
2003-10-01,GoC_2Y,2.93
2003-10-02,GoC_2Y,2.97
2003-10-03,GoC_2Y,3.09
2003-10-06,GoC_2Y,3.05
2003-10-07,GoC_2Y,3.05
2003-10-08,GoC_2Y,3.04
2003-10-09,GoC_2Y,3.08
2003-10-10,GoC_2Y,3.11
2003-10-14,GoC_2Y,3.17
2003-10-15,GoC_2Y,3.2
2003-10-16,GoC_2Y,3.27
2003-10-17,GoC_2Y,3.25
2003-10-20,GoC_2Y,3.26
2003-10-21,GoC_2Y,3.25
2003-10-22,GoC_2Y,3.15
2003-10-23,GoC_2Y,3.14
2003-10-24,GoC_2Y,3.09
2003-10-27,GoC_2Y,3.12
2003-10-28,GoC_2Y,3.1
2003-10-29,GoC_2Y,3.14
2003-10-30,GoC_2Y,3.18
2003-10-31,GoC_2Y,3.16
2003-11-03,GoC_2Y,3.21
2003-11-04,GoC_2Y,3.21
2003-11-05,GoC_2Y,3.28
2003-11-06,GoC_2Y,3.33
2003-11-07,GoC_2Y,3.43
2003-11-10,GoC_2Y,3.43
2003-11-12,GoC_2Y,3.39
2003-11-13,GoC_2Y,3.28
2003-11-14,GoC_2Y,3.26
2003-11-17,GoC_2Y,3.24
2003-11-18,GoC_2Y,3.2
2003-11-19,GoC_2Y,3.25
2003-11-20,GoC_2Y,3.18
2003-11-21,GoC_2Y,3.06
2003-11-24,GoC_2Y,3.14
2003-11-25,GoC_2Y,3.16
2003-11-26,GoC_2Y,3.18
2003-11-27,GoC_2Y,3.2
2003-11-28,GoC_2Y,3.19
2003-12-01,GoC_2Y,3.2
2003-12-02,GoC_2Y,3.19
2003-12-03,GoC_2Y,3.19
2003-12-04,GoC_2Y,3.22
2003-12-05,GoC_2Y,3.18
2003-12-08,GoC_2Y,3.16
2003-12-09,GoC_2Y,3.19
2003-12-10,GoC_2Y,3.16
2003-12-11,GoC_2Y,3.1
2003-12-12,GoC_2Y,3.06
2003-12-15,GoC_2Y,3.05
2003-12-16,GoC_2Y,3.04
2003-12-17,GoC_2Y,3.01
2003-12-18,GoC_2Y,2.99
2003-12-19,GoC_2Y,3.02
2003-12-22,GoC_2Y,3.01
2003-12-23,GoC_2Y,3.02
2003-12-24,GoC_2Y,2.98
2003-12-29,GoC_2Y,2.97
2003-12-30,GoC_2Y,2.97
2003-12-31,GoC_2Y,2.96
2004-01-02,GoC_2Y,3.01
2004-01-05,GoC_2Y,2.96
2004-01-06,GoC_2Y,2.93
2004-01-07,GoC_2Y,2.93
2004-01-08,GoC_2Y,2.95
2004-01-09,GoC_2Y,2.85
2004-01-12,GoC_2Y,2.85
2004-01-13,GoC_2Y,2.82
2004-01-14,GoC_2Y,2.81
2004-01-15,GoC_2Y,2.81
2004-01-16,GoC_2Y,2.81
2004-01-19,GoC_2Y,2.81
2004-01-20,GoC_2Y,2.69
2004-01-21,GoC_2Y,2.61
2004-01-22,GoC_2Y,2.54
2004-01-23,GoC_2Y,2.6
2004-01-26,GoC_2Y,2.56
2004-01-27,GoC_2Y,2.5
2004-01-28,GoC_2Y,2.64
2004-01-29,GoC_2Y,2.69
2004-01-30,GoC_2Y,2.6
2004-02-02,GoC_2Y,2.61
2004-02-03,GoC_2Y,2.58
2004-02-04,GoC_2Y,2.61
2004-02-05,GoC_2Y,2.61
2004-02-06,GoC_2Y,2.52
2004-02-09,GoC_2Y,2.47
2004-02-10,GoC_2Y,2.47
2004-02-11,GoC_2Y,2.41
2004-02-12,GoC_2Y,2.4
2004-02-13,GoC_2Y,2.4
2004-02-16,GoC_2Y,2.41
2004-02-17,GoC_2Y,2.44
2004-02-18,GoC_2Y,2.47
2004-02-19,GoC_2Y,2.45
2004-02-20,GoC_2Y,2.46
2004-02-23,GoC_2Y,2.4
2004-02-24,GoC_2Y,2.4
2004-02-25,GoC_2Y,2.39
2004-02-26,GoC_2Y,2.38
2004-02-27,GoC_2Y,2.37
2004-03-01,GoC_2Y,2.36
2004-03-02,GoC_2Y,2.42
2004-03-03,GoC_2Y,2.45
2004-03-04,GoC_2Y,2.46
2004-03-05,GoC_2Y,2.34
2004-03-08,GoC_2Y,2.3
2004-03-09,GoC_2Y,2.3
2004-03-10,GoC_2Y,2.31
2004-03-11,GoC_2Y,2.28
2004-03-12,GoC_2Y,2.28
2004-03-15,GoC_2Y,2.27
2004-03-16,GoC_2Y,2.24
2004-03-17,GoC_2Y,2.24
2004-03-18,GoC_2Y,2.25
2004-03-19,GoC_2Y,2.26
2004-03-22,GoC_2Y,2.21
2004-03-23,GoC_2Y,2.21
2004-03-24,GoC_2Y,2.2
2004-03-25,GoC_2Y,2.19
2004-03-26,GoC_2Y,2.27
2004-03-29,GoC_2Y,2.31
2004-03-30,GoC_2Y,2.47
2004-03-31,GoC_2Y,2.43
2004-04-01,GoC_2Y,2.45
2004-04-02,GoC_2Y,2.66
2004-04-05,GoC_2Y,2.68
2004-04-06,GoC_2Y,2.64
2004-04-07,GoC_2Y,2.62
2004-04-08,GoC_2Y,2.58
2004-04-12,GoC_2Y,2.61
2004-04-13,GoC_2Y,2.74
2004-04-14,GoC_2Y,2.81
2004-04-15,GoC_2Y,2.79
2004-04-16,GoC_2Y,2.73
2004-04-19,GoC_2Y,2.76
2004-04-20,GoC_2Y,2.85
2004-04-21,GoC_2Y,2.82
2004-04-22,GoC_2Y,2.78
2004-04-23,GoC_2Y,2.82
2004-04-26,GoC_2Y,2.83
2004-04-27,GoC_2Y,2.8
2004-04-28,GoC_2Y,2.84
2004-04-29,GoC_2Y,2.83
2004-04-30,GoC_2Y,2.7
2004-05-03,GoC_2Y,2.67
2004-05-04,GoC_2Y,2.69
2004-05-05,GoC_2Y,2.7
2004-05-06,GoC_2Y,2.72
2004-05-07,GoC_2Y,2.95
2004-05-10,GoC_2Y,2.94
2004-05-11,GoC_2Y,2.93
2004-05-12,GoC_2Y,2.95
2004-05-13,GoC_2Y,3.03
2004-05-14,GoC_2Y,3.04
2004-05-17,GoC_2Y,3.01
2004-05-18,GoC_2Y,3.07
2004-05-19,GoC_2Y,3.1
2004-05-20,GoC_2Y,3.05
2004-05-21,GoC_2Y,3.06
2004-05-25,GoC_2Y,3.14
2004-05-26,GoC_2Y,3.08
2004-05-27,GoC_2Y,3.02
2004-05-28,GoC_2Y,3.07
2004-05-31,GoC_2Y,3.09
2004-06-01,GoC_2Y,3.12
2004-06-02,GoC_2Y,3.15
2004-06-03,GoC_2Y,3.14
2004-06-04,GoC_2Y,3.29
2004-06-07,GoC_2Y,3.29
2004-06-08,GoC_2Y,3.26
2004-06-09,GoC_2Y,3.27
2004-06-10,GoC_2Y,3.3
2004-06-11,GoC_2Y,3.39
2004-06-14,GoC_2Y,3.46
2004-06-15,GoC_2Y,3.34
2004-06-16,GoC_2Y,3.38
2004-06-17,GoC_2Y,3.37
2004-06-18,GoC_2Y,3.39
2004-06-21,GoC_2Y,3.36
2004-06-22,GoC_2Y,3.36
2004-06-23,GoC_2Y,3.33
2004-06-24,GoC_2Y,3.29
2004-06-25,GoC_2Y,3.26
2004-06-28,GoC_2Y,3.33
2004-06-29,GoC_2Y,3.32
2004-06-30,GoC_2Y,3.22
2004-07-02,GoC_2Y,3.12
2004-07-05,GoC_2Y,3.12
2004-07-06,GoC_2Y,3.11
2004-07-07,GoC_2Y,3.08
2004-07-08,GoC_2Y,3.04
2004-07-09,GoC_2Y,3.07
2004-07-12,GoC_2Y,3.11
2004-07-13,GoC_2Y,3.14
2004-07-14,GoC_2Y,3.18
2004-07-15,GoC_2Y,3.19
2004-07-16,GoC_2Y,3.11
2004-07-19,GoC_2Y,3.13
2004-07-20,GoC_2Y,3.16
2004-07-21,GoC_2Y,3.19
2004-07-22,GoC_2Y,3.19
2004-07-23,GoC_2Y,3.15
2004-07-26,GoC_2Y,3.2
2004-07-27,GoC_2Y,3.28
2004-07-28,GoC_2Y,3.25
2004-07-29,GoC_2Y,3.23
2004-07-30,GoC_2Y,3.17
2004-08-03,GoC_2Y,3.07
2004-08-04,GoC_2Y,3.09
2004-08-05,GoC_2Y,3.08
2004-08-06,GoC_2Y,2.84
2004-08-09,GoC_2Y,2.9
2004-08-10,GoC_2Y,3.0
2004-08-11,GoC_2Y,2.95
2004-08-12,GoC_2Y,2.93
2004-08-13,GoC_2Y,2.96
2004-08-16,GoC_2Y,3.01
2004-08-17,GoC_2Y,2.96
2004-08-18,GoC_2Y,2.99
2004-08-19,GoC_2Y,2.92
2004-08-20,GoC_2Y,2.92
2004-08-23,GoC_2Y,2.95
2004-08-24,GoC_2Y,3.02
2004-08-25,GoC_2Y,3.03
2004-08-26,GoC_2Y,3.02
2004-08-27,GoC_2Y,3.02
2004-08-30,GoC_2Y,3.01
2004-08-31,GoC_2Y,2.94
2004-09-01,GoC_2Y,2.95
2004-09-02,GoC_2Y,3.03
2004-09-03,GoC_2Y,3.12
2004-09-07,GoC_2Y,3.13
2004-09-08,GoC_2Y,3.14
2004-09-09,GoC_2Y,3.14
2004-09-10,GoC_2Y,3.11
2004-09-13,GoC_2Y,3.07
2004-09-14,GoC_2Y,3.08
2004-09-15,GoC_2Y,3.09
2004-09-16,GoC_2Y,3.03
2004-09-17,GoC_2Y,3.02
2004-09-20,GoC_2Y,3.01
2004-09-21,GoC_2Y,3.06
2004-09-22,GoC_2Y,3.22
2004-09-23,GoC_2Y,3.26
2004-09-24,GoC_2Y,3.26
2004-09-27,GoC_2Y,3.25
2004-09-28,GoC_2Y,3.23
2004-09-29,GoC_2Y,3.28
2004-09-30,GoC_2Y,3.29
2004-10-01,GoC_2Y,3.31
2004-10-04,GoC_2Y,3.32
2004-10-05,GoC_2Y,3.31
2004-10-06,GoC_2Y,3.34
2004-10-07,GoC_2Y,3.34
2004-10-08,GoC_2Y,3.29
2004-10-12,GoC_2Y,3.24
2004-10-13,GoC_2Y,3.21
2004-10-14,GoC_2Y,3.16
2004-10-15,GoC_2Y,3.2
2004-10-18,GoC_2Y,3.18
2004-10-19,GoC_2Y,3.17
2004-10-20,GoC_2Y,3.1
2004-10-21,GoC_2Y,3.16
2004-10-22,GoC_2Y,3.14
2004-10-25,GoC_2Y,3.1
2004-10-26,GoC_2Y,3.16
2004-10-27,GoC_2Y,3.23
2004-10-28,GoC_2Y,3.23
2004-10-29,GoC_2Y,3.24
2004-11-01,GoC_2Y,3.26
2004-11-02,GoC_2Y,3.25
2004-11-03,GoC_2Y,3.24
2004-11-04,GoC_2Y,3.23
2004-11-05,GoC_2Y,3.34
2004-11-08,GoC_2Y,3.34
2004-11-09,GoC_2Y,3.35
2004-11-10,GoC_2Y,3.32
2004-11-12,GoC_2Y,3.27
2004-11-15,GoC_2Y,3.27
2004-11-16,GoC_2Y,3.3
2004-11-17,GoC_2Y,3.2
2004-11-18,GoC_2Y,3.22
2004-11-19,GoC_2Y,3.23
2004-11-22,GoC_2Y,3.26
2004-11-23,GoC_2Y,3.23
2004-11-24,GoC_2Y,3.17
2004-11-25,GoC_2Y,3.06
2004-11-26,GoC_2Y,3.06
2004-11-29,GoC_2Y,3.1
2004-11-30,GoC_2Y,3.01
2004-12-01,GoC_2Y,3.0
2004-12-02,GoC_2Y,3.04
2004-12-03,GoC_2Y,2.88
2004-12-06,GoC_2Y,2.9
2004-12-07,GoC_2Y,2.83
2004-12-08,GoC_2Y,2.82
2004-12-09,GoC_2Y,2.9
2004-12-10,GoC_2Y,2.91
2004-12-13,GoC_2Y,2.92
2004-12-14,GoC_2Y,2.88
2004-12-15,GoC_2Y,2.86
2004-12-16,GoC_2Y,2.91
2004-12-17,GoC_2Y,2.95
2004-12-20,GoC_2Y,2.96
2004-12-21,GoC_2Y,2.98
2004-12-22,GoC_2Y,3.01
2004-12-23,GoC_2Y,2.96
2004-12-24,GoC_2Y,2.98
2004-12-29,GoC_2Y,3.05
2004-12-30,GoC_2Y,3.01
2004-12-31,GoC_2Y,2.99
2005-01-04,GoC_2Y,3.05
2005-01-05,GoC_2Y,3.04
2005-01-06,GoC_2Y,3.01
2005-01-07,GoC_2Y,3.09
2005-01-10,GoC_2Y,3.1
2005-01-11,GoC_2Y,3.07
2005-01-12,GoC_2Y,3.02
2005-01-13,GoC_2Y,2.94
2005-01-14,GoC_2Y,2.95
2005-01-17,GoC_2Y,2.94
2005-01-18,GoC_2Y,2.91
2005-01-19,GoC_2Y,2.89
2005-01-20,GoC_2Y,2.91
2005-01-21,GoC_2Y,2.91
2005-01-24,GoC_2Y,2.91
2005-01-25,GoC_2Y,2.86
2005-01-26,GoC_2Y,2.81
2005-01-27,GoC_2Y,2.91
2005-01-28,GoC_2Y,2.88
2005-01-31,GoC_2Y,2.9
2005-02-01,GoC_2Y,2.91
2005-02-02,GoC_2Y,2.92
2005-02-03,GoC_2Y,2.96
2005-02-04,GoC_2Y,2.87
2005-02-07,GoC_2Y,2.9
2005-02-08,GoC_2Y,2.92
2005-02-09,GoC_2Y,2.88
2005-02-10,GoC_2Y,2.91
2005-02-11,GoC_2Y,2.92
2005-02-14,GoC_2Y,2.89
2005-02-15,GoC_2Y,2.89
2005-02-16,GoC_2Y,2.92
2005-02-17,GoC_2Y,2.92
2005-02-18,GoC_2Y,2.95
2005-02-21,GoC_2Y,2.92
2005-02-22,GoC_2Y,2.85
2005-02-23,GoC_2Y,2.94
2005-02-24,GoC_2Y,2.97
2005-02-25,GoC_2Y,2.92
2005-02-28,GoC_2Y,2.94
2005-03-01,GoC_2Y,2.93
2005-03-02,GoC_2Y,2.95
2005-03-03,GoC_2Y,2.96
2005-03-04,GoC_2Y,2.93
2005-03-07,GoC_2Y,2.93
2005-03-08,GoC_2Y,2.92
2005-03-09,GoC_2Y,2.98
2005-03-10,GoC_2Y,3.0
2005-03-11,GoC_2Y,3.08
2005-03-14,GoC_2Y,3.08
2005-03-15,GoC_2Y,3.15
2005-03-16,GoC_2Y,3.15
2005-03-17,GoC_2Y,3.1
2005-03-18,GoC_2Y,3.13
2005-03-21,GoC_2Y,3.18
2005-03-22,GoC_2Y,3.29
2005-03-23,GoC_2Y,3.4
2005-03-24,GoC_2Y,3.4
2005-03-28,GoC_2Y,3.42
2005-03-29,GoC_2Y,3.38
2005-03-30,GoC_2Y,3.36
2005-03-31,GoC_2Y,3.27
2005-04-01,GoC_2Y,3.24
2005-04-04,GoC_2Y,3.24
2005-04-05,GoC_2Y,3.27
2005-04-06,GoC_2Y,3.24
2005-04-07,GoC_2Y,3.24
2005-04-08,GoC_2Y,3.16
2005-04-11,GoC_2Y,3.13
2005-04-12,GoC_2Y,3.13
2005-04-13,GoC_2Y,3.11
2005-04-14,GoC_2Y,3.03
2005-04-15,GoC_2Y,2.99
2005-04-18,GoC_2Y,3.01
2005-04-19,GoC_2Y,2.98
2005-04-20,GoC_2Y,2.97
2005-04-21,GoC_2Y,3.03
2005-04-22,GoC_2Y,3.06
2005-04-25,GoC_2Y,3.09
2005-04-26,GoC_2Y,3.08
2005-04-27,GoC_2Y,3.07
2005-04-28,GoC_2Y,3.04
2005-04-29,GoC_2Y,3.08
2005-05-02,GoC_2Y,3.06
2005-05-03,GoC_2Y,3.06
2005-05-04,GoC_2Y,3.06
2005-05-05,GoC_2Y,3.03
2005-05-06,GoC_2Y,3.19
2005-05-09,GoC_2Y,3.2
2005-05-10,GoC_2Y,3.14
2005-05-11,GoC_2Y,3.09
2005-05-12,GoC_2Y,3.04
2005-05-13,GoC_2Y,2.97
2005-05-16,GoC_2Y,2.99
2005-05-17,GoC_2Y,2.98
2005-05-18,GoC_2Y,3.01
2005-05-19,GoC_2Y,3.07
2005-05-20,GoC_2Y,3.08
2005-05-24,GoC_2Y,3.03
2005-05-25,GoC_2Y,3.0
2005-05-26,GoC_2Y,3.0
2005-05-27,GoC_2Y,2.97
2005-05-30,GoC_2Y,2.97
2005-05-31,GoC_2Y,2.91
2005-06-01,GoC_2Y,2.78
2005-06-02,GoC_2Y,2.79
2005-06-03,GoC_2Y,2.83
2005-06-06,GoC_2Y,2.81
2005-06-07,GoC_2Y,2.77
2005-06-08,GoC_2Y,2.81
2005-06-09,GoC_2Y,2.82
2005-06-10,GoC_2Y,2.93
2005-06-13,GoC_2Y,2.93
2005-06-14,GoC_2Y,2.94
2005-06-15,GoC_2Y,2.94
2005-06-16,GoC_2Y,2.9
2005-06-17,GoC_2Y,2.9
2005-06-20,GoC_2Y,2.89
2005-06-21,GoC_2Y,2.87
2005-06-22,GoC_2Y,2.8
2005-06-23,GoC_2Y,2.79
2005-06-24,GoC_2Y,2.78
2005-06-27,GoC_2Y,2.81
2005-06-28,GoC_2Y,2.85
2005-06-29,GoC_2Y,2.86
2005-06-30,GoC_2Y,2.83
2005-07-04,GoC_2Y,2.97
2005-07-05,GoC_2Y,3.0
2005-07-06,GoC_2Y,2.97
2005-07-07,GoC_2Y,2.94
2005-07-08,GoC_2Y,2.99
2005-07-11,GoC_2Y,3.01
2005-07-12,GoC_2Y,3.08
2005-07-13,GoC_2Y,3.07
2005-07-14,GoC_2Y,3.05
2005-07-15,GoC_2Y,3.06
2005-07-18,GoC_2Y,3.07
2005-07-19,GoC_2Y,3.04
2005-07-20,GoC_2Y,3.05
2005-07-21,GoC_2Y,3.06
2005-07-22,GoC_2Y,2.96
2005-07-25,GoC_2Y,2.95
2005-07-26,GoC_2Y,2.98
2005-07-27,GoC_2Y,3.04
2005-07-28,GoC_2Y,3.01
2005-07-29,GoC_2Y,3.04
2005-08-02,GoC_2Y,3.08
2005-08-03,GoC_2Y,3.07
2005-08-04,GoC_2Y,3.08
2005-08-05,GoC_2Y,3.15
2005-08-08,GoC_2Y,3.17
2005-08-09,GoC_2Y,3.15
2005-08-10,GoC_2Y,3.17
2005-08-11,GoC_2Y,3.13
2005-08-12,GoC_2Y,3.11
2005-08-15,GoC_2Y,3.14
2005-08-16,GoC_2Y,3.1
2005-08-17,GoC_2Y,3.14
2005-08-18,GoC_2Y,3.1
2005-08-19,GoC_2Y,3.13
2005-08-22,GoC_2Y,3.16
2005-08-23,GoC_2Y,3.15
2005-08-24,GoC_2Y,3.11
2005-08-25,GoC_2Y,3.07
2005-08-26,GoC_2Y,3.09
2005-08-29,GoC_2Y,3.1
2005-08-30,GoC_2Y,3.07
2005-08-31,GoC_2Y,2.97
2005-09-01,GoC_2Y,2.85
2005-09-02,GoC_2Y,2.9
2005-09-06,GoC_2Y,2.99
2005-09-07,GoC_2Y,3.03
2005-09-08,GoC_2Y,3.02
2005-09-09,GoC_2Y,3.03
2005-09-12,GoC_2Y,3.05
2005-09-13,GoC_2Y,3.04
2005-09-14,GoC_2Y,3.08
2005-09-15,GoC_2Y,3.08
2005-09-16,GoC_2Y,3.13
2005-09-19,GoC_2Y,3.14
2005-09-20,GoC_2Y,3.19
2005-09-21,GoC_2Y,3.17
2005-09-22,GoC_2Y,3.18
2005-09-23,GoC_2Y,3.25
2005-09-26,GoC_2Y,3.28
2005-09-27,GoC_2Y,3.3
2005-09-28,GoC_2Y,3.3
2005-09-29,GoC_2Y,3.34
2005-09-30,GoC_2Y,3.35
2005-10-03,GoC_2Y,3.36
2005-10-04,GoC_2Y,3.34
2005-10-05,GoC_2Y,3.33
2005-10-06,GoC_2Y,3.32
2005-10-07,GoC_2Y,3.35
2005-10-11,GoC_2Y,3.39
2005-10-12,GoC_2Y,3.41
2005-10-13,GoC_2Y,3.41
2005-10-14,GoC_2Y,3.42
2005-10-17,GoC_2Y,3.45
2005-10-18,GoC_2Y,3.48
2005-10-19,GoC_2Y,3.51
2005-10-20,GoC_2Y,3.48
2005-10-21,GoC_2Y,3.48
2005-10-24,GoC_2Y,3.5
2005-10-25,GoC_2Y,3.57
2005-10-26,GoC_2Y,3.6
2005-10-27,GoC_2Y,3.58
2005-10-28,GoC_2Y,3.61
2005-10-31,GoC_2Y,3.64
2005-11-01,GoC_2Y,3.65
2005-11-02,GoC_2Y,3.65
2005-11-03,GoC_2Y,3.66
2005-11-04,GoC_2Y,3.7
2005-11-07,GoC_2Y,3.69
2005-11-08,GoC_2Y,3.67
2005-11-09,GoC_2Y,3.71
2005-11-10,GoC_2Y,3.71
2005-11-14,GoC_2Y,3.77
2005-11-15,GoC_2Y,3.76
2005-11-16,GoC_2Y,3.71
2005-11-17,GoC_2Y,3.71
2005-11-18,GoC_2Y,3.75
2005-11-21,GoC_2Y,3.76
2005-11-22,GoC_2Y,3.67
2005-11-23,GoC_2Y,3.68
2005-11-24,GoC_2Y,3.69
2005-11-25,GoC_2Y,3.69
2005-11-28,GoC_2Y,3.69
2005-11-29,GoC_2Y,3.73
2005-11-30,GoC_2Y,3.77
2005-12-01,GoC_2Y,3.76
2005-12-02,GoC_2Y,3.79
2005-12-05,GoC_2Y,3.81
2005-12-06,GoC_2Y,3.76
2005-12-07,GoC_2Y,3.77
2005-12-08,GoC_2Y,3.76
2005-12-09,GoC_2Y,3.81
2005-12-12,GoC_2Y,3.85
2005-12-13,GoC_2Y,3.85
2005-12-14,GoC_2Y,3.83
2005-12-15,GoC_2Y,3.84
2005-12-16,GoC_2Y,3.81
2005-12-19,GoC_2Y,3.8
2005-12-20,GoC_2Y,3.81
2005-12-21,GoC_2Y,3.82
2005-12-22,GoC_2Y,3.83
2005-12-23,GoC_2Y,3.83
2005-12-28,GoC_2Y,3.8
2005-12-29,GoC_2Y,3.82
2005-12-30,GoC_2Y,3.85
2006-01-03,GoC_2Y,3.81
2006-01-04,GoC_2Y,3.71
2006-01-05,GoC_2Y,3.69
2006-01-06,GoC_2Y,3.73
2006-01-09,GoC_2Y,3.74
2006-01-10,GoC_2Y,3.78
2006-01-11,GoC_2Y,3.82
2006-01-12,GoC_2Y,3.81
2006-01-13,GoC_2Y,3.79
2006-01-16,GoC_2Y,3.79
2006-01-17,GoC_2Y,3.76
2006-01-18,GoC_2Y,3.75
2006-01-19,GoC_2Y,3.8
2006-01-20,GoC_2Y,3.79
2006-01-23,GoC_2Y,3.82
2006-01-24,GoC_2Y,3.78
2006-01-25,GoC_2Y,3.83
2006-01-26,GoC_2Y,3.85
2006-01-27,GoC_2Y,3.86
2006-01-30,GoC_2Y,3.87
2006-01-31,GoC_2Y,3.86
2006-02-01,GoC_2Y,3.89
2006-02-02,GoC_2Y,3.92
2006-02-03,GoC_2Y,3.93
2006-02-06,GoC_2Y,3.98
2006-02-07,GoC_2Y,3.98
2006-02-08,GoC_2Y,3.99
2006-02-09,GoC_2Y,3.99
2006-02-10,GoC_2Y,3.98
2006-02-13,GoC_2Y,3.95
2006-02-14,GoC_2Y,3.96
2006-02-15,GoC_2Y,3.95
2006-02-16,GoC_2Y,3.93
2006-02-17,GoC_2Y,3.9
2006-02-20,GoC_2Y,3.9
2006-02-21,GoC_2Y,3.93
2006-02-22,GoC_2Y,3.91
2006-02-23,GoC_2Y,3.96
2006-02-24,GoC_2Y,3.98
2006-02-27,GoC_2Y,3.98
2006-02-28,GoC_2Y,3.95
2006-03-01,GoC_2Y,3.95
2006-03-02,GoC_2Y,3.94
2006-03-03,GoC_2Y,3.98
2006-03-06,GoC_2Y,3.99
2006-03-07,GoC_2Y,3.93
2006-03-08,GoC_2Y,3.89
2006-03-09,GoC_2Y,3.93
2006-03-10,GoC_2Y,3.96
2006-03-13,GoC_2Y,3.96
2006-03-14,GoC_2Y,3.91
2006-03-15,GoC_2Y,3.91
2006-03-16,GoC_2Y,3.85
2006-03-17,GoC_2Y,3.89
2006-03-20,GoC_2Y,3.9
2006-03-21,GoC_2Y,3.95
2006-03-22,GoC_2Y,3.95
2006-03-23,GoC_2Y,3.98
2006-03-24,GoC_2Y,3.91
2006-03-27,GoC_2Y,3.92
2006-03-28,GoC_2Y,3.96
2006-03-29,GoC_2Y,3.98
2006-03-30,GoC_2Y,3.99
2006-03-31,GoC_2Y,3.99
2006-04-03,GoC_2Y,4.02
2006-04-04,GoC_2Y,4.04
2006-04-05,GoC_2Y,4.03
2006-04-06,GoC_2Y,4.05
2006-04-07,GoC_2Y,4.12
2006-04-10,GoC_2Y,4.14
2006-04-11,GoC_2Y,4.12
2006-04-12,GoC_2Y,4.11
2006-04-13,GoC_2Y,4.12
2006-04-17,GoC_2Y,4.07
2006-04-18,GoC_2Y,4.04
2006-04-19,GoC_2Y,4.07
2006-04-20,GoC_2Y,4.1
2006-04-21,GoC_2Y,4.07
2006-04-24,GoC_2Y,4.07
2006-04-25,GoC_2Y,4.16
2006-04-26,GoC_2Y,4.19
2006-04-27,GoC_2Y,4.14
2006-04-28,GoC_2Y,4.13
2006-05-01,GoC_2Y,4.17
2006-05-02,GoC_2Y,4.16
2006-05-03,GoC_2Y,4.18
2006-05-04,GoC_2Y,4.15
2006-05-05,GoC_2Y,4.14
2006-05-08,GoC_2Y,4.12
2006-05-09,GoC_2Y,4.1
2006-05-10,GoC_2Y,4.12
2006-05-11,GoC_2Y,4.08
2006-05-12,GoC_2Y,4.07
2006-05-15,GoC_2Y,4.06
2006-05-16,GoC_2Y,4.05
2006-05-17,GoC_2Y,4.08
2006-05-18,GoC_2Y,4.02
2006-05-19,GoC_2Y,4.08
2006-05-23,GoC_2Y,4.06
2006-05-24,GoC_2Y,4.09
2006-05-25,GoC_2Y,4.08
2006-05-26,GoC_2Y,4.09
2006-05-29,GoC_2Y,4.11
2006-05-30,GoC_2Y,4.13
2006-05-31,GoC_2Y,4.18
2006-06-01,GoC_2Y,4.15
2006-06-02,GoC_2Y,4.09
2006-06-05,GoC_2Y,4.11
2006-06-06,GoC_2Y,4.11
2006-06-07,GoC_2Y,4.13
2006-06-08,GoC_2Y,4.13
2006-06-09,GoC_2Y,4.23
2006-06-12,GoC_2Y,4.23
2006-06-13,GoC_2Y,4.2
2006-06-14,GoC_2Y,4.22
2006-06-15,GoC_2Y,4.24
2006-06-16,GoC_2Y,4.24
2006-06-19,GoC_2Y,4.25
2006-06-20,GoC_2Y,4.35
2006-06-21,GoC_2Y,4.36
2006-06-22,GoC_2Y,4.37
2006-06-23,GoC_2Y,4.41
2006-06-26,GoC_2Y,4.43
2006-06-27,GoC_2Y,4.43
2006-06-28,GoC_2Y,4.45
2006-06-29,GoC_2Y,4.38
2006-06-30,GoC_2Y,4.4
2006-07-04,GoC_2Y,4.42
2006-07-05,GoC_2Y,4.43
2006-07-06,GoC_2Y,4.42
2006-07-07,GoC_2Y,4.31
2006-07-10,GoC_2Y,4.29
2006-07-11,GoC_2Y,4.24
2006-07-12,GoC_2Y,4.23
2006-07-13,GoC_2Y,4.22
2006-07-14,GoC_2Y,4.21
2006-07-17,GoC_2Y,4.22
2006-07-18,GoC_2Y,4.26
2006-07-19,GoC_2Y,4.21
2006-07-20,GoC_2Y,4.21
2006-07-21,GoC_2Y,4.16
2006-07-24,GoC_2Y,4.13
2006-07-25,GoC_2Y,4.16
2006-07-26,GoC_2Y,4.15
2006-07-27,GoC_2Y,4.15
2006-07-28,GoC_2Y,4.15
2006-07-31,GoC_2Y,4.12
2006-08-01,GoC_2Y,4.11
2006-08-02,GoC_2Y,4.13
2006-08-03,GoC_2Y,4.16
2006-08-04,GoC_2Y,4.13
2006-08-08,GoC_2Y,4.12
2006-08-09,GoC_2Y,4.13
2006-08-10,GoC_2Y,4.14
2006-08-11,GoC_2Y,4.16
2006-08-14,GoC_2Y,4.19
2006-08-15,GoC_2Y,4.15
2006-08-16,GoC_2Y,4.11
2006-08-17,GoC_2Y,4.1
2006-08-18,GoC_2Y,4.07
2006-08-21,GoC_2Y,4.06
2006-08-22,GoC_2Y,4.06
2006-08-23,GoC_2Y,4.06
2006-08-24,GoC_2Y,4.06
2006-08-25,GoC_2Y,4.05
2006-08-28,GoC_2Y,4.05
2006-08-29,GoC_2Y,4.05
2006-08-30,GoC_2Y,4.02
2006-08-31,GoC_2Y,3.97
2006-09-01,GoC_2Y,3.94
2006-09-05,GoC_2Y,3.97
2006-09-06,GoC_2Y,3.98
2006-09-07,GoC_2Y,3.98
2006-09-08,GoC_2Y,3.94
2006-09-11,GoC_2Y,3.97
2006-09-12,GoC_2Y,3.97
2006-09-13,GoC_2Y,3.98
2006-09-14,GoC_2Y,4.0
2006-09-15,GoC_2Y,3.99
2006-09-18,GoC_2Y,4.0
2006-09-19,GoC_2Y,3.96
2006-09-20,GoC_2Y,3.97
2006-09-21,GoC_2Y,3.92
2006-09-22,GoC_2Y,3.89
2006-09-25,GoC_2Y,3.84
2006-09-26,GoC_2Y,3.88
2006-09-27,GoC_2Y,3.89
2006-09-28,GoC_2Y,3.9
2006-09-29,GoC_2Y,3.91
2006-10-02,GoC_2Y,3.89
2006-10-03,GoC_2Y,3.9
2006-10-04,GoC_2Y,3.88
2006-10-05,GoC_2Y,3.92
2006-10-06,GoC_2Y,3.99
2006-10-10,GoC_2Y,4.01
2006-10-11,GoC_2Y,4.06
2006-10-12,GoC_2Y,4.04
2006-10-13,GoC_2Y,4.05
2006-10-16,GoC_2Y,4.03
2006-10-17,GoC_2Y,4.05
2006-10-18,GoC_2Y,4.04
2006-10-19,GoC_2Y,4.06
2006-10-20,GoC_2Y,4.08
2006-10-23,GoC_2Y,4.11
2006-10-24,GoC_2Y,4.11
2006-10-25,GoC_2Y,4.08
2006-10-26,GoC_2Y,4.03
2006-10-27,GoC_2Y,4.01
2006-10-30,GoC_2Y,4.0
2006-10-31,GoC_2Y,3.97
2006-11-01,GoC_2Y,3.91
2006-11-02,GoC_2Y,3.93
2006-11-03,GoC_2Y,4.03
2006-11-06,GoC_2Y,4.03
2006-11-07,GoC_2Y,3.98
2006-11-08,GoC_2Y,3.97
2006-11-09,GoC_2Y,3.96
2006-11-10,GoC_2Y,3.94
2006-11-14,GoC_2Y,3.95
2006-11-15,GoC_2Y,3.97
2006-11-16,GoC_2Y,3.98
2006-11-17,GoC_2Y,3.94
2006-11-20,GoC_2Y,3.92
2006-11-21,GoC_2Y,3.93
2006-11-22,GoC_2Y,3.93
2006-11-23,GoC_2Y,3.94
2006-11-24,GoC_2Y,3.93
2006-11-27,GoC_2Y,3.91
2006-11-28,GoC_2Y,3.89
2006-11-29,GoC_2Y,3.9
2006-11-30,GoC_2Y,3.87
2006-12-01,GoC_2Y,3.79
2006-12-04,GoC_2Y,3.79
2006-12-05,GoC_2Y,3.8
2006-12-06,GoC_2Y,3.83
2006-12-07,GoC_2Y,3.82
2006-12-08,GoC_2Y,3.88
2006-12-11,GoC_2Y,3.88
2006-12-12,GoC_2Y,3.86
2006-12-13,GoC_2Y,3.92
2006-12-14,GoC_2Y,3.95
2006-12-15,GoC_2Y,3.95
2006-12-18,GoC_2Y,3.97
2006-12-19,GoC_2Y,3.97
2006-12-20,GoC_2Y,3.97
2006-12-21,GoC_2Y,3.92
2006-12-22,GoC_2Y,3.95
2006-12-27,GoC_2Y,3.98
2006-12-28,GoC_2Y,4.02
2006-12-29,GoC_2Y,4.02
2007-01-02,GoC_2Y,3.99
2007-01-03,GoC_2Y,3.97
2007-01-04,GoC_2Y,3.92
2007-01-05,GoC_2Y,3.98
2007-01-08,GoC_2Y,4.0
2007-01-09,GoC_2Y,4.0
2007-01-10,GoC_2Y,4.01
2007-01-11,GoC_2Y,4.05
2007-01-12,GoC_2Y,4.06
2007-01-15,GoC_2Y,4.06
2007-01-16,GoC_2Y,4.06
2007-01-17,GoC_2Y,4.08
2007-01-18,GoC_2Y,4.07
2007-01-19,GoC_2Y,4.08
2007-01-22,GoC_2Y,4.07
2007-01-23,GoC_2Y,4.08
2007-01-24,GoC_2Y,4.08
2007-01-25,GoC_2Y,4.12
2007-01-26,GoC_2Y,4.13
2007-01-29,GoC_2Y,4.14
2007-01-30,GoC_2Y,4.13
2007-01-31,GoC_2Y,4.1
2007-02-01,GoC_2Y,4.13
2007-02-02,GoC_2Y,4.11
2007-02-05,GoC_2Y,4.1
2007-02-06,GoC_2Y,4.08
2007-02-07,GoC_2Y,4.06
2007-02-08,GoC_2Y,4.05
2007-02-09,GoC_2Y,4.11
2007-02-12,GoC_2Y,4.14
2007-02-13,GoC_2Y,4.15
2007-02-14,GoC_2Y,4.09
2007-02-15,GoC_2Y,4.07
2007-02-16,GoC_2Y,4.07
2007-02-19,GoC_2Y,4.06
2007-02-20,GoC_2Y,4.06
2007-02-21,GoC_2Y,4.08
2007-02-22,GoC_2Y,4.11
2007-02-23,GoC_2Y,4.08
2007-02-26,GoC_2Y,4.05
2007-02-27,GoC_2Y,3.93
2007-02-28,GoC_2Y,3.97
2007-03-01,GoC_2Y,3.96
2007-03-02,GoC_2Y,3.91
2007-03-05,GoC_2Y,3.89
2007-03-06,GoC_2Y,3.92
2007-03-07,GoC_2Y,3.87
2007-03-08,GoC_2Y,3.9
2007-03-09,GoC_2Y,3.98
2007-03-12,GoC_2Y,3.96
2007-03-13,GoC_2Y,3.9
2007-03-14,GoC_2Y,3.92
2007-03-15,GoC_2Y,3.92
2007-03-16,GoC_2Y,3.94
2007-03-19,GoC_2Y,3.97
2007-03-20,GoC_2Y,4.02
2007-03-21,GoC_2Y,3.99
2007-03-22,GoC_2Y,4.02
2007-03-23,GoC_2Y,3.97
2007-03-26,GoC_2Y,3.97
2007-03-27,GoC_2Y,3.97
2007-03-28,GoC_2Y,3.96
2007-03-29,GoC_2Y,3.98
2007-03-30,GoC_2Y,3.98
2007-04-02,GoC_2Y,3.98
2007-04-03,GoC_2Y,4.0
2007-04-04,GoC_2Y,3.98
2007-04-05,GoC_2Y,4.02
2007-04-09,GoC_2Y,4.09
2007-04-10,GoC_2Y,4.08
2007-04-11,GoC_2Y,4.1
2007-04-12,GoC_2Y,4.1
2007-04-13,GoC_2Y,4.13
2007-04-16,GoC_2Y,4.13
2007-04-17,GoC_2Y,4.11
2007-04-18,GoC_2Y,4.12
2007-04-19,GoC_2Y,4.12
2007-04-20,GoC_2Y,4.17
2007-04-23,GoC_2Y,4.15
2007-04-24,GoC_2Y,4.12
2007-04-25,GoC_2Y,4.13
2007-04-26,GoC_2Y,4.14
2007-04-27,GoC_2Y,4.16
2007-04-30,GoC_2Y,4.13
2007-05-01,GoC_2Y,4.15
2007-05-02,GoC_2Y,4.18
2007-05-03,GoC_2Y,4.23
2007-05-04,GoC_2Y,4.21
2007-05-07,GoC_2Y,4.2
2007-05-08,GoC_2Y,4.2
2007-05-09,GoC_2Y,4.22
2007-05-10,GoC_2Y,4.21
2007-05-11,GoC_2Y,4.19
2007-05-14,GoC_2Y,4.23
2007-05-15,GoC_2Y,4.23
2007-05-16,GoC_2Y,4.23
2007-05-17,GoC_2Y,4.35
2007-05-18,GoC_2Y,4.38
2007-05-22,GoC_2Y,4.41
2007-05-23,GoC_2Y,4.42
2007-05-24,GoC_2Y,4.42
2007-05-25,GoC_2Y,4.42
2007-05-28,GoC_2Y,4.44
2007-05-29,GoC_2Y,4.58
2007-05-30,GoC_2Y,4.56
2007-05-31,GoC_2Y,4.57
2007-06-01,GoC_2Y,4.6
2007-06-04,GoC_2Y,4.58
2007-06-05,GoC_2Y,4.62
2007-06-06,GoC_2Y,4.62
2007-06-07,GoC_2Y,4.67
2007-06-08,GoC_2Y,4.67
2007-06-11,GoC_2Y,4.69
2007-06-12,GoC_2Y,4.74
2007-06-13,GoC_2Y,4.73
2007-06-14,GoC_2Y,4.72
2007-06-15,GoC_2Y,4.66
2007-06-18,GoC_2Y,4.7
2007-06-19,GoC_2Y,4.66
2007-06-20,GoC_2Y,4.68
2007-06-21,GoC_2Y,4.68
2007-06-22,GoC_2Y,4.66
2007-06-25,GoC_2Y,4.64
2007-06-26,GoC_2Y,4.64
2007-06-27,GoC_2Y,4.64
2007-06-28,GoC_2Y,4.64
2007-06-29,GoC_2Y,4.58
2007-07-03,GoC_2Y,4.59
2007-07-04,GoC_2Y,4.62
2007-07-05,GoC_2Y,4.67
2007-07-06,GoC_2Y,4.72
2007-07-09,GoC_2Y,4.7
2007-07-10,GoC_2Y,4.6
2007-07-11,GoC_2Y,4.63
2007-07-12,GoC_2Y,4.67
2007-07-13,GoC_2Y,4.67
2007-07-16,GoC_2Y,4.65
2007-07-17,GoC_2Y,4.69
2007-07-18,GoC_2Y,4.65
2007-07-19,GoC_2Y,4.65
2007-07-20,GoC_2Y,4.61
2007-07-23,GoC_2Y,4.64
2007-07-24,GoC_2Y,4.68
2007-07-25,GoC_2Y,4.69
2007-07-26,GoC_2Y,4.61
2007-07-27,GoC_2Y,4.57
2007-07-30,GoC_2Y,4.62
2007-07-31,GoC_2Y,4.61
2007-08-01,GoC_2Y,4.64
2007-08-02,GoC_2Y,4.64
2007-08-03,GoC_2Y,4.61
2007-08-07,GoC_2Y,4.61
2007-08-08,GoC_2Y,4.67
2007-08-09,GoC_2Y,4.53
2007-08-10,GoC_2Y,4.53
2007-08-13,GoC_2Y,4.41
2007-08-14,GoC_2Y,4.3
2007-08-15,GoC_2Y,4.3
2007-08-16,GoC_2Y,4.26
2007-08-17,GoC_2Y,4.18
2007-08-20,GoC_2Y,4.09
2007-08-21,GoC_2Y,4.04
2007-08-22,GoC_2Y,4.2
2007-08-23,GoC_2Y,4.21
2007-08-24,GoC_2Y,4.26
2007-08-27,GoC_2Y,4.19
2007-08-28,GoC_2Y,4.12
2007-08-29,GoC_2Y,4.23
2007-08-30,GoC_2Y,4.21
2007-08-31,GoC_2Y,4.35
2007-09-04,GoC_2Y,4.34
2007-09-05,GoC_2Y,4.21
2007-09-06,GoC_2Y,4.25
2007-09-07,GoC_2Y,4.14
2007-09-10,GoC_2Y,4.14
2007-09-11,GoC_2Y,4.21
2007-09-12,GoC_2Y,4.22
2007-09-13,GoC_2Y,4.25
2007-09-14,GoC_2Y,4.25
2007-09-17,GoC_2Y,4.27
2007-09-18,GoC_2Y,4.19
2007-09-19,GoC_2Y,4.25
2007-09-20,GoC_2Y,4.33
2007-09-21,GoC_2Y,4.14
2007-09-24,GoC_2Y,4.15
2007-09-25,GoC_2Y,4.14
2007-09-26,GoC_2Y,4.16
2007-09-27,GoC_2Y,4.15
2007-09-28,GoC_2Y,4.07
2007-10-01,GoC_2Y,4.07
2007-10-02,GoC_2Y,4.1
2007-10-03,GoC_2Y,4.14
2007-10-04,GoC_2Y,4.13
2007-10-05,GoC_2Y,4.3
2007-10-09,GoC_2Y,4.39
2007-10-10,GoC_2Y,4.36
2007-10-11,GoC_2Y,4.31
2007-10-12,GoC_2Y,4.36
2007-10-15,GoC_2Y,4.36
2007-10-16,GoC_2Y,4.31
2007-10-17,GoC_2Y,4.28
2007-10-18,GoC_2Y,4.22
2007-10-19,GoC_2Y,4.13
2007-10-22,GoC_2Y,4.17
2007-10-23,GoC_2Y,4.16
2007-10-24,GoC_2Y,4.12
2007-10-25,GoC_2Y,4.15
2007-10-26,GoC_2Y,4.13
2007-10-29,GoC_2Y,4.1
2007-10-30,GoC_2Y,4.08
2007-10-31,GoC_2Y,4.17
2007-11-01,GoC_2Y,4.07
2007-11-02,GoC_2Y,4.11
2007-11-05,GoC_2Y,4.1
2007-11-06,GoC_2Y,4.1
2007-11-07,GoC_2Y,3.98
2007-11-08,GoC_2Y,3.95
2007-11-09,GoC_2Y,3.91
2007-11-13,GoC_2Y,3.96
2007-11-14,GoC_2Y,3.92
2007-11-15,GoC_2Y,3.82
2007-11-16,GoC_2Y,3.83
2007-11-19,GoC_2Y,3.62
2007-11-20,GoC_2Y,3.65
2007-11-21,GoC_2Y,3.55
2007-11-22,GoC_2Y,3.54
2007-11-23,GoC_2Y,3.58
2007-11-26,GoC_2Y,3.48
2007-11-27,GoC_2Y,3.65
2007-11-28,GoC_2Y,3.76
2007-11-29,GoC_2Y,3.65
2007-11-30,GoC_2Y,3.65
2007-12-03,GoC_2Y,3.55
2007-12-04,GoC_2Y,3.48
2007-12-05,GoC_2Y,3.55
2007-12-06,GoC_2Y,3.61
2007-12-07,GoC_2Y,3.7
2007-12-10,GoC_2Y,3.75
2007-12-11,GoC_2Y,3.62
2007-12-12,GoC_2Y,3.78
2007-12-13,GoC_2Y,3.92
2007-12-14,GoC_2Y,3.94
2007-12-17,GoC_2Y,3.87
2007-12-18,GoC_2Y,3.82
2007-12-19,GoC_2Y,3.76
2007-12-20,GoC_2Y,3.77
2007-12-21,GoC_2Y,3.85
2007-12-24,GoC_2Y,3.87
2007-12-27,GoC_2Y,3.85
2007-12-28,GoC_2Y,3.77
2007-12-31,GoC_2Y,3.74
2008-01-02,GoC_2Y,3.61
2008-01-03,GoC_2Y,3.61
2008-01-04,GoC_2Y,3.55
2008-01-07,GoC_2Y,3.54
2008-01-08,GoC_2Y,3.47
2008-01-09,GoC_2Y,3.48
2008-01-10,GoC_2Y,3.4
2008-01-11,GoC_2Y,3.23
2008-01-14,GoC_2Y,3.25
2008-01-15,GoC_2Y,3.23
2008-01-16,GoC_2Y,3.28
2008-01-17,GoC_2Y,3.23
2008-01-18,GoC_2Y,3.23
2008-01-21,GoC_2Y,3.07
2008-01-22,GoC_2Y,3.08
2008-01-23,GoC_2Y,3.19
2008-01-24,GoC_2Y,3.3
2008-01-25,GoC_2Y,3.22
2008-01-28,GoC_2Y,3.2
2008-01-29,GoC_2Y,3.29
2008-01-30,GoC_2Y,3.17
2008-01-31,GoC_2Y,3.17
2008-02-01,GoC_2Y,3.13
2008-02-04,GoC_2Y,3.15
2008-02-05,GoC_2Y,3.03
2008-02-06,GoC_2Y,3.04
2008-02-07,GoC_2Y,3.08
2008-02-08,GoC_2Y,3.06
2008-02-11,GoC_2Y,3.04
2008-02-12,GoC_2Y,3.09
2008-02-13,GoC_2Y,3.08
2008-02-14,GoC_2Y,3.04
2008-02-15,GoC_2Y,2.99
2008-02-19,GoC_2Y,3.11
2008-02-20,GoC_2Y,3.15
2008-02-21,GoC_2Y,3.1
2008-02-22,GoC_2Y,3.14
2008-02-25,GoC_2Y,3.18
2008-02-26,GoC_2Y,3.08
2008-02-27,GoC_2Y,3.05
2008-02-28,GoC_2Y,2.92
2008-02-29,GoC_2Y,2.77
2008-03-03,GoC_2Y,2.71
2008-03-04,GoC_2Y,2.68
2008-03-05,GoC_2Y,2.65
2008-03-06,GoC_2Y,2.52
2008-03-07,GoC_2Y,2.56
2008-03-10,GoC_2Y,2.54
2008-03-11,GoC_2Y,2.66
2008-03-12,GoC_2Y,2.61
2008-03-13,GoC_2Y,2.54
2008-03-14,GoC_2Y,2.43
2008-03-17,GoC_2Y,2.3
2008-03-18,GoC_2Y,2.49
2008-03-19,GoC_2Y,2.52
2008-03-20,GoC_2Y,2.56
2008-03-24,GoC_2Y,2.73
2008-03-25,GoC_2Y,2.7
2008-03-26,GoC_2Y,2.6
2008-03-27,GoC_2Y,2.57
2008-03-28,GoC_2Y,2.58
2008-03-31,GoC_2Y,2.62
2008-04-01,GoC_2Y,2.77
2008-04-02,GoC_2Y,2.9
2008-04-03,GoC_2Y,2.82
2008-04-04,GoC_2Y,2.75
2008-04-07,GoC_2Y,2.8
2008-04-08,GoC_2Y,2.77
2008-04-09,GoC_2Y,2.69
2008-04-10,GoC_2Y,2.74
2008-04-11,GoC_2Y,2.67
2008-04-14,GoC_2Y,2.65
2008-04-15,GoC_2Y,2.71
2008-04-16,GoC_2Y,2.77
2008-04-17,GoC_2Y,2.83
2008-04-18,GoC_2Y,2.85
2008-04-21,GoC_2Y,2.84
2008-04-22,GoC_2Y,2.8
2008-04-23,GoC_2Y,2.78
2008-04-24,GoC_2Y,2.87
2008-04-25,GoC_2Y,2.92
2008-04-28,GoC_2Y,2.87
2008-04-29,GoC_2Y,2.86
2008-04-30,GoC_2Y,2.73
2008-05-01,GoC_2Y,2.73
2008-05-02,GoC_2Y,2.78
2008-05-05,GoC_2Y,2.78
2008-05-06,GoC_2Y,2.81
2008-05-07,GoC_2Y,2.8
2008-05-08,GoC_2Y,2.76
2008-05-09,GoC_2Y,2.72
2008-05-12,GoC_2Y,2.73
2008-05-13,GoC_2Y,2.81
2008-05-14,GoC_2Y,2.83
2008-05-15,GoC_2Y,2.77
2008-05-16,GoC_2Y,2.8
2008-05-20,GoC_2Y,2.77
2008-05-21,GoC_2Y,2.9
2008-05-22,GoC_2Y,3.01
2008-05-23,GoC_2Y,2.99
2008-05-26,GoC_2Y,3.02
2008-05-27,GoC_2Y,3.06
2008-05-28,GoC_2Y,3.09
2008-05-29,GoC_2Y,3.1
2008-05-30,GoC_2Y,3.01
2008-06-02,GoC_2Y,2.9
2008-06-03,GoC_2Y,2.83
2008-06-04,GoC_2Y,2.85
2008-06-05,GoC_2Y,2.88
2008-06-06,GoC_2Y,2.87
2008-06-09,GoC_2Y,3.07
2008-06-10,GoC_2Y,3.39
2008-06-11,GoC_2Y,3.28
2008-06-12,GoC_2Y,3.4
2008-06-13,GoC_2Y,3.39
2008-06-16,GoC_2Y,3.36
2008-06-17,GoC_2Y,3.27
2008-06-18,GoC_2Y,3.25
2008-06-19,GoC_2Y,3.35
2008-06-20,GoC_2Y,3.3
2008-06-23,GoC_2Y,3.33
2008-06-24,GoC_2Y,3.24
2008-06-25,GoC_2Y,3.23
2008-06-26,GoC_2Y,3.15
2008-06-27,GoC_2Y,3.17
2008-06-30,GoC_2Y,3.24
2008-07-02,GoC_2Y,3.22
2008-07-03,GoC_2Y,3.21
2008-07-04,GoC_2Y,3.18
2008-07-07,GoC_2Y,3.15
2008-07-08,GoC_2Y,3.2
2008-07-09,GoC_2Y,3.18
2008-07-10,GoC_2Y,3.15
2008-07-11,GoC_2Y,3.18
2008-07-14,GoC_2Y,3.12
2008-07-15,GoC_2Y,3.06
2008-07-16,GoC_2Y,3.07
2008-07-17,GoC_2Y,3.11
2008-07-18,GoC_2Y,3.18
2008-07-21,GoC_2Y,3.16
2008-07-22,GoC_2Y,3.21
2008-07-23,GoC_2Y,3.22
2008-07-24,GoC_2Y,3.12
2008-07-25,GoC_2Y,3.14
2008-07-28,GoC_2Y,3.06
2008-07-29,GoC_2Y,3.05
2008-07-30,GoC_2Y,3.05
2008-07-31,GoC_2Y,2.94
2008-08-01,GoC_2Y,2.88
2008-08-05,GoC_2Y,2.89
2008-08-06,GoC_2Y,2.85
2008-08-07,GoC_2Y,2.77
2008-08-08,GoC_2Y,2.71
2008-08-11,GoC_2Y,2.74
2008-08-12,GoC_2Y,2.72
2008-08-13,GoC_2Y,2.76
2008-08-14,GoC_2Y,2.77
2008-08-15,GoC_2Y,2.76
2008-08-18,GoC_2Y,2.73
2008-08-19,GoC_2Y,2.74
2008-08-20,GoC_2Y,2.8
2008-08-21,GoC_2Y,2.86
2008-08-22,GoC_2Y,2.93
2008-08-25,GoC_2Y,2.87
2008-08-26,GoC_2Y,2.83
2008-08-27,GoC_2Y,2.75
2008-08-28,GoC_2Y,2.74
2008-08-29,GoC_2Y,2.71
2008-09-02,GoC_2Y,2.67
2008-09-03,GoC_2Y,2.71
2008-09-04,GoC_2Y,2.68
2008-09-05,GoC_2Y,2.73
2008-09-08,GoC_2Y,2.74
2008-09-09,GoC_2Y,2.69
2008-09-10,GoC_2Y,2.71
2008-09-11,GoC_2Y,2.73
2008-09-12,GoC_2Y,2.78
2008-09-15,GoC_2Y,2.44
2008-09-16,GoC_2Y,2.57
2008-09-17,GoC_2Y,2.56
2008-09-18,GoC_2Y,2.59
2008-09-19,GoC_2Y,2.88
2008-09-22,GoC_2Y,2.84
2008-09-23,GoC_2Y,2.87
2008-09-24,GoC_2Y,2.85
2008-09-25,GoC_2Y,2.89
2008-09-26,GoC_2Y,2.83
2008-09-29,GoC_2Y,2.54
2008-09-30,GoC_2Y,2.78
2008-10-01,GoC_2Y,2.7
2008-10-02,GoC_2Y,2.59
2008-10-03,GoC_2Y,2.51
2008-10-06,GoC_2Y,2.25
2008-10-07,GoC_2Y,2.27
2008-10-08,GoC_2Y,2.16
2008-10-09,GoC_2Y,2.11
2008-10-10,GoC_2Y,2.21
2008-10-14,GoC_2Y,2.34
2008-10-15,GoC_2Y,2.26
2008-10-16,GoC_2Y,2.3
2008-10-17,GoC_2Y,2.27
2008-10-20,GoC_2Y,2.2
2008-10-21,GoC_2Y,2.16
2008-10-22,GoC_2Y,2.09
2008-10-23,GoC_2Y,2.12
2008-10-24,GoC_2Y,2.09
2008-10-27,GoC_2Y,2.06
2008-10-28,GoC_2Y,2.09
2008-10-29,GoC_2Y,2.07
2008-10-30,GoC_2Y,2.02
2008-10-31,GoC_2Y,2.01
2008-11-03,GoC_2Y,2.01
2008-11-04,GoC_2Y,1.97
2008-11-05,GoC_2Y,1.97
2008-11-06,GoC_2Y,1.89
2008-11-07,GoC_2Y,1.9
2008-11-10,GoC_2Y,1.92
2008-11-12,GoC_2Y,1.84
2008-11-13,GoC_2Y,1.92
2008-11-14,GoC_2Y,1.9
2008-11-17,GoC_2Y,1.89
2008-11-18,GoC_2Y,1.92
2008-11-19,GoC_2Y,1.91
2008-11-20,GoC_2Y,1.77
2008-11-21,GoC_2Y,1.8
2008-11-24,GoC_2Y,1.82
2008-11-25,GoC_2Y,1.77
2008-11-26,GoC_2Y,1.73
2008-11-27,GoC_2Y,1.72
2008-11-28,GoC_2Y,1.7
2008-12-01,GoC_2Y,1.58
2008-12-02,GoC_2Y,1.58
2008-12-03,GoC_2Y,1.6
2008-12-04,GoC_2Y,1.52
2008-12-05,GoC_2Y,1.57
2008-12-08,GoC_2Y,1.58
2008-12-09,GoC_2Y,1.54
2008-12-10,GoC_2Y,1.53
2008-12-11,GoC_2Y,1.5
2008-12-12,GoC_2Y,1.48
2008-12-15,GoC_2Y,1.46
2008-12-16,GoC_2Y,1.28
2008-12-17,GoC_2Y,1.28
2008-12-18,GoC_2Y,1.19
2008-12-19,GoC_2Y,1.26
2008-12-22,GoC_2Y,1.25
2008-12-23,GoC_2Y,1.21
2008-12-24,GoC_2Y,1.2
2008-12-29,GoC_2Y,1.1
2008-12-30,GoC_2Y,1.08
2008-12-31,GoC_2Y,1.09
2009-01-02,GoC_2Y,1.15
2009-01-05,GoC_2Y,1.16
2009-01-06,GoC_2Y,1.15
2009-01-07,GoC_2Y,1.14
2009-01-08,GoC_2Y,1.14
2009-01-09,GoC_2Y,1.09
2009-01-12,GoC_2Y,1.03
2009-01-13,GoC_2Y,1.02
2009-01-14,GoC_2Y,0.92
2009-01-15,GoC_2Y,0.96
2009-01-16,GoC_2Y,0.95
2009-01-19,GoC_2Y,0.99
2009-01-20,GoC_2Y,1.04
2009-01-21,GoC_2Y,1.08
2009-01-22,GoC_2Y,1.15
2009-01-23,GoC_2Y,1.24
2009-01-26,GoC_2Y,1.31
2009-01-27,GoC_2Y,1.31
2009-01-28,GoC_2Y,1.37
2009-01-29,GoC_2Y,1.4
2009-01-30,GoC_2Y,1.41
2009-02-02,GoC_2Y,1.32
2009-02-03,GoC_2Y,1.33
2009-02-04,GoC_2Y,1.33
2009-02-05,GoC_2Y,1.23
2009-02-06,GoC_2Y,1.14
2009-02-09,GoC_2Y,1.18
2009-02-10,GoC_2Y,1.15
2009-02-11,GoC_2Y,1.16
2009-02-12,GoC_2Y,1.15
2009-02-13,GoC_2Y,1.2
2009-02-17,GoC_2Y,1.18
2009-02-18,GoC_2Y,1.25
2009-02-19,GoC_2Y,1.25
2009-02-20,GoC_2Y,1.22
2009-02-23,GoC_2Y,1.16
2009-02-24,GoC_2Y,1.19
2009-02-25,GoC_2Y,1.25
2009-02-26,GoC_2Y,1.21
2009-02-27,GoC_2Y,1.15
2009-03-02,GoC_2Y,1.04
2009-03-03,GoC_2Y,0.98
2009-03-04,GoC_2Y,0.97
2009-03-05,GoC_2Y,0.93
2009-03-06,GoC_2Y,0.96
2009-03-09,GoC_2Y,0.95
2009-03-10,GoC_2Y,0.98
2009-03-11,GoC_2Y,0.99
2009-03-12,GoC_2Y,0.99
2009-03-13,GoC_2Y,0.97
2009-03-16,GoC_2Y,0.99
2009-03-17,GoC_2Y,1.02
2009-03-18,GoC_2Y,0.95
2009-03-19,GoC_2Y,0.99
2009-03-20,GoC_2Y,1.02
2009-03-23,GoC_2Y,1.03
2009-03-24,GoC_2Y,1.09
2009-03-25,GoC_2Y,1.12
2009-03-26,GoC_2Y,1.17
2009-03-27,GoC_2Y,1.17
2009-03-30,GoC_2Y,1.11
2009-03-31,GoC_2Y,1.07
2009-04-01,GoC_2Y,1.08
2009-04-02,GoC_2Y,1.12
2009-04-03,GoC_2Y,1.14
2009-04-06,GoC_2Y,1.14
2009-04-07,GoC_2Y,1.12
2009-04-08,GoC_2Y,1.09
2009-04-09,GoC_2Y,1.12
2009-04-13,GoC_2Y,1.1
2009-04-14,GoC_2Y,1.09
2009-04-15,GoC_2Y,1.12
2009-04-16,GoC_2Y,1.12
2009-04-17,GoC_2Y,1.16
2009-04-20,GoC_2Y,1.1
2009-04-21,GoC_2Y,1.02
2009-04-22,GoC_2Y,1.0
2009-04-23,GoC_2Y,0.98
2009-04-24,GoC_2Y,0.98
2009-04-27,GoC_2Y,0.96
2009-04-28,GoC_2Y,0.98
2009-04-29,GoC_2Y,0.98
2009-04-30,GoC_2Y,0.98
2009-05-01,GoC_2Y,0.98
2009-05-04,GoC_2Y,1.02
2009-05-05,GoC_2Y,1.01
2009-05-06,GoC_2Y,1.03
2009-05-07,GoC_2Y,1.07
2009-05-08,GoC_2Y,1.12
2009-05-11,GoC_2Y,1.09
2009-05-12,GoC_2Y,1.12
2009-05-13,GoC_2Y,1.11
2009-05-14,GoC_2Y,1.1
2009-05-15,GoC_2Y,1.09
2009-05-19,GoC_2Y,1.1
2009-05-20,GoC_2Y,1.1
2009-05-21,GoC_2Y,1.14
2009-05-22,GoC_2Y,1.15
2009-05-25,GoC_2Y,1.15
2009-05-26,GoC_2Y,1.21
2009-05-27,GoC_2Y,1.27
2009-05-28,GoC_2Y,1.27
2009-05-29,GoC_2Y,1.23
2009-06-01,GoC_2Y,1.26
2009-06-02,GoC_2Y,1.23
2009-06-03,GoC_2Y,1.15
2009-06-04,GoC_2Y,1.16
2009-06-05,GoC_2Y,1.28
2009-06-08,GoC_2Y,1.4
2009-06-09,GoC_2Y,1.35
2009-06-10,GoC_2Y,1.43
2009-06-11,GoC_2Y,1.4
2009-06-12,GoC_2Y,1.4
2009-06-15,GoC_2Y,1.39
2009-06-16,GoC_2Y,1.36
2009-06-17,GoC_2Y,1.29
2009-06-18,GoC_2Y,1.33
2009-06-19,GoC_2Y,1.28
2009-06-22,GoC_2Y,1.23
2009-06-23,GoC_2Y,1.24
2009-06-24,GoC_2Y,1.27
2009-06-25,GoC_2Y,1.23
2009-06-26,GoC_2Y,1.2
2009-06-29,GoC_2Y,1.2
2009-06-30,GoC_2Y,1.2
2009-07-02,GoC_2Y,1.17
2009-07-03,GoC_2Y,1.16
2009-07-06,GoC_2Y,1.15
2009-07-07,GoC_2Y,1.16
2009-07-08,GoC_2Y,1.16
2009-07-09,GoC_2Y,1.17
2009-07-10,GoC_2Y,1.16
2009-07-13,GoC_2Y,1.18
2009-07-14,GoC_2Y,1.22
2009-07-15,GoC_2Y,1.23
2009-07-16,GoC_2Y,1.2
2009-07-17,GoC_2Y,1.21
2009-07-20,GoC_2Y,1.21
2009-07-21,GoC_2Y,1.19
2009-07-22,GoC_2Y,1.2
2009-07-23,GoC_2Y,1.31
2009-07-24,GoC_2Y,1.33
2009-07-27,GoC_2Y,1.35
2009-07-28,GoC_2Y,1.32
2009-07-29,GoC_2Y,1.45
2009-07-30,GoC_2Y,1.47
2009-07-31,GoC_2Y,1.41
2009-08-04,GoC_2Y,1.44
2009-08-05,GoC_2Y,1.47
2009-08-06,GoC_2Y,1.45
2009-08-07,GoC_2Y,1.47
2009-08-10,GoC_2Y,1.41
2009-08-11,GoC_2Y,1.35
2009-08-12,GoC_2Y,1.32
2009-08-13,GoC_2Y,1.33
2009-08-14,GoC_2Y,1.31
2009-08-17,GoC_2Y,1.28
2009-08-18,GoC_2Y,1.29
2009-08-19,GoC_2Y,1.27
2009-08-20,GoC_2Y,1.26
2009-08-21,GoC_2Y,1.35
2009-08-24,GoC_2Y,1.31
2009-08-25,GoC_2Y,1.29
2009-08-26,GoC_2Y,1.29
2009-08-27,GoC_2Y,1.28
2009-08-28,GoC_2Y,1.28
2009-08-31,GoC_2Y,1.28
2009-09-01,GoC_2Y,1.24
2009-09-02,GoC_2Y,1.24
2009-09-03,GoC_2Y,1.25
2009-09-04,GoC_2Y,1.28
2009-09-08,GoC_2Y,1.27
2009-09-09,GoC_2Y,1.24
2009-09-10,GoC_2Y,1.21
2009-09-11,GoC_2Y,1.2
2009-09-14,GoC_2Y,1.23
2009-09-15,GoC_2Y,1.24
2009-09-16,GoC_2Y,1.28
2009-09-17,GoC_2Y,1.26
2009-09-18,GoC_2Y,1.28
2009-09-21,GoC_2Y,1.28
2009-09-22,GoC_2Y,1.28
2009-09-23,GoC_2Y,1.27
2009-09-24,GoC_2Y,1.26
2009-09-25,GoC_2Y,1.27
2009-09-28,GoC_2Y,1.27
2009-09-29,GoC_2Y,1.28
2009-09-30,GoC_2Y,1.26
2009-10-01,GoC_2Y,1.2
2009-10-02,GoC_2Y,1.19
2009-10-05,GoC_2Y,1.18
2009-10-06,GoC_2Y,1.25
2009-10-07,GoC_2Y,1.24
2009-10-08,GoC_2Y,1.5
2009-10-09,GoC_2Y,1.7
2009-10-13,GoC_2Y,1.66
2009-10-14,GoC_2Y,1.7
2009-10-15,GoC_2Y,1.68
2009-10-16,GoC_2Y,1.6
2009-10-19,GoC_2Y,1.62
2009-10-20,GoC_2Y,1.5
2009-10-21,GoC_2Y,1.51
2009-10-22,GoC_2Y,1.49
2009-10-23,GoC_2Y,1.52
2009-10-26,GoC_2Y,1.54
2009-10-27,GoC_2Y,1.47
2009-10-28,GoC_2Y,1.43
2009-10-29,GoC_2Y,1.47
2009-10-30,GoC_2Y,1.38
2009-11-02,GoC_2Y,1.41
2009-11-03,GoC_2Y,1.4
2009-11-04,GoC_2Y,1.4
2009-11-05,GoC_2Y,1.42
2009-11-06,GoC_2Y,1.4
2009-11-09,GoC_2Y,1.41
2009-11-10,GoC_2Y,1.4
2009-11-12,GoC_2Y,1.39
2009-11-13,GoC_2Y,1.38
2009-11-16,GoC_2Y,1.34
2009-11-17,GoC_2Y,1.31
2009-11-18,GoC_2Y,1.31
2009-11-19,GoC_2Y,1.26
2009-11-20,GoC_2Y,1.25
2009-11-23,GoC_2Y,1.25
2009-11-24,GoC_2Y,1.18
2009-11-25,GoC_2Y,1.15
2009-11-26,GoC_2Y,1.1
2009-11-27,GoC_2Y,1.12
2009-11-30,GoC_2Y,1.1
2009-12-01,GoC_2Y,1.09
2009-12-02,GoC_2Y,1.13
2009-12-03,GoC_2Y,1.12
2009-12-04,GoC_2Y,1.27
2009-12-07,GoC_2Y,1.22
2009-12-08,GoC_2Y,1.2
2009-12-09,GoC_2Y,1.2
2009-12-10,GoC_2Y,1.22
2009-12-11,GoC_2Y,1.24
2009-12-14,GoC_2Y,1.26
2009-12-15,GoC_2Y,1.28
2009-12-16,GoC_2Y,1.32
2009-12-17,GoC_2Y,1.28
2009-12-18,GoC_2Y,1.3
2009-12-21,GoC_2Y,1.36
2009-12-22,GoC_2Y,1.39
2009-12-23,GoC_2Y,1.37
2009-12-24,GoC_2Y,1.39
2009-12-29,GoC_2Y,1.44
2009-12-30,GoC_2Y,1.43
2009-12-31,GoC_2Y,1.47
2010-01-04,GoC_2Y,1.45
2010-01-05,GoC_2Y,1.38
2010-01-06,GoC_2Y,1.38
2010-01-07,GoC_2Y,1.38
2010-01-08,GoC_2Y,1.31
2010-01-11,GoC_2Y,1.29
2010-01-12,GoC_2Y,1.27
2010-01-13,GoC_2Y,1.34
2010-01-14,GoC_2Y,1.32
2010-01-15,GoC_2Y,1.28
2010-01-18,GoC_2Y,1.27
2010-01-19,GoC_2Y,1.26
2010-01-20,GoC_2Y,1.2
2010-01-21,GoC_2Y,1.18
2010-01-22,GoC_2Y,1.17
2010-01-25,GoC_2Y,1.18
2010-01-26,GoC_2Y,1.17
2010-01-27,GoC_2Y,1.22
2010-01-28,GoC_2Y,1.18
2010-01-29,GoC_2Y,1.32
2010-02-01,GoC_2Y,1.33
2010-02-02,GoC_2Y,1.29
2010-02-03,GoC_2Y,1.33
2010-02-04,GoC_2Y,1.28
2010-02-05,GoC_2Y,1.25
2010-02-08,GoC_2Y,1.25
2010-02-09,GoC_2Y,1.28
2010-02-10,GoC_2Y,1.34
2010-02-11,GoC_2Y,1.37
2010-02-12,GoC_2Y,1.34
2010-02-16,GoC_2Y,1.32
2010-02-17,GoC_2Y,1.34
2010-02-18,GoC_2Y,1.37
2010-02-19,GoC_2Y,1.39
2010-02-22,GoC_2Y,1.38
2010-02-23,GoC_2Y,1.33
2010-02-24,GoC_2Y,1.34
2010-02-25,GoC_2Y,1.28
2010-02-26,GoC_2Y,1.28
2010-03-01,GoC_2Y,1.35
2010-03-02,GoC_2Y,1.37
2010-03-03,GoC_2Y,1.46
2010-03-04,GoC_2Y,1.47
2010-03-05,GoC_2Y,1.51
2010-03-08,GoC_2Y,1.54
2010-03-09,GoC_2Y,1.52
2010-03-10,GoC_2Y,1.53
2010-03-11,GoC_2Y,1.52
2010-03-12,GoC_2Y,1.58
2010-03-15,GoC_2Y,1.56
2010-03-16,GoC_2Y,1.54
2010-03-17,GoC_2Y,1.59
2010-03-18,GoC_2Y,1.55
2010-03-19,GoC_2Y,1.64
2010-03-22,GoC_2Y,1.61
2010-03-23,GoC_2Y,1.63
2010-03-24,GoC_2Y,1.69
2010-03-25,GoC_2Y,1.69
2010-03-26,GoC_2Y,1.69
2010-03-29,GoC_2Y,1.71
2010-03-30,GoC_2Y,1.73
2010-03-31,GoC_2Y,1.73
2010-04-01,GoC_2Y,1.72
2010-04-05,GoC_2Y,1.83
2010-04-06,GoC_2Y,1.85
2010-04-07,GoC_2Y,1.78
2010-04-08,GoC_2Y,1.85
2010-04-09,GoC_2Y,1.84
2010-04-12,GoC_2Y,1.86
2010-04-13,GoC_2Y,1.9
2010-04-14,GoC_2Y,1.93
2010-04-15,GoC_2Y,1.94
2010-04-16,GoC_2Y,1.86
2010-04-19,GoC_2Y,1.83
2010-04-20,GoC_2Y,2.01
2010-04-21,GoC_2Y,2.05
2010-04-22,GoC_2Y,2.02
2010-04-23,GoC_2Y,1.98
2010-04-26,GoC_2Y,1.98
2010-04-27,GoC_2Y,1.91
2010-04-28,GoC_2Y,1.97
2010-04-29,GoC_2Y,1.96
2010-04-30,GoC_2Y,1.9
2010-05-03,GoC_2Y,1.88
2010-05-04,GoC_2Y,1.75
2010-05-05,GoC_2Y,1.72
2010-05-06,GoC_2Y,1.76
2010-05-07,GoC_2Y,1.81
2010-05-10,GoC_2Y,1.93
2010-05-11,GoC_2Y,1.96
2010-05-12,GoC_2Y,2.01
2010-05-13,GoC_2Y,1.94
2010-05-14,GoC_2Y,1.82
2010-05-17,GoC_2Y,1.87
2010-05-18,GoC_2Y,1.78
2010-05-19,GoC_2Y,1.75
2010-05-20,GoC_2Y,1.63
2010-05-21,GoC_2Y,1.69
2010-05-25,GoC_2Y,1.59
2010-05-26,GoC_2Y,1.62
2010-05-27,GoC_2Y,1.78
2010-05-28,GoC_2Y,1.72
2010-05-31,GoC_2Y,1.84
2010-06-01,GoC_2Y,1.73
2010-06-02,GoC_2Y,1.76
2010-06-03,GoC_2Y,1.76
2010-06-04,GoC_2Y,1.62
2010-06-07,GoC_2Y,1.63
2010-06-08,GoC_2Y,1.67
2010-06-09,GoC_2Y,1.72
2010-06-10,GoC_2Y,1.82
2010-06-11,GoC_2Y,1.78
2010-06-14,GoC_2Y,1.81
2010-06-15,GoC_2Y,1.83
2010-06-16,GoC_2Y,1.77
2010-06-17,GoC_2Y,1.72
2010-06-18,GoC_2Y,1.74
2010-06-21,GoC_2Y,1.74
2010-06-22,GoC_2Y,1.69
2010-06-23,GoC_2Y,1.61
2010-06-24,GoC_2Y,1.57
2010-06-25,GoC_2Y,1.55
2010-06-28,GoC_2Y,1.5
2010-06-29,GoC_2Y,1.38
2010-06-30,GoC_2Y,1.39
2010-07-02,GoC_2Y,1.43
2010-07-05,GoC_2Y,1.41
2010-07-06,GoC_2Y,1.42
2010-07-07,GoC_2Y,1.49
2010-07-08,GoC_2Y,1.5
2010-07-09,GoC_2Y,1.71
2010-07-12,GoC_2Y,1.68
2010-07-13,GoC_2Y,1.72
2010-07-14,GoC_2Y,1.71
2010-07-15,GoC_2Y,1.66
2010-07-16,GoC_2Y,1.56
2010-07-19,GoC_2Y,1.52
2010-07-20,GoC_2Y,1.58
2010-07-21,GoC_2Y,1.52
2010-07-22,GoC_2Y,1.55
2010-07-23,GoC_2Y,1.59
2010-07-26,GoC_2Y,1.6
2010-07-27,GoC_2Y,1.64
2010-07-28,GoC_2Y,1.6
2010-07-29,GoC_2Y,1.53
2010-07-30,GoC_2Y,1.46
2010-08-03,GoC_2Y,1.44
2010-08-04,GoC_2Y,1.54
2010-08-05,GoC_2Y,1.52
2010-08-06,GoC_2Y,1.44
2010-08-09,GoC_2Y,1.45
2010-08-10,GoC_2Y,1.44
2010-08-11,GoC_2Y,1.34
2010-08-12,GoC_2Y,1.36
2010-08-13,GoC_2Y,1.37
2010-08-16,GoC_2Y,1.35
2010-08-17,GoC_2Y,1.39
2010-08-18,GoC_2Y,1.39
2010-08-19,GoC_2Y,1.37
2010-08-20,GoC_2Y,1.3
2010-08-23,GoC_2Y,1.25
2010-08-24,GoC_2Y,1.2
2010-08-25,GoC_2Y,1.23
2010-08-26,GoC_2Y,1.24
2010-08-27,GoC_2Y,1.3
2010-08-30,GoC_2Y,1.25
2010-08-31,GoC_2Y,1.21
2010-09-01,GoC_2Y,1.26
2010-09-02,GoC_2Y,1.28
2010-09-03,GoC_2Y,1.37
2010-09-07,GoC_2Y,1.27
2010-09-08,GoC_2Y,1.41
2010-09-09,GoC_2Y,1.47
2010-09-10,GoC_2Y,1.46
2010-09-13,GoC_2Y,1.45
2010-09-14,GoC_2Y,1.46
2010-09-15,GoC_2Y,1.49
2010-09-16,GoC_2Y,1.51
2010-09-17,GoC_2Y,1.47
2010-09-20,GoC_2Y,1.5
2010-09-21,GoC_2Y,1.45
2010-09-22,GoC_2Y,1.41
2010-09-23,GoC_2Y,1.41
2010-09-24,GoC_2Y,1.47
2010-09-27,GoC_2Y,1.42
2010-09-28,GoC_2Y,1.39
2010-09-29,GoC_2Y,1.39
2010-09-30,GoC_2Y,1.36
2010-10-01,GoC_2Y,1.37
2010-10-04,GoC_2Y,1.36
2010-10-05,GoC_2Y,1.36
2010-10-06,GoC_2Y,1.35
2010-10-07,GoC_2Y,1.33
2010-10-08,GoC_2Y,1.31
2010-10-12,GoC_2Y,1.34
2010-10-13,GoC_2Y,1.39
2010-10-14,GoC_2Y,1.4
2010-10-15,GoC_2Y,1.4
2010-10-18,GoC_2Y,1.41
2010-10-19,GoC_2Y,1.34
2010-10-20,GoC_2Y,1.37
2010-10-21,GoC_2Y,1.39
2010-10-22,GoC_2Y,1.39
2010-10-25,GoC_2Y,1.39
2010-10-26,GoC_2Y,1.42
2010-10-27,GoC_2Y,1.45
2010-10-28,GoC_2Y,1.43
2010-10-29,GoC_2Y,1.41
2010-11-01,GoC_2Y,1.41
2010-11-02,GoC_2Y,1.42
2010-11-03,GoC_2Y,1.42
2010-11-04,GoC_2Y,1.41
2010-11-05,GoC_2Y,1.47
2010-11-08,GoC_2Y,1.52
2010-11-09,GoC_2Y,1.6
2010-11-10,GoC_2Y,1.57
2010-11-12,GoC_2Y,1.58
2010-11-15,GoC_2Y,1.62
2010-11-16,GoC_2Y,1.57
2010-11-17,GoC_2Y,1.58
2010-11-18,GoC_2Y,1.63
2010-11-19,GoC_2Y,1.64
2010-11-22,GoC_2Y,1.6
2010-11-23,GoC_2Y,1.66
2010-11-24,GoC_2Y,1.74
2010-11-25,GoC_2Y,1.73
2010-11-26,GoC_2Y,1.67
2010-11-29,GoC_2Y,1.66
2010-11-30,GoC_2Y,1.62
2010-12-01,GoC_2Y,1.67
2010-12-02,GoC_2Y,1.68
2010-12-03,GoC_2Y,1.63
2010-12-06,GoC_2Y,1.56
2010-12-07,GoC_2Y,1.62
2010-12-08,GoC_2Y,1.68
2010-12-09,GoC_2Y,1.67
2010-12-10,GoC_2Y,1.72
2010-12-13,GoC_2Y,1.66
2010-12-14,GoC_2Y,1.72
2010-12-15,GoC_2Y,1.72
2010-12-16,GoC_2Y,1.68
2010-12-17,GoC_2Y,1.63
2010-12-20,GoC_2Y,1.63
2010-12-21,GoC_2Y,1.62
2010-12-22,GoC_2Y,1.66
2010-12-23,GoC_2Y,1.69
2010-12-24,GoC_2Y,1.69
2010-12-29,GoC_2Y,1.69
2010-12-30,GoC_2Y,1.71
2010-12-31,GoC_2Y,1.67
2011-01-04,GoC_2Y,1.7
2011-01-05,GoC_2Y,1.76
2011-01-06,GoC_2Y,1.74
2011-01-07,GoC_2Y,1.71
2011-01-10,GoC_2Y,1.7
2011-01-11,GoC_2Y,1.73
2011-01-12,GoC_2Y,1.75
2011-01-13,GoC_2Y,1.77
2011-01-14,GoC_2Y,1.79
2011-01-17,GoC_2Y,1.79
2011-01-18,GoC_2Y,1.76
2011-01-19,GoC_2Y,1.68
2011-01-20,GoC_2Y,1.71
2011-01-21,GoC_2Y,1.72
2011-01-24,GoC_2Y,1.72
2011-01-25,GoC_2Y,1.67
2011-01-26,GoC_2Y,1.67
2011-01-27,GoC_2Y,1.72
2011-01-28,GoC_2Y,1.67
2011-01-31,GoC_2Y,1.67
2011-02-01,GoC_2Y,1.71
2011-02-02,GoC_2Y,1.74
2011-02-03,GoC_2Y,1.77
2011-02-04,GoC_2Y,1.84
2011-02-07,GoC_2Y,1.83
2011-02-08,GoC_2Y,1.88
2011-02-09,GoC_2Y,1.87
2011-02-10,GoC_2Y,1.87
2011-02-11,GoC_2Y,1.9
2011-02-14,GoC_2Y,1.92
2011-02-15,GoC_2Y,1.92
2011-02-16,GoC_2Y,1.94
2011-02-17,GoC_2Y,1.9
2011-02-18,GoC_2Y,1.88
2011-02-22,GoC_2Y,1.79
2011-02-23,GoC_2Y,1.79
2011-02-24,GoC_2Y,1.8
2011-02-25,GoC_2Y,1.78
2011-02-28,GoC_2Y,1.84
2011-03-01,GoC_2Y,1.79
2011-03-02,GoC_2Y,1.82
2011-03-03,GoC_2Y,1.88
2011-03-04,GoC_2Y,1.84
2011-03-07,GoC_2Y,1.85
2011-03-08,GoC_2Y,1.88
2011-03-09,GoC_2Y,1.84
2011-03-10,GoC_2Y,1.78
2011-03-11,GoC_2Y,1.74
2011-03-14,GoC_2Y,1.67
2011-03-15,GoC_2Y,1.62
2011-03-16,GoC_2Y,1.53
2011-03-17,GoC_2Y,1.61
2011-03-18,GoC_2Y,1.6
2011-03-21,GoC_2Y,1.68
2011-03-22,GoC_2Y,1.67
2011-03-23,GoC_2Y,1.68
2011-03-24,GoC_2Y,1.71
2011-03-25,GoC_2Y,1.74
2011-03-28,GoC_2Y,1.75
2011-03-29,GoC_2Y,1.79
2011-03-30,GoC_2Y,1.77
2011-03-31,GoC_2Y,1.82
2011-04-01,GoC_2Y,1.83
2011-04-04,GoC_2Y,1.81
2011-04-05,GoC_2Y,1.86
2011-04-06,GoC_2Y,1.88
2011-04-07,GoC_2Y,1.88
2011-04-08,GoC_2Y,1.9
2011-04-11,GoC_2Y,1.93
2011-04-12,GoC_2Y,1.86
2011-04-13,GoC_2Y,1.82
2011-04-14,GoC_2Y,1.82
2011-04-15,GoC_2Y,1.75
2011-04-18,GoC_2Y,1.69
2011-04-19,GoC_2Y,1.77
2011-04-20,GoC_2Y,1.8
2011-04-21,GoC_2Y,1.8
2011-04-25,GoC_2Y,1.78
2011-04-26,GoC_2Y,1.74
2011-04-27,GoC_2Y,1.78
2011-04-28,GoC_2Y,1.73
2011-04-29,GoC_2Y,1.7
2011-05-02,GoC_2Y,1.7
2011-05-03,GoC_2Y,1.7
2011-05-04,GoC_2Y,1.68
2011-05-05,GoC_2Y,1.66
2011-05-06,GoC_2Y,1.67
2011-05-09,GoC_2Y,1.66
2011-05-10,GoC_2Y,1.72
2011-05-11,GoC_2Y,1.7
2011-05-12,GoC_2Y,1.7
2011-05-13,GoC_2Y,1.69
2011-05-16,GoC_2Y,1.66
2011-05-17,GoC_2Y,1.64
2011-05-18,GoC_2Y,1.68
2011-05-19,GoC_2Y,1.69
2011-05-20,GoC_2Y,1.61
2011-05-24,GoC_2Y,1.6
2011-05-25,GoC_2Y,1.59
2011-05-26,GoC_2Y,1.53
2011-05-27,GoC_2Y,1.51
2011-05-30,GoC_2Y,1.5
2011-05-31,GoC_2Y,1.54
2011-06-01,GoC_2Y,1.45
2011-06-02,GoC_2Y,1.48
2011-06-03,GoC_2Y,1.44
2011-06-06,GoC_2Y,1.43
2011-06-07,GoC_2Y,1.45
2011-06-08,GoC_2Y,1.43
2011-06-09,GoC_2Y,1.44
2011-06-10,GoC_2Y,1.44
2011-06-13,GoC_2Y,1.46
2011-06-14,GoC_2Y,1.51
2011-06-15,GoC_2Y,1.41
2011-06-16,GoC_2Y,1.37
2011-06-17,GoC_2Y,1.49
2011-06-20,GoC_2Y,1.51
2011-06-21,GoC_2Y,1.52
2011-06-22,GoC_2Y,1.51
2011-06-23,GoC_2Y,1.45
2011-06-24,GoC_2Y,1.39
2011-06-27,GoC_2Y,1.4
2011-06-28,GoC_2Y,1.45
2011-06-29,GoC_2Y,1.56
2011-06-30,GoC_2Y,1.59
2011-07-04,GoC_2Y,1.59
2011-07-05,GoC_2Y,1.57
2011-07-06,GoC_2Y,1.54
2011-07-07,GoC_2Y,1.58
2011-07-08,GoC_2Y,1.51
2011-07-11,GoC_2Y,1.42
2011-07-12,GoC_2Y,1.45
2011-07-13,GoC_2Y,1.45
2011-07-14,GoC_2Y,1.46
2011-07-15,GoC_2Y,1.41
2011-07-18,GoC_2Y,1.39
2011-07-19,GoC_2Y,1.48
2011-07-20,GoC_2Y,1.52
2011-07-21,GoC_2Y,1.55
2011-07-22,GoC_2Y,1.5
2011-07-25,GoC_2Y,1.5
2011-07-26,GoC_2Y,1.48
2011-07-27,GoC_2Y,1.47
2011-07-28,GoC_2Y,1.48
2011-07-29,GoC_2Y,1.39
2011-08-02,GoC_2Y,1.25
2011-08-03,GoC_2Y,1.25
2011-08-04,GoC_2Y,1.02
2011-08-05,GoC_2Y,1.08
2011-08-08,GoC_2Y,0.8
2011-08-09,GoC_2Y,0.82
2011-08-10,GoC_2Y,0.86
2011-08-11,GoC_2Y,0.92
2011-08-12,GoC_2Y,0.93
2011-08-15,GoC_2Y,1.01
2011-08-16,GoC_2Y,0.99
2011-08-17,GoC_2Y,0.96
2011-08-18,GoC_2Y,0.86
2011-08-19,GoC_2Y,0.87
2011-08-22,GoC_2Y,0.87
2011-08-23,GoC_2Y,0.95
2011-08-24,GoC_2Y,1.0
2011-08-25,GoC_2Y,0.99
2011-08-26,GoC_2Y,1.0
2011-08-29,GoC_2Y,1.06
2011-08-30,GoC_2Y,1.03
2011-08-31,GoC_2Y,1.08
2011-09-01,GoC_2Y,1.0
2011-09-02,GoC_2Y,0.95
2011-09-06,GoC_2Y,0.86
2011-09-07,GoC_2Y,0.91
2011-09-08,GoC_2Y,0.89
2011-09-09,GoC_2Y,0.78
2011-09-12,GoC_2Y,0.87
2011-09-13,GoC_2Y,0.94
2011-09-14,GoC_2Y,0.93
2011-09-15,GoC_2Y,1.01
2011-09-16,GoC_2Y,1.03
2011-09-19,GoC_2Y,0.93
2011-09-20,GoC_2Y,0.94
2011-09-21,GoC_2Y,0.91
2011-09-22,GoC_2Y,0.83
2011-09-23,GoC_2Y,0.86
2011-09-26,GoC_2Y,0.93
2011-09-27,GoC_2Y,0.95
2011-09-28,GoC_2Y,0.92
2011-09-29,GoC_2Y,0.92
2011-09-30,GoC_2Y,0.88
2011-10-03,GoC_2Y,0.84
2011-10-04,GoC_2Y,0.88
2011-10-05,GoC_2Y,0.9
2011-10-06,GoC_2Y,0.94
2011-10-07,GoC_2Y,0.97
2011-10-11,GoC_2Y,0.99
2011-10-12,GoC_2Y,1.02
2011-10-13,GoC_2Y,0.98
2011-10-14,GoC_2Y,1.06
2011-10-17,GoC_2Y,0.99
2011-10-18,GoC_2Y,1.01
2011-10-19,GoC_2Y,1.04
2011-10-20,GoC_2Y,1.04
2011-10-21,GoC_2Y,1.08
2011-10-24,GoC_2Y,1.1
2011-10-25,GoC_2Y,0.99
2011-10-26,GoC_2Y,1.08
2011-10-27,GoC_2Y,1.14
2011-10-28,GoC_2Y,1.09
2011-10-31,GoC_2Y,1.0
2011-11-01,GoC_2Y,0.92
2011-11-02,GoC_2Y,0.96
2011-11-03,GoC_2Y,1.0
2011-11-04,GoC_2Y,0.93
2011-11-07,GoC_2Y,0.94
2011-11-08,GoC_2Y,0.98
2011-11-09,GoC_2Y,0.9
2011-11-10,GoC_2Y,0.93
2011-11-14,GoC_2Y,0.91
2011-11-15,GoC_2Y,0.9
2011-11-16,GoC_2Y,0.89
2011-11-17,GoC_2Y,0.9
2011-11-18,GoC_2Y,0.91
2011-11-21,GoC_2Y,0.9
2011-11-22,GoC_2Y,0.9
2011-11-23,GoC_2Y,0.89
2011-11-24,GoC_2Y,0.91
2011-11-25,GoC_2Y,0.95
2011-11-28,GoC_2Y,0.97
2011-11-29,GoC_2Y,1.0
2011-11-30,GoC_2Y,1.01
2011-12-01,GoC_2Y,0.93
2011-12-02,GoC_2Y,0.9
2011-12-05,GoC_2Y,0.88
2011-12-06,GoC_2Y,0.92
2011-12-07,GoC_2Y,0.89
2011-12-08,GoC_2Y,0.85
2011-12-09,GoC_2Y,0.9
2011-12-12,GoC_2Y,0.88
2011-12-13,GoC_2Y,0.87
2011-12-14,GoC_2Y,0.86
2011-12-15,GoC_2Y,0.86
2011-12-16,GoC_2Y,0.85
2011-12-19,GoC_2Y,0.84
2011-12-20,GoC_2Y,0.88
2011-12-21,GoC_2Y,0.89
2011-12-22,GoC_2Y,0.9
2011-12-23,GoC_2Y,0.93
2011-12-28,GoC_2Y,0.93
2011-12-29,GoC_2Y,0.95
2011-12-30,GoC_2Y,0.95
2012-01-03,GoC_2Y,0.98
2012-01-04,GoC_2Y,0.97
2012-01-05,GoC_2Y,0.96
2012-01-06,GoC_2Y,0.93
2012-01-09,GoC_2Y,0.94
2012-01-10,GoC_2Y,0.97
2012-01-11,GoC_2Y,0.95
2012-01-12,GoC_2Y,0.97
2012-01-13,GoC_2Y,0.95
2012-01-16,GoC_2Y,0.96
2012-01-17,GoC_2Y,0.96
2012-01-18,GoC_2Y,0.99
2012-01-19,GoC_2Y,1.02
2012-01-20,GoC_2Y,1.04
2012-01-23,GoC_2Y,1.05
2012-01-24,GoC_2Y,1.04
2012-01-25,GoC_2Y,1.02
2012-01-26,GoC_2Y,1.01
2012-01-27,GoC_2Y,1.0
2012-01-30,GoC_2Y,0.98
2012-01-31,GoC_2Y,0.96
2012-02-01,GoC_2Y,0.98
2012-02-02,GoC_2Y,0.99
2012-02-03,GoC_2Y,1.04
2012-02-06,GoC_2Y,1.02
2012-02-07,GoC_2Y,1.04
2012-02-08,GoC_2Y,1.07
2012-02-09,GoC_2Y,1.09
2012-02-10,GoC_2Y,1.07
2012-02-13,GoC_2Y,1.08
2012-02-14,GoC_2Y,1.06
2012-02-15,GoC_2Y,1.05
2012-02-16,GoC_2Y,1.07
2012-02-17,GoC_2Y,1.09
2012-02-21,GoC_2Y,1.11
2012-02-22,GoC_2Y,1.1
2012-02-23,GoC_2Y,1.09
2012-02-24,GoC_2Y,1.07
2012-02-27,GoC_2Y,1.06
2012-02-28,GoC_2Y,1.07
2012-02-29,GoC_2Y,1.1
2012-03-01,GoC_2Y,1.1
2012-03-02,GoC_2Y,1.1
2012-03-05,GoC_2Y,1.11
2012-03-06,GoC_2Y,1.08
2012-03-07,GoC_2Y,1.12
2012-03-08,GoC_2Y,1.17
2012-03-09,GoC_2Y,1.17
2012-03-12,GoC_2Y,1.17
2012-03-13,GoC_2Y,1.2
2012-03-14,GoC_2Y,1.24
2012-03-15,GoC_2Y,1.27
2012-03-16,GoC_2Y,1.28
2012-03-19,GoC_2Y,1.29
2012-03-20,GoC_2Y,1.29
2012-03-21,GoC_2Y,1.28
2012-03-22,GoC_2Y,1.24
2012-03-23,GoC_2Y,1.23
2012-03-26,GoC_2Y,1.24
2012-03-27,GoC_2Y,1.21
2012-03-28,GoC_2Y,1.19
2012-03-29,GoC_2Y,1.18
2012-03-30,GoC_2Y,1.2
2012-04-02,GoC_2Y,1.21
2012-04-03,GoC_2Y,1.26
2012-04-04,GoC_2Y,1.22
2012-04-05,GoC_2Y,1.25
2012-04-09,GoC_2Y,1.23
2012-04-10,GoC_2Y,1.19
2012-04-11,GoC_2Y,1.21
2012-04-12,GoC_2Y,1.23
2012-04-13,GoC_2Y,1.2
2012-04-16,GoC_2Y,1.23
2012-04-17,GoC_2Y,1.33
2012-04-18,GoC_2Y,1.32
2012-04-19,GoC_2Y,1.33
2012-04-20,GoC_2Y,1.35
2012-04-23,GoC_2Y,1.36
2012-04-24,GoC_2Y,1.41
2012-04-25,GoC_2Y,1.43
2012-04-26,GoC_2Y,1.37
2012-04-27,GoC_2Y,1.43
2012-04-30,GoC_2Y,1.34
2012-05-01,GoC_2Y,1.33
2012-05-02,GoC_2Y,1.31
2012-05-03,GoC_2Y,1.3
2012-05-04,GoC_2Y,1.25
2012-05-07,GoC_2Y,1.27
2012-05-08,GoC_2Y,1.22
2012-05-09,GoC_2Y,1.22
2012-05-10,GoC_2Y,1.24
2012-05-11,GoC_2Y,1.3
2012-05-14,GoC_2Y,1.27
2012-05-15,GoC_2Y,1.29
2012-05-16,GoC_2Y,1.27
2012-05-17,GoC_2Y,1.22
2012-05-18,GoC_2Y,1.22
2012-05-22,GoC_2Y,1.21
2012-05-23,GoC_2Y,1.16
2012-05-24,GoC_2Y,1.14
2012-05-25,GoC_2Y,1.07
2012-05-28,GoC_2Y,1.09
2012-05-29,GoC_2Y,1.16
2012-05-30,GoC_2Y,1.11
2012-05-31,GoC_2Y,1.06
2012-06-01,GoC_2Y,0.88
2012-06-04,GoC_2Y,0.97
2012-06-05,GoC_2Y,0.99
2012-06-06,GoC_2Y,1.05
2012-06-07,GoC_2Y,1.04
2012-06-08,GoC_2Y,1.04
2012-06-11,GoC_2Y,1.0
2012-06-12,GoC_2Y,1.02
2012-06-13,GoC_2Y,1.03
2012-06-14,GoC_2Y,1.04
2012-06-15,GoC_2Y,0.96
2012-06-18,GoC_2Y,0.98
2012-06-19,GoC_2Y,1.04
2012-06-20,GoC_2Y,1.09
2012-06-21,GoC_2Y,1.05
2012-06-22,GoC_2Y,1.06
2012-06-25,GoC_2Y,0.99
2012-06-26,GoC_2Y,1.01
2012-06-27,GoC_2Y,0.99
2012-06-28,GoC_2Y,0.96
2012-06-29,GoC_2Y,1.03
2012-07-03,GoC_2Y,1.04
2012-07-04,GoC_2Y,1.03
2012-07-05,GoC_2Y,1.02
2012-07-06,GoC_2Y,0.98
2012-07-09,GoC_2Y,0.96
2012-07-10,GoC_2Y,0.97
2012-07-11,GoC_2Y,0.99
2012-07-12,GoC_2Y,0.97
2012-07-13,GoC_2Y,0.99
2012-07-16,GoC_2Y,0.96
2012-07-17,GoC_2Y,0.97
2012-07-18,GoC_2Y,0.96
2012-07-19,GoC_2Y,0.98
2012-07-20,GoC_2Y,0.95
2012-07-23,GoC_2Y,0.93
2012-07-24,GoC_2Y,0.93
2012-07-25,GoC_2Y,0.96
2012-07-26,GoC_2Y,1.01
2012-07-27,GoC_2Y,1.11
2012-07-30,GoC_2Y,1.09
2012-07-31,GoC_2Y,1.08
2012-08-01,GoC_2Y,1.1
2012-08-02,GoC_2Y,1.06
2012-08-03,GoC_2Y,1.12
2012-08-07,GoC_2Y,1.17
2012-08-08,GoC_2Y,1.16
2012-08-09,GoC_2Y,1.16
2012-08-10,GoC_2Y,1.13
2012-08-13,GoC_2Y,1.14
2012-08-14,GoC_2Y,1.18
2012-08-15,GoC_2Y,1.25
2012-08-16,GoC_2Y,1.24
2012-08-17,GoC_2Y,1.2
2012-08-20,GoC_2Y,1.19
2012-08-21,GoC_2Y,1.18
2012-08-22,GoC_2Y,1.12
2012-08-23,GoC_2Y,1.13
2012-08-24,GoC_2Y,1.15
2012-08-27,GoC_2Y,1.16
2012-08-28,GoC_2Y,1.17
2012-08-29,GoC_2Y,1.15
2012-08-30,GoC_2Y,1.13
2012-08-31,GoC_2Y,1.15
2012-09-04,GoC_2Y,1.12
2012-09-05,GoC_2Y,1.11
2012-09-06,GoC_2Y,1.16
2012-09-07,GoC_2Y,1.18
2012-09-10,GoC_2Y,1.17
2012-09-11,GoC_2Y,1.17
2012-09-12,GoC_2Y,1.19
2012-09-13,GoC_2Y,1.17
2012-09-14,GoC_2Y,1.2
2012-09-17,GoC_2Y,1.19
2012-09-18,GoC_2Y,1.18
2012-09-19,GoC_2Y,1.17
2012-09-20,GoC_2Y,1.15
2012-09-21,GoC_2Y,1.14
2012-09-24,GoC_2Y,1.12
2012-09-25,GoC_2Y,1.12
2012-09-26,GoC_2Y,1.09
2012-09-27,GoC_2Y,1.1
2012-09-28,GoC_2Y,1.07
2012-10-01,GoC_2Y,1.06
2012-10-02,GoC_2Y,1.06
2012-10-03,GoC_2Y,1.06
2012-10-04,GoC_2Y,1.09
2012-10-05,GoC_2Y,1.14
2012-10-09,GoC_2Y,1.14
2012-10-10,GoC_2Y,1.14
2012-10-11,GoC_2Y,1.15
2012-10-12,GoC_2Y,1.14
2012-10-15,GoC_2Y,1.08
2012-10-16,GoC_2Y,1.08
2012-10-17,GoC_2Y,1.13
2012-10-18,GoC_2Y,1.12
2012-10-19,GoC_2Y,1.09
2012-10-22,GoC_2Y,1.09
2012-10-23,GoC_2Y,1.14
2012-10-24,GoC_2Y,1.12
2012-10-25,GoC_2Y,1.14
2012-10-26,GoC_2Y,1.12
2012-10-29,GoC_2Y,1.08
2012-10-30,GoC_2Y,1.1
2012-10-31,GoC_2Y,1.07
2012-11-01,GoC_2Y,1.07
2012-11-02,GoC_2Y,1.06
2012-11-05,GoC_2Y,1.07
2012-11-06,GoC_2Y,1.11
2012-11-07,GoC_2Y,1.07
2012-11-08,GoC_2Y,1.07
2012-11-09,GoC_2Y,1.08
2012-11-13,GoC_2Y,1.07
2012-11-14,GoC_2Y,1.07
2012-11-15,GoC_2Y,1.07
2012-11-16,GoC_2Y,1.07
2012-11-19,GoC_2Y,1.1
2012-11-20,GoC_2Y,1.11
2012-11-21,GoC_2Y,1.11
2012-11-22,GoC_2Y,1.11
2012-11-23,GoC_2Y,1.12
2012-11-26,GoC_2Y,1.1
2012-11-27,GoC_2Y,1.09
2012-11-28,GoC_2Y,1.09
2012-11-29,GoC_2Y,1.08
2012-11-30,GoC_2Y,1.07
2012-12-03,GoC_2Y,1.06
2012-12-04,GoC_2Y,1.06
2012-12-05,GoC_2Y,1.04
2012-12-06,GoC_2Y,1.04
2012-12-07,GoC_2Y,1.06
2012-12-10,GoC_2Y,1.05
2012-12-11,GoC_2Y,1.07
2012-12-12,GoC_2Y,1.09
2012-12-13,GoC_2Y,1.12
2012-12-14,GoC_2Y,1.12
2012-12-17,GoC_2Y,1.15
2012-12-18,GoC_2Y,1.15
2012-12-19,GoC_2Y,1.14
2012-12-20,GoC_2Y,1.13
2012-12-21,GoC_2Y,1.12
2012-12-24,GoC_2Y,1.12
2012-12-27,GoC_2Y,1.14
2012-12-28,GoC_2Y,1.13
2012-12-31,GoC_2Y,1.14
2013-01-02,GoC_2Y,1.17
2013-01-03,GoC_2Y,1.19
2013-01-04,GoC_2Y,1.21
2013-01-07,GoC_2Y,1.2
2013-01-08,GoC_2Y,1.17
2013-01-09,GoC_2Y,1.17
2013-01-10,GoC_2Y,1.19
2013-01-11,GoC_2Y,1.19
2013-01-14,GoC_2Y,1.19
2013-01-15,GoC_2Y,1.18
2013-01-16,GoC_2Y,1.17
2013-01-17,GoC_2Y,1.2
2013-01-18,GoC_2Y,1.18
2013-01-21,GoC_2Y,1.19
2013-01-22,GoC_2Y,1.17
2013-01-23,GoC_2Y,1.12
2013-01-24,GoC_2Y,1.12
2013-01-25,GoC_2Y,1.14
2013-01-28,GoC_2Y,1.15
2013-01-29,GoC_2Y,1.17
2013-01-30,GoC_2Y,1.16
2013-01-31,GoC_2Y,1.16
2013-02-01,GoC_2Y,1.19
2013-02-04,GoC_2Y,1.15
2013-02-05,GoC_2Y,1.17
2013-02-06,GoC_2Y,1.16
2013-02-07,GoC_2Y,1.15
2013-02-08,GoC_2Y,1.1
2013-02-11,GoC_2Y,1.11
2013-02-12,GoC_2Y,1.12
2013-02-13,GoC_2Y,1.15
2013-02-14,GoC_2Y,1.13
2013-02-15,GoC_2Y,1.13
2013-02-19,GoC_2Y,1.13
2013-02-20,GoC_2Y,1.12
2013-02-21,GoC_2Y,1.11
2013-02-22,GoC_2Y,1.07
2013-02-25,GoC_2Y,1.01
2013-02-26,GoC_2Y,1.0
2013-02-27,GoC_2Y,1.0
2013-02-28,GoC_2Y,0.96
2013-03-01,GoC_2Y,0.94
2013-03-04,GoC_2Y,0.94
2013-03-05,GoC_2Y,0.95
2013-03-06,GoC_2Y,0.93
2013-03-07,GoC_2Y,0.96
2013-03-08,GoC_2Y,0.98
2013-03-11,GoC_2Y,0.98
2013-03-12,GoC_2Y,0.96
2013-03-13,GoC_2Y,0.97
2013-03-14,GoC_2Y,1.0
2013-03-15,GoC_2Y,0.99
2013-03-18,GoC_2Y,0.98
2013-03-19,GoC_2Y,0.97
2013-03-20,GoC_2Y,0.98
2013-03-21,GoC_2Y,0.98
2013-03-22,GoC_2Y,0.99
2013-03-25,GoC_2Y,1.0
2013-03-26,GoC_2Y,1.01
2013-03-27,GoC_2Y,1.0
2013-03-28,GoC_2Y,1.0
2013-04-01,GoC_2Y,0.99
2013-04-02,GoC_2Y,1.0
2013-04-03,GoC_2Y,0.99
2013-04-04,GoC_2Y,0.99
2013-04-05,GoC_2Y,0.98
2013-04-08,GoC_2Y,0.99
2013-04-09,GoC_2Y,1.0
2013-04-10,GoC_2Y,0.99
2013-04-11,GoC_2Y,0.98
2013-04-12,GoC_2Y,0.95
2013-04-15,GoC_2Y,0.93
2013-04-16,GoC_2Y,0.94
2013-04-17,GoC_2Y,0.93
2013-04-18,GoC_2Y,0.94
2013-04-19,GoC_2Y,0.94
2013-04-22,GoC_2Y,0.94
2013-04-23,GoC_2Y,0.94
2013-04-24,GoC_2Y,0.94
2013-04-25,GoC_2Y,0.95
2013-04-26,GoC_2Y,0.93
2013-04-29,GoC_2Y,0.93
2013-04-30,GoC_2Y,0.92
2013-05-01,GoC_2Y,0.91
2013-05-02,GoC_2Y,0.91
2013-05-03,GoC_2Y,0.96
2013-05-06,GoC_2Y,0.97
2013-05-07,GoC_2Y,0.98
2013-05-08,GoC_2Y,0.97
2013-05-09,GoC_2Y,0.97
2013-05-10,GoC_2Y,1.0
2013-05-13,GoC_2Y,1.01
2013-05-14,GoC_2Y,1.04
2013-05-15,GoC_2Y,1.03
2013-05-16,GoC_2Y,1.01
2013-05-17,GoC_2Y,1.01
2013-05-21,GoC_2Y,1.01
2013-05-22,GoC_2Y,1.03
2013-05-23,GoC_2Y,1.04
2013-05-24,GoC_2Y,1.03
2013-05-27,GoC_2Y,1.04
2013-05-28,GoC_2Y,1.07
2013-05-29,GoC_2Y,1.07
2013-05-30,GoC_2Y,1.08
2013-05-31,GoC_2Y,1.08
2013-06-03,GoC_2Y,1.07
2013-06-04,GoC_2Y,1.07
2013-06-05,GoC_2Y,1.05
2013-06-06,GoC_2Y,1.05
2013-06-07,GoC_2Y,1.13
2013-06-10,GoC_2Y,1.16
2013-06-11,GoC_2Y,1.15
2013-06-12,GoC_2Y,1.15
2013-06-13,GoC_2Y,1.12
2013-06-14,GoC_2Y,1.1
2013-06-17,GoC_2Y,1.11
2013-06-18,GoC_2Y,1.11
2013-06-19,GoC_2Y,1.17
2013-06-20,GoC_2Y,1.18
2013-06-21,GoC_2Y,1.23
2013-06-24,GoC_2Y,1.24
2013-06-25,GoC_2Y,1.25
2013-06-26,GoC_2Y,1.23
2013-06-27,GoC_2Y,1.2
2013-06-28,GoC_2Y,1.22
2013-07-02,GoC_2Y,1.2
2013-07-03,GoC_2Y,1.19
2013-07-04,GoC_2Y,1.18
2013-07-05,GoC_2Y,1.23
2013-07-08,GoC_2Y,1.16
2013-07-09,GoC_2Y,1.15
2013-07-10,GoC_2Y,1.16
2013-07-11,GoC_2Y,1.13
2013-07-12,GoC_2Y,1.14
2013-07-15,GoC_2Y,1.13
2013-07-16,GoC_2Y,1.12
2013-07-17,GoC_2Y,1.09
2013-07-18,GoC_2Y,1.09
2013-07-19,GoC_2Y,1.08
2013-07-22,GoC_2Y,1.09
2013-07-23,GoC_2Y,1.11
2013-07-24,GoC_2Y,1.15
2013-07-25,GoC_2Y,1.15
2013-07-26,GoC_2Y,1.15
2013-07-29,GoC_2Y,1.16
2013-07-30,GoC_2Y,1.18
2013-07-31,GoC_2Y,1.15
2013-08-01,GoC_2Y,1.19
2013-08-02,GoC_2Y,1.16
2013-08-06,GoC_2Y,1.15
2013-08-07,GoC_2Y,1.14
2013-08-08,GoC_2Y,1.14
2013-08-09,GoC_2Y,1.13
2013-08-12,GoC_2Y,1.14
2013-08-13,GoC_2Y,1.2
2013-08-14,GoC_2Y,1.2
2013-08-15,GoC_2Y,1.21
2013-08-16,GoC_2Y,1.22
2013-08-19,GoC_2Y,1.22
2013-08-20,GoC_2Y,1.19
2013-08-21,GoC_2Y,1.22
2013-08-22,GoC_2Y,1.2
2013-08-23,GoC_2Y,1.19
2013-08-26,GoC_2Y,1.18
2013-08-27,GoC_2Y,1.16
2013-08-28,GoC_2Y,1.2
2013-08-29,GoC_2Y,1.19
2013-08-30,GoC_2Y,1.19
2013-09-03,GoC_2Y,1.22
2013-09-04,GoC_2Y,1.23
2013-09-05,GoC_2Y,1.29
2013-09-06,GoC_2Y,1.29
2013-09-09,GoC_2Y,1.28
2013-09-10,GoC_2Y,1.31
2013-09-11,GoC_2Y,1.29
2013-09-12,GoC_2Y,1.28
2013-09-13,GoC_2Y,1.28
2013-09-16,GoC_2Y,1.26
2013-09-17,GoC_2Y,1.26
2013-09-18,GoC_2Y,1.23
2013-09-19,GoC_2Y,1.22
2013-09-20,GoC_2Y,1.22
2013-09-23,GoC_2Y,1.21
2013-09-24,GoC_2Y,1.21
2013-09-25,GoC_2Y,1.21
2013-09-26,GoC_2Y,1.22
2013-09-27,GoC_2Y,1.2
2013-09-30,GoC_2Y,1.19
2013-10-01,GoC_2Y,1.19
2013-10-02,GoC_2Y,1.18
2013-10-03,GoC_2Y,1.18
2013-10-04,GoC_2Y,1.19
2013-10-07,GoC_2Y,1.19
2013-10-08,GoC_2Y,1.19
2013-10-09,GoC_2Y,1.2
2013-10-10,GoC_2Y,1.21
2013-10-11,GoC_2Y,1.21
2013-10-15,GoC_2Y,1.23
2013-10-16,GoC_2Y,1.21
2013-10-17,GoC_2Y,1.18
2013-10-18,GoC_2Y,1.18
2013-10-21,GoC_2Y,1.2
2013-10-22,GoC_2Y,1.17
2013-10-23,GoC_2Y,1.11
2013-10-24,GoC_2Y,1.09
2013-10-25,GoC_2Y,1.08
2013-10-28,GoC_2Y,1.08
2013-10-29,GoC_2Y,1.09
2013-10-30,GoC_2Y,1.1
2013-10-31,GoC_2Y,1.1
2013-11-01,GoC_2Y,1.13
2013-11-04,GoC_2Y,1.12
2013-11-05,GoC_2Y,1.13
2013-11-06,GoC_2Y,1.12
2013-11-07,GoC_2Y,1.1
2013-11-08,GoC_2Y,1.13
2013-11-12,GoC_2Y,1.14
2013-11-13,GoC_2Y,1.12
2013-11-14,GoC_2Y,1.1
2013-11-15,GoC_2Y,1.12
2013-11-18,GoC_2Y,1.1
2013-11-19,GoC_2Y,1.12
2013-11-20,GoC_2Y,1.12
2013-11-21,GoC_2Y,1.08
2013-11-22,GoC_2Y,1.08
2013-11-25,GoC_2Y,1.1
2013-11-26,GoC_2Y,1.1
2013-11-27,GoC_2Y,1.1
2013-11-28,GoC_2Y,1.09
2013-11-29,GoC_2Y,1.1
2013-12-02,GoC_2Y,1.11
2013-12-03,GoC_2Y,1.07
2013-12-04,GoC_2Y,1.06
2013-12-05,GoC_2Y,1.08
2013-12-06,GoC_2Y,1.09
2013-12-09,GoC_2Y,1.08
2013-12-10,GoC_2Y,1.08
2013-12-11,GoC_2Y,1.09
2013-12-12,GoC_2Y,1.1
2013-12-13,GoC_2Y,1.1
2013-12-16,GoC_2Y,1.11
2013-12-17,GoC_2Y,1.11
2013-12-18,GoC_2Y,1.11
2013-12-19,GoC_2Y,1.14
2013-12-20,GoC_2Y,1.11
2013-12-23,GoC_2Y,1.13
2013-12-24,GoC_2Y,1.13
2013-12-27,GoC_2Y,1.15
2013-12-30,GoC_2Y,1.13
2013-12-31,GoC_2Y,1.13
2014-01-02,GoC_2Y,1.13
2014-01-03,GoC_2Y,1.14
2014-01-06,GoC_2Y,1.13
2014-01-07,GoC_2Y,1.11
2014-01-08,GoC_2Y,1.11
2014-01-09,GoC_2Y,1.1
2014-01-10,GoC_2Y,1.02
2014-01-13,GoC_2Y,1.04
2014-01-14,GoC_2Y,1.05
2014-01-15,GoC_2Y,1.06
2014-01-16,GoC_2Y,1.04
2014-01-17,GoC_2Y,1.02
2014-01-20,GoC_2Y,1.02
2014-01-21,GoC_2Y,1.03
2014-01-22,GoC_2Y,1.01
2014-01-23,GoC_2Y,0.97
2014-01-24,GoC_2Y,0.97
2014-01-27,GoC_2Y,0.99
2014-01-28,GoC_2Y,0.97
2014-01-29,GoC_2Y,0.96
2014-01-30,GoC_2Y,0.97
2014-01-31,GoC_2Y,0.95
2014-02-03,GoC_2Y,0.93
2014-02-04,GoC_2Y,0.96
2014-02-05,GoC_2Y,0.98
2014-02-06,GoC_2Y,0.98
2014-02-07,GoC_2Y,0.98
2014-02-10,GoC_2Y,0.98
2014-02-11,GoC_2Y,1.01
2014-02-12,GoC_2Y,1.03
2014-02-13,GoC_2Y,1.02
2014-02-14,GoC_2Y,1.01
2014-02-18,GoC_2Y,1.0
2014-02-19,GoC_2Y,1.0
2014-02-20,GoC_2Y,1.0
2014-02-21,GoC_2Y,1.01
2014-02-24,GoC_2Y,1.03
2014-02-25,GoC_2Y,1.02
2014-02-26,GoC_2Y,1.0
2014-02-27,GoC_2Y,0.99
2014-02-28,GoC_2Y,1.0
2014-03-03,GoC_2Y,0.99
2014-03-04,GoC_2Y,1.03
2014-03-05,GoC_2Y,1.03
2014-03-06,GoC_2Y,1.05
2014-03-07,GoC_2Y,1.05
2014-03-10,GoC_2Y,1.04
2014-03-11,GoC_2Y,1.03
2014-03-12,GoC_2Y,1.02
2014-03-13,GoC_2Y,1.01
2014-03-14,GoC_2Y,1.01
2014-03-17,GoC_2Y,1.03
2014-03-18,GoC_2Y,1.0
2014-03-19,GoC_2Y,1.06
2014-03-20,GoC_2Y,1.07
2014-03-21,GoC_2Y,1.07
2014-03-24,GoC_2Y,1.07
2014-03-25,GoC_2Y,1.07
2014-03-26,GoC_2Y,1.06
2014-03-27,GoC_2Y,1.06
2014-03-28,GoC_2Y,1.07
2014-03-31,GoC_2Y,1.07
2014-04-01,GoC_2Y,1.07
2014-04-02,GoC_2Y,1.1
2014-04-03,GoC_2Y,1.1
2014-04-04,GoC_2Y,1.09
2014-04-07,GoC_2Y,1.08
2014-04-08,GoC_2Y,1.08
2014-04-09,GoC_2Y,1.07
2014-04-10,GoC_2Y,1.05
2014-04-11,GoC_2Y,1.04
2014-04-14,GoC_2Y,1.05
2014-04-15,GoC_2Y,1.04
2014-04-16,GoC_2Y,1.05
2014-04-17,GoC_2Y,1.07
2014-04-21,GoC_2Y,1.07
2014-04-22,GoC_2Y,1.07
2014-04-23,GoC_2Y,1.06
2014-04-24,GoC_2Y,1.07
2014-04-25,GoC_2Y,1.06
2014-04-28,GoC_2Y,1.07
2014-04-29,GoC_2Y,1.08
2014-04-30,GoC_2Y,1.06
2014-05-01,GoC_2Y,1.05
2014-05-02,GoC_2Y,1.07
2014-05-05,GoC_2Y,1.07
2014-05-06,GoC_2Y,1.07
2014-05-07,GoC_2Y,1.07
2014-05-08,GoC_2Y,1.07
2014-05-09,GoC_2Y,1.06
2014-05-12,GoC_2Y,1.07
2014-05-13,GoC_2Y,1.06
2014-05-14,GoC_2Y,1.04
2014-05-15,GoC_2Y,1.03
2014-05-16,GoC_2Y,1.04
2014-05-20,GoC_2Y,1.04
2014-05-21,GoC_2Y,1.05
2014-05-22,GoC_2Y,1.05
2014-05-23,GoC_2Y,1.05
2014-05-26,GoC_2Y,1.06
2014-05-27,GoC_2Y,1.05
2014-05-28,GoC_2Y,1.04
2014-05-29,GoC_2Y,1.05
2014-05-30,GoC_2Y,1.05
2014-06-02,GoC_2Y,1.06
2014-06-03,GoC_2Y,1.07
2014-06-04,GoC_2Y,1.06
2014-06-05,GoC_2Y,1.06
2014-06-06,GoC_2Y,1.06
2014-06-09,GoC_2Y,1.07
2014-06-10,GoC_2Y,1.08
2014-06-11,GoC_2Y,1.07
2014-06-12,GoC_2Y,1.07
2014-06-13,GoC_2Y,1.09
2014-06-16,GoC_2Y,1.1
2014-06-17,GoC_2Y,1.11
2014-06-18,GoC_2Y,1.1
2014-06-19,GoC_2Y,1.07
2014-06-20,GoC_2Y,1.14
2014-06-23,GoC_2Y,1.14
2014-06-24,GoC_2Y,1.12
2014-06-25,GoC_2Y,1.11
2014-06-26,GoC_2Y,1.11
2014-06-27,GoC_2Y,1.12
2014-06-30,GoC_2Y,1.1
2014-07-02,GoC_2Y,1.13
2014-07-03,GoC_2Y,1.13
2014-07-04,GoC_2Y,1.13
2014-07-07,GoC_2Y,1.13
2014-07-08,GoC_2Y,1.11
2014-07-09,GoC_2Y,1.12
2014-07-10,GoC_2Y,1.12
2014-07-11,GoC_2Y,1.1
2014-07-14,GoC_2Y,1.09
2014-07-15,GoC_2Y,1.1
2014-07-16,GoC_2Y,1.09
2014-07-17,GoC_2Y,1.07
2014-07-18,GoC_2Y,1.08
2014-07-21,GoC_2Y,1.08
2014-07-22,GoC_2Y,1.08
2014-07-23,GoC_2Y,1.08
2014-07-24,GoC_2Y,1.1
2014-07-25,GoC_2Y,1.08
2014-07-28,GoC_2Y,1.09
2014-07-29,GoC_2Y,1.08
2014-07-30,GoC_2Y,1.1
2014-07-31,GoC_2Y,1.1
2014-08-01,GoC_2Y,1.07
2014-08-05,GoC_2Y,1.07
2014-08-06,GoC_2Y,1.08
2014-08-07,GoC_2Y,1.07
2014-08-08,GoC_2Y,1.05
2014-08-11,GoC_2Y,1.06
2014-08-12,GoC_2Y,1.08
2014-08-13,GoC_2Y,1.07
2014-08-14,GoC_2Y,1.06
2014-08-15,GoC_2Y,1.05
2014-08-18,GoC_2Y,1.07
2014-08-19,GoC_2Y,1.07
2014-08-20,GoC_2Y,1.09
2014-08-21,GoC_2Y,1.09
2014-08-22,GoC_2Y,1.09
2014-08-25,GoC_2Y,1.09
2014-08-26,GoC_2Y,1.1
2014-08-27,GoC_2Y,1.1
2014-08-28,GoC_2Y,1.1
2014-08-29,GoC_2Y,1.1
2014-09-02,GoC_2Y,1.12
2014-09-03,GoC_2Y,1.12
2014-09-04,GoC_2Y,1.12
2014-09-05,GoC_2Y,1.11
2014-09-08,GoC_2Y,1.12
2014-09-09,GoC_2Y,1.14
2014-09-10,GoC_2Y,1.15
2014-09-11,GoC_2Y,1.14
2014-09-12,GoC_2Y,1.16
2014-09-15,GoC_2Y,1.15
2014-09-16,GoC_2Y,1.15
2014-09-17,GoC_2Y,1.16
2014-09-18,GoC_2Y,1.17
2014-09-19,GoC_2Y,1.17
2014-09-22,GoC_2Y,1.15
2014-09-23,GoC_2Y,1.12
2014-09-24,GoC_2Y,1.14
2014-09-25,GoC_2Y,1.12
2014-09-26,GoC_2Y,1.13
2014-09-29,GoC_2Y,1.12
2014-09-30,GoC_2Y,1.13
2014-10-01,GoC_2Y,1.1
2014-10-02,GoC_2Y,1.1
2014-10-03,GoC_2Y,1.13
2014-10-06,GoC_2Y,1.11
2014-10-07,GoC_2Y,1.08
2014-10-08,GoC_2Y,1.05
2014-10-09,GoC_2Y,1.06
2014-10-10,GoC_2Y,1.05
2014-10-14,GoC_2Y,0.98
2014-10-15,GoC_2Y,0.91
2014-10-16,GoC_2Y,0.92
2014-10-17,GoC_2Y,0.97
2014-10-20,GoC_2Y,0.96
2014-10-21,GoC_2Y,0.97
2014-10-22,GoC_2Y,0.99
2014-10-23,GoC_2Y,1.0
2014-10-24,GoC_2Y,1.0
2014-10-27,GoC_2Y,1.0
2014-10-28,GoC_2Y,1.01
2014-10-29,GoC_2Y,1.04
2014-10-30,GoC_2Y,1.04
2014-10-31,GoC_2Y,1.02
2014-11-03,GoC_2Y,0.99
2014-11-04,GoC_2Y,0.98
2014-11-05,GoC_2Y,1.0
2014-11-06,GoC_2Y,1.02
2014-11-07,GoC_2Y,1.02
2014-11-10,GoC_2Y,1.03
2014-11-12,GoC_2Y,1.01
2014-11-13,GoC_2Y,1.01
2014-11-14,GoC_2Y,1.01
2014-11-17,GoC_2Y,1.0
2014-11-18,GoC_2Y,1.0
2014-11-19,GoC_2Y,1.02
2014-11-20,GoC_2Y,1.01
2014-11-21,GoC_2Y,1.03
2014-11-24,GoC_2Y,1.02
2014-11-25,GoC_2Y,1.01
2014-11-26,GoC_2Y,1.0
2014-11-27,GoC_2Y,0.99
2014-11-28,GoC_2Y,0.95
2014-12-01,GoC_2Y,0.95
2014-12-02,GoC_2Y,1.01
2014-12-03,GoC_2Y,1.03
2014-12-04,GoC_2Y,1.01
2014-12-05,GoC_2Y,1.04
2014-12-08,GoC_2Y,1.02
2014-12-09,GoC_2Y,1.02
2014-12-10,GoC_2Y,0.99
2014-12-11,GoC_2Y,1.02
2014-12-12,GoC_2Y,0.97
2014-12-15,GoC_2Y,0.98
2014-12-16,GoC_2Y,0.95
2014-12-17,GoC_2Y,1.0
2014-12-18,GoC_2Y,1.02
2014-12-19,GoC_2Y,1.01
2014-12-22,GoC_2Y,1.02
2014-12-23,GoC_2Y,1.05
2014-12-24,GoC_2Y,1.06
2014-12-29,GoC_2Y,1.03
2014-12-30,GoC_2Y,1.02
2014-12-31,GoC_2Y,1.01
2015-01-02,GoC_2Y,1.0
2015-01-05,GoC_2Y,0.98
2015-01-06,GoC_2Y,0.96
2015-01-07,GoC_2Y,0.97
2015-01-08,GoC_2Y,0.98
2015-01-09,GoC_2Y,0.95
2015-01-12,GoC_2Y,0.92
2015-01-13,GoC_2Y,0.91
2015-01-14,GoC_2Y,0.88
2015-01-15,GoC_2Y,0.81
2015-01-16,GoC_2Y,0.87
2015-01-19,GoC_2Y,0.86
2015-01-20,GoC_2Y,0.85
2015-01-21,GoC_2Y,0.56
2015-01-22,GoC_2Y,0.55
2015-01-23,GoC_2Y,0.54
2015-01-26,GoC_2Y,0.52
2015-01-27,GoC_2Y,0.49
2015-01-28,GoC_2Y,0.44
2015-01-29,GoC_2Y,0.45
2015-01-30,GoC_2Y,0.39
2015-02-02,GoC_2Y,0.39
2015-02-03,GoC_2Y,0.43
2015-02-04,GoC_2Y,0.4
2015-02-05,GoC_2Y,0.43
2015-02-06,GoC_2Y,0.49
2015-02-09,GoC_2Y,0.48
2015-02-10,GoC_2Y,0.43
2015-02-11,GoC_2Y,0.43
2015-02-12,GoC_2Y,0.42
2015-02-13,GoC_2Y,0.43
2015-02-17,GoC_2Y,0.46
2015-02-18,GoC_2Y,0.42
2015-02-19,GoC_2Y,0.42
2015-02-20,GoC_2Y,0.41
2015-02-23,GoC_2Y,0.39
2015-02-24,GoC_2Y,0.46
2015-02-25,GoC_2Y,0.47
2015-02-26,GoC_2Y,0.5
2015-02-27,GoC_2Y,0.47
2015-03-02,GoC_2Y,0.49
2015-03-03,GoC_2Y,0.5
2015-03-04,GoC_2Y,0.61
2015-03-05,GoC_2Y,0.62
2015-03-06,GoC_2Y,0.62
2015-03-09,GoC_2Y,0.6
2015-03-10,GoC_2Y,0.59
2015-03-11,GoC_2Y,0.58
2015-03-12,GoC_2Y,0.57
2015-03-13,GoC_2Y,0.55
2015-03-16,GoC_2Y,0.54
2015-03-17,GoC_2Y,0.54
2015-03-18,GoC_2Y,0.49
2015-03-19,GoC_2Y,0.48
2015-03-20,GoC_2Y,0.46
2015-03-23,GoC_2Y,0.45
2015-03-24,GoC_2Y,0.46
2015-03-25,GoC_2Y,0.49
2015-03-26,GoC_2Y,0.58
2015-03-27,GoC_2Y,0.52
2015-03-30,GoC_2Y,0.51
2015-03-31,GoC_2Y,0.51
2015-04-01,GoC_2Y,0.49
2015-04-02,GoC_2Y,0.49
2015-04-06,GoC_2Y,0.5
2015-04-07,GoC_2Y,0.5
2015-04-08,GoC_2Y,0.5
2015-04-09,GoC_2Y,0.51
2015-04-10,GoC_2Y,0.52
2015-04-13,GoC_2Y,0.52
2015-04-14,GoC_2Y,0.51
2015-04-15,GoC_2Y,0.56
2015-04-16,GoC_2Y,0.58
2015-04-17,GoC_2Y,0.62
2015-04-20,GoC_2Y,0.64
2015-04-21,GoC_2Y,0.64
2015-04-22,GoC_2Y,0.67
2015-04-23,GoC_2Y,0.66
2015-04-24,GoC_2Y,0.63
2015-04-27,GoC_2Y,0.64
2015-04-28,GoC_2Y,0.67
2015-04-29,GoC_2Y,0.68
2015-04-30,GoC_2Y,0.68
2015-05-01,GoC_2Y,0.71
2015-05-04,GoC_2Y,0.71
2015-05-05,GoC_2Y,0.69
2015-05-06,GoC_2Y,0.69
2015-05-07,GoC_2Y,0.68
2015-05-08,GoC_2Y,0.66
2015-05-11,GoC_2Y,0.7
2015-05-12,GoC_2Y,0.69
2015-05-13,GoC_2Y,0.69
2015-05-14,GoC_2Y,0.67
2015-05-15,GoC_2Y,0.64
2015-05-19,GoC_2Y,0.69
2015-05-20,GoC_2Y,0.68
2015-05-21,GoC_2Y,0.67
2015-05-22,GoC_2Y,0.68
2015-05-25,GoC_2Y,0.67
2015-05-26,GoC_2Y,0.65
2015-05-27,GoC_2Y,0.63
2015-05-28,GoC_2Y,0.62
2015-05-29,GoC_2Y,0.57
2015-06-01,GoC_2Y,0.56
2015-06-02,GoC_2Y,0.59
2015-06-03,GoC_2Y,0.61
2015-06-04,GoC_2Y,0.57
2015-06-05,GoC_2Y,0.64
2015-06-08,GoC_2Y,0.63
2015-06-09,GoC_2Y,0.66
2015-06-10,GoC_2Y,0.68
2015-06-11,GoC_2Y,0.66
2015-06-12,GoC_2Y,0.64
2015-06-15,GoC_2Y,0.62
2015-06-16,GoC_2Y,0.61
2015-06-17,GoC_2Y,0.61
2015-06-18,GoC_2Y,0.62
2015-06-19,GoC_2Y,0.59
2015-06-22,GoC_2Y,0.62
2015-06-23,GoC_2Y,0.63
2015-06-24,GoC_2Y,0.6
2015-06-25,GoC_2Y,0.62
2015-06-26,GoC_2Y,0.63
2015-06-29,GoC_2Y,0.56
2015-06-30,GoC_2Y,0.49
2015-07-02,GoC_2Y,0.48
2015-07-03,GoC_2Y,0.48
2015-07-06,GoC_2Y,0.46
2015-07-07,GoC_2Y,0.47
2015-07-08,GoC_2Y,0.43
2015-07-09,GoC_2Y,0.46
2015-07-10,GoC_2Y,0.5
2015-07-13,GoC_2Y,0.47
2015-07-14,GoC_2Y,0.45
2015-07-15,GoC_2Y,0.39
2015-07-16,GoC_2Y,0.41
2015-07-17,GoC_2Y,0.42
2015-07-20,GoC_2Y,0.42
2015-07-21,GoC_2Y,0.43
2015-07-22,GoC_2Y,0.43
2015-07-23,GoC_2Y,0.42
2015-07-24,GoC_2Y,0.43
2015-07-27,GoC_2Y,0.41
2015-07-28,GoC_2Y,0.44
2015-07-29,GoC_2Y,0.46
2015-07-30,GoC_2Y,0.45
2015-07-31,GoC_2Y,0.41
2015-08-04,GoC_2Y,0.4
2015-08-05,GoC_2Y,0.43
2015-08-06,GoC_2Y,0.44
2015-08-07,GoC_2Y,0.44
2015-08-10,GoC_2Y,0.46
2015-08-11,GoC_2Y,0.42
2015-08-12,GoC_2Y,0.42
2015-08-13,GoC_2Y,0.41
2015-08-14,GoC_2Y,0.41
2015-08-17,GoC_2Y,0.41
2015-08-18,GoC_2Y,0.41
2015-08-19,GoC_2Y,0.37
2015-08-20,GoC_2Y,0.35
2015-08-21,GoC_2Y,0.33
2015-08-24,GoC_2Y,0.32
2015-08-25,GoC_2Y,0.36
2015-08-26,GoC_2Y,0.39
2015-08-27,GoC_2Y,0.4
2015-08-28,GoC_2Y,0.42
2015-08-31,GoC_2Y,0.44
2015-09-01,GoC_2Y,0.42
2015-09-02,GoC_2Y,0.42
2015-09-03,GoC_2Y,0.43
2015-09-04,GoC_2Y,0.44
2015-09-08,GoC_2Y,0.44
2015-09-09,GoC_2Y,0.46
2015-09-10,GoC_2Y,0.46
2015-09-11,GoC_2Y,0.46
2015-09-14,GoC_2Y,0.45
2015-09-15,GoC_2Y,0.49
2015-09-16,GoC_2Y,0.52
2015-09-17,GoC_2Y,0.48
2015-09-18,GoC_2Y,0.46
2015-09-21,GoC_2Y,0.52
2015-09-22,GoC_2Y,0.5
2015-09-23,GoC_2Y,0.51
2015-09-24,GoC_2Y,0.51
2015-09-25,GoC_2Y,0.54
2015-09-28,GoC_2Y,0.5
2015-09-29,GoC_2Y,0.5
2015-09-30,GoC_2Y,0.53
2015-10-01,GoC_2Y,0.52
2015-10-02,GoC_2Y,0.5
2015-10-05,GoC_2Y,0.51
2015-10-06,GoC_2Y,0.51
2015-10-07,GoC_2Y,0.53
2015-10-08,GoC_2Y,0.55
2015-10-09,GoC_2Y,0.56
2015-10-13,GoC_2Y,0.54
2015-10-14,GoC_2Y,0.52
2015-10-15,GoC_2Y,0.53
2015-10-16,GoC_2Y,0.53
2015-10-19,GoC_2Y,0.52
2015-10-20,GoC_2Y,0.55
2015-10-21,GoC_2Y,0.53
2015-10-22,GoC_2Y,0.52
2015-10-23,GoC_2Y,0.53
2015-10-26,GoC_2Y,0.52
2015-10-27,GoC_2Y,0.49
2015-10-28,GoC_2Y,0.54
2015-10-29,GoC_2Y,0.57
2015-10-30,GoC_2Y,0.57
2015-11-02,GoC_2Y,0.58
2015-11-03,GoC_2Y,0.59
2015-11-04,GoC_2Y,0.62
2015-11-05,GoC_2Y,0.63
2015-11-06,GoC_2Y,0.67
2015-11-09,GoC_2Y,0.67
2015-11-10,GoC_2Y,0.66
2015-11-12,GoC_2Y,0.65
2015-11-13,GoC_2Y,0.61
2015-11-16,GoC_2Y,0.61
2015-11-17,GoC_2Y,0.62
2015-11-18,GoC_2Y,0.64
2015-11-19,GoC_2Y,0.62
2015-11-20,GoC_2Y,0.61
2015-11-23,GoC_2Y,0.62
2015-11-24,GoC_2Y,0.62
2015-11-25,GoC_2Y,0.63
2015-11-26,GoC_2Y,0.62
2015-11-27,GoC_2Y,0.63
2015-11-30,GoC_2Y,0.63
2015-12-01,GoC_2Y,0.6
2015-12-02,GoC_2Y,0.62
2015-12-03,GoC_2Y,0.65
2015-12-04,GoC_2Y,0.62
2015-12-07,GoC_2Y,0.6
2015-12-08,GoC_2Y,0.57
2015-12-09,GoC_2Y,0.54
2015-12-10,GoC_2Y,0.54
2015-12-11,GoC_2Y,0.48
2015-12-14,GoC_2Y,0.5
2015-12-15,GoC_2Y,0.52
2015-12-16,GoC_2Y,0.55
2015-12-17,GoC_2Y,0.52
2015-12-18,GoC_2Y,0.5
2015-12-21,GoC_2Y,0.49
2015-12-22,GoC_2Y,0.52
2015-12-23,GoC_2Y,0.5
2015-12-24,GoC_2Y,0.49
2015-12-29,GoC_2Y,0.5
2015-12-30,GoC_2Y,0.48
2015-12-31,GoC_2Y,0.48
2016-01-04,GoC_2Y,0.46
2016-01-05,GoC_2Y,0.45
2016-01-06,GoC_2Y,0.41
2016-01-07,GoC_2Y,0.41
2016-01-08,GoC_2Y,0.42
2016-01-11,GoC_2Y,0.39
2016-01-12,GoC_2Y,0.34
2016-01-13,GoC_2Y,0.3
2016-01-14,GoC_2Y,0.31
2016-01-15,GoC_2Y,0.28
2016-01-18,GoC_2Y,0.31
2016-01-19,GoC_2Y,0.29
2016-01-20,GoC_2Y,0.38
2016-01-21,GoC_2Y,0.44
2016-01-22,GoC_2Y,0.45
2016-01-25,GoC_2Y,0.42
2016-01-26,GoC_2Y,0.43
2016-01-27,GoC_2Y,0.42
2016-01-28,GoC_2Y,0.43
2016-01-29,GoC_2Y,0.42
2016-02-01,GoC_2Y,0.42
2016-02-02,GoC_2Y,0.38
2016-02-03,GoC_2Y,0.4
2016-02-04,GoC_2Y,0.39
2016-02-05,GoC_2Y,0.37
2016-02-08,GoC_2Y,0.34
2016-02-09,GoC_2Y,0.35
2016-02-10,GoC_2Y,0.35
2016-02-11,GoC_2Y,0.36
2016-02-12,GoC_2Y,0.44
2016-02-16,GoC_2Y,0.46
2016-02-17,GoC_2Y,0.48
2016-02-18,GoC_2Y,0.43
2016-02-19,GoC_2Y,0.45
2016-02-22,GoC_2Y,0.45
2016-02-23,GoC_2Y,0.47
2016-02-24,GoC_2Y,0.49
2016-02-25,GoC_2Y,0.49
2016-02-26,GoC_2Y,0.51
2016-02-29,GoC_2Y,0.51
2016-03-01,GoC_2Y,0.53
2016-03-02,GoC_2Y,0.54
2016-03-03,GoC_2Y,0.51
2016-03-04,GoC_2Y,0.52
2016-03-07,GoC_2Y,0.53
2016-03-08,GoC_2Y,0.5
2016-03-09,GoC_2Y,0.53
2016-03-10,GoC_2Y,0.56
2016-03-11,GoC_2Y,0.58
2016-03-14,GoC_2Y,0.58
2016-03-15,GoC_2Y,0.58
2016-03-16,GoC_2Y,0.55
2016-03-17,GoC_2Y,0.53
2016-03-18,GoC_2Y,0.54
2016-03-21,GoC_2Y,0.56
2016-03-22,GoC_2Y,0.56
2016-03-23,GoC_2Y,0.56
2016-03-24,GoC_2Y,0.56
2016-03-28,GoC_2Y,0.56
2016-03-29,GoC_2Y,0.51
2016-03-30,GoC_2Y,0.53
2016-03-31,GoC_2Y,0.54
2016-04-01,GoC_2Y,0.54
2016-04-04,GoC_2Y,0.55
2016-04-05,GoC_2Y,0.52
2016-04-06,GoC_2Y,0.54
2016-04-07,GoC_2Y,0.53
2016-04-08,GoC_2Y,0.56
2016-04-11,GoC_2Y,0.56
2016-04-12,GoC_2Y,0.58
2016-04-13,GoC_2Y,0.57
2016-04-14,GoC_2Y,0.6
2016-04-15,GoC_2Y,0.59
2016-04-18,GoC_2Y,0.6
2016-04-19,GoC_2Y,0.61
2016-04-20,GoC_2Y,0.62
2016-04-21,GoC_2Y,0.63
2016-04-22,GoC_2Y,0.67
2016-04-25,GoC_2Y,0.7
2016-04-26,GoC_2Y,0.7
2016-04-27,GoC_2Y,0.68
2016-04-28,GoC_2Y,0.67
2016-04-29,GoC_2Y,0.68
2016-05-02,GoC_2Y,0.69
2016-05-03,GoC_2Y,0.64
2016-05-04,GoC_2Y,0.58
2016-05-05,GoC_2Y,0.57
2016-05-06,GoC_2Y,0.56
2016-05-09,GoC_2Y,0.53
2016-05-10,GoC_2Y,0.52
2016-05-11,GoC_2Y,0.53
2016-05-12,GoC_2Y,0.56
2016-05-13,GoC_2Y,0.55
2016-05-16,GoC_2Y,0.56
2016-05-17,GoC_2Y,0.58
2016-05-18,GoC_2Y,0.63
2016-05-19,GoC_2Y,0.62
2016-05-20,GoC_2Y,0.62
2016-05-24,GoC_2Y,0.63
2016-05-25,GoC_2Y,0.63
2016-05-26,GoC_2Y,0.62
2016-05-27,GoC_2Y,0.65
2016-05-30,GoC_2Y,0.65
2016-05-31,GoC_2Y,0.61
2016-06-01,GoC_2Y,0.59
2016-06-02,GoC_2Y,0.57
2016-06-03,GoC_2Y,0.5
2016-06-06,GoC_2Y,0.54
2016-06-07,GoC_2Y,0.52
2016-06-08,GoC_2Y,0.52
2016-06-09,GoC_2Y,0.51
2016-06-10,GoC_2Y,0.49
2016-06-13,GoC_2Y,0.49
2016-06-14,GoC_2Y,0.5
2016-06-15,GoC_2Y,0.48
2016-06-16,GoC_2Y,0.51
2016-06-17,GoC_2Y,0.52
2016-06-20,GoC_2Y,0.57
2016-06-21,GoC_2Y,0.6
2016-06-22,GoC_2Y,0.6
2016-06-23,GoC_2Y,0.62
2016-06-24,GoC_2Y,0.54
2016-06-27,GoC_2Y,0.49
2016-06-28,GoC_2Y,0.49
2016-06-29,GoC_2Y,0.54
2016-06-30,GoC_2Y,0.52
2016-07-04,GoC_2Y,0.51
2016-07-05,GoC_2Y,0.49
2016-07-06,GoC_2Y,0.48
2016-07-07,GoC_2Y,0.47
2016-07-08,GoC_2Y,0.47
2016-07-11,GoC_2Y,0.47
2016-07-12,GoC_2Y,0.5
2016-07-13,GoC_2Y,0.5
2016-07-14,GoC_2Y,0.54
2016-07-15,GoC_2Y,0.58
2016-07-18,GoC_2Y,0.58
2016-07-19,GoC_2Y,0.57
2016-07-20,GoC_2Y,0.6
2016-07-21,GoC_2Y,0.57
2016-07-22,GoC_2Y,0.56
2016-07-25,GoC_2Y,0.58
2016-07-26,GoC_2Y,0.59
2016-07-27,GoC_2Y,0.58
2016-07-28,GoC_2Y,0.58
2016-07-29,GoC_2Y,0.54
2016-08-02,GoC_2Y,0.55
2016-08-03,GoC_2Y,0.56
2016-08-04,GoC_2Y,0.54
2016-08-05,GoC_2Y,0.52
2016-08-08,GoC_2Y,0.51
2016-08-09,GoC_2Y,0.5
2016-08-10,GoC_2Y,0.5
2016-08-11,GoC_2Y,0.54
2016-08-12,GoC_2Y,0.52
2016-08-15,GoC_2Y,0.54
2016-08-16,GoC_2Y,0.56
2016-08-17,GoC_2Y,0.57
2016-08-18,GoC_2Y,0.57
2016-08-19,GoC_2Y,0.57
2016-08-22,GoC_2Y,0.55
2016-08-23,GoC_2Y,0.55
2016-08-24,GoC_2Y,0.57
2016-08-25,GoC_2Y,0.58
2016-08-26,GoC_2Y,0.6
2016-08-29,GoC_2Y,0.59
2016-08-30,GoC_2Y,0.59
2016-08-31,GoC_2Y,0.58
2016-09-01,GoC_2Y,0.56
2016-09-02,GoC_2Y,0.59
2016-09-06,GoC_2Y,0.57
2016-09-07,GoC_2Y,0.54
2016-09-08,GoC_2Y,0.57
2016-09-09,GoC_2Y,0.58
2016-09-12,GoC_2Y,0.58
2016-09-13,GoC_2Y,0.6
2016-09-14,GoC_2Y,0.58
2016-09-15,GoC_2Y,0.57
2016-09-16,GoC_2Y,0.58
2016-09-19,GoC_2Y,0.58
2016-09-20,GoC_2Y,0.57
2016-09-21,GoC_2Y,0.57
2016-09-22,GoC_2Y,0.57
2016-09-23,GoC_2Y,0.52
2016-09-26,GoC_2Y,0.5
2016-09-27,GoC_2Y,0.49
2016-09-28,GoC_2Y,0.51
2016-09-29,GoC_2Y,0.49
2016-09-30,GoC_2Y,0.52
2016-10-03,GoC_2Y,0.53
2016-10-04,GoC_2Y,0.55
2016-10-05,GoC_2Y,0.58
2016-10-06,GoC_2Y,0.58
2016-10-07,GoC_2Y,0.59
2016-10-11,GoC_2Y,0.6
2016-10-12,GoC_2Y,0.6
2016-10-13,GoC_2Y,0.6
2016-10-14,GoC_2Y,0.62
2016-10-17,GoC_2Y,0.6
2016-10-18,GoC_2Y,0.59
2016-10-19,GoC_2Y,0.56
2016-10-20,GoC_2Y,0.55
2016-10-21,GoC_2Y,0.52
2016-10-24,GoC_2Y,0.53
2016-10-25,GoC_2Y,0.54
2016-10-26,GoC_2Y,0.56
2016-10-27,GoC_2Y,0.58
2016-10-28,GoC_2Y,0.57
2016-10-31,GoC_2Y,0.55
2016-11-01,GoC_2Y,0.55
2016-11-02,GoC_2Y,0.54
2016-11-03,GoC_2Y,0.54
2016-11-04,GoC_2Y,0.52
2016-11-07,GoC_2Y,0.55
2016-11-08,GoC_2Y,0.58
2016-11-09,GoC_2Y,0.59
2016-11-10,GoC_2Y,0.62
2016-11-14,GoC_2Y,0.66
2016-11-15,GoC_2Y,0.66
2016-11-16,GoC_2Y,0.66
2016-11-17,GoC_2Y,0.67
2016-11-18,GoC_2Y,0.67
2016-11-21,GoC_2Y,0.67
2016-11-22,GoC_2Y,0.65
2016-11-23,GoC_2Y,0.67
2016-11-24,GoC_2Y,0.68
2016-11-25,GoC_2Y,0.67
2016-11-28,GoC_2Y,0.66
2016-11-29,GoC_2Y,0.67
2016-11-30,GoC_2Y,0.7
2016-12-01,GoC_2Y,0.75
2016-12-02,GoC_2Y,0.73
2016-12-05,GoC_2Y,0.74
2016-12-06,GoC_2Y,0.72
2016-12-07,GoC_2Y,0.7
2016-12-08,GoC_2Y,0.72
2016-12-09,GoC_2Y,0.74
2016-12-12,GoC_2Y,0.76
2016-12-13,GoC_2Y,0.77
2016-12-14,GoC_2Y,0.8
2016-12-15,GoC_2Y,0.82
2016-12-16,GoC_2Y,0.82
2016-12-19,GoC_2Y,0.8
2016-12-20,GoC_2Y,0.82
2016-12-21,GoC_2Y,0.83
2016-12-22,GoC_2Y,0.83
2016-12-23,GoC_2Y,0.79
2016-12-28,GoC_2Y,0.78
2016-12-29,GoC_2Y,0.76
2016-12-30,GoC_2Y,0.74
2017-01-03,GoC_2Y,0.77
2017-01-04,GoC_2Y,0.75
2017-01-05,GoC_2Y,0.72
2017-01-06,GoC_2Y,0.76
2017-01-09,GoC_2Y,0.75
2017-01-10,GoC_2Y,0.75
2017-01-11,GoC_2Y,0.75
2017-01-12,GoC_2Y,0.77
2017-01-13,GoC_2Y,0.79
2017-01-16,GoC_2Y,0.79
2017-01-17,GoC_2Y,0.78
2017-01-18,GoC_2Y,0.76
2017-01-19,GoC_2Y,0.79
2017-01-20,GoC_2Y,0.77
2017-01-23,GoC_2Y,0.75
2017-01-24,GoC_2Y,0.78
2017-01-25,GoC_2Y,0.82
2017-01-26,GoC_2Y,0.81
2017-01-27,GoC_2Y,0.8
2017-01-30,GoC_2Y,0.79
2017-01-31,GoC_2Y,0.77
2017-02-01,GoC_2Y,0.77
2017-02-02,GoC_2Y,0.77
2017-02-03,GoC_2Y,0.77
2017-02-06,GoC_2Y,0.74
2017-02-07,GoC_2Y,0.74
2017-02-08,GoC_2Y,0.72
2017-02-09,GoC_2Y,0.75
2017-02-10,GoC_2Y,0.77
2017-02-13,GoC_2Y,0.78
2017-02-14,GoC_2Y,0.8
2017-02-15,GoC_2Y,0.81
2017-02-16,GoC_2Y,0.79
2017-02-17,GoC_2Y,0.77
2017-02-21,GoC_2Y,0.78
2017-02-22,GoC_2Y,0.78
2017-02-23,GoC_2Y,0.76
2017-02-24,GoC_2Y,0.75
2017-02-27,GoC_2Y,0.76
2017-02-28,GoC_2Y,0.74
2017-03-01,GoC_2Y,0.76
2017-03-02,GoC_2Y,0.78
2017-03-03,GoC_2Y,0.76
2017-03-06,GoC_2Y,0.76
2017-03-07,GoC_2Y,0.79
2017-03-08,GoC_2Y,0.82
2017-03-09,GoC_2Y,0.82
2017-03-10,GoC_2Y,0.84
2017-03-13,GoC_2Y,0.87
2017-03-14,GoC_2Y,0.85
2017-03-15,GoC_2Y,0.8
2017-03-16,GoC_2Y,0.82
2017-03-17,GoC_2Y,0.8
2017-03-20,GoC_2Y,0.79
2017-03-21,GoC_2Y,0.79
2017-03-22,GoC_2Y,0.77
2017-03-23,GoC_2Y,0.76
2017-03-24,GoC_2Y,0.74
2017-03-27,GoC_2Y,0.73
2017-03-28,GoC_2Y,0.74
2017-03-29,GoC_2Y,0.72
2017-03-30,GoC_2Y,0.74
2017-03-31,GoC_2Y,0.75
2017-04-03,GoC_2Y,0.73
2017-04-04,GoC_2Y,0.74
2017-04-05,GoC_2Y,0.72
2017-04-06,GoC_2Y,0.72
2017-04-07,GoC_2Y,0.76
2017-04-10,GoC_2Y,0.76
2017-04-11,GoC_2Y,0.73
2017-04-12,GoC_2Y,0.73
2017-04-13,GoC_2Y,0.73
2017-04-17,GoC_2Y,0.73
2017-04-18,GoC_2Y,0.69
2017-04-19,GoC_2Y,0.7
2017-04-20,GoC_2Y,0.74
2017-04-21,GoC_2Y,0.71
2017-04-24,GoC_2Y,0.74
2017-04-25,GoC_2Y,0.76
2017-04-26,GoC_2Y,0.74
2017-04-27,GoC_2Y,0.73
2017-04-28,GoC_2Y,0.72
2017-05-01,GoC_2Y,0.72
2017-05-02,GoC_2Y,0.67
2017-05-03,GoC_2Y,0.7
2017-05-04,GoC_2Y,0.68
2017-05-05,GoC_2Y,0.68
2017-05-08,GoC_2Y,0.7
2017-05-09,GoC_2Y,0.72
2017-05-10,GoC_2Y,0.71
2017-05-11,GoC_2Y,0.7
2017-05-12,GoC_2Y,0.68
2017-05-15,GoC_2Y,0.69
2017-05-16,GoC_2Y,0.7
2017-05-17,GoC_2Y,0.66
2017-05-18,GoC_2Y,0.67
2017-05-19,GoC_2Y,0.68
2017-05-23,GoC_2Y,0.69
2017-05-24,GoC_2Y,0.72
2017-05-25,GoC_2Y,0.72
2017-05-26,GoC_2Y,0.71
2017-05-29,GoC_2Y,0.71
2017-05-30,GoC_2Y,0.7
2017-05-31,GoC_2Y,0.69
2017-06-01,GoC_2Y,0.7
2017-06-02,GoC_2Y,0.69
2017-06-05,GoC_2Y,0.71
2017-06-06,GoC_2Y,0.71
2017-06-07,GoC_2Y,0.71
2017-06-08,GoC_2Y,0.71
2017-06-09,GoC_2Y,0.74
2017-06-12,GoC_2Y,0.83
2017-06-13,GoC_2Y,0.91
2017-06-14,GoC_2Y,0.88
2017-06-15,GoC_2Y,0.91
2017-06-16,GoC_2Y,0.89
2017-06-19,GoC_2Y,0.94
2017-06-20,GoC_2Y,0.91
2017-06-21,GoC_2Y,0.91
2017-06-22,GoC_2Y,0.93
2017-06-23,GoC_2Y,0.9
2017-06-26,GoC_2Y,0.9
2017-06-27,GoC_2Y,0.96
2017-06-28,GoC_2Y,1.04
2017-06-29,GoC_2Y,1.08
2017-06-30,GoC_2Y,1.09
2017-07-04,GoC_2Y,1.13
2017-07-05,GoC_2Y,1.13
2017-07-06,GoC_2Y,1.13
2017-07-07,GoC_2Y,1.16
2017-07-10,GoC_2Y,1.15
2017-07-11,GoC_2Y,1.12
2017-07-12,GoC_2Y,1.19
2017-07-13,GoC_2Y,1.22
2017-07-14,GoC_2Y,1.19
2017-07-17,GoC_2Y,1.19
2017-07-18,GoC_2Y,1.19
2017-07-19,GoC_2Y,1.22
2017-07-20,GoC_2Y,1.24
2017-07-21,GoC_2Y,1.25
2017-07-24,GoC_2Y,1.27
2017-07-25,GoC_2Y,1.32
2017-07-26,GoC_2Y,1.28
2017-07-27,GoC_2Y,1.3
2017-07-28,GoC_2Y,1.33
2017-07-31,GoC_2Y,1.31
2017-08-01,GoC_2Y,1.26
2017-08-02,GoC_2Y,1.25
2017-08-03,GoC_2Y,1.24
2017-08-04,GoC_2Y,1.24
2017-08-08,GoC_2Y,1.25
2017-08-09,GoC_2Y,1.24
2017-08-10,GoC_2Y,1.22
2017-08-11,GoC_2Y,1.21
2017-08-14,GoC_2Y,1.22
2017-08-15,GoC_2Y,1.24
2017-08-16,GoC_2Y,1.23
2017-08-17,GoC_2Y,1.23
2017-08-18,GoC_2Y,1.24
2017-08-21,GoC_2Y,1.24
2017-08-22,GoC_2Y,1.27
2017-08-23,GoC_2Y,1.26
2017-08-24,GoC_2Y,1.27
2017-08-25,GoC_2Y,1.26
2017-08-28,GoC_2Y,1.26
2017-08-29,GoC_2Y,1.24
2017-08-30,GoC_2Y,1.24
2017-08-31,GoC_2Y,1.27
2017-09-01,GoC_2Y,1.34
2017-09-05,GoC_2Y,1.34
2017-09-06,GoC_2Y,1.44
2017-09-07,GoC_2Y,1.47
2017-09-08,GoC_2Y,1.52
2017-09-11,GoC_2Y,1.54
2017-09-12,GoC_2Y,1.54
2017-09-13,GoC_2Y,1.56
2017-09-14,GoC_2Y,1.58
2017-09-15,GoC_2Y,1.6
2017-09-18,GoC_2Y,1.57
2017-09-19,GoC_2Y,1.55
2017-09-20,GoC_2Y,1.58
2017-09-21,GoC_2Y,1.59
2017-09-22,GoC_2Y,1.6
2017-09-25,GoC_2Y,1.59
2017-09-26,GoC_2Y,1.6
2017-09-27,GoC_2Y,1.58
2017-09-28,GoC_2Y,1.54
2017-09-29,GoC_2Y,1.52
2017-10-02,GoC_2Y,1.53
2017-10-03,GoC_2Y,1.52
2017-10-04,GoC_2Y,1.53
2017-10-05,GoC_2Y,1.52
2017-10-06,GoC_2Y,1.55
2017-10-10,GoC_2Y,1.55
2017-10-11,GoC_2Y,1.55
2017-10-12,GoC_2Y,1.56
2017-10-13,GoC_2Y,1.54
2017-10-16,GoC_2Y,1.52
2017-10-17,GoC_2Y,1.51
2017-10-18,GoC_2Y,1.51
2017-10-19,GoC_2Y,1.49
2017-10-20,GoC_2Y,1.47
2017-10-23,GoC_2Y,1.47
2017-10-24,GoC_2Y,1.49
2017-10-25,GoC_2Y,1.46
2017-10-26,GoC_2Y,1.45
2017-10-27,GoC_2Y,1.42
2017-10-30,GoC_2Y,1.4
2017-10-31,GoC_2Y,1.39
2017-11-01,GoC_2Y,1.41
2017-11-02,GoC_2Y,1.41
2017-11-03,GoC_2Y,1.44
2017-11-06,GoC_2Y,1.42
2017-11-07,GoC_2Y,1.4
2017-11-08,GoC_2Y,1.42
2017-11-09,GoC_2Y,1.45
2017-11-10,GoC_2Y,1.46
2017-11-14,GoC_2Y,1.46
2017-11-15,GoC_2Y,1.44
2017-11-16,GoC_2Y,1.48
2017-11-17,GoC_2Y,1.45
2017-11-20,GoC_2Y,1.47
2017-11-21,GoC_2Y,1.46
2017-11-22,GoC_2Y,1.45
2017-11-23,GoC_2Y,1.43
2017-11-24,GoC_2Y,1.44
2017-11-27,GoC_2Y,1.43
2017-11-28,GoC_2Y,1.42
2017-11-29,GoC_2Y,1.43
2017-11-30,GoC_2Y,1.43
2017-12-01,GoC_2Y,1.52
2017-12-04,GoC_2Y,1.55
2017-12-05,GoC_2Y,1.54
2017-12-06,GoC_2Y,1.49
2017-12-07,GoC_2Y,1.49
2017-12-08,GoC_2Y,1.5
2017-12-11,GoC_2Y,1.51
2017-12-12,GoC_2Y,1.52
2017-12-13,GoC_2Y,1.5
2017-12-14,GoC_2Y,1.57
2017-12-15,GoC_2Y,1.55
2017-12-18,GoC_2Y,1.57
2017-12-19,GoC_2Y,1.6
2017-12-20,GoC_2Y,1.63
2017-12-21,GoC_2Y,1.68
2017-12-22,GoC_2Y,1.66
2017-12-27,GoC_2Y,1.66
2017-12-28,GoC_2Y,1.69
2017-12-29,GoC_2Y,1.68
2018-01-02,GoC_2Y,1.7
2018-01-03,GoC_2Y,1.68
2018-01-04,GoC_2Y,1.7
2018-01-05,GoC_2Y,1.77
2018-01-08,GoC_2Y,1.78
2018-01-09,GoC_2Y,1.79
2018-01-10,GoC_2Y,1.73
2018-01-11,GoC_2Y,1.76
2018-01-12,GoC_2Y,1.76
2018-01-15,GoC_2Y,1.77
2018-01-16,GoC_2Y,1.78
2018-01-17,GoC_2Y,1.78
2018-01-18,GoC_2Y,1.81
2018-01-19,GoC_2Y,1.8
2018-01-22,GoC_2Y,1.8
2018-01-23,GoC_2Y,1.8
2018-01-24,GoC_2Y,1.81
2018-01-25,GoC_2Y,1.8
2018-01-26,GoC_2Y,1.81
2018-01-29,GoC_2Y,1.82
2018-01-30,GoC_2Y,1.83
2018-01-31,GoC_2Y,1.84
2018-02-01,GoC_2Y,1.86
2018-02-02,GoC_2Y,1.85
2018-02-05,GoC_2Y,1.81
2018-02-06,GoC_2Y,1.83
2018-02-07,GoC_2Y,1.85
2018-02-08,GoC_2Y,1.83
2018-02-09,GoC_2Y,1.78
2018-02-12,GoC_2Y,1.78
2018-02-13,GoC_2Y,1.78
2018-02-14,GoC_2Y,1.82
2018-02-15,GoC_2Y,1.84
2018-02-16,GoC_2Y,1.82
2018-02-20,GoC_2Y,1.82
2018-02-21,GoC_2Y,1.84
2018-02-22,GoC_2Y,1.8
2018-02-23,GoC_2Y,1.78
2018-02-26,GoC_2Y,1.79
2018-02-27,GoC_2Y,1.8
2018-02-28,GoC_2Y,1.78
2018-03-01,GoC_2Y,1.76
2018-03-02,GoC_2Y,1.77
2018-03-05,GoC_2Y,1.75
2018-03-06,GoC_2Y,1.77
2018-03-07,GoC_2Y,1.77
2018-03-08,GoC_2Y,1.78
2018-03-09,GoC_2Y,1.83
2018-03-12,GoC_2Y,1.83
2018-03-13,GoC_2Y,1.79
2018-03-14,GoC_2Y,1.77
2018-03-15,GoC_2Y,1.75
2018-03-16,GoC_2Y,1.76
2018-03-19,GoC_2Y,1.78
2018-03-20,GoC_2Y,1.81
2018-03-21,GoC_2Y,1.86
2018-03-22,GoC_2Y,1.82
2018-03-23,GoC_2Y,1.85
2018-03-26,GoC_2Y,1.88
2018-03-27,GoC_2Y,1.83
2018-03-28,GoC_2Y,1.8
2018-03-29,GoC_2Y,1.77
2018-04-02,GoC_2Y,1.77
2018-04-03,GoC_2Y,1.8
2018-04-04,GoC_2Y,1.81
2018-04-05,GoC_2Y,1.81
2018-04-06,GoC_2Y,1.79
2018-04-09,GoC_2Y,1.79
2018-04-10,GoC_2Y,1.82
2018-04-11,GoC_2Y,1.85
2018-04-12,GoC_2Y,1.88
2018-04-13,GoC_2Y,1.86
2018-04-16,GoC_2Y,1.87
2018-04-17,GoC_2Y,1.88
2018-04-18,GoC_2Y,1.88
2018-04-19,GoC_2Y,1.91
2018-04-20,GoC_2Y,1.93
2018-04-23,GoC_2Y,1.92
2018-04-24,GoC_2Y,1.91
2018-04-25,GoC_2Y,1.93
2018-04-26,GoC_2Y,1.91
2018-04-27,GoC_2Y,1.89
2018-04-30,GoC_2Y,1.89
2018-05-01,GoC_2Y,1.93
2018-05-02,GoC_2Y,1.94
2018-05-03,GoC_2Y,1.91
2018-05-04,GoC_2Y,1.91
2018-05-07,GoC_2Y,1.91
2018-05-08,GoC_2Y,1.93
2018-05-09,GoC_2Y,1.95
2018-05-10,GoC_2Y,1.97
2018-05-11,GoC_2Y,1.96
2018-05-14,GoC_2Y,1.99
2018-05-15,GoC_2Y,2.04
2018-05-16,GoC_2Y,2.05
2018-05-17,GoC_2Y,2.06
2018-05-18,GoC_2Y,2.03
2018-05-22,GoC_2Y,2.04
2018-05-23,GoC_2Y,2.02
2018-05-24,GoC_2Y,1.99
2018-05-25,GoC_2Y,1.96
2018-05-28,GoC_2Y,1.93
2018-05-29,GoC_2Y,1.84
2018-05-30,GoC_2Y,1.92
2018-05-31,GoC_2Y,1.9
2018-06-01,GoC_2Y,1.92
2018-06-04,GoC_2Y,1.93
2018-06-05,GoC_2Y,1.91
2018-06-06,GoC_2Y,1.94
2018-06-07,GoC_2Y,1.9
2018-06-08,GoC_2Y,1.92
2018-06-11,GoC_2Y,1.9
2018-06-12,GoC_2Y,1.9
2018-06-13,GoC_2Y,1.94
2018-06-14,GoC_2Y,1.93
2018-06-15,GoC_2Y,1.89
2018-06-18,GoC_2Y,1.87
2018-06-19,GoC_2Y,1.84
2018-06-20,GoC_2Y,1.85
2018-06-21,GoC_2Y,1.82
2018-06-22,GoC_2Y,1.79
2018-06-25,GoC_2Y,1.77
2018-06-26,GoC_2Y,1.8
2018-06-27,GoC_2Y,1.77
2018-06-28,GoC_2Y,1.85
2018-06-29,GoC_2Y,1.91
2018-07-03,GoC_2Y,1.89
2018-07-04,GoC_2Y,1.91
2018-07-05,GoC_2Y,1.91
2018-07-06,GoC_2Y,1.91
2018-07-09,GoC_2Y,1.94
2018-07-10,GoC_2Y,1.94
2018-07-11,GoC_2Y,1.95
2018-07-12,GoC_2Y,1.94
2018-07-13,GoC_2Y,1.92
2018-07-16,GoC_2Y,1.93
2018-07-17,GoC_2Y,1.92
2018-07-18,GoC_2Y,1.93
2018-07-19,GoC_2Y,1.93
2018-07-20,GoC_2Y,1.97
2018-07-23,GoC_2Y,2.0
2018-07-24,GoC_2Y,2.0
2018-07-25,GoC_2Y,2.05
2018-07-26,GoC_2Y,2.05
2018-07-27,GoC_2Y,2.06
2018-07-30,GoC_2Y,2.05
2018-07-31,GoC_2Y,2.07
2018-08-01,GoC_2Y,2.08
2018-08-02,GoC_2Y,2.08
2018-08-03,GoC_2Y,2.09
2018-08-07,GoC_2Y,2.13
2018-08-08,GoC_2Y,2.13
2018-08-09,GoC_2Y,2.11
2018-08-10,GoC_2Y,2.1
2018-08-13,GoC_2Y,2.11
2018-08-14,GoC_2Y,2.12
2018-08-15,GoC_2Y,2.09
2018-08-16,GoC_2Y,2.08
2018-08-17,GoC_2Y,2.11
2018-08-20,GoC_2Y,2.1
2018-08-21,GoC_2Y,2.1
2018-08-22,GoC_2Y,2.11
2018-08-23,GoC_2Y,2.12
2018-08-24,GoC_2Y,2.13
2018-08-27,GoC_2Y,2.14
2018-08-28,GoC_2Y,2.14
2018-08-29,GoC_2Y,2.14
2018-08-30,GoC_2Y,2.11
2018-08-31,GoC_2Y,2.06
2018-09-04,GoC_2Y,2.05
2018-09-05,GoC_2Y,2.05
2018-09-06,GoC_2Y,2.06
2018-09-07,GoC_2Y,2.11
2018-09-10,GoC_2Y,2.11
2018-09-11,GoC_2Y,2.13
2018-09-12,GoC_2Y,2.14
2018-09-13,GoC_2Y,2.14
2018-09-14,GoC_2Y,2.13
2018-09-17,GoC_2Y,2.13
2018-09-18,GoC_2Y,2.15
2018-09-19,GoC_2Y,2.17
2018-09-20,GoC_2Y,2.18
2018-09-21,GoC_2Y,2.18
2018-09-24,GoC_2Y,2.19
2018-09-25,GoC_2Y,2.2
2018-09-26,GoC_2Y,2.19
2018-09-27,GoC_2Y,2.19
2018-09-28,GoC_2Y,2.21
2018-10-01,GoC_2Y,2.29
2018-10-02,GoC_2Y,2.27
2018-10-03,GoC_2Y,2.3
2018-10-04,GoC_2Y,2.3
2018-10-05,GoC_2Y,2.32
2018-10-09,GoC_2Y,2.31
2018-10-10,GoC_2Y,2.29
2018-10-11,GoC_2Y,2.27
2018-10-12,GoC_2Y,2.27
2018-10-15,GoC_2Y,2.3
2018-10-16,GoC_2Y,2.3
2018-10-17,GoC_2Y,2.31
2018-10-18,GoC_2Y,2.31
2018-10-19,GoC_2Y,2.29
2018-10-22,GoC_2Y,2.29
2018-10-23,GoC_2Y,2.27
2018-10-24,GoC_2Y,2.3
2018-10-25,GoC_2Y,2.31
2018-10-26,GoC_2Y,2.26
2018-10-29,GoC_2Y,2.26
2018-10-30,GoC_2Y,2.3
2018-10-31,GoC_2Y,2.33
2018-11-01,GoC_2Y,2.32
2018-11-02,GoC_2Y,2.35
2018-11-05,GoC_2Y,2.34
2018-11-06,GoC_2Y,2.35
2018-11-07,GoC_2Y,2.35
2018-11-08,GoC_2Y,2.36
2018-11-09,GoC_2Y,2.33
2018-11-13,GoC_2Y,2.31
2018-11-14,GoC_2Y,2.27
2018-11-15,GoC_2Y,2.24
2018-11-16,GoC_2Y,2.22
2018-11-19,GoC_2Y,2.21
2018-11-20,GoC_2Y,2.21
2018-11-21,GoC_2Y,2.23
2018-11-22,GoC_2Y,2.24
2018-11-23,GoC_2Y,2.23
2018-11-26,GoC_2Y,2.24
2018-11-27,GoC_2Y,2.22
2018-11-28,GoC_2Y,2.21
2018-11-29,GoC_2Y,2.19
2018-11-30,GoC_2Y,2.16
2018-12-03,GoC_2Y,2.16
2018-12-04,GoC_2Y,2.12
2018-12-05,GoC_2Y,2.05
2018-12-06,GoC_2Y,1.99
2018-12-07,GoC_2Y,2.0
2018-12-10,GoC_2Y,2.01
2018-12-11,GoC_2Y,2.03
2018-12-12,GoC_2Y,2.06
2018-12-13,GoC_2Y,2.06
2018-12-14,GoC_2Y,2.02
2018-12-17,GoC_2Y,1.96
2018-12-18,GoC_2Y,1.92
2018-12-19,GoC_2Y,1.89
2018-12-20,GoC_2Y,1.91
2018-12-21,GoC_2Y,1.94
2018-12-24,GoC_2Y,1.91
2018-12-27,GoC_2Y,1.9
2018-12-28,GoC_2Y,1.86
2018-12-31,GoC_2Y,1.86
2019-01-02,GoC_2Y,1.86
2019-01-03,GoC_2Y,1.77
2019-01-04,GoC_2Y,1.84
2019-01-07,GoC_2Y,1.88
2019-01-08,GoC_2Y,1.89
2019-01-09,GoC_2Y,1.91
2019-01-10,GoC_2Y,1.91
2019-01-11,GoC_2Y,1.89
2019-01-14,GoC_2Y,1.88
2019-01-15,GoC_2Y,1.89
2019-01-16,GoC_2Y,1.92
2019-01-17,GoC_2Y,1.9
2019-01-18,GoC_2Y,1.94
2019-01-21,GoC_2Y,1.93
2019-01-22,GoC_2Y,1.89
2019-01-23,GoC_2Y,1.9
2019-01-24,GoC_2Y,1.86
2019-01-25,GoC_2Y,1.88
2019-01-28,GoC_2Y,1.87
2019-01-29,GoC_2Y,1.85
2019-01-30,GoC_2Y,1.82
2019-01-31,GoC_2Y,1.77
2019-02-01,GoC_2Y,1.83
2019-02-04,GoC_2Y,1.84
2019-02-05,GoC_2Y,1.83
2019-02-06,GoC_2Y,1.81
2019-02-07,GoC_2Y,1.76
2019-02-08,GoC_2Y,1.77
2019-02-11,GoC_2Y,1.79
2019-02-12,GoC_2Y,1.8
2019-02-13,GoC_2Y,1.81
2019-02-14,GoC_2Y,1.77
2019-02-15,GoC_2Y,1.78
2019-02-19,GoC_2Y,1.77
2019-02-20,GoC_2Y,1.77
2019-02-21,GoC_2Y,1.79
2019-02-22,GoC_2Y,1.78
2019-02-25,GoC_2Y,1.78
2019-02-26,GoC_2Y,1.75
2019-02-27,GoC_2Y,1.77
2019-02-28,GoC_2Y,1.78
2019-03-01,GoC_2Y,1.77
2019-03-04,GoC_2Y,1.74
2019-03-05,GoC_2Y,1.74
2019-03-06,GoC_2Y,1.68
2019-03-07,GoC_2Y,1.62
2019-03-08,GoC_2Y,1.65
2019-03-11,GoC_2Y,1.66
2019-03-12,GoC_2Y,1.65
2019-03-13,GoC_2Y,1.67
2019-03-14,GoC_2Y,1.66
2019-03-15,GoC_2Y,1.62
2019-03-18,GoC_2Y,1.63
2019-03-19,GoC_2Y,1.64
2019-03-20,GoC_2Y,1.6
2019-03-21,GoC_2Y,1.6
2019-03-22,GoC_2Y,1.54
2019-03-25,GoC_2Y,1.48
2019-03-26,GoC_2Y,1.5
2019-03-27,GoC_2Y,1.46
2019-03-28,GoC_2Y,1.49
2019-03-29,GoC_2Y,1.55
2019-04-01,GoC_2Y,1.6
2019-04-02,GoC_2Y,1.56
2019-04-03,GoC_2Y,1.59
2019-04-04,GoC_2Y,1.58
2019-04-05,GoC_2Y,1.59
2019-04-08,GoC_2Y,1.61
2019-04-09,GoC_2Y,1.6
2019-04-10,GoC_2Y,1.58
2019-04-11,GoC_2Y,1.59
2019-04-12,GoC_2Y,1.63
2019-04-15,GoC_2Y,1.6
2019-04-16,GoC_2Y,1.63
2019-04-17,GoC_2Y,1.66
2019-04-18,GoC_2Y,1.62
2019-04-22,GoC_2Y,1.62
2019-04-23,GoC_2Y,1.57
2019-04-24,GoC_2Y,1.51
2019-04-25,GoC_2Y,1.55
2019-04-26,GoC_2Y,1.55
2019-04-29,GoC_2Y,1.56
2019-04-30,GoC_2Y,1.56
2019-05-01,GoC_2Y,1.57
2019-05-02,GoC_2Y,1.62
2019-05-03,GoC_2Y,1.64
2019-05-06,GoC_2Y,1.62
2019-05-07,GoC_2Y,1.58
2019-05-08,GoC_2Y,1.59
2019-05-09,GoC_2Y,1.58
2019-05-10,GoC_2Y,1.64
2019-05-13,GoC_2Y,1.58
2019-05-14,GoC_2Y,1.6
2019-05-15,GoC_2Y,1.58
2019-05-16,GoC_2Y,1.59
2019-05-17,GoC_2Y,1.6
2019-05-21,GoC_2Y,1.67
2019-05-22,GoC_2Y,1.66
2019-05-23,GoC_2Y,1.58
2019-05-24,GoC_2Y,1.56
2019-05-27,GoC_2Y,1.55
2019-05-28,GoC_2Y,1.53
2019-05-29,GoC_2Y,1.53
2019-05-30,GoC_2Y,1.52
2019-05-31,GoC_2Y,1.43
2019-06-03,GoC_2Y,1.37
2019-06-04,GoC_2Y,1.38
2019-06-05,GoC_2Y,1.34
2019-06-06,GoC_2Y,1.38
2019-06-07,GoC_2Y,1.4
2019-06-10,GoC_2Y,1.45
2019-06-11,GoC_2Y,1.48
2019-06-12,GoC_2Y,1.44
2019-06-13,GoC_2Y,1.4
2019-06-14,GoC_2Y,1.39
2019-06-17,GoC_2Y,1.4
2019-06-18,GoC_2Y,1.4
2019-06-19,GoC_2Y,1.4
2019-06-20,GoC_2Y,1.4
2019-06-21,GoC_2Y,1.43
2019-06-24,GoC_2Y,1.4
2019-06-25,GoC_2Y,1.4
2019-06-26,GoC_2Y,1.46
2019-06-27,GoC_2Y,1.44
2019-06-28,GoC_2Y,1.47
2019-07-02,GoC_2Y,1.48
2019-07-03,GoC_2Y,1.49
2019-07-04,GoC_2Y,1.52
2019-07-05,GoC_2Y,1.62
2019-07-08,GoC_2Y,1.68
2019-07-09,GoC_2Y,1.64
2019-07-10,GoC_2Y,1.58
2019-07-11,GoC_2Y,1.6
2019-07-12,GoC_2Y,1.58
2019-07-15,GoC_2Y,1.56
2019-07-16,GoC_2Y,1.56
2019-07-17,GoC_2Y,1.52
2019-07-18,GoC_2Y,1.45
2019-07-19,GoC_2Y,1.46
2019-07-22,GoC_2Y,1.43
2019-07-23,GoC_2Y,1.45
2019-07-24,GoC_2Y,1.43
2019-07-25,GoC_2Y,1.44
2019-07-26,GoC_2Y,1.47
2019-07-29,GoC_2Y,1.48
2019-07-30,GoC_2Y,1.52
2019-07-31,GoC_2Y,1.55
2019-08-01,GoC_2Y,1.47
2019-08-02,GoC_2Y,1.46
2019-08-06,GoC_2Y,1.34
2019-08-07,GoC_2Y,1.33
2019-08-08,GoC_2Y,1.36
2019-08-09,GoC_2Y,1.38
2019-08-12,GoC_2Y,1.33
2019-08-13,GoC_2Y,1.38
2019-08-14,GoC_2Y,1.35
2019-08-15,GoC_2Y,1.29
2019-08-16,GoC_2Y,1.33
2019-08-19,GoC_2Y,1.35
2019-08-20,GoC_2Y,1.34
2019-08-21,GoC_2Y,1.4
2019-08-22,GoC_2Y,1.46
2019-08-23,GoC_2Y,1.37
2019-08-26,GoC_2Y,1.39
2019-08-27,GoC_2Y,1.34
2019-08-28,GoC_2Y,1.33
2019-08-29,GoC_2Y,1.34
2019-08-30,GoC_2Y,1.35
2019-09-03,GoC_2Y,1.32
2019-09-04,GoC_2Y,1.33
2019-09-05,GoC_2Y,1.45
2019-09-06,GoC_2Y,1.49
2019-09-09,GoC_2Y,1.55
2019-09-10,GoC_2Y,1.6
2019-09-11,GoC_2Y,1.58
2019-09-12,GoC_2Y,1.6
2019-09-13,GoC_2Y,1.64
2019-09-16,GoC_2Y,1.62
2019-09-17,GoC_2Y,1.61
2019-09-18,GoC_2Y,1.6
2019-09-19,GoC_2Y,1.6
2019-09-20,GoC_2Y,1.57
2019-09-23,GoC_2Y,1.56
2019-09-24,GoC_2Y,1.52
2019-09-25,GoC_2Y,1.58
2019-09-26,GoC_2Y,1.57
2019-09-27,GoC_2Y,1.57
2019-09-30,GoC_2Y,1.58
2019-10-01,GoC_2Y,1.53
2019-10-02,GoC_2Y,1.49
2019-10-03,GoC_2Y,1.41
2019-10-04,GoC_2Y,1.41
2019-10-07,GoC_2Y,1.45
2019-10-08,GoC_2Y,1.44
2019-10-09,GoC_2Y,1.47
2019-10-10,GoC_2Y,1.53
2019-10-11,GoC_2Y,1.65
2019-10-15,GoC_2Y,1.69
2019-10-16,GoC_2Y,1.67
2019-10-17,GoC_2Y,1.65
2019-10-18,GoC_2Y,1.64
2019-10-21,GoC_2Y,1.65
2019-10-22,GoC_2Y,1.62
2019-10-23,GoC_2Y,1.62
2019-10-24,GoC_2Y,1.63
2019-10-25,GoC_2Y,1.66
2019-10-28,GoC_2Y,1.71
2019-10-29,GoC_2Y,1.7
2019-10-30,GoC_2Y,1.56
2019-10-31,GoC_2Y,1.52
2019-11-01,GoC_2Y,1.55
2019-11-04,GoC_2Y,1.6
2019-11-05,GoC_2Y,1.63
2019-11-06,GoC_2Y,1.59
2019-11-07,GoC_2Y,1.63
2019-11-08,GoC_2Y,1.58
2019-11-12,GoC_2Y,1.59
2019-11-13,GoC_2Y,1.57
2019-11-14,GoC_2Y,1.53
2019-11-15,GoC_2Y,1.54
2019-11-18,GoC_2Y,1.54
2019-11-19,GoC_2Y,1.52
2019-11-20,GoC_2Y,1.51
2019-11-21,GoC_2Y,1.56
2019-11-22,GoC_2Y,1.58
2019-11-25,GoC_2Y,1.59
2019-11-26,GoC_2Y,1.57
2019-11-27,GoC_2Y,1.6
2019-11-28,GoC_2Y,1.59
2019-11-29,GoC_2Y,1.58
2019-12-02,GoC_2Y,1.61
2019-12-03,GoC_2Y,1.55
2019-12-04,GoC_2Y,1.63
2019-12-05,GoC_2Y,1.68
2019-12-06,GoC_2Y,1.65
2019-12-09,GoC_2Y,1.67
2019-12-10,GoC_2Y,1.67
2019-12-11,GoC_2Y,1.66
2019-12-12,GoC_2Y,1.7
2019-12-13,GoC_2Y,1.66
2019-12-16,GoC_2Y,1.69
2019-12-17,GoC_2Y,1.7
2019-12-18,GoC_2Y,1.73
2019-12-19,GoC_2Y,1.69
2019-12-20,GoC_2Y,1.65
2019-12-23,GoC_2Y,1.68
2019-12-24,GoC_2Y,1.67
2019-12-27,GoC_2Y,1.66
2019-12-30,GoC_2Y,1.68
2019-12-31,GoC_2Y,1.69
2020-01-02,GoC_2Y,1.66
2020-01-03,GoC_2Y,1.61
2020-01-06,GoC_2Y,1.63
2020-01-07,GoC_2Y,1.64
2020-01-08,GoC_2Y,1.66
2020-01-09,GoC_2Y,1.63
2020-01-10,GoC_2Y,1.65
2020-01-13,GoC_2Y,1.66
2020-01-14,GoC_2Y,1.66
2020-01-15,GoC_2Y,1.63
2020-01-16,GoC_2Y,1.64
2020-01-17,GoC_2Y,1.64
2020-01-20,GoC_2Y,1.65
2020-01-21,GoC_2Y,1.62
2020-01-22,GoC_2Y,1.54
2020-01-23,GoC_2Y,1.51
2020-01-24,GoC_2Y,1.49
2020-01-27,GoC_2Y,1.44
2020-01-28,GoC_2Y,1.48
2020-01-29,GoC_2Y,1.47
2020-01-30,GoC_2Y,1.47
2020-01-31,GoC_2Y,1.43
2020-02-03,GoC_2Y,1.42
2020-02-04,GoC_2Y,1.47
2020-02-05,GoC_2Y,1.5
2020-02-06,GoC_2Y,1.49
2020-02-07,GoC_2Y,1.47
2020-02-10,GoC_2Y,1.44
2020-02-11,GoC_2Y,1.47
2020-02-12,GoC_2Y,1.51
2020-02-13,GoC_2Y,1.51
2020-02-14,GoC_2Y,1.49
2020-02-18,GoC_2Y,1.46
2020-02-19,GoC_2Y,1.48
2020-02-20,GoC_2Y,1.45
2020-02-21,GoC_2Y,1.42
2020-02-24,GoC_2Y,1.34
2020-02-25,GoC_2Y,1.32
2020-02-26,GoC_2Y,1.32
2020-02-27,GoC_2Y,1.25
2020-02-28,GoC_2Y,1.14
2020-03-02,GoC_2Y,1.17
2020-03-03,GoC_2Y,0.97
2020-03-04,GoC_2Y,0.92
2020-03-05,GoC_2Y,0.79
2020-03-06,GoC_2Y,0.7
2020-03-09,GoC_2Y,0.53
2020-03-10,GoC_2Y,0.55
2020-03-11,GoC_2Y,0.5
2020-03-12,GoC_2Y,0.47
2020-03-13,GoC_2Y,0.49
2020-03-16,GoC_2Y,0.46
2020-03-17,GoC_2Y,0.63
2020-03-18,GoC_2Y,0.69
2020-03-19,GoC_2Y,0.63
2020-03-20,GoC_2Y,0.56
2020-03-23,GoC_2Y,0.51
2020-03-24,GoC_2Y,0.59
2020-03-25,GoC_2Y,0.62
2020-03-26,GoC_2Y,0.59
2020-03-27,GoC_2Y,0.44
2020-03-30,GoC_2Y,0.44
2020-03-31,GoC_2Y,0.42
2020-04-01,GoC_2Y,0.4
2020-04-02,GoC_2Y,0.42
2020-04-03,GoC_2Y,0.41
2020-04-06,GoC_2Y,0.44
2020-04-07,GoC_2Y,0.45
2020-04-08,GoC_2Y,0.43
2020-04-09,GoC_2Y,0.39
2020-04-13,GoC_2Y,0.38
2020-04-14,GoC_2Y,0.37
2020-04-15,GoC_2Y,0.33
2020-04-16,GoC_2Y,0.33
2020-04-17,GoC_2Y,0.35
2020-04-20,GoC_2Y,0.34
2020-04-21,GoC_2Y,0.32
2020-04-22,GoC_2Y,0.33
2020-04-23,GoC_2Y,0.33
2020-04-24,GoC_2Y,0.33
2020-04-27,GoC_2Y,0.34
2020-04-28,GoC_2Y,0.32
2020-04-29,GoC_2Y,0.32
2020-04-30,GoC_2Y,0.3
2020-05-01,GoC_2Y,0.3
2020-05-04,GoC_2Y,0.31
2020-05-05,GoC_2Y,0.31
2020-05-06,GoC_2Y,0.3
2020-05-07,GoC_2Y,0.27
2020-05-08,GoC_2Y,0.27
2020-05-11,GoC_2Y,0.28
2020-05-12,GoC_2Y,0.27
2020-05-13,GoC_2Y,0.28
2020-05-14,GoC_2Y,0.27
2020-05-15,GoC_2Y,0.28
2020-05-19,GoC_2Y,0.3
2020-05-20,GoC_2Y,0.3
2020-05-21,GoC_2Y,0.3
2020-05-22,GoC_2Y,0.29
2020-05-25,GoC_2Y,0.28
2020-05-26,GoC_2Y,0.3
2020-05-27,GoC_2Y,0.3
2020-05-28,GoC_2Y,0.3
2020-05-29,GoC_2Y,0.28
2020-06-01,GoC_2Y,0.29
2020-06-02,GoC_2Y,0.29
2020-06-03,GoC_2Y,0.32
2020-06-04,GoC_2Y,0.32
2020-06-05,GoC_2Y,0.35
2020-06-08,GoC_2Y,0.32
2020-06-09,GoC_2Y,0.3
2020-06-10,GoC_2Y,0.28
2020-06-11,GoC_2Y,0.27
2020-06-12,GoC_2Y,0.28
2020-06-15,GoC_2Y,0.29
2020-06-16,GoC_2Y,0.29
2020-06-17,GoC_2Y,0.29
2020-06-18,GoC_2Y,0.3
2020-06-19,GoC_2Y,0.3
2020-06-22,GoC_2Y,0.3
2020-06-23,GoC_2Y,0.3
2020-06-24,GoC_2Y,0.3
2020-06-25,GoC_2Y,0.3
2020-06-26,GoC_2Y,0.29
2020-06-29,GoC_2Y,0.29
2020-06-30,GoC_2Y,0.28
2020-07-02,GoC_2Y,0.29
2020-07-03,GoC_2Y,0.29
2020-07-06,GoC_2Y,0.29
2020-07-07,GoC_2Y,0.28
2020-07-08,GoC_2Y,0.29
2020-07-09,GoC_2Y,0.28
2020-07-10,GoC_2Y,0.28
2020-07-13,GoC_2Y,0.28
2020-07-14,GoC_2Y,0.28
2020-07-15,GoC_2Y,0.27
2020-07-16,GoC_2Y,0.27
2020-07-17,GoC_2Y,0.27
2020-07-20,GoC_2Y,0.27
2020-07-21,GoC_2Y,0.27
2020-07-22,GoC_2Y,0.27
2020-07-23,GoC_2Y,0.27
2020-07-24,GoC_2Y,0.27
2020-07-27,GoC_2Y,0.28
2020-07-28,GoC_2Y,0.27
2020-07-29,GoC_2Y,0.26
2020-07-30,GoC_2Y,0.26
2020-07-31,GoC_2Y,0.26
2020-08-04,GoC_2Y,0.25
2020-08-05,GoC_2Y,0.27
2020-08-06,GoC_2Y,0.26
2020-08-07,GoC_2Y,0.27
2020-08-10,GoC_2Y,0.27
2020-08-11,GoC_2Y,0.28
2020-08-12,GoC_2Y,0.29
2020-08-13,GoC_2Y,0.31
2020-08-14,GoC_2Y,0.3
2020-08-17,GoC_2Y,0.29
2020-08-18,GoC_2Y,0.28
2020-08-19,GoC_2Y,0.29
2020-08-20,GoC_2Y,0.28
2020-08-21,GoC_2Y,0.28
2020-08-24,GoC_2Y,0.28
2020-08-25,GoC_2Y,0.29
2020-08-26,GoC_2Y,0.29
2020-08-27,GoC_2Y,0.29
2020-08-28,GoC_2Y,0.28
2020-08-31,GoC_2Y,0.28
2020-09-01,GoC_2Y,0.27
2020-09-02,GoC_2Y,0.26
2020-09-03,GoC_2Y,0.26
2020-09-04,GoC_2Y,0.27
2020-09-08,GoC_2Y,0.27
2020-09-09,GoC_2Y,0.27
2020-09-10,GoC_2Y,0.26
2020-09-11,GoC_2Y,0.26
2020-09-14,GoC_2Y,0.26
2020-09-15,GoC_2Y,0.26
2020-09-16,GoC_2Y,0.26
2020-09-17,GoC_2Y,0.26
2020-09-18,GoC_2Y,0.26
2020-09-21,GoC_2Y,0.26
2020-09-22,GoC_2Y,0.26
2020-09-23,GoC_2Y,0.26
2020-09-24,GoC_2Y,0.25
2020-09-25,GoC_2Y,0.25
2020-09-28,GoC_2Y,0.25
2020-09-29,GoC_2Y,0.24
2020-09-30,GoC_2Y,0.25
2020-10-01,GoC_2Y,0.24
2020-10-02,GoC_2Y,0.24
2020-10-05,GoC_2Y,0.24
2020-10-06,GoC_2Y,0.23
2020-10-07,GoC_2Y,0.24
2020-10-08,GoC_2Y,0.27
2020-10-09,GoC_2Y,0.26
2020-10-13,GoC_2Y,0.25
2020-10-14,GoC_2Y,0.24
2020-10-15,GoC_2Y,0.23
2020-10-16,GoC_2Y,0.23
2020-10-19,GoC_2Y,0.23
2020-10-20,GoC_2Y,0.23
2020-10-21,GoC_2Y,0.23
2020-10-22,GoC_2Y,0.24
2020-10-23,GoC_2Y,0.24
2020-10-26,GoC_2Y,0.24
2020-10-27,GoC_2Y,0.24
2020-10-28,GoC_2Y,0.24
2020-10-29,GoC_2Y,0.25
2020-10-30,GoC_2Y,0.26
2020-11-02,GoC_2Y,0.26
2020-11-03,GoC_2Y,0.27
2020-11-04,GoC_2Y,0.26
2020-11-05,GoC_2Y,0.25
2020-11-06,GoC_2Y,0.26
2020-11-09,GoC_2Y,0.28
2020-11-10,GoC_2Y,0.27
2020-11-12,GoC_2Y,0.26
2020-11-13,GoC_2Y,0.27
2020-11-16,GoC_2Y,0.27
2020-11-17,GoC_2Y,0.27
2020-11-18,GoC_2Y,0.27
2020-11-19,GoC_2Y,0.27
2020-11-20,GoC_2Y,0.27
2020-11-23,GoC_2Y,0.27
2020-11-24,GoC_2Y,0.27
2020-11-25,GoC_2Y,0.27
2020-11-26,GoC_2Y,0.26
2020-11-27,GoC_2Y,0.25
2020-11-30,GoC_2Y,0.25
2020-12-01,GoC_2Y,0.26
2020-12-02,GoC_2Y,0.27
2020-12-03,GoC_2Y,0.26
2020-12-04,GoC_2Y,0.28
2020-12-07,GoC_2Y,0.28
2020-12-08,GoC_2Y,0.27
2020-12-09,GoC_2Y,0.27
2020-12-10,GoC_2Y,0.26
2020-12-11,GoC_2Y,0.25
2020-12-14,GoC_2Y,0.25
2020-12-15,GoC_2Y,0.25
2020-12-16,GoC_2Y,0.25
2020-12-17,GoC_2Y,0.25
2020-12-18,GoC_2Y,0.24
2020-12-21,GoC_2Y,0.23
2020-12-22,GoC_2Y,0.22
2020-12-23,GoC_2Y,0.23
2020-12-24,GoC_2Y,0.22
2020-12-29,GoC_2Y,0.21
2020-12-30,GoC_2Y,0.2
2020-12-31,GoC_2Y,0.2
2021-01-04,GoC_2Y,0.2
2021-01-05,GoC_2Y,0.19
2021-01-06,GoC_2Y,0.18
2021-01-07,GoC_2Y,0.18
2021-01-08,GoC_2Y,0.19
2021-01-11,GoC_2Y,0.19
2021-01-12,GoC_2Y,0.18
2021-01-13,GoC_2Y,0.16
2021-01-14,GoC_2Y,0.16
2021-01-15,GoC_2Y,0.15
2021-01-18,GoC_2Y,0.15
2021-01-19,GoC_2Y,0.15
2021-01-20,GoC_2Y,0.16
2021-01-21,GoC_2Y,0.17
2021-01-22,GoC_2Y,0.18
2021-01-25,GoC_2Y,0.18
2021-01-26,GoC_2Y,0.17
2021-01-27,GoC_2Y,0.16
2021-01-28,GoC_2Y,0.16
2021-01-29,GoC_2Y,0.15
2021-02-01,GoC_2Y,0.15
2021-02-02,GoC_2Y,0.16
2021-02-03,GoC_2Y,0.17
2021-02-04,GoC_2Y,0.19
2021-02-05,GoC_2Y,0.2
2021-02-08,GoC_2Y,0.2
2021-02-09,GoC_2Y,0.19
2021-02-10,GoC_2Y,0.19
2021-02-11,GoC_2Y,0.19
2021-02-12,GoC_2Y,0.19
2021-02-16,GoC_2Y,0.21
2021-02-17,GoC_2Y,0.21
2021-02-18,GoC_2Y,0.22
2021-02-19,GoC_2Y,0.23
2021-02-22,GoC_2Y,0.23
2021-02-23,GoC_2Y,0.23
2021-02-24,GoC_2Y,0.23
2021-02-25,GoC_2Y,0.32
2021-02-26,GoC_2Y,0.3
2021-03-01,GoC_2Y,0.25
2021-03-02,GoC_2Y,0.24
2021-03-03,GoC_2Y,0.26
2021-03-04,GoC_2Y,0.28
2021-03-05,GoC_2Y,0.29
2021-03-08,GoC_2Y,0.29
2021-03-09,GoC_2Y,0.27
2021-03-10,GoC_2Y,0.24
2021-03-11,GoC_2Y,0.25
2021-03-12,GoC_2Y,0.31
2021-03-15,GoC_2Y,0.31
2021-03-16,GoC_2Y,0.31
2021-03-17,GoC_2Y,0.27
2021-03-18,GoC_2Y,0.27
2021-03-19,GoC_2Y,0.26
2021-03-22,GoC_2Y,0.26
2021-03-23,GoC_2Y,0.25
2021-03-24,GoC_2Y,0.24
2021-03-25,GoC_2Y,0.23
2021-03-26,GoC_2Y,0.23
2021-03-29,GoC_2Y,0.23
2021-03-30,GoC_2Y,0.23
2021-03-31,GoC_2Y,0.22
2021-04-01,GoC_2Y,0.22
2021-04-05,GoC_2Y,0.24
2021-04-06,GoC_2Y,0.23
2021-04-07,GoC_2Y,0.23
2021-04-08,GoC_2Y,0.22
2021-04-09,GoC_2Y,0.24
2021-04-12,GoC_2Y,0.25
2021-04-13,GoC_2Y,0.24
2021-04-14,GoC_2Y,0.24
2021-04-15,GoC_2Y,0.24
2021-04-16,GoC_2Y,0.29
2021-04-19,GoC_2Y,0.31
2021-04-20,GoC_2Y,0.29
2021-04-21,GoC_2Y,0.3
2021-04-22,GoC_2Y,0.31
2021-04-23,GoC_2Y,0.32
2021-04-26,GoC_2Y,0.33
2021-04-27,GoC_2Y,0.33
2021-04-28,GoC_2Y,0.31
2021-04-29,GoC_2Y,0.31
2021-04-30,GoC_2Y,0.3
2021-05-03,GoC_2Y,0.3
2021-05-04,GoC_2Y,0.3
2021-05-05,GoC_2Y,0.3
2021-05-06,GoC_2Y,0.31
2021-05-07,GoC_2Y,0.29
2021-05-10,GoC_2Y,0.29
2021-05-11,GoC_2Y,0.3
2021-05-12,GoC_2Y,0.33
2021-05-13,GoC_2Y,0.32
2021-05-14,GoC_2Y,0.32
2021-05-17,GoC_2Y,0.33
2021-05-18,GoC_2Y,0.32
2021-05-19,GoC_2Y,0.33
2021-05-20,GoC_2Y,0.33
2021-05-21,GoC_2Y,0.33
2021-05-25,GoC_2Y,0.3
2021-05-26,GoC_2Y,0.31
2021-05-27,GoC_2Y,0.32
2021-05-28,GoC_2Y,0.32
2021-05-31,GoC_2Y,0.32
2021-06-01,GoC_2Y,0.32
2021-06-02,GoC_2Y,0.32
2021-06-03,GoC_2Y,0.32
2021-06-04,GoC_2Y,0.31
2021-06-07,GoC_2Y,0.32
2021-06-08,GoC_2Y,0.32
2021-06-09,GoC_2Y,0.32
2021-06-10,GoC_2Y,0.31
2021-06-11,GoC_2Y,0.31
2021-06-14,GoC_2Y,0.32
2021-06-15,GoC_2Y,0.32
2021-06-16,GoC_2Y,0.36
2021-06-17,GoC_2Y,0.38
2021-06-18,GoC_2Y,0.45
2021-06-21,GoC_2Y,0.44
2021-06-22,GoC_2Y,0.42
2021-06-23,GoC_2Y,0.42
2021-06-24,GoC_2Y,0.42
2021-06-25,GoC_2Y,0.44
2021-06-28,GoC_2Y,0.44
2021-06-29,GoC_2Y,0.44
2021-06-30,GoC_2Y,0.45
2021-07-02,GoC_2Y,0.45
2021-07-05,GoC_2Y,0.46
2021-07-06,GoC_2Y,0.46
2021-07-07,GoC_2Y,0.48
2021-07-08,GoC_2Y,0.48
2021-07-09,GoC_2Y,0.48
2021-07-12,GoC_2Y,0.48
2021-07-13,GoC_2Y,0.48
2021-07-14,GoC_2Y,0.45
2021-07-15,GoC_2Y,0.44
2021-07-16,GoC_2Y,0.43
2021-07-19,GoC_2Y,0.47
2021-07-20,GoC_2Y,0.46
2021-07-21,GoC_2Y,0.46
2021-07-22,GoC_2Y,0.45
2021-07-23,GoC_2Y,0.45
2021-07-26,GoC_2Y,0.46
2021-07-27,GoC_2Y,0.44
2021-07-28,GoC_2Y,0.45
2021-07-29,GoC_2Y,0.45
2021-07-30,GoC_2Y,0.45
2021-08-03,GoC_2Y,0.42
2021-08-04,GoC_2Y,0.44
2021-08-05,GoC_2Y,0.47
2021-08-06,GoC_2Y,0.48
2021-08-09,GoC_2Y,0.48
2021-08-10,GoC_2Y,0.48
2021-08-11,GoC_2Y,0.47
2021-08-12,GoC_2Y,0.46
2021-08-13,GoC_2Y,0.45
2021-08-16,GoC_2Y,0.43
2021-08-17,GoC_2Y,0.44
2021-08-18,GoC_2Y,0.45
2021-08-19,GoC_2Y,0.44
2021-08-20,GoC_2Y,0.44
2021-08-23,GoC_2Y,0.44
2021-08-24,GoC_2Y,0.45
2021-08-25,GoC_2Y,0.45
2021-08-26,GoC_2Y,0.45
2021-08-27,GoC_2Y,0.44
2021-08-30,GoC_2Y,0.43
2021-08-31,GoC_2Y,0.43
2021-09-01,GoC_2Y,0.41
2021-09-02,GoC_2Y,0.4
2021-09-03,GoC_2Y,0.39
2021-09-07,GoC_2Y,0.4
2021-09-08,GoC_2Y,0.39
2021-09-09,GoC_2Y,0.4
2021-09-10,GoC_2Y,0.41
2021-09-13,GoC_2Y,0.41
2021-09-14,GoC_2Y,0.4
2021-09-15,GoC_2Y,0.42
2021-09-16,GoC_2Y,0.44
2021-09-17,GoC_2Y,0.46
2021-09-20,GoC_2Y,0.44
2021-09-21,GoC_2Y,0.44
2021-09-22,GoC_2Y,0.45
2021-09-23,GoC_2Y,0.48
2021-09-24,GoC_2Y,0.5
2021-09-27,GoC_2Y,0.5
2021-09-28,GoC_2Y,0.5
2021-09-29,GoC_2Y,0.53
2021-10-01,GoC_2Y,0.51
2021-10-04,GoC_2Y,0.51
2021-10-05,GoC_2Y,0.52
2021-10-06,GoC_2Y,0.6
2021-10-07,GoC_2Y,0.63
2021-10-08,GoC_2Y,0.68
2021-10-12,GoC_2Y,0.74
2021-10-13,GoC_2Y,0.77
2021-10-14,GoC_2Y,0.72
2021-10-15,GoC_2Y,0.76
2021-10-18,GoC_2Y,0.82
2021-10-19,GoC_2Y,0.83
2021-10-20,GoC_2Y,0.79
2021-10-21,GoC_2Y,0.86
2021-10-22,GoC_2Y,0.87
2021-10-25,GoC_2Y,0.86
2021-10-26,GoC_2Y,0.86
2021-10-27,GoC_2Y,1.07
2021-10-28,GoC_2Y,1.0
2021-10-29,GoC_2Y,1.08
2021-11-01,GoC_2Y,1.07
2021-11-02,GoC_2Y,1.04
2021-11-03,GoC_2Y,1.03
2021-11-04,GoC_2Y,0.98
2021-11-05,GoC_2Y,0.92
2021-11-08,GoC_2Y,0.95
2021-11-09,GoC_2Y,0.92
2021-11-10,GoC_2Y,1.0
2021-11-12,GoC_2Y,0.98
2021-11-15,GoC_2Y,1.0
2021-11-16,GoC_2Y,1.05
2021-11-17,GoC_2Y,1.0
2021-11-18,GoC_2Y,0.98
2021-11-19,GoC_2Y,0.97
2021-11-22,GoC_2Y,1.04
2021-11-23,GoC_2Y,1.04
2021-11-24,GoC_2Y,1.05
2021-11-25,GoC_2Y,1.05
2021-11-26,GoC_2Y,0.93
2021-11-29,GoC_2Y,0.95
2021-11-30,GoC_2Y,0.98
2021-12-01,GoC_2Y,0.95
2021-12-02,GoC_2Y,0.96
2021-12-03,GoC_2Y,1.01
2021-12-06,GoC_2Y,1.06
2021-12-07,GoC_2Y,1.14
2021-12-08,GoC_2Y,1.07
2021-12-09,GoC_2Y,1.0
2021-12-10,GoC_2Y,0.97
2021-12-13,GoC_2Y,0.92
2021-12-14,GoC_2Y,0.95
2021-12-15,GoC_2Y,0.95
2021-12-16,GoC_2Y,0.9
2021-12-17,GoC_2Y,0.91
2021-12-20,GoC_2Y,0.93
2021-12-21,GoC_2Y,0.98
2021-12-22,GoC_2Y,0.96
2021-12-23,GoC_2Y,0.98
2021-12-24,GoC_2Y,0.98
2021-12-29,GoC_2Y,0.99
2021-12-30,GoC_2Y,0.98
2021-12-31,GoC_2Y,0.95
2022-01-04,GoC_2Y,1.01
2022-01-05,GoC_2Y,1.04
2022-01-06,GoC_2Y,1.07
2022-01-07,GoC_2Y,1.07
2022-01-10,GoC_2Y,1.08
2022-01-11,GoC_2Y,1.07
2022-01-12,GoC_2Y,1.11
2022-01-13,GoC_2Y,1.11
2022-01-14,GoC_2Y,1.15
2022-01-17,GoC_2Y,1.22
2022-01-18,GoC_2Y,1.27
2022-01-19,GoC_2Y,1.27
2022-01-20,GoC_2Y,1.28
2022-01-21,GoC_2Y,1.24
2022-01-24,GoC_2Y,1.24
2022-01-25,GoC_2Y,1.24
2022-01-26,GoC_2Y,1.26
2022-01-27,GoC_2Y,1.27
2022-01-28,GoC_2Y,1.25
2022-01-31,GoC_2Y,1.28
2022-02-01,GoC_2Y,1.28
2022-02-02,GoC_2Y,1.24
2022-02-03,GoC_2Y,1.29
2022-02-04,GoC_2Y,1.36
2022-02-07,GoC_2Y,1.34
2022-02-08,GoC_2Y,1.35
2022-02-09,GoC_2Y,1.36
2022-02-10,GoC_2Y,1.5
2022-02-11,GoC_2Y,1.46
2022-02-14,GoC_2Y,1.51
2022-02-15,GoC_2Y,1.55
2022-02-16,GoC_2Y,1.53
2022-02-17,GoC_2Y,1.51
2022-02-18,GoC_2Y,1.49
2022-02-22,GoC_2Y,1.53
2022-02-23,GoC_2Y,1.57
2022-02-24,GoC_2Y,1.52
2022-02-25,GoC_2Y,1.53
2022-02-28,GoC_2Y,1.45
2022-03-01,GoC_2Y,1.33
2022-03-02,GoC_2Y,1.47
2022-03-03,GoC_2Y,1.48
2022-03-04,GoC_2Y,1.38
2022-03-07,GoC_2Y,1.41
2022-03-08,GoC_2Y,1.46
2022-03-09,GoC_2Y,1.5
2022-03-10,GoC_2Y,1.55
2022-03-11,GoC_2Y,1.66
2022-03-14,GoC_2Y,1.77
2022-03-15,GoC_2Y,1.8
2022-03-16,GoC_2Y,1.89
2022-03-17,GoC_2Y,1.89
2022-03-18,GoC_2Y,1.89
2022-03-21,GoC_2Y,2.03
2022-03-22,GoC_2Y,2.09
2022-03-23,GoC_2Y,2.06
2022-03-24,GoC_2Y,2.13
2022-03-25,GoC_2Y,2.34
2022-03-28,GoC_2Y,2.35
2022-03-29,GoC_2Y,2.34
2022-03-30,GoC_2Y,2.31
2022-03-31,GoC_2Y,2.27
2022-04-01,GoC_2Y,2.34
2022-04-04,GoC_2Y,2.31
2022-04-05,GoC_2Y,2.37
2022-04-06,GoC_2Y,2.37
2022-04-07,GoC_2Y,2.36
2022-04-08,GoC_2Y,2.43
2022-04-11,GoC_2Y,2.43
2022-04-12,GoC_2Y,2.34
2022-04-13,GoC_2Y,2.34
2022-04-14,GoC_2Y,2.42
2022-04-18,GoC_2Y,2.43
2022-04-19,GoC_2Y,2.52
2022-04-20,GoC_2Y,2.58
2022-04-21,GoC_2Y,2.63
2022-04-22,GoC_2Y,2.65
2022-04-25,GoC_2Y,2.55
2022-04-26,GoC_2Y,2.47
2022-04-27,GoC_2Y,2.5
2022-04-28,GoC_2Y,2.53
2022-04-29,GoC_2Y,2.63
2022-05-02,GoC_2Y,2.66
2022-05-03,GoC_2Y,2.71
2022-05-04,GoC_2Y,2.61
2022-05-05,GoC_2Y,2.69
2022-05-06,GoC_2Y,2.69
2022-05-09,GoC_2Y,2.6
2022-05-10,GoC_2Y,2.67
2022-05-11,GoC_2Y,2.73
2022-05-12,GoC_2Y,2.64
2022-05-13,GoC_2Y,2.66
2022-05-16,GoC_2Y,2.64
2022-05-17,GoC_2Y,2.75
2022-05-18,GoC_2Y,2.76
2022-05-19,GoC_2Y,2.7
2022-05-20,GoC_2Y,2.64
2022-05-24,GoC_2Y,2.57
2022-05-25,GoC_2Y,2.53
2022-05-26,GoC_2Y,2.55
2022-05-27,GoC_2Y,2.55
2022-05-30,GoC_2Y,2.6
2022-05-31,GoC_2Y,2.67
2022-06-01,GoC_2Y,2.79
2022-06-02,GoC_2Y,2.84
2022-06-03,GoC_2Y,2.91
2022-06-06,GoC_2Y,3.02
2022-06-07,GoC_2Y,3.04
2022-06-08,GoC_2Y,3.1
2022-06-09,GoC_2Y,3.07
2022-06-10,GoC_2Y,3.25
2022-06-13,GoC_2Y,3.39
2022-06-14,GoC_2Y,3.46
2022-06-15,GoC_2Y,3.28
2022-06-16,GoC_2Y,3.24
2022-06-17,GoC_2Y,3.24
2022-06-20,GoC_2Y,3.3
2022-06-21,GoC_2Y,3.35
2022-06-22,GoC_2Y,3.25
2022-06-23,GoC_2Y,3.1
2022-06-24,GoC_2Y,3.12
2022-06-27,GoC_2Y,3.17
2022-06-28,GoC_2Y,3.16
2022-06-29,GoC_2Y,3.14
2022-06-30,GoC_2Y,3.1
2022-07-04,GoC_2Y,3.06
2022-07-05,GoC_2Y,3.0
2022-07-06,GoC_2Y,3.12
2022-07-07,GoC_2Y,3.19
2022-07-08,GoC_2Y,3.27
2022-07-11,GoC_2Y,3.25
2022-07-12,GoC_2Y,3.19
2022-07-13,GoC_2Y,3.3
2022-07-14,GoC_2Y,3.27
2022-07-15,GoC_2Y,3.2
2022-07-18,GoC_2Y,3.22
2022-07-19,GoC_2Y,3.29
2022-07-20,GoC_2Y,3.3
2022-07-21,GoC_2Y,3.19
2022-07-22,GoC_2Y,3.06
2022-07-25,GoC_2Y,3.11
2022-07-26,GoC_2Y,3.11
2022-07-27,GoC_2Y,3.08
2022-07-28,GoC_2Y,2.92
2022-07-29,GoC_2Y,2.96
2022-08-02,GoC_2Y,3.1
2022-08-03,GoC_2Y,3.18
2022-08-04,GoC_2Y,3.14
2022-08-05,GoC_2Y,3.25
2022-08-08,GoC_2Y,3.23
2022-08-09,GoC_2Y,3.28
2022-08-10,GoC_2Y,3.18
2022-08-11,GoC_2Y,3.25
2022-08-12,GoC_2Y,3.24
2022-08-15,GoC_2Y,3.21
2022-08-16,GoC_2Y,3.32
2022-08-17,GoC_2Y,3.4
2022-08-18,GoC_2Y,3.38
2022-08-19,GoC_2Y,3.42
2022-08-22,GoC_2Y,3.48
2022-08-23,GoC_2Y,3.48
2022-08-24,GoC_2Y,3.51
2022-08-25,GoC_2Y,3.5
2022-08-26,GoC_2Y,3.54
2022-08-29,GoC_2Y,3.59
2022-08-30,GoC_2Y,3.63
2022-08-31,GoC_2Y,3.64
2022-09-01,GoC_2Y,3.66
2022-09-02,GoC_2Y,3.58
2022-09-06,GoC_2Y,3.6
2022-09-07,GoC_2Y,3.6
2022-09-08,GoC_2Y,3.66
2022-09-09,GoC_2Y,3.61
2022-09-12,GoC_2Y,3.61
2022-09-13,GoC_2Y,3.72
2022-09-14,GoC_2Y,3.75
2022-09-15,GoC_2Y,3.82
2022-09-16,GoC_2Y,3.79
2022-09-19,GoC_2Y,3.8
2022-09-20,GoC_2Y,3.76
2022-09-21,GoC_2Y,3.77
2022-09-22,GoC_2Y,3.78
2022-09-23,GoC_2Y,3.77
2022-09-26,GoC_2Y,3.83
2022-09-27,GoC_2Y,3.89
2022-09-28,GoC_2Y,3.75
2022-09-29,GoC_2Y,3.79
2022-10-03,GoC_2Y,3.76
2022-10-04,GoC_2Y,3.74
2022-10-05,GoC_2Y,3.85
2022-10-06,GoC_2Y,3.99
2022-10-07,GoC_2Y,4.05
2022-10-11,GoC_2Y,4.1
2022-10-12,GoC_2Y,4.04
2022-10-13,GoC_2Y,4.11
2022-10-14,GoC_2Y,4.14
2022-10-17,GoC_2Y,4.11
2022-10-18,GoC_2Y,4.02
2022-10-19,GoC_2Y,4.18
2022-10-20,GoC_2Y,4.28
2022-10-21,GoC_2Y,4.16
2022-10-24,GoC_2Y,4.15
2022-10-25,GoC_2Y,4.15
2022-10-26,GoC_2Y,3.87
2022-10-27,GoC_2Y,3.82
2022-10-28,GoC_2Y,3.84
2022-10-31,GoC_2Y,3.92
2022-11-01,GoC_2Y,3.91
2022-11-02,GoC_2Y,3.94
2022-11-03,GoC_2Y,4.05
2022-11-04,GoC_2Y,4.13
2022-11-07,GoC_2Y,4.18
2022-11-08,GoC_2Y,4.15
2022-11-09,GoC_2Y,4.1
2022-11-10,GoC_2Y,3.83
2022-11-14,GoC_2Y,3.87
2022-11-15,GoC_2Y,3.86
2022-11-16,GoC_2Y,3.84
2022-11-17,GoC_2Y,3.93
2022-11-18,GoC_2Y,3.97
2022-11-21,GoC_2Y,3.93
2022-11-22,GoC_2Y,3.93
2022-11-23,GoC_2Y,3.92
2022-11-24,GoC_2Y,3.88
2022-11-25,GoC_2Y,3.88
2022-11-28,GoC_2Y,3.91
2022-11-29,GoC_2Y,3.95
2022-11-30,GoC_2Y,3.89
2022-12-01,GoC_2Y,3.79
2022-12-02,GoC_2Y,3.76
2022-12-05,GoC_2Y,3.81
2022-12-06,GoC_2Y,3.78
2022-12-07,GoC_2Y,3.78
2022-12-08,GoC_2Y,3.81
2022-12-09,GoC_2Y,3.85
2022-12-12,GoC_2Y,3.87
2022-12-13,GoC_2Y,3.76
2022-12-14,GoC_2Y,3.72
2022-12-15,GoC_2Y,3.68
2022-12-16,GoC_2Y,3.66
2022-12-19,GoC_2Y,3.67
2022-12-20,GoC_2Y,3.71
2022-12-21,GoC_2Y,3.72
2022-12-22,GoC_2Y,3.82
2022-12-23,GoC_2Y,3.93
2022-12-28,GoC_2Y,4.02
2022-12-29,GoC_2Y,4.01
2022-12-30,GoC_2Y,4.06
2023-01-03,GoC_2Y,4.02
2023-01-04,GoC_2Y,3.99
2023-01-05,GoC_2Y,4.03
2023-01-06,GoC_2Y,3.97
2023-01-09,GoC_2Y,3.93
2023-01-10,GoC_2Y,3.93
2023-01-11,GoC_2Y,3.87
2023-01-12,GoC_2Y,3.79
2023-01-13,GoC_2Y,3.67
2023-01-16,GoC_2Y,3.57
2023-01-17,GoC_2Y,3.56
2023-01-18,GoC_2Y,3.47
2023-01-19,GoC_2Y,3.51
2023-01-20,GoC_2Y,3.59
2023-01-23,GoC_2Y,3.66
2023-01-24,GoC_2Y,3.64
2023-01-25,GoC_2Y,3.56
2023-01-26,GoC_2Y,3.62
2023-01-27,GoC_2Y,3.68
2023-01-30,GoC_2Y,3.74
2023-01-31,GoC_2Y,3.76
2023-02-01,GoC_2Y,3.66
2023-02-02,GoC_2Y,3.66
2023-02-03,GoC_2Y,3.81
2023-02-06,GoC_2Y,3.94
2023-02-07,GoC_2Y,3.96
2023-02-08,GoC_2Y,3.92
2023-02-09,GoC_2Y,3.98
2023-02-10,GoC_2Y,4.09
2023-02-13,GoC_2Y,4.07
2023-02-14,GoC_2Y,4.19
2023-02-15,GoC_2Y,4.17
2023-02-16,GoC_2Y,4.14
2023-02-17,GoC_2Y,4.15
2023-02-21,GoC_2Y,4.23
2023-02-22,GoC_2Y,4.2
2023-02-23,GoC_2Y,4.2
2023-02-24,GoC_2Y,4.28
2023-02-27,GoC_2Y,4.26
2023-02-28,GoC_2Y,4.21
2023-03-01,GoC_2Y,4.27
2023-03-02,GoC_2Y,4.3
2023-03-03,GoC_2Y,4.22
2023-03-06,GoC_2Y,4.25
2023-03-07,GoC_2Y,4.32
2023-03-08,GoC_2Y,4.29
2023-03-09,GoC_2Y,4.15
2023-03-10,GoC_2Y,3.97
2023-03-13,GoC_2Y,3.54
2023-03-14,GoC_2Y,3.72
2023-03-15,GoC_2Y,3.5
2023-03-16,GoC_2Y,3.73
2023-03-17,GoC_2Y,3.54
2023-03-20,GoC_2Y,3.62
2023-03-21,GoC_2Y,3.7
2023-03-22,GoC_2Y,3.49
2023-03-23,GoC_2Y,3.43
2023-03-24,GoC_2Y,3.42
2023-03-27,GoC_2Y,3.61
2023-03-28,GoC_2Y,3.69
2023-03-29,GoC_2Y,3.75
2023-03-30,GoC_2Y,3.76
2023-03-31,GoC_2Y,3.74
2023-04-03,GoC_2Y,3.65
2023-04-04,GoC_2Y,3.55
2023-04-05,GoC_2Y,3.54
2023-04-06,GoC_2Y,3.61
2023-04-10,GoC_2Y,3.76
2023-04-11,GoC_2Y,3.78
2023-04-12,GoC_2Y,3.78
2023-04-13,GoC_2Y,3.81
2023-04-14,GoC_2Y,3.81
2023-04-17,GoC_2Y,3.88
2023-04-18,GoC_2Y,3.86
2023-04-19,GoC_2Y,3.88
2023-04-20,GoC_2Y,3.79
2023-04-21,GoC_2Y,3.73
2023-04-24,GoC_2Y,3.73
2023-04-25,GoC_2Y,3.57
2023-04-26,GoC_2Y,3.62
2023-04-27,GoC_2Y,3.73
2023-04-28,GoC_2Y,3.65
2023-05-01,GoC_2Y,3.78
2023-05-02,GoC_2Y,3.63
2023-05-03,GoC_2Y,3.56
2023-05-04,GoC_2Y,3.55
2023-05-05,GoC_2Y,3.7
2023-05-08,GoC_2Y,3.76
2023-05-09,GoC_2Y,3.77
2023-05-10,GoC_2Y,3.68
2023-05-11,GoC_2Y,3.65
2023-05-12,GoC_2Y,3.73
2023-05-15,GoC_2Y,3.8
2023-05-16,GoC_2Y,3.95
2023-05-17,GoC_2Y,4.04
2023-05-18,GoC_2Y,4.08
2023-05-19,GoC_2Y,3.99
2023-05-23,GoC_2Y,4.11
2023-05-24,GoC_2Y,4.16
2023-05-25,GoC_2Y,4.23
2023-05-26,GoC_2Y,4.3
2023-05-29,GoC_2Y,4.32
2023-05-30,GoC_2Y,4.24
2023-05-31,GoC_2Y,4.22
2023-06-01,GoC_2Y,4.2
2023-06-02,GoC_2Y,4.29
2023-06-05,GoC_2Y,4.33
2023-06-06,GoC_2Y,4.38
2023-06-07,GoC_2Y,4.6
2023-06-08,GoC_2Y,4.53
2023-06-09,GoC_2Y,4.49
2023-06-12,GoC_2Y,4.45
2023-06-13,GoC_2Y,4.56
2023-06-14,GoC_2Y,4.55
2023-06-15,GoC_2Y,4.49
2023-06-16,GoC_2Y,4.56
2023-06-19,GoC_2Y,4.62
2023-06-20,GoC_2Y,4.58
2023-06-21,GoC_2Y,4.63
2023-06-22,GoC_2Y,4.74
2023-06-23,GoC_2Y,4.66
2023-06-26,GoC_2Y,4.61
2023-06-27,GoC_2Y,4.59
2023-06-28,GoC_2Y,4.52
2023-06-29,GoC_2Y,4.66
2023-06-30,GoC_2Y,4.58
2023-07-04,GoC_2Y,4.63
2023-07-05,GoC_2Y,4.68
2023-07-06,GoC_2Y,4.75
2023-07-07,GoC_2Y,4.79
2023-07-10,GoC_2Y,4.74
2023-07-11,GoC_2Y,4.8
2023-07-12,GoC_2Y,4.66
2023-07-13,GoC_2Y,4.57
2023-07-14,GoC_2Y,4.64
2023-07-17,GoC_2Y,4.67
2023-07-18,GoC_2Y,4.64
2023-07-19,GoC_2Y,4.63
2023-07-20,GoC_2Y,4.62
2023-07-21,GoC_2Y,4.58
2023-07-24,GoC_2Y,4.68
2023-07-25,GoC_2Y,4.72
2023-07-26,GoC_2Y,4.65
2023-07-27,GoC_2Y,4.77
2023-07-28,GoC_2Y,4.68
2023-07-31,GoC_2Y,4.67
2023-08-01,GoC_2Y,4.72
2023-08-02,GoC_2Y,4.69
2023-08-03,GoC_2Y,4.72
2023-08-04,GoC_2Y,4.57
2023-08-08,GoC_2Y,4.53
2023-08-09,GoC_2Y,4.59
2023-08-10,GoC_2Y,4.63
2023-08-11,GoC_2Y,4.67
2023-08-14,GoC_2Y,4.72
2023-08-15,GoC_2Y,4.78
2023-08-16,GoC_2Y,4.8
2023-08-17,GoC_2Y,4.78
2023-08-18,GoC_2Y,4.76
2023-08-21,GoC_2Y,4.79
2023-08-22,GoC_2Y,4.83
2023-08-23,GoC_2Y,4.7
2023-08-24,GoC_2Y,4.76
2023-08-25,GoC_2Y,4.78
2023-08-28,GoC_2Y,4.78
2023-08-29,GoC_2Y,4.68
2023-08-30,GoC_2Y,4.65
2023-08-31,GoC_2Y,4.64
2023-09-01,GoC_2Y,4.55
2023-09-05,GoC_2Y,4.66
2023-09-06,GoC_2Y,4.68
2023-09-07,GoC_2Y,4.62
2023-09-08,GoC_2Y,4.66
2023-09-11,GoC_2Y,4.67
2023-09-12,GoC_2Y,4.7
2023-09-13,GoC_2Y,4.69
2023-09-14,GoC_2Y,4.69
2023-09-15,GoC_2Y,4.73
2023-09-18,GoC_2Y,4.77
2023-09-19,GoC_2Y,4.91
2023-09-20,GoC_2Y,4.95
2023-09-21,GoC_2Y,4.95
2023-09-22,GoC_2Y,4.92
2023-09-25,GoC_2Y,4.94
2023-09-26,GoC_2Y,4.93
2023-09-27,GoC_2Y,4.96
2023-09-28,GoC_2Y,4.91
2023-09-29,GoC_2Y,4.87
2023-10-03,GoC_2Y,4.97
2023-10-04,GoC_2Y,4.9
2023-10-05,GoC_2Y,4.79
2023-10-06,GoC_2Y,4.85
2023-10-10,GoC_2Y,4.72
2023-10-11,GoC_2Y,4.75
2023-10-12,GoC_2Y,4.82
2023-10-13,GoC_2Y,4.85
2023-10-16,GoC_2Y,4.89
2023-10-17,GoC_2Y,4.89
2023-10-18,GoC_2Y,4.9
2023-10-19,GoC_2Y,4.88
2023-10-20,GoC_2Y,4.79
2023-10-23,GoC_2Y,4.72
2023-10-24,GoC_2Y,4.7
2023-10-25,GoC_2Y,4.73
2023-10-26,GoC_2Y,4.64
2023-10-27,GoC_2Y,4.58
2023-10-30,GoC_2Y,4.65
2023-10-31,GoC_2Y,4.63
2023-11-01,GoC_2Y,4.53
2023-11-02,GoC_2Y,4.55
2023-11-03,GoC_2Y,4.38
2023-11-06,GoC_2Y,4.45
2023-11-07,GoC_2Y,4.44
2023-11-08,GoC_2Y,4.47
2023-11-09,GoC_2Y,4.57
2023-11-10,GoC_2Y,4.56
2023-11-14,GoC_2Y,4.39
2023-11-15,GoC_2Y,4.51
2023-11-16,GoC_2Y,4.45
2023-11-17,GoC_2Y,4.47
2023-11-20,GoC_2Y,4.41
2023-11-21,GoC_2Y,4.39
2023-11-22,GoC_2Y,4.4
2023-11-23,GoC_2Y,4.43
2023-11-24,GoC_2Y,4.45
2023-11-27,GoC_2Y,4.4
2023-11-28,GoC_2Y,4.29
2023-11-29,GoC_2Y,4.17
2023-11-30,GoC_2Y,4.2
2023-12-01,GoC_2Y,4.07
2023-12-04,GoC_2Y,4.12
2023-12-05,GoC_2Y,4.07
2023-12-06,GoC_2Y,4.07
2023-12-07,GoC_2Y,4.05
2023-12-08,GoC_2Y,4.15
2023-12-11,GoC_2Y,4.19
2023-12-12,GoC_2Y,4.22
2023-12-13,GoC_2Y,3.97
2023-12-14,GoC_2Y,3.91
2023-12-15,GoC_2Y,3.94
2023-12-18,GoC_2Y,3.99
2023-12-19,GoC_2Y,3.99
2023-12-20,GoC_2Y,3.91
2023-12-21,GoC_2Y,3.94
2023-12-22,GoC_2Y,3.99
2023-12-27,GoC_2Y,3.91
2023-12-28,GoC_2Y,3.92
2023-12-29,GoC_2Y,3.88
2024-01-02,GoC_2Y,3.96
2024-01-03,GoC_2Y,3.96
2024-01-04,GoC_2Y,4.04
2024-01-05,GoC_2Y,4.06
2024-01-08,GoC_2Y,4.03
2024-01-09,GoC_2Y,4.01
2024-01-10,GoC_2Y,4.04
2024-01-11,GoC_2Y,3.99
2024-01-12,GoC_2Y,3.79
2024-01-15,GoC_2Y,3.79
2024-01-16,GoC_2Y,3.91
2024-01-17,GoC_2Y,4.04
2024-01-18,GoC_2Y,4.05
2024-01-19,GoC_2Y,4.09
2024-01-22,GoC_2Y,4.07
2024-01-23,GoC_2Y,4.06
2024-01-24,GoC_2Y,4.02
2024-01-25,GoC_2Y,4.01
2024-01-26,GoC_2Y,4.06
2024-01-29,GoC_2Y,4.02
2024-01-30,GoC_2Y,4.04
2024-01-31,GoC_2Y,4.0
2024-02-01,GoC_2Y,3.93
2024-02-02,GoC_2Y,4.06
2024-02-05,GoC_2Y,4.15
2024-02-06,GoC_2Y,4.07
2024-02-07,GoC_2Y,4.12
2024-02-08,GoC_2Y,4.19
2024-02-09,GoC_2Y,4.2
2024-02-12,GoC_2Y,4.24
2024-02-13,GoC_2Y,4.35
2024-02-14,GoC_2Y,4.25
2024-02-15,GoC_2Y,4.24
2024-02-16,GoC_2Y,4.29
2024-02-20,GoC_2Y,4.16
2024-02-21,GoC_2Y,4.18
2024-02-22,GoC_2Y,4.22
2024-02-23,GoC_2Y,4.17
2024-02-26,GoC_2Y,4.2
2024-02-27,GoC_2Y,4.23
2024-02-28,GoC_2Y,4.19
2024-02-29,GoC_2Y,4.18
2024-03-01,GoC_2Y,4.1
2024-03-04,GoC_2Y,4.13
2024-03-05,GoC_2Y,4.04
2024-03-06,GoC_2Y,4.07
2024-03-07,GoC_2Y,4.08
2024-03-08,GoC_2Y,4.03
2024-03-11,GoC_2Y,4.06
2024-03-12,GoC_2Y,4.11
2024-03-13,GoC_2Y,4.14
2024-03-14,GoC_2Y,4.22
2024-03-15,GoC_2Y,4.25
2024-03-18,GoC_2Y,4.29
2024-03-19,GoC_2Y,4.18
2024-03-20,GoC_2Y,4.12
2024-03-21,GoC_2Y,4.15
2024-03-22,GoC_2Y,4.1
2024-03-25,GoC_2Y,4.13
2024-03-26,GoC_2Y,4.16
2024-03-27,GoC_2Y,4.13
2024-03-28,GoC_2Y,4.17
2024-04-01,GoC_2Y,4.27
2024-04-02,GoC_2Y,4.24
2024-04-03,GoC_2Y,4.22
2024-04-04,GoC_2Y,4.19
2024-04-05,GoC_2Y,4.21
2024-04-08,GoC_2Y,4.23
2024-04-09,GoC_2Y,4.2
2024-04-10,GoC_2Y,4.35
2024-04-11,GoC_2Y,4.24
2024-04-12,GoC_2Y,4.17
2024-04-15,GoC_2Y,4.23
2024-04-16,GoC_2Y,4.21
2024-04-17,GoC_2Y,4.19
2024-04-18,GoC_2Y,4.24
2024-04-19,GoC_2Y,4.24
2024-04-22,GoC_2Y,4.25
2024-04-23,GoC_2Y,4.26
2024-04-24,GoC_2Y,4.27
2024-04-25,GoC_2Y,4.34
2024-04-26,GoC_2Y,4.33
2024-04-29,GoC_2Y,4.3
2024-04-30,GoC_2Y,4.34
2024-05-01,GoC_2Y,4.3
2024-05-02,GoC_2Y,4.24
2024-05-03,GoC_2Y,4.16
2024-05-06,GoC_2Y,4.15
2024-05-07,GoC_2Y,4.15
2024-05-08,GoC_2Y,4.19
2024-05-09,GoC_2Y,4.2
2024-05-10,GoC_2Y,4.29
2024-05-13,GoC_2Y,4.29
2024-05-14,GoC_2Y,4.27
2024-05-15,GoC_2Y,4.18
2024-05-16,GoC_2Y,4.19
2024-05-17,GoC_2Y,4.23
2024-05-21,GoC_2Y,4.16
2024-05-22,GoC_2Y,4.19
2024-05-23,GoC_2Y,4.21
2024-05-24,GoC_2Y,4.24
2024-05-27,GoC_2Y,4.26
2024-05-28,GoC_2Y,4.28
2024-05-29,GoC_2Y,4.31
2024-05-30,GoC_2Y,4.26
2024-05-31,GoC_2Y,4.17
2024-06-03,GoC_2Y,4.11
2024-06-04,GoC_2Y,4.05
2024-06-05,GoC_2Y,3.93
2024-06-06,GoC_2Y,3.93
2024-06-07,GoC_2Y,3.99
2024-06-10,GoC_2Y,3.99
2024-06-11,GoC_2Y,3.97
2024-06-12,GoC_2Y,3.91
2024-06-13,GoC_2Y,3.86
2024-06-14,GoC_2Y,3.83
2024-06-17,GoC_2Y,3.87
2024-06-18,GoC_2Y,3.82
2024-06-19,GoC_2Y,3.85
2024-06-20,GoC_2Y,3.89
2024-06-21,GoC_2Y,3.9
2024-06-24,GoC_2Y,3.91
2024-06-25,GoC_2Y,3.97
2024-06-26,GoC_2Y,4.04
2024-06-27,GoC_2Y,4.02
2024-06-28,GoC_2Y,3.99
2024-07-02,GoC_2Y,4.05
2024-07-03,GoC_2Y,4.03
2024-07-04,GoC_2Y,4.04
2024-07-05,GoC_2Y,3.94
2024-07-08,GoC_2Y,3.93
2024-07-09,GoC_2Y,3.93
2024-07-10,GoC_2Y,3.92
2024-07-11,GoC_2Y,3.85
2024-07-12,GoC_2Y,3.82
2024-07-15,GoC_2Y,3.8
2024-07-16,GoC_2Y,3.77
2024-07-17,GoC_2Y,3.79
2024-07-18,GoC_2Y,3.7
2024-07-19,GoC_2Y,3.72
2024-07-22,GoC_2Y,3.74
2024-07-23,GoC_2Y,3.7
2024-07-24,GoC_2Y,3.63
2024-07-25,GoC_2Y,3.63
2024-07-26,GoC_2Y,3.6
2024-07-29,GoC_2Y,3.57
2024-07-30,GoC_2Y,3.5
2024-07-31,GoC_2Y,3.46
2024-08-01,GoC_2Y,3.36
2024-08-02,GoC_2Y,3.18
2024-08-06,GoC_2Y,3.27
2024-08-07,GoC_2Y,3.31
2024-08-08,GoC_2Y,3.35
2024-08-09,GoC_2Y,3.33
2024-08-12,GoC_2Y,3.3
2024-08-13,GoC_2Y,3.24
2024-08-14,GoC_2Y,3.23
2024-08-15,GoC_2Y,3.31
2024-08-16,GoC_2Y,3.31
2024-08-19,GoC_2Y,3.33
2024-08-20,GoC_2Y,3.27
2024-08-21,GoC_2Y,3.25
2024-08-22,GoC_2Y,3.3
2024-08-23,GoC_2Y,3.23
2024-08-26,GoC_2Y,3.25
2024-08-27,GoC_2Y,3.24
2024-08-28,GoC_2Y,3.27
2024-08-29,GoC_2Y,3.31
2024-08-30,GoC_2Y,3.33
2024-09-03,GoC_2Y,3.25
2024-09-04,GoC_2Y,3.15
2024-09-05,GoC_2Y,3.13
2024-09-06,GoC_2Y,3.05
2024-09-09,GoC_2Y,3.02
2024-09-10,GoC_2Y,2.98
2024-09-11,GoC_2Y,3.02
2024-09-12,GoC_2Y,3.0
2024-09-13,GoC_2Y,2.94
2024-09-16,GoC_2Y,2.88
2024-09-17,GoC_2Y,2.92
2024-09-18,GoC_2Y,2.93
2024-09-19,GoC_2Y,2.9
2024-09-20,GoC_2Y,2.92
2024-09-23,GoC_2Y,2.91
2024-09-24,GoC_2Y,2.9
2024-09-25,GoC_2Y,2.95
2024-09-26,GoC_2Y,2.97
2024-09-27,GoC_2Y,2.91
2024-10-01,GoC_2Y,2.93
2024-10-02,GoC_2Y,2.98
2024-10-03,GoC_2Y,3.05
2024-10-04,GoC_2Y,3.22
2024-10-07,GoC_2Y,3.28
2024-10-08,GoC_2Y,3.27
2024-10-09,GoC_2Y,3.25
2024-10-10,GoC_2Y,3.19
2024-10-11,GoC_2Y,3.07
2024-10-15,GoC_2Y,3.01
2024-10-16,GoC_2Y,2.97
2024-10-17,GoC_2Y,3.01
2024-10-18,GoC_2Y,2.97
2024-10-21,GoC_2Y,3.03
2024-10-22,GoC_2Y,3.02
2024-10-23,GoC_2Y,3.05
2024-10-24,GoC_2Y,3.07
2024-10-25,GoC_2Y,3.09
2024-10-28,GoC_2Y,3.09
2024-10-29,GoC_2Y,3.08
2024-10-30,GoC_2Y,3.09
2024-10-31,GoC_2Y,3.07
2024-11-01,GoC_2Y,3.09
2024-11-04,GoC_2Y,3.09
2024-11-05,GoC_2Y,3.14
2024-11-06,GoC_2Y,3.16
2024-11-07,GoC_2Y,3.07
2024-11-08,GoC_2Y,3.08
2024-11-12,GoC_2Y,3.17
2024-11-13,GoC_2Y,3.17
2024-11-14,GoC_2Y,3.18
2024-11-15,GoC_2Y,3.15
2024-11-18,GoC_2Y,3.16
2024-11-19,GoC_2Y,3.21
2024-11-20,GoC_2Y,3.27
2024-11-21,GoC_2Y,3.39
2024-11-22,GoC_2Y,3.37
2024-11-25,GoC_2Y,3.26
2024-11-26,GoC_2Y,3.23
2024-11-27,GoC_2Y,3.2
2024-11-28,GoC_2Y,3.18
2024-11-29,GoC_2Y,3.02
2024-12-02,GoC_2Y,3.04
2024-12-03,GoC_2Y,3.07
2024-12-04,GoC_2Y,3.01
2024-12-05,GoC_2Y,3.03
2024-12-06,GoC_2Y,2.89
2024-12-09,GoC_2Y,2.91
2024-12-10,GoC_2Y,2.89
2024-12-11,GoC_2Y,2.94
2024-12-12,GoC_2Y,2.98
2024-12-13,GoC_2Y,3.01
2024-12-16,GoC_2Y,3.01
2024-12-17,GoC_2Y,3.0
2024-12-18,GoC_2Y,3.05
2024-12-19,GoC_2Y,3.08
2024-12-20,GoC_2Y,3.05
2024-12-23,GoC_2Y,3.03
2024-12-24,GoC_2Y,3.03
2024-12-27,GoC_2Y,3.0
2024-12-30,GoC_2Y,2.96
2024-12-31,GoC_2Y,2.93
2025-01-02,GoC_2Y,2.93
2025-01-03,GoC_2Y,2.93
2025-01-06,GoC_2Y,2.91
2025-01-07,GoC_2Y,2.94
2025-01-08,GoC_2Y,2.94
2025-01-09,GoC_2Y,2.94
2025-01-10,GoC_2Y,3.07
2025-01-13,GoC_2Y,3.14
2025-01-14,GoC_2Y,3.15
2025-01-15,GoC_2Y,3.03
2025-01-16,GoC_2Y,2.95
2025-01-17,GoC_2Y,2.93
2025-01-20,GoC_2Y,2.92
2025-01-21,GoC_2Y,2.92
2025-01-22,GoC_2Y,2.96
2025-01-23,GoC_2Y,2.95
2025-01-24,GoC_2Y,2.91
2025-01-27,GoC_2Y,2.86
2025-01-28,GoC_2Y,2.83
2025-01-29,GoC_2Y,2.79
2025-01-30,GoC_2Y,2.73
2025-01-31,GoC_2Y,2.66
2025-02-03,GoC_2Y,2.56
2025-02-04,GoC_2Y,2.61
2025-02-05,GoC_2Y,2.59
2025-02-06,GoC_2Y,2.59
2025-02-07,GoC_2Y,2.69
2025-02-10,GoC_2Y,2.66
2025-02-11,GoC_2Y,2.7
2025-02-12,GoC_2Y,2.77
2025-02-13,GoC_2Y,2.73
2025-02-14,GoC_2Y,2.72
2025-02-18,GoC_2Y,2.8
2025-02-19,GoC_2Y,2.8
2025-02-20,GoC_2Y,2.82
2025-02-21,GoC_2Y,2.73
2025-02-24,GoC_2Y,2.69
2025-02-25,GoC_2Y,2.64
2025-02-26,GoC_2Y,2.65
2025-02-27,GoC_2Y,2.63
2025-02-28,GoC_2Y,2.57
2025-03-03,GoC_2Y,2.46
2025-03-04,GoC_2Y,2.46
2025-03-05,GoC_2Y,2.54
2025-03-06,GoC_2Y,2.63
2025-03-07,GoC_2Y,2.59
2025-03-10,GoC_2Y,2.53
2025-03-11,GoC_2Y,2.53
2025-03-12,GoC_2Y,2.58
2025-03-13,GoC_2Y,2.56
2025-03-14,GoC_2Y,2.57
2025-03-17,GoC_2Y,2.55
2025-03-18,GoC_2Y,2.54
2025-03-19,GoC_2Y,2.51
2025-03-20,GoC_2Y,2.53
2025-03-21,GoC_2Y,2.51
2025-03-24,GoC_2Y,2.54
2025-03-25,GoC_2Y,2.56
2025-03-26,GoC_2Y,2.61
2025-03-27,GoC_2Y,2.55
2025-03-28,GoC_2Y,2.49
2025-03-31,GoC_2Y,2.46
2025-04-01,GoC_2Y,2.43
2025-04-02,GoC_2Y,2.44
2025-04-03,GoC_2Y,2.4
2025-04-04,GoC_2Y,2.37
2025-04-07,GoC_2Y,2.46
2025-04-08,GoC_2Y,2.45
2025-04-09,GoC_2Y,2.62
2025-04-10,GoC_2Y,2.62
2025-04-11,GoC_2Y,2.68
2025-04-14,GoC_2Y,2.58
2025-04-15,GoC_2Y,2.53
2025-04-16,GoC_2Y,2.52
2025-04-17,GoC_2Y,2.52
2025-04-21,GoC_2Y,2.55
2025-04-22,GoC_2Y,2.54
2025-04-23,GoC_2Y,2.62
2025-04-24,GoC_2Y,2.59
2025-04-25,GoC_2Y,2.59
2025-04-28,GoC_2Y,2.56
2025-04-29,GoC_2Y,2.54
2025-04-30,GoC_2Y,2.47
2025-05-01,GoC_2Y,2.5
2025-05-02,GoC_2Y,2.54
2025-05-05,GoC_2Y,2.55
2025-05-06,GoC_2Y,2.53
2025-05-07,GoC_2Y,2.51
2025-05-08,GoC_2Y,2.58
2025-05-09,GoC_2Y,2.52
2025-05-12,GoC_2Y,2.59
2025-05-13,GoC_2Y,2.59
2025-05-14,GoC_2Y,2.59
2025-05-15,GoC_2Y,2.53
2025-05-16,GoC_2Y,2.53
2025-05-20,GoC_2Y,2.63
2025-05-21,GoC_2Y,2.7
2025-05-22,GoC_2Y,2.7
2025-05-23,GoC_2Y,2.69
2025-05-26,GoC_2Y,2.68
2025-05-27,GoC_2Y,2.64
2025-05-28,GoC_2Y,2.62
2025-05-29,GoC_2Y,2.6
2025-05-30,GoC_2Y,2.59
2025-06-02,GoC_2Y,2.58
2025-06-03,GoC_2Y,2.61
2025-06-04,GoC_2Y,2.59
2025-06-05,GoC_2Y,2.62
2025-06-06,GoC_2Y,2.69
2025-06-09,GoC_2Y,2.7
2025-06-10,GoC_2Y,2.69
2025-06-11,GoC_2Y,2.67
2025-06-12,GoC_2Y,2.68
2025-06-13,GoC_2Y,2.71
2025-06-16,GoC_2Y,2.72
2025-06-17,GoC_2Y,2.7
2025-06-18,GoC_2Y,2.68
2025-06-19,GoC_2Y,2.68
2025-06-20,GoC_2Y,2.64
2025-06-23,GoC_2Y,2.61
2025-06-24,GoC_2Y,2.61
2025-06-25,GoC_2Y,2.65
2025-06-26,GoC_2Y,2.62
2025-06-27,GoC_2Y,2.6
2025-06-30,GoC_2Y,2.59
2025-07-02,GoC_2Y,2.66
2025-07-03,GoC_2Y,2.69
2025-07-04,GoC_2Y,2.67
2025-07-07,GoC_2Y,2.69
2025-07-08,GoC_2Y,2.7
2025-07-09,GoC_2Y,2.66
2025-07-10,GoC_2Y,2.69
2025-07-11,GoC_2Y,2.74
2025-07-14,GoC_2Y,2.76
2025-07-15,GoC_2Y,2.83
2025-07-16,GoC_2Y,2.81
2025-07-17,GoC_2Y,2.81
2025-07-18,GoC_2Y,2.82
2025-07-21,GoC_2Y,2.79
2025-07-22,GoC_2Y,2.78
2025-07-23,GoC_2Y,2.82
2025-07-24,GoC_2Y,2.83
2025-07-25,GoC_2Y,2.81
2025-07-28,GoC_2Y,2.81
2025-07-29,GoC_2Y,2.77
2025-07-30,GoC_2Y,2.79
2025-07-31,GoC_2Y,2.76
2025-08-01,GoC_2Y,2.69
2025-08-05,GoC_2Y,2.69
2025-08-06,GoC_2Y,2.69
2025-08-07,GoC_2Y,2.69
2025-08-08,GoC_2Y,2.66
2025-08-11,GoC_2Y,2.68
2025-08-12,GoC_2Y,2.7
2025-08-13,GoC_2Y,2.68
2025-08-14,GoC_2Y,2.69
2025-08-15,GoC_2Y,2.72
2025-08-18,GoC_2Y,2.74
2025-08-19,GoC_2Y,2.7
2025-08-20,GoC_2Y,2.69
2025-08-21,GoC_2Y,2.73
2025-08-22,GoC_2Y,2.69
2025-08-25,GoC_2Y,2.72
2025-08-26,GoC_2Y,2.69
2025-08-27,GoC_2Y,2.69
2025-08-28,GoC_2Y,2.69
2025-08-29,GoC_2Y,2.64
2025-09-02,GoC_2Y,2.66
2025-09-03,GoC_2Y,2.62
2025-09-04,GoC_2Y,2.62
2025-09-05,GoC_2Y,2.54
2025-09-08,GoC_2Y,2.5
2025-09-09,GoC_2Y,2.52
2025-09-10,GoC_2Y,2.5
2025-09-11,GoC_2Y,2.5
2025-09-12,GoC_2Y,2.5
2025-09-15,GoC_2Y,2.49
2025-09-16,GoC_2Y,2.46
2025-09-17,GoC_2Y,2.49
2025-09-18,GoC_2Y,2.48
2025-09-19,GoC_2Y,2.46
2025-09-22,GoC_2Y,2.45
2025-09-23,GoC_2Y,2.45
2025-09-24,GoC_2Y,2.45
2025-09-25,GoC_2Y,2.49
2025-09-26,GoC_2Y,2.5
2025-09-29,GoC_2Y,2.47
2025-10-01,GoC_2Y,2.46
2025-10-02,GoC_2Y,2.45
2025-10-03,GoC_2Y,2.45
2025-10-06,GoC_2Y,2.47
2025-10-07,GoC_2Y,2.45
2025-10-08,GoC_2Y,2.46
2025-10-09,GoC_2Y,2.47
2025-10-10,GoC_2Y,2.47
2025-10-14,GoC_2Y,2.43
2025-10-15,GoC_2Y,2.42
2025-10-16,GoC_2Y,2.38
2025-10-17,GoC_2Y,2.37
2025-10-20,GoC_2Y,2.36
2025-10-21,GoC_2Y,2.39
2025-10-22,GoC_2Y,2.38
2025-10-23,GoC_2Y,2.39
2025-10-24,GoC_2Y,2.37
2025-10-27,GoC_2Y,2.36
2025-10-28,GoC_2Y,2.36
2025-10-29,GoC_2Y,2.43
2025-10-30,GoC_2Y,2.42
2025-10-31,GoC_2Y,2.4
2025-11-03,GoC_2Y,2.42
2025-11-04,GoC_2Y,2.43
2025-11-05,GoC_2Y,2.42
2025-11-06,GoC_2Y,2.39
2025-11-07,GoC_2Y,2.44
2025-11-10,GoC_2Y,2.45
2025-11-12,GoC_2Y,2.45
2025-11-13,GoC_2Y,2.47
2025-11-14,GoC_2Y,2.48
2025-11-17,GoC_2Y,2.49
2025-11-18,GoC_2Y,2.49
2025-11-19,GoC_2Y,2.49
2025-11-20,GoC_2Y,2.47
2025-11-21,GoC_2Y,2.44
2025-11-24,GoC_2Y,2.43
2025-11-25,GoC_2Y,2.4
2025-11-26,GoC_2Y,2.4
2025-11-27,GoC_2Y,2.4
2025-11-28,GoC_2Y,2.41
2025-12-01,GoC_2Y,2.48
2025-12-02,GoC_2Y,2.46
2025-12-03,GoC_2Y,2.43
2025-12-04,GoC_2Y,2.46
2025-12-05,GoC_2Y,2.64
2025-12-08,GoC_2Y,2.64
2025-12-09,GoC_2Y,2.69
2025-12-10,GoC_2Y,2.63
2025-12-11,GoC_2Y,2.62
2025-12-12,GoC_2Y,2.62
2025-12-15,GoC_2Y,2.58
2025-12-16,GoC_2Y,2.58
2025-12-17,GoC_2Y,2.6
2025-12-18,GoC_2Y,2.59
2025-12-19,GoC_2Y,2.61
2025-12-22,GoC_2Y,2.6
2025-12-23,GoC_2Y,2.57
2025-12-24,GoC_2Y,2.57
2025-12-29,GoC_2Y,2.56
2025-12-30,GoC_2Y,2.58
2025-12-31,GoC_2Y,2.58
2026-01-02,GoC_2Y,2.61
2026-01-05,GoC_2Y,2.57
2026-01-06,GoC_2Y,2.59
2026-01-07,GoC_2Y,2.56
2026-01-08,GoC_2Y,2.57
2026-01-09,GoC_2Y,2.55
2026-01-12,GoC_2Y,2.56
2026-01-13,GoC_2Y,2.55
2026-01-14,GoC_2Y,2.53
2026-01-15,GoC_2Y,2.53
2026-01-16,GoC_2Y,2.54
2026-01-19,GoC_2Y,2.54
2026-01-20,GoC_2Y,2.55
2026-01-21,GoC_2Y,2.56
2026-01-22,GoC_2Y,2.56
2026-01-23,GoC_2Y,2.6
2026-01-26,GoC_2Y,2.57
2026-01-27,GoC_2Y,2.58
2026-01-28,GoC_2Y,2.58
2026-01-29,GoC_2Y,2.57
2026-01-30,GoC_2Y,2.56
2026-02-02,GoC_2Y,2.57
2026-02-03,GoC_2Y,2.58
2026-02-04,GoC_2Y,2.58
2026-02-05,GoC_2Y,2.55
2026-02-06,GoC_2Y,2.55
2026-02-09,GoC_2Y,2.54
2026-02-10,GoC_2Y,2.53
2026-02-11,GoC_2Y,2.52
2026-02-12,GoC_2Y,2.49
2026-02-13,GoC_2Y,2.47
2026-02-17,GoC_2Y,2.45
2026-02-18,GoC_2Y,2.44
2026-02-19,GoC_2Y,2.44
2026-02-20,GoC_2Y,2.44
2026-02-23,GoC_2Y,2.43
2026-02-24,GoC_2Y,2.44
2026-02-25,GoC_2Y,2.46
2026-02-26,GoC_2Y,2.43
2026-02-27,GoC_2Y,2.39
2026-03-02,GoC_2Y,2.49
2026-03-03,GoC_2Y,2.51
2026-03-04,GoC_2Y,2.52
2026-03-05,GoC_2Y,2.58
2026-03-06,GoC_2Y,2.63
2026-03-09,GoC_2Y,2.63
2026-03-10,GoC_2Y,2.65
2026-03-11,GoC_2Y,2.72
2026-03-12,GoC_2Y,2.82
2026-03-13,GoC_2Y,2.79
2026-03-16,GoC_2Y,2.71
2026-03-17,GoC_2Y,2.67
2026-03-18,GoC_2Y,2.75
2026-03-19,GoC_2Y,2.84
2026-03-20,GoC_2Y,3.07
2026-03-23,GoC_2Y,2.95
2026-03-24,GoC_2Y,2.99
2026-03-25,GoC_2Y,2.89
2026-03-26,GoC_2Y,2.98
2026-03-27,GoC_2Y,2.95
2026-03-30,GoC_2Y,2.88
2026-03-31,GoC_2Y,2.82
2026-04-01,GoC_2Y,2.82
2026-04-02,GoC_2Y,2.82
2026-04-06,GoC_2Y,2.83
2026-04-07,GoC_2Y,2.86
2026-04-08,GoC_2Y,2.79
2026-04-09,GoC_2Y,2.79
2026-04-10,GoC_2Y,2.78
2026-04-13,GoC_2Y,2.79
2026-04-14,GoC_2Y,2.76
2026-04-15,GoC_2Y,2.79
2026-04-16,GoC_2Y,2.8
2026-04-17,GoC_2Y,2.77
2026-04-20,GoC_2Y,2.76
2026-04-21,GoC_2Y,2.84
2026-04-22,GoC_2Y,2.83
2026-04-23,GoC_2Y,2.85
2026-04-24,GoC_2Y,2.82
2026-04-27,GoC_2Y,2.83
2026-04-28,GoC_2Y,2.88
2026-04-29,GoC_2Y,3.03
2026-04-30,GoC_2Y,2.96
2026-05-01,GoC_2Y,2.94
2026-05-04,GoC_2Y,3.05
2026-05-05,GoC_2Y,3.01
2026-05-06,GoC_2Y,2.91
2026-05-07,GoC_2Y,2.94
2026-05-08,GoC_2Y,2.86
2026-05-11,GoC_2Y,2.93
2026-05-12,GoC_2Y,2.97
2026-05-13,GoC_2Y,2.96
2026-05-14,GoC_2Y,2.96
2026-05-15,GoC_2Y,3.07
2026-05-19,GoC_2Y,3.04
2026-05-20,GoC_2Y,2.93
2026-05-21,GoC_2Y,2.91
2026-05-22,GoC_2Y,2.92
2026-05-25,GoC_2Y,2.84
2026-05-26,GoC_2Y,2.84
2026-05-27,GoC_2Y,2.86
2026-05-28,GoC_2Y,2.84
2026-05-29,GoC_2Y,2.77
2026-06-01,GoC_2Y,2.81
2026-06-02,GoC_2Y,2.8
2026-06-03,GoC_2Y,2.81
2026-06-04,GoC_2Y,2.8
2026-06-05,GoC_2Y,2.87
2026-06-08,GoC_2Y,2.87
2026-06-09,GoC_2Y,2.85
2026-06-10,GoC_2Y,2.83
2026-06-11,GoC_2Y,2.77
2026-06-12,GoC_2Y,2.76
2026-06-15,GoC_2Y,2.76
2026-06-16,GoC_2Y,2.75
2026-06-17,GoC_2Y,2.82
2026-06-18,GoC_2Y,2.78
2026-06-19,GoC_2Y,2.78
2026-06-22,GoC_2Y,2.81
2026-06-23,GoC_2Y,2.78
2026-06-24,GoC_2Y,2.73
2026-06-25,GoC_2Y,2.75
2026-06-26,GoC_2Y,2.75
2026-06-29,GoC_2Y,2.73
2026-06-30,GoC_2Y,2.74
2026-07-02,GoC_2Y,2.76
2026-07-03,GoC_2Y,2.75
2026-07-06,GoC_2Y,2.72
2026-07-07,GoC_2Y,2.8
2026-07-08,GoC_2Y,2.85
2026-07-09,GoC_2Y,2.8
2026-07-10,GoC_2Y,2.82
2026-07-13,GoC_2Y,2.88
2026-07-14,GoC_2Y,2.86
2026-07-15,GoC_2Y,2.82
2026-07-16,GoC_2Y,2.83
2026-07-17,GoC_2Y,2.86
2026-07-20,GoC_2Y,2.84
2026-07-21,GoC_2Y,2.82
2026-07-22,GoC_2Y,2.89
2026-07-23,GoC_2Y,2.96
2026-07-24,GoC_2Y,2.9
2026-07-27,GoC_2Y,2.87
2026-07-28,GoC_2Y,2.84
2026-07-29,GoC_2Y,2.85
2026-07-30,GoC_2Y,2.85
2026-07-31,GoC_2Y,2.91
2026-08-04,GoC_2Y,2.83
2026-08-05,GoC_2Y,2.82
2026-08-06,GoC_2Y,2.92
2026-08-07,GoC_2Y,2.96
2026-08-10,GoC_2Y,3.02
2026-08-11,GoC_2Y,3.01
2026-08-12,GoC_2Y,2.98
2026-08-13,GoC_2Y,2.92
2026-08-14,GoC_2Y,2.96
2026-08-17,GoC_2Y,2.97
2026-08-18,GoC_2Y,2.96
2026-08-19,GoC_2Y,2.98
2026-08-20,GoC_2Y,3.02
2026-08-21,GoC_2Y,3.03
2026-08-24,GoC_2Y,2.96
2026-08-25,GoC_2Y,2.9
2026-08-26,GoC_2Y,2.93
2026-08-27,GoC_2Y,2.96
2026-08-28,GoC_2Y,3.01
2026-08-31,GoC_2Y,3.01
2026-09-01,GoC_2Y,3.01
2026-09-02,GoC_2Y,3.11
2026-09-03,GoC_2Y,3.1
2026-09-04,GoC_2Y,3.08
2026-09-08,GoC_2Y,3.13
2026-09-09,GoC_2Y,3.16
2026-09-10,GoC_2Y,3.31
2026-09-11,GoC_2Y,3.35
2026-09-14,GoC_2Y,3.37
2026-09-15,GoC_2Y,3.35
2026-09-16,GoC_2Y,3.35
2026-09-17,GoC_2Y,3.27
2026-09-18,GoC_2Y,3.32
2026-09-21,GoC_2Y,3.29
2026-09-22,GoC_2Y,3.25
2026-09-23,GoC_2Y,3.4
2026-09-24,GoC_2Y,3.39
2026-09-25,GoC_2Y,3.35
2026-09-28,GoC_2Y,3.37
2026-09-29,GoC_2Y,3.37
2026-10-01,GoC_2Y,3.27
2026-10-02,GoC_2Y,3.25
2001-01-02,GoC_5Y,5.19
2001-01-03,GoC_5Y,5.28
2001-01-04,GoC_5Y,5.2
2001-01-05,GoC_5Y,5.1
2001-01-08,GoC_5Y,5.12
2001-01-09,GoC_5Y,5.17
2001-01-10,GoC_5Y,5.21
2001-01-11,GoC_5Y,5.21
2001-01-12,GoC_5Y,5.24
2001-01-15,GoC_5Y,5.24
2001-01-16,GoC_5Y,5.27
2001-01-17,GoC_5Y,5.24
2001-01-18,GoC_5Y,5.19
2001-01-19,GoC_5Y,5.21
2001-01-22,GoC_5Y,5.25
2001-01-23,GoC_5Y,5.27
2001-01-24,GoC_5Y,5.3
2001-01-25,GoC_5Y,5.25
2001-01-26,GoC_5Y,5.24
2001-01-29,GoC_5Y,5.23
2001-01-30,GoC_5Y,5.21
2001-01-31,GoC_5Y,5.14
2001-02-01,GoC_5Y,5.13
2001-02-02,GoC_5Y,5.21
2001-02-05,GoC_5Y,5.2
2001-02-06,GoC_5Y,5.2
2001-02-07,GoC_5Y,5.19
2001-02-08,GoC_5Y,5.18
2001-02-09,GoC_5Y,5.15
2001-02-12,GoC_5Y,5.17
2001-02-13,GoC_5Y,5.21
2001-02-14,GoC_5Y,5.29
2001-02-15,GoC_5Y,5.28
2001-02-16,GoC_5Y,5.22
2001-02-19,GoC_5Y,5.21
2001-02-20,GoC_5Y,5.23
2001-02-21,GoC_5Y,5.2
2001-02-22,GoC_5Y,5.2
2001-02-23,GoC_5Y,5.17
2001-02-26,GoC_5Y,5.11
2001-02-27,GoC_5Y,5.07
2001-02-28,GoC_5Y,5.09
2001-03-01,GoC_5Y,5.09
2001-03-02,GoC_5Y,5.11
2001-03-05,GoC_5Y,5.11
2001-03-06,GoC_5Y,5.06
2001-03-07,GoC_5Y,5.01
2001-03-08,GoC_5Y,5.0
2001-03-09,GoC_5Y,5.02
2001-03-12,GoC_5Y,4.97
2001-03-13,GoC_5Y,5.01
2001-03-14,GoC_5Y,4.93
2001-03-15,GoC_5Y,4.88
2001-03-16,GoC_5Y,4.87
2001-03-19,GoC_5Y,4.9
2001-03-20,GoC_5Y,4.83
2001-03-21,GoC_5Y,4.85
2001-03-22,GoC_5Y,4.82
2001-03-23,GoC_5Y,4.91
2001-03-26,GoC_5Y,4.94
2001-03-27,GoC_5Y,5.08
2001-03-28,GoC_5Y,5.03
2001-03-29,GoC_5Y,5.08
2001-03-30,GoC_5Y,5.08
2001-04-02,GoC_5Y,5.19
2001-04-03,GoC_5Y,5.11
2001-04-04,GoC_5Y,5.05
2001-04-05,GoC_5Y,5.11
2001-04-06,GoC_5Y,5.01
2001-04-09,GoC_5Y,5.01
2001-04-10,GoC_5Y,5.11
2001-04-11,GoC_5Y,5.17
2001-04-12,GoC_5Y,5.21
2001-04-16,GoC_5Y,5.25
2001-04-17,GoC_5Y,5.28
2001-04-18,GoC_5Y,5.15
2001-04-19,GoC_5Y,5.26
2001-04-20,GoC_5Y,5.25
2001-04-23,GoC_5Y,5.17
2001-04-24,GoC_5Y,5.19
2001-04-25,GoC_5Y,5.23
2001-04-26,GoC_5Y,5.2
2001-04-27,GoC_5Y,5.33
2001-04-30,GoC_5Y,5.37
2001-05-01,GoC_5Y,5.33
2001-05-02,GoC_5Y,5.35
2001-05-03,GoC_5Y,5.28
2001-05-04,GoC_5Y,5.25
2001-05-07,GoC_5Y,5.24
2001-05-08,GoC_5Y,5.27
2001-05-09,GoC_5Y,5.23
2001-05-10,GoC_5Y,5.29
2001-05-11,GoC_5Y,5.47
2001-05-14,GoC_5Y,5.48
2001-05-15,GoC_5Y,5.5
2001-05-16,GoC_5Y,5.51
2001-05-17,GoC_5Y,5.57
2001-05-18,GoC_5Y,5.6
2001-05-22,GoC_5Y,5.57
2001-05-23,GoC_5Y,5.56
2001-05-24,GoC_5Y,5.63
2001-05-25,GoC_5Y,5.6
2001-05-28,GoC_5Y,5.57
2001-05-29,GoC_5Y,5.59
2001-05-30,GoC_5Y,5.61
2001-05-31,GoC_5Y,5.52
2001-06-01,GoC_5Y,5.47
2001-06-04,GoC_5Y,5.41
2001-06-05,GoC_5Y,5.36
2001-06-06,GoC_5Y,5.36
2001-06-07,GoC_5Y,5.4
2001-06-08,GoC_5Y,5.41
2001-06-11,GoC_5Y,5.34
2001-06-12,GoC_5Y,5.32
2001-06-13,GoC_5Y,5.33
2001-06-14,GoC_5Y,5.29
2001-06-15,GoC_5Y,5.29
2001-06-18,GoC_5Y,5.3
2001-06-19,GoC_5Y,5.33
2001-06-20,GoC_5Y,5.29
2001-06-21,GoC_5Y,5.26
2001-06-22,GoC_5Y,5.21
2001-06-25,GoC_5Y,5.24
2001-06-26,GoC_5Y,5.31
2001-06-27,GoC_5Y,5.39
2001-06-28,GoC_5Y,5.54
2001-06-29,GoC_5Y,5.6
2001-07-03,GoC_5Y,5.61
2001-07-04,GoC_5Y,5.59
2001-07-05,GoC_5Y,5.57
2001-07-06,GoC_5Y,5.52
2001-07-09,GoC_5Y,5.5
2001-07-10,GoC_5Y,5.48
2001-07-11,GoC_5Y,5.52
2001-07-12,GoC_5Y,5.52
2001-07-13,GoC_5Y,5.51
2001-07-16,GoC_5Y,5.47
2001-07-17,GoC_5Y,5.47
2001-07-18,GoC_5Y,5.37
2001-07-19,GoC_5Y,5.39
2001-07-20,GoC_5Y,5.35
2001-07-23,GoC_5Y,5.32
2001-07-24,GoC_5Y,5.31
2001-07-25,GoC_5Y,5.36
2001-07-26,GoC_5Y,5.31
2001-07-27,GoC_5Y,5.27
2001-07-30,GoC_5Y,5.25
2001-07-31,GoC_5Y,5.25
2001-08-01,GoC_5Y,5.29
2001-08-02,GoC_5Y,5.34
2001-08-03,GoC_5Y,5.34
2001-08-07,GoC_5Y,5.3
2001-08-08,GoC_5Y,5.2
2001-08-09,GoC_5Y,5.18
2001-08-10,GoC_5Y,5.13
2001-08-13,GoC_5Y,5.11
2001-08-14,GoC_5Y,5.12
2001-08-15,GoC_5Y,5.17
2001-08-16,GoC_5Y,5.14
2001-08-17,GoC_5Y,5.06
2001-08-20,GoC_5Y,5.1
2001-08-21,GoC_5Y,5.05
2001-08-22,GoC_5Y,5.09
2001-08-23,GoC_5Y,5.05
2001-08-24,GoC_5Y,5.05
2001-08-27,GoC_5Y,5.03
2001-08-28,GoC_5Y,4.97
2001-08-29,GoC_5Y,4.93
2001-08-30,GoC_5Y,4.95
2001-08-31,GoC_5Y,4.88
2001-09-04,GoC_5Y,5.0
2001-09-05,GoC_5Y,4.97
2001-09-06,GoC_5Y,4.84
2001-09-07,GoC_5Y,4.72
2001-09-10,GoC_5Y,4.74
2001-09-11,GoC_5Y,4.66
2001-09-12,GoC_5Y,4.56
2001-09-13,GoC_5Y,4.52
2001-09-14,GoC_5Y,4.43
2001-09-17,GoC_5Y,4.62
2001-09-18,GoC_5Y,4.67
2001-09-19,GoC_5Y,4.61
2001-09-20,GoC_5Y,4.63
2001-09-21,GoC_5Y,4.64
2001-09-24,GoC_5Y,4.69
2001-09-25,GoC_5Y,4.64
2001-09-26,GoC_5Y,4.62
2001-09-27,GoC_5Y,4.58
2001-09-28,GoC_5Y,4.64
2001-10-01,GoC_5Y,4.61
2001-10-02,GoC_5Y,4.55
2001-10-03,GoC_5Y,4.51
2001-10-04,GoC_5Y,4.51
2001-10-05,GoC_5Y,4.49
2001-10-09,GoC_5Y,4.53
2001-10-10,GoC_5Y,4.54
2001-10-11,GoC_5Y,4.65
2001-10-12,GoC_5Y,4.6
2001-10-15,GoC_5Y,4.55
2001-10-16,GoC_5Y,4.53
2001-10-17,GoC_5Y,4.52
2001-10-18,GoC_5Y,4.51
2001-10-19,GoC_5Y,4.52
2001-10-22,GoC_5Y,4.54
2001-10-23,GoC_5Y,4.45
2001-10-24,GoC_5Y,4.4
2001-10-25,GoC_5Y,4.35
2001-10-26,GoC_5Y,4.34
2001-10-29,GoC_5Y,4.26
2001-10-30,GoC_5Y,4.16
2001-10-31,GoC_5Y,4.08
2001-11-01,GoC_5Y,4.17
2001-11-02,GoC_5Y,4.21
2001-11-05,GoC_5Y,4.14
2001-11-06,GoC_5Y,4.05
2001-11-07,GoC_5Y,3.96
2001-11-08,GoC_5Y,3.99
2001-11-09,GoC_5Y,4.0
2001-11-13,GoC_5Y,4.09
2001-11-14,GoC_5Y,4.31
2001-11-15,GoC_5Y,4.55
2001-11-16,GoC_5Y,4.68
2001-11-19,GoC_5Y,4.59
2001-11-20,GoC_5Y,4.65
2001-11-21,GoC_5Y,4.72
2001-11-22,GoC_5Y,4.73
2001-11-23,GoC_5Y,4.76
2001-11-26,GoC_5Y,4.74
2001-11-27,GoC_5Y,4.68
2001-11-28,GoC_5Y,4.68
2001-11-29,GoC_5Y,4.52
2001-11-30,GoC_5Y,4.49
2001-12-03,GoC_5Y,4.38
2001-12-04,GoC_5Y,4.4
2001-12-05,GoC_5Y,4.68
2001-12-06,GoC_5Y,4.76
2001-12-07,GoC_5Y,4.83
2001-12-10,GoC_5Y,4.73
2001-12-11,GoC_5Y,4.67
2001-12-12,GoC_5Y,4.65
2001-12-13,GoC_5Y,4.73
2001-12-14,GoC_5Y,4.81
2001-12-17,GoC_5Y,4.79
2001-12-18,GoC_5Y,4.73
2001-12-19,GoC_5Y,4.67
2001-12-20,GoC_5Y,4.65
2001-12-21,GoC_5Y,4.65
2001-12-24,GoC_5Y,4.69
2001-12-27,GoC_5Y,4.66
2001-12-28,GoC_5Y,4.68
2001-12-31,GoC_5Y,4.61
2002-01-02,GoC_5Y,4.71
2002-01-03,GoC_5Y,4.66
2002-01-04,GoC_5Y,4.71
2002-01-07,GoC_5Y,4.62
2002-01-08,GoC_5Y,4.63
2002-01-09,GoC_5Y,4.56
2002-01-10,GoC_5Y,4.52
2002-01-11,GoC_5Y,4.32
2002-01-14,GoC_5Y,4.32
2002-01-15,GoC_5Y,4.36
2002-01-16,GoC_5Y,4.38
2002-01-17,GoC_5Y,4.54
2002-01-18,GoC_5Y,4.49
2002-01-21,GoC_5Y,4.53
2002-01-22,GoC_5Y,4.56
2002-01-23,GoC_5Y,4.62
2002-01-24,GoC_5Y,4.71
2002-01-25,GoC_5Y,4.75
2002-01-28,GoC_5Y,4.74
2002-01-29,GoC_5Y,4.64
2002-01-30,GoC_5Y,4.71
2002-01-31,GoC_5Y,4.75
2002-02-01,GoC_5Y,4.71
2002-02-04,GoC_5Y,4.59
2002-02-05,GoC_5Y,4.58
2002-02-06,GoC_5Y,4.59
2002-02-07,GoC_5Y,4.6
2002-02-08,GoC_5Y,4.6
2002-02-11,GoC_5Y,4.61
2002-02-12,GoC_5Y,4.66
2002-02-13,GoC_5Y,4.69
2002-02-14,GoC_5Y,4.7
2002-02-15,GoC_5Y,4.59
2002-02-18,GoC_5Y,4.62
2002-02-19,GoC_5Y,4.62
2002-02-20,GoC_5Y,4.61
2002-02-21,GoC_5Y,4.59
2002-02-22,GoC_5Y,4.57
2002-02-25,GoC_5Y,4.6
2002-02-26,GoC_5Y,4.66
2002-02-27,GoC_5Y,4.58
2002-02-28,GoC_5Y,4.62
2002-03-01,GoC_5Y,4.72
2002-03-04,GoC_5Y,4.76
2002-03-05,GoC_5Y,4.78
2002-03-06,GoC_5Y,4.79
2002-03-07,GoC_5Y,4.94
2002-03-08,GoC_5Y,5.09
2002-03-11,GoC_5Y,5.07
2002-03-12,GoC_5Y,5.09
2002-03-13,GoC_5Y,5.06
2002-03-14,GoC_5Y,5.17
2002-03-15,GoC_5Y,5.15
2002-03-18,GoC_5Y,5.15
2002-03-19,GoC_5Y,5.12
2002-03-20,GoC_5Y,5.23
2002-03-21,GoC_5Y,5.32
2002-03-22,GoC_5Y,5.33
2002-03-25,GoC_5Y,5.32
2002-03-26,GoC_5Y,5.26
2002-03-27,GoC_5Y,5.28
2002-03-28,GoC_5Y,5.27
2002-04-01,GoC_5Y,5.29
2002-04-02,GoC_5Y,5.22
2002-04-03,GoC_5Y,5.16
2002-04-04,GoC_5Y,5.11
2002-04-05,GoC_5Y,5.1
2002-04-08,GoC_5Y,5.17
2002-04-09,GoC_5Y,5.14
2002-04-10,GoC_5Y,5.16
2002-04-11,GoC_5Y,5.1
2002-04-12,GoC_5Y,5.03
2002-04-15,GoC_5Y,4.99
2002-04-16,GoC_5Y,5.08
2002-04-17,GoC_5Y,5.1
2002-04-18,GoC_5Y,5.05
2002-04-19,GoC_5Y,5.05
2002-04-22,GoC_5Y,5.05
2002-04-23,GoC_5Y,5.07
2002-04-24,GoC_5Y,5.05
2002-04-25,GoC_5Y,5.03
2002-04-26,GoC_5Y,5.01
2002-04-29,GoC_5Y,5.03
2002-04-30,GoC_5Y,5.02
2002-05-01,GoC_5Y,4.97
2002-05-02,GoC_5Y,5.0
2002-05-03,GoC_5Y,4.93
2002-05-06,GoC_5Y,4.89
2002-05-07,GoC_5Y,4.85
2002-05-08,GoC_5Y,4.99
2002-05-09,GoC_5Y,4.95
2002-05-10,GoC_5Y,4.98
2002-05-13,GoC_5Y,5.06
2002-05-14,GoC_5Y,5.16
2002-05-15,GoC_5Y,5.13
2002-05-16,GoC_5Y,5.08
2002-05-17,GoC_5Y,5.12
2002-05-21,GoC_5Y,5.02
2002-05-22,GoC_5Y,5.0
2002-05-23,GoC_5Y,4.99
2002-05-24,GoC_5Y,4.97
2002-05-27,GoC_5Y,5.0
2002-05-28,GoC_5Y,4.97
2002-05-29,GoC_5Y,4.9
2002-05-30,GoC_5Y,4.85
2002-05-31,GoC_5Y,4.89
2002-06-03,GoC_5Y,4.87
2002-06-04,GoC_5Y,4.89
2002-06-05,GoC_5Y,4.92
2002-06-06,GoC_5Y,4.89
2002-06-07,GoC_5Y,4.91
2002-06-10,GoC_5Y,4.91
2002-06-11,GoC_5Y,4.91
2002-06-12,GoC_5Y,4.9
2002-06-13,GoC_5Y,4.82
2002-06-14,GoC_5Y,4.72
2002-06-17,GoC_5Y,4.74
2002-06-18,GoC_5Y,4.72
2002-06-19,GoC_5Y,4.66
2002-06-20,GoC_5Y,4.73
2002-06-21,GoC_5Y,4.7
2002-06-24,GoC_5Y,4.72
2002-06-25,GoC_5Y,4.7
2002-06-26,GoC_5Y,4.67
2002-06-27,GoC_5Y,4.7
2002-06-28,GoC_5Y,4.74
2002-07-02,GoC_5Y,4.65
2002-07-03,GoC_5Y,4.65
2002-07-04,GoC_5Y,4.67
2002-07-05,GoC_5Y,4.79
2002-07-08,GoC_5Y,4.77
2002-07-09,GoC_5Y,4.73
2002-07-10,GoC_5Y,4.62
2002-07-11,GoC_5Y,4.62
2002-07-12,GoC_5Y,4.52
2002-07-15,GoC_5Y,4.51
2002-07-16,GoC_5Y,4.53
2002-07-17,GoC_5Y,4.54
2002-07-18,GoC_5Y,4.48
2002-07-19,GoC_5Y,4.4
2002-07-22,GoC_5Y,4.3
2002-07-23,GoC_5Y,4.19
2002-07-24,GoC_5Y,4.33
2002-07-25,GoC_5Y,4.21
2002-07-26,GoC_5Y,4.19
2002-07-29,GoC_5Y,4.39
2002-07-30,GoC_5Y,4.4
2002-07-31,GoC_5Y,4.3
2002-08-01,GoC_5Y,4.16
2002-08-02,GoC_5Y,4.06
2002-08-06,GoC_5Y,4.11
2002-08-07,GoC_5Y,4.06
2002-08-08,GoC_5Y,4.09
2002-08-09,GoC_5Y,4.09
2002-08-12,GoC_5Y,4.08
2002-08-13,GoC_5Y,3.98
2002-08-14,GoC_5Y,4.14
2002-08-15,GoC_5Y,4.19
2002-08-16,GoC_5Y,4.28
2002-08-19,GoC_5Y,4.27
2002-08-20,GoC_5Y,4.4
2002-08-21,GoC_5Y,4.45
2002-08-22,GoC_5Y,4.58
2002-08-23,GoC_5Y,4.51
2002-08-26,GoC_5Y,4.46
2002-08-27,GoC_5Y,4.53
2002-08-28,GoC_5Y,4.49
2002-08-29,GoC_5Y,4.45
2002-08-30,GoC_5Y,4.43
2002-09-03,GoC_5Y,4.21
2002-09-04,GoC_5Y,4.18
2002-09-05,GoC_5Y,4.09
2002-09-06,GoC_5Y,4.2
2002-09-09,GoC_5Y,4.23
2002-09-10,GoC_5Y,4.2
2002-09-11,GoC_5Y,4.25
2002-09-12,GoC_5Y,4.19
2002-09-13,GoC_5Y,4.17
2002-09-16,GoC_5Y,4.24
2002-09-17,GoC_5Y,4.14
2002-09-18,GoC_5Y,4.19
2002-09-19,GoC_5Y,4.12
2002-09-20,GoC_5Y,4.14
2002-09-23,GoC_5Y,4.08
2002-09-24,GoC_5Y,4.11
2002-09-25,GoC_5Y,4.2
2002-09-26,GoC_5Y,4.22
2002-09-27,GoC_5Y,4.16
2002-09-30,GoC_5Y,4.14
2002-10-01,GoC_5Y,4.24
2002-10-02,GoC_5Y,4.2
2002-10-03,GoC_5Y,4.22
2002-10-04,GoC_5Y,4.28
2002-10-07,GoC_5Y,4.23
2002-10-08,GoC_5Y,4.26
2002-10-09,GoC_5Y,4.21
2002-10-10,GoC_5Y,4.22
2002-10-11,GoC_5Y,4.29
2002-10-15,GoC_5Y,4.45
2002-10-16,GoC_5Y,4.47
2002-10-17,GoC_5Y,4.53
2002-10-18,GoC_5Y,4.49
2002-10-21,GoC_5Y,4.6
2002-10-22,GoC_5Y,4.57
2002-10-23,GoC_5Y,4.53
2002-10-24,GoC_5Y,4.49
2002-10-25,GoC_5Y,4.46
2002-10-28,GoC_5Y,4.46
2002-10-29,GoC_5Y,4.37
2002-10-30,GoC_5Y,4.34
2002-10-31,GoC_5Y,4.2
2002-11-01,GoC_5Y,4.2
2002-11-04,GoC_5Y,4.23
2002-11-05,GoC_5Y,4.28
2002-11-06,GoC_5Y,4.27
2002-11-07,GoC_5Y,4.19
2002-11-08,GoC_5Y,4.21
2002-11-12,GoC_5Y,4.2
2002-11-13,GoC_5Y,4.19
2002-11-14,GoC_5Y,4.32
2002-11-15,GoC_5Y,4.29
2002-11-18,GoC_5Y,4.26
2002-11-19,GoC_5Y,4.23
2002-11-20,GoC_5Y,4.26
2002-11-21,GoC_5Y,4.33
2002-11-22,GoC_5Y,4.34
2002-11-25,GoC_5Y,4.33
2002-11-26,GoC_5Y,4.25
2002-11-27,GoC_5Y,4.39
2002-11-28,GoC_5Y,4.37
2002-11-29,GoC_5Y,4.34
2002-12-02,GoC_5Y,4.38
2002-12-03,GoC_5Y,4.33
2002-12-04,GoC_5Y,4.27
2002-12-05,GoC_5Y,4.27
2002-12-06,GoC_5Y,4.25
2002-12-09,GoC_5Y,4.2
2002-12-10,GoC_5Y,4.22
2002-12-11,GoC_5Y,4.2
2002-12-12,GoC_5Y,4.21
2002-12-13,GoC_5Y,4.2
2002-12-16,GoC_5Y,4.24
2002-12-17,GoC_5Y,4.19
2002-12-18,GoC_5Y,4.14
2002-12-19,GoC_5Y,4.07
2002-12-20,GoC_5Y,4.09
2002-12-23,GoC_5Y,4.1
2002-12-24,GoC_5Y,4.06
2002-12-27,GoC_5Y,3.96
2002-12-30,GoC_5Y,3.96
2002-12-31,GoC_5Y,3.96
2003-01-02,GoC_5Y,4.1
2003-01-03,GoC_5Y,4.12
2003-01-06,GoC_5Y,4.15
2003-01-07,GoC_5Y,4.08
2003-01-08,GoC_5Y,4.06
2003-01-09,GoC_5Y,4.11
2003-01-10,GoC_5Y,4.12
2003-01-13,GoC_5Y,4.13
2003-01-14,GoC_5Y,4.12
2003-01-15,GoC_5Y,4.16
2003-01-16,GoC_5Y,4.15
2003-01-17,GoC_5Y,4.11
2003-01-20,GoC_5Y,4.09
2003-01-21,GoC_5Y,4.09
2003-01-22,GoC_5Y,4.12
2003-01-23,GoC_5Y,4.13
2003-01-24,GoC_5Y,4.14
2003-01-27,GoC_5Y,4.16
2003-01-28,GoC_5Y,4.19
2003-01-29,GoC_5Y,4.27
2003-01-30,GoC_5Y,4.3
2003-01-31,GoC_5Y,4.3
2003-02-03,GoC_5Y,4.32
2003-02-04,GoC_5Y,4.31
2003-02-05,GoC_5Y,4.35
2003-02-06,GoC_5Y,4.3
2003-02-07,GoC_5Y,4.28
2003-02-10,GoC_5Y,4.32
2003-02-11,GoC_5Y,4.29
2003-02-12,GoC_5Y,4.23
2003-02-13,GoC_5Y,4.19
2003-02-14,GoC_5Y,4.24
2003-02-17,GoC_5Y,4.27
2003-02-18,GoC_5Y,4.27
2003-02-19,GoC_5Y,4.27
2003-02-20,GoC_5Y,4.27
2003-02-21,GoC_5Y,4.31
2003-02-24,GoC_5Y,4.24
2003-02-25,GoC_5Y,4.22
2003-02-26,GoC_5Y,4.18
2003-02-27,GoC_5Y,4.22
2003-02-28,GoC_5Y,4.21
2003-03-03,GoC_5Y,4.18
2003-03-04,GoC_5Y,4.24
2003-03-05,GoC_5Y,4.18
2003-03-06,GoC_5Y,4.17
2003-03-07,GoC_5Y,4.15
2003-03-10,GoC_5Y,4.08
2003-03-11,GoC_5Y,4.09
2003-03-12,GoC_5Y,4.15
2003-03-13,GoC_5Y,4.28
2003-03-14,GoC_5Y,4.25
2003-03-17,GoC_5Y,4.33
2003-03-18,GoC_5Y,4.37
2003-03-19,GoC_5Y,4.45
2003-03-20,GoC_5Y,4.46
2003-03-21,GoC_5Y,4.55
2003-03-24,GoC_5Y,4.46
2003-03-25,GoC_5Y,4.48
2003-03-26,GoC_5Y,4.47
2003-03-27,GoC_5Y,4.46
2003-03-28,GoC_5Y,4.44
2003-03-31,GoC_5Y,4.4
2003-04-01,GoC_5Y,4.45
2003-04-02,GoC_5Y,4.48
2003-04-03,GoC_5Y,4.43
2003-04-04,GoC_5Y,4.44
2003-04-07,GoC_5Y,4.47
2003-04-08,GoC_5Y,4.43
2003-04-09,GoC_5Y,4.4
2003-04-10,GoC_5Y,4.42
2003-04-11,GoC_5Y,4.44
2003-04-14,GoC_5Y,4.47
2003-04-15,GoC_5Y,4.4
2003-04-16,GoC_5Y,4.37
2003-04-17,GoC_5Y,4.37
2003-04-21,GoC_5Y,4.29
2003-04-22,GoC_5Y,4.3
2003-04-23,GoC_5Y,4.32
2003-04-24,GoC_5Y,4.24
2003-04-25,GoC_5Y,4.2
2003-04-28,GoC_5Y,4.2
2003-04-29,GoC_5Y,4.21
2003-04-30,GoC_5Y,4.18
2003-05-01,GoC_5Y,4.18
2003-05-02,GoC_5Y,4.24
2003-05-05,GoC_5Y,4.23
2003-05-06,GoC_5Y,4.16
2003-05-07,GoC_5Y,4.09
2003-05-08,GoC_5Y,4.1
2003-05-09,GoC_5Y,4.08
2003-05-12,GoC_5Y,4.09
2003-05-13,GoC_5Y,4.05
2003-05-14,GoC_5Y,4.02
2003-05-15,GoC_5Y,4.02
2003-05-16,GoC_5Y,3.97
2003-05-20,GoC_5Y,3.84
2003-05-21,GoC_5Y,3.85
2003-05-22,GoC_5Y,3.72
2003-05-23,GoC_5Y,3.69
2003-05-26,GoC_5Y,3.64
2003-05-27,GoC_5Y,3.68
2003-05-28,GoC_5Y,3.72
2003-05-29,GoC_5Y,3.62
2003-05-30,GoC_5Y,3.66
2003-06-02,GoC_5Y,3.71
2003-06-03,GoC_5Y,3.58
2003-06-04,GoC_5Y,3.58
2003-06-05,GoC_5Y,3.58
2003-06-06,GoC_5Y,3.49
2003-06-09,GoC_5Y,3.42
2003-06-10,GoC_5Y,3.34
2003-06-11,GoC_5Y,3.39
2003-06-12,GoC_5Y,3.31
2003-06-13,GoC_5Y,3.22
2003-06-16,GoC_5Y,3.31
2003-06-17,GoC_5Y,3.4
2003-06-18,GoC_5Y,3.36
2003-06-19,GoC_5Y,3.41
2003-06-20,GoC_5Y,3.49
2003-06-23,GoC_5Y,3.41
2003-06-24,GoC_5Y,3.41
2003-06-25,GoC_5Y,3.55
2003-06-26,GoC_5Y,3.67
2003-06-27,GoC_5Y,3.67
2003-06-30,GoC_5Y,3.6
2003-07-02,GoC_5Y,3.62
2003-07-03,GoC_5Y,3.68
2003-07-04,GoC_5Y,3.66
2003-07-07,GoC_5Y,3.81
2003-07-08,GoC_5Y,3.79
2003-07-09,GoC_5Y,3.77
2003-07-10,GoC_5Y,3.76
2003-07-11,GoC_5Y,3.83
2003-07-14,GoC_5Y,3.87
2003-07-15,GoC_5Y,3.89
2003-07-16,GoC_5Y,3.8
2003-07-17,GoC_5Y,3.7
2003-07-18,GoC_5Y,3.71
2003-07-21,GoC_5Y,3.82
2003-07-22,GoC_5Y,3.7
2003-07-23,GoC_5Y,3.63
2003-07-24,GoC_5Y,3.64
2003-07-25,GoC_5Y,3.66
2003-07-28,GoC_5Y,3.71
2003-07-29,GoC_5Y,3.77
2003-07-30,GoC_5Y,3.76
2003-07-31,GoC_5Y,3.84
2003-08-01,GoC_5Y,3.85
2003-08-05,GoC_5Y,3.95
2003-08-06,GoC_5Y,3.9
2003-08-07,GoC_5Y,3.86
2003-08-08,GoC_5Y,3.82
2003-08-11,GoC_5Y,3.91
2003-08-12,GoC_5Y,3.91
2003-08-13,GoC_5Y,3.99
2003-08-14,GoC_5Y,3.99
2003-08-15,GoC_5Y,3.94
2003-08-18,GoC_5Y,3.89
2003-08-19,GoC_5Y,3.77
2003-08-20,GoC_5Y,3.8
2003-08-21,GoC_5Y,3.88
2003-08-22,GoC_5Y,3.87
2003-08-25,GoC_5Y,3.91
2003-08-26,GoC_5Y,3.89
2003-08-27,GoC_5Y,3.97
2003-08-28,GoC_5Y,3.91
2003-08-29,GoC_5Y,3.89
2003-09-02,GoC_5Y,3.94
2003-09-03,GoC_5Y,4.27
2003-09-04,GoC_5Y,4.2
2003-09-05,GoC_5Y,4.07
2003-09-08,GoC_5Y,4.08
2003-09-09,GoC_5Y,4.06
2003-09-10,GoC_5Y,4.02
2003-09-11,GoC_5Y,4.09
2003-09-12,GoC_5Y,4.04
2003-09-15,GoC_5Y,4.03
2003-09-16,GoC_5Y,4.05
2003-09-17,GoC_5Y,4.02
2003-09-18,GoC_5Y,4.02
2003-09-19,GoC_5Y,4.01
2003-09-22,GoC_5Y,3.92
2003-09-23,GoC_5Y,3.89
2003-09-24,GoC_5Y,3.86
2003-09-25,GoC_5Y,3.83
2003-09-26,GoC_5Y,3.79
2003-09-29,GoC_5Y,3.86
2003-09-30,GoC_5Y,3.76
2003-10-01,GoC_5Y,3.76
2003-10-02,GoC_5Y,3.81
2003-10-03,GoC_5Y,3.97
2003-10-06,GoC_5Y,3.92
2003-10-07,GoC_5Y,3.97
2003-10-08,GoC_5Y,3.96
2003-10-09,GoC_5Y,4.03
2003-10-10,GoC_5Y,4.03
2003-10-14,GoC_5Y,4.11
2003-10-15,GoC_5Y,4.18
2003-10-16,GoC_5Y,4.25
2003-10-17,GoC_5Y,4.17
2003-10-20,GoC_5Y,4.14
2003-10-21,GoC_5Y,4.12
2003-10-22,GoC_5Y,4.03
2003-10-23,GoC_5Y,4.07
2003-10-24,GoC_5Y,4.01
2003-10-27,GoC_5Y,4.05
2003-10-28,GoC_5Y,4.01
2003-10-29,GoC_5Y,4.07
2003-10-30,GoC_5Y,4.13
2003-10-31,GoC_5Y,4.07
2003-11-03,GoC_5Y,4.13
2003-11-04,GoC_5Y,4.1
2003-11-05,GoC_5Y,4.16
2003-11-06,GoC_5Y,4.21
2003-11-07,GoC_5Y,4.28
2003-11-10,GoC_5Y,4.28
2003-11-12,GoC_5Y,4.26
2003-11-13,GoC_5Y,4.13
2003-11-14,GoC_5Y,4.09
2003-11-17,GoC_5Y,4.1
2003-11-18,GoC_5Y,4.05
2003-11-19,GoC_5Y,4.1
2003-11-20,GoC_5Y,4.04
2003-11-21,GoC_5Y,3.97
2003-11-24,GoC_5Y,4.05
2003-11-25,GoC_5Y,4.04
2003-11-26,GoC_5Y,4.07
2003-11-27,GoC_5Y,4.09
2003-11-28,GoC_5Y,4.11
2003-12-01,GoC_5Y,4.12
2003-12-02,GoC_5Y,4.09
2003-12-03,GoC_5Y,4.11
2003-12-04,GoC_5Y,4.14
2003-12-05,GoC_5Y,4.06
2003-12-08,GoC_5Y,4.07
2003-12-09,GoC_5Y,4.12
2003-12-10,GoC_5Y,4.08
2003-12-11,GoC_5Y,4.02
2003-12-12,GoC_5Y,3.99
2003-12-15,GoC_5Y,3.98
2003-12-16,GoC_5Y,3.96
2003-12-17,GoC_5Y,3.93
2003-12-18,GoC_5Y,3.89
2003-12-19,GoC_5Y,3.92
2003-12-22,GoC_5Y,3.92
2003-12-23,GoC_5Y,3.94
2003-12-24,GoC_5Y,3.88
2003-12-29,GoC_5Y,3.87
2003-12-30,GoC_5Y,3.9
2003-12-31,GoC_5Y,3.91
2004-01-02,GoC_5Y,4.0
2004-01-05,GoC_5Y,3.98
2004-01-06,GoC_5Y,3.92
2004-01-07,GoC_5Y,3.91
2004-01-08,GoC_5Y,3.93
2004-01-09,GoC_5Y,3.8
2004-01-12,GoC_5Y,3.8
2004-01-13,GoC_5Y,3.76
2004-01-14,GoC_5Y,3.76
2004-01-15,GoC_5Y,3.75
2004-01-16,GoC_5Y,3.78
2004-01-19,GoC_5Y,3.78
2004-01-20,GoC_5Y,3.69
2004-01-21,GoC_5Y,3.61
2004-01-22,GoC_5Y,3.52
2004-01-23,GoC_5Y,3.62
2004-01-26,GoC_5Y,3.63
2004-01-27,GoC_5Y,3.56
2004-01-28,GoC_5Y,3.71
2004-01-29,GoC_5Y,3.72
2004-01-30,GoC_5Y,3.63
2004-02-02,GoC_5Y,3.64
2004-02-03,GoC_5Y,3.62
2004-02-04,GoC_5Y,3.65
2004-02-05,GoC_5Y,3.66
2004-02-06,GoC_5Y,3.55
2004-02-09,GoC_5Y,3.51
2004-02-10,GoC_5Y,3.54
2004-02-11,GoC_5Y,3.48
2004-02-12,GoC_5Y,3.49
2004-02-13,GoC_5Y,3.48
2004-02-16,GoC_5Y,3.48
2004-02-17,GoC_5Y,3.51
2004-02-18,GoC_5Y,3.53
2004-02-19,GoC_5Y,3.52
2004-02-20,GoC_5Y,3.56
2004-02-23,GoC_5Y,3.51
2004-02-24,GoC_5Y,3.48
2004-02-25,GoC_5Y,3.47
2004-02-26,GoC_5Y,3.46
2004-02-27,GoC_5Y,3.42
2004-03-01,GoC_5Y,3.4
2004-03-02,GoC_5Y,3.45
2004-03-03,GoC_5Y,3.48
2004-03-04,GoC_5Y,3.49
2004-03-05,GoC_5Y,3.36
2004-03-08,GoC_5Y,3.31
2004-03-09,GoC_5Y,3.31
2004-03-10,GoC_5Y,3.31
2004-03-11,GoC_5Y,3.29
2004-03-12,GoC_5Y,3.29
2004-03-15,GoC_5Y,3.27
2004-03-16,GoC_5Y,3.24
2004-03-17,GoC_5Y,3.22
2004-03-18,GoC_5Y,3.25
2004-03-19,GoC_5Y,3.27
2004-03-22,GoC_5Y,3.22
2004-03-23,GoC_5Y,3.23
2004-03-24,GoC_5Y,3.22
2004-03-25,GoC_5Y,3.23
2004-03-26,GoC_5Y,3.33
2004-03-29,GoC_5Y,3.38
2004-03-30,GoC_5Y,3.38
2004-03-31,GoC_5Y,3.35
2004-04-01,GoC_5Y,3.38
2004-04-02,GoC_5Y,3.59
2004-04-05,GoC_5Y,3.61
2004-04-06,GoC_5Y,3.59
2004-04-07,GoC_5Y,3.56
2004-04-08,GoC_5Y,3.54
2004-04-12,GoC_5Y,3.58
2004-04-13,GoC_5Y,3.71
2004-04-14,GoC_5Y,3.77
2004-04-15,GoC_5Y,3.78
2004-04-16,GoC_5Y,3.71
2004-04-19,GoC_5Y,3.76
2004-04-20,GoC_5Y,3.84
2004-04-21,GoC_5Y,3.8
2004-04-22,GoC_5Y,3.74
2004-04-23,GoC_5Y,3.79
2004-04-26,GoC_5Y,3.78
2004-04-27,GoC_5Y,3.76
2004-04-28,GoC_5Y,3.81
2004-04-29,GoC_5Y,3.81
2004-04-30,GoC_5Y,3.68
2004-05-03,GoC_5Y,3.65
2004-05-04,GoC_5Y,3.67
2004-05-05,GoC_5Y,3.68
2004-05-06,GoC_5Y,3.69
2004-05-07,GoC_5Y,3.92
2004-05-10,GoC_5Y,3.91
2004-05-11,GoC_5Y,3.89
2004-05-12,GoC_5Y,3.95
2004-05-13,GoC_5Y,4.01
2004-05-14,GoC_5Y,4.0
2004-05-17,GoC_5Y,3.95
2004-05-18,GoC_5Y,4.01
2004-05-19,GoC_5Y,4.04
2004-05-20,GoC_5Y,3.99
2004-05-21,GoC_5Y,4.01
2004-05-25,GoC_5Y,4.06
2004-05-26,GoC_5Y,3.96
2004-05-27,GoC_5Y,3.91
2004-05-28,GoC_5Y,3.95
2004-05-31,GoC_5Y,3.97
2004-06-01,GoC_5Y,4.0
2004-06-02,GoC_5Y,4.05
2004-06-03,GoC_5Y,4.04
2004-06-04,GoC_5Y,4.18
2004-06-07,GoC_5Y,4.19
2004-06-08,GoC_5Y,4.16
2004-06-09,GoC_5Y,4.17
2004-06-10,GoC_5Y,4.2
2004-06-11,GoC_5Y,4.27
2004-06-14,GoC_5Y,4.32
2004-06-15,GoC_5Y,4.2
2004-06-16,GoC_5Y,4.25
2004-06-17,GoC_5Y,4.23
2004-06-18,GoC_5Y,4.27
2004-06-21,GoC_5Y,4.23
2004-06-22,GoC_5Y,4.23
2004-06-23,GoC_5Y,4.19
2004-06-24,GoC_5Y,4.15
2004-06-25,GoC_5Y,4.12
2004-06-28,GoC_5Y,4.19
2004-06-29,GoC_5Y,4.17
2004-06-30,GoC_5Y,4.07
2004-07-02,GoC_5Y,3.96
2004-07-05,GoC_5Y,3.96
2004-07-06,GoC_5Y,3.96
2004-07-07,GoC_5Y,3.96
2004-07-08,GoC_5Y,3.93
2004-07-09,GoC_5Y,3.93
2004-07-12,GoC_5Y,3.95
2004-07-13,GoC_5Y,3.98
2004-07-14,GoC_5Y,4.0
2004-07-15,GoC_5Y,4.02
2004-07-16,GoC_5Y,3.92
2004-07-19,GoC_5Y,3.93
2004-07-20,GoC_5Y,3.98
2004-07-21,GoC_5Y,4.01
2004-07-22,GoC_5Y,4.0
2004-07-23,GoC_5Y,3.97
2004-07-26,GoC_5Y,4.0
2004-07-27,GoC_5Y,4.09
2004-07-28,GoC_5Y,4.07
2004-07-29,GoC_5Y,4.06
2004-07-30,GoC_5Y,4.0
2004-08-03,GoC_5Y,3.92
2004-08-04,GoC_5Y,3.93
2004-08-05,GoC_5Y,3.91
2004-08-06,GoC_5Y,3.71
2004-08-09,GoC_5Y,3.77
2004-08-10,GoC_5Y,3.86
2004-08-11,GoC_5Y,3.8
2004-08-12,GoC_5Y,3.77
2004-08-13,GoC_5Y,3.79
2004-08-16,GoC_5Y,3.84
2004-08-17,GoC_5Y,3.78
2004-08-18,GoC_5Y,3.82
2004-08-19,GoC_5Y,3.76
2004-08-20,GoC_5Y,3.76
2004-08-23,GoC_5Y,3.8
2004-08-24,GoC_5Y,3.85
2004-08-25,GoC_5Y,3.83
2004-08-26,GoC_5Y,3.81
2004-08-27,GoC_5Y,3.81
2004-08-30,GoC_5Y,3.78
2004-08-31,GoC_5Y,3.98
2004-09-01,GoC_5Y,3.98
2004-09-02,GoC_5Y,4.03
2004-09-03,GoC_5Y,4.11
2004-09-07,GoC_5Y,4.12
2004-09-08,GoC_5Y,4.09
2004-09-09,GoC_5Y,4.09
2004-09-10,GoC_5Y,4.06
2004-09-13,GoC_5Y,4.02
2004-09-14,GoC_5Y,4.03
2004-09-15,GoC_5Y,4.04
2004-09-16,GoC_5Y,3.96
2004-09-17,GoC_5Y,3.96
2004-09-20,GoC_5Y,3.93
2004-09-21,GoC_5Y,3.96
2004-09-22,GoC_5Y,3.95
2004-09-23,GoC_5Y,3.99
2004-09-24,GoC_5Y,3.99
2004-09-27,GoC_5Y,3.97
2004-09-28,GoC_5Y,3.95
2004-09-29,GoC_5Y,4.0
2004-09-30,GoC_5Y,4.04
2004-10-01,GoC_5Y,4.07
2004-10-04,GoC_5Y,4.07
2004-10-05,GoC_5Y,4.05
2004-10-06,GoC_5Y,4.09
2004-10-07,GoC_5Y,4.11
2004-10-08,GoC_5Y,4.04
2004-10-12,GoC_5Y,3.99
2004-10-13,GoC_5Y,3.96
2004-10-14,GoC_5Y,3.91
2004-10-15,GoC_5Y,3.94
2004-10-18,GoC_5Y,3.92
2004-10-19,GoC_5Y,3.9
2004-10-20,GoC_5Y,3.85
2004-10-21,GoC_5Y,3.89
2004-10-22,GoC_5Y,3.85
2004-10-25,GoC_5Y,3.84
2004-10-26,GoC_5Y,3.87
2004-10-27,GoC_5Y,3.94
2004-10-28,GoC_5Y,3.92
2004-10-29,GoC_5Y,3.91
2004-11-01,GoC_5Y,3.93
2004-11-02,GoC_5Y,3.92
2004-11-03,GoC_5Y,3.9
2004-11-04,GoC_5Y,3.9
2004-11-05,GoC_5Y,4.0
2004-11-08,GoC_5Y,4.0
2004-11-09,GoC_5Y,4.02
2004-11-10,GoC_5Y,3.98
2004-11-12,GoC_5Y,3.92
2004-11-15,GoC_5Y,3.93
2004-11-16,GoC_5Y,3.96
2004-11-17,GoC_5Y,3.87
2004-11-18,GoC_5Y,3.9
2004-11-19,GoC_5Y,3.92
2004-11-22,GoC_5Y,3.94
2004-11-23,GoC_5Y,3.9
2004-11-24,GoC_5Y,3.85
2004-11-25,GoC_5Y,3.75
2004-11-26,GoC_5Y,3.76
2004-11-29,GoC_5Y,3.82
2004-11-30,GoC_5Y,3.76
2004-12-01,GoC_5Y,3.74
2004-12-02,GoC_5Y,3.78
2004-12-03,GoC_5Y,3.61
2004-12-06,GoC_5Y,3.62
2004-12-07,GoC_5Y,3.57
2004-12-08,GoC_5Y,3.55
2004-12-09,GoC_5Y,3.63
2004-12-10,GoC_5Y,3.63
2004-12-13,GoC_5Y,3.62
2004-12-14,GoC_5Y,3.57
2004-12-15,GoC_5Y,3.54
2004-12-16,GoC_5Y,3.61
2004-12-17,GoC_5Y,3.66
2004-12-20,GoC_5Y,3.66
2004-12-21,GoC_5Y,3.67
2004-12-22,GoC_5Y,3.71
2004-12-23,GoC_5Y,3.65
2004-12-24,GoC_5Y,3.67
2004-12-29,GoC_5Y,3.74
2004-12-30,GoC_5Y,3.69
2004-12-31,GoC_5Y,3.66
2005-01-04,GoC_5Y,3.72
2005-01-05,GoC_5Y,3.7
2005-01-06,GoC_5Y,3.68
2005-01-07,GoC_5Y,3.76
2005-01-10,GoC_5Y,3.76
2005-01-11,GoC_5Y,3.72
2005-01-12,GoC_5Y,3.69
2005-01-13,GoC_5Y,3.6
2005-01-14,GoC_5Y,3.62
2005-01-17,GoC_5Y,3.62
2005-01-18,GoC_5Y,3.58
2005-01-19,GoC_5Y,3.55
2005-01-20,GoC_5Y,3.58
2005-01-21,GoC_5Y,3.58
2005-01-24,GoC_5Y,3.58
2005-01-25,GoC_5Y,3.55
2005-01-26,GoC_5Y,3.52
2005-01-27,GoC_5Y,3.58
2005-01-28,GoC_5Y,3.55
2005-01-31,GoC_5Y,3.57
2005-02-01,GoC_5Y,3.58
2005-02-02,GoC_5Y,3.59
2005-02-03,GoC_5Y,3.63
2005-02-04,GoC_5Y,3.53
2005-02-07,GoC_5Y,3.53
2005-02-08,GoC_5Y,3.53
2005-02-09,GoC_5Y,3.5
2005-02-10,GoC_5Y,3.55
2005-02-11,GoC_5Y,3.56
2005-02-14,GoC_5Y,3.54
2005-02-15,GoC_5Y,3.55
2005-02-16,GoC_5Y,3.57
2005-02-17,GoC_5Y,3.57
2005-02-18,GoC_5Y,3.61
2005-02-21,GoC_5Y,3.6
2005-02-22,GoC_5Y,3.55
2005-02-23,GoC_5Y,3.63
2005-02-24,GoC_5Y,3.66
2005-02-25,GoC_5Y,3.6
2005-02-28,GoC_5Y,3.63
2005-03-01,GoC_5Y,3.63
2005-03-02,GoC_5Y,3.64
2005-03-03,GoC_5Y,3.64
2005-03-04,GoC_5Y,3.6
2005-03-07,GoC_5Y,3.6
2005-03-08,GoC_5Y,3.6
2005-03-09,GoC_5Y,3.68
2005-03-10,GoC_5Y,3.7
2005-03-11,GoC_5Y,3.78
2005-03-14,GoC_5Y,3.76
2005-03-15,GoC_5Y,3.81
2005-03-16,GoC_5Y,3.78
2005-03-17,GoC_5Y,3.74
2005-03-18,GoC_5Y,3.75
2005-03-21,GoC_5Y,3.8
2005-03-22,GoC_5Y,3.89
2005-03-23,GoC_5Y,3.88
2005-03-24,GoC_5Y,3.87
2005-03-28,GoC_5Y,3.91
2005-03-29,GoC_5Y,3.86
2005-03-30,GoC_5Y,3.83
2005-03-31,GoC_5Y,3.74
2005-04-01,GoC_5Y,3.71
2005-04-04,GoC_5Y,3.7
2005-04-05,GoC_5Y,3.74
2005-04-06,GoC_5Y,3.7
2005-04-07,GoC_5Y,3.72
2005-04-08,GoC_5Y,3.65
2005-04-11,GoC_5Y,3.61
2005-04-12,GoC_5Y,3.58
2005-04-13,GoC_5Y,3.59
2005-04-14,GoC_5Y,3.54
2005-04-15,GoC_5Y,3.5
2005-04-18,GoC_5Y,3.53
2005-04-19,GoC_5Y,3.49
2005-04-20,GoC_5Y,3.47
2005-04-21,GoC_5Y,3.54
2005-04-22,GoC_5Y,3.54
2005-04-25,GoC_5Y,3.56
2005-04-26,GoC_5Y,3.55
2005-04-27,GoC_5Y,3.54
2005-04-28,GoC_5Y,3.49
2005-04-29,GoC_5Y,3.54
2005-05-02,GoC_5Y,3.53
2005-05-03,GoC_5Y,3.53
2005-05-04,GoC_5Y,3.53
2005-05-05,GoC_5Y,3.52
2005-05-06,GoC_5Y,3.65
2005-05-09,GoC_5Y,3.65
2005-05-10,GoC_5Y,3.58
2005-05-11,GoC_5Y,3.54
2005-05-12,GoC_5Y,3.5
2005-05-13,GoC_5Y,3.44
2005-05-16,GoC_5Y,3.46
2005-05-17,GoC_5Y,3.45
2005-05-18,GoC_5Y,3.45
2005-05-19,GoC_5Y,3.51
2005-05-20,GoC_5Y,3.52
2005-05-24,GoC_5Y,3.45
2005-05-25,GoC_5Y,3.44
2005-05-26,GoC_5Y,3.43
2005-05-27,GoC_5Y,3.39
2005-05-30,GoC_5Y,3.39
2005-05-31,GoC_5Y,3.33
2005-06-01,GoC_5Y,3.19
2005-06-02,GoC_5Y,3.2
2005-06-03,GoC_5Y,3.27
2005-06-06,GoC_5Y,3.23
2005-06-07,GoC_5Y,3.16
2005-06-08,GoC_5Y,3.2
2005-06-09,GoC_5Y,3.2
2005-06-10,GoC_5Y,3.29
2005-06-13,GoC_5Y,3.29
2005-06-14,GoC_5Y,3.33
2005-06-15,GoC_5Y,3.33
2005-06-16,GoC_5Y,3.29
2005-06-17,GoC_5Y,3.29
2005-06-20,GoC_5Y,3.27
2005-06-21,GoC_5Y,3.24
2005-06-22,GoC_5Y,3.16
2005-06-23,GoC_5Y,3.15
2005-06-24,GoC_5Y,3.13
2005-06-27,GoC_5Y,3.13
2005-06-28,GoC_5Y,3.18
2005-06-29,GoC_5Y,3.2
2005-06-30,GoC_5Y,3.16
2005-07-04,GoC_5Y,3.28
2005-07-05,GoC_5Y,3.33
2005-07-06,GoC_5Y,3.32
2005-07-07,GoC_5Y,3.31
2005-07-08,GoC_5Y,3.33
2005-07-11,GoC_5Y,3.34
2005-07-12,GoC_5Y,3.42
2005-07-13,GoC_5Y,3.4
2005-07-14,GoC_5Y,3.38
2005-07-15,GoC_5Y,3.38
2005-07-18,GoC_5Y,3.4
2005-07-19,GoC_5Y,3.37
2005-07-20,GoC_5Y,3.38
2005-07-21,GoC_5Y,3.41
2005-07-22,GoC_5Y,3.3
2005-07-25,GoC_5Y,3.28
2005-07-26,GoC_5Y,3.32
2005-07-27,GoC_5Y,3.37
2005-07-28,GoC_5Y,3.33
2005-07-29,GoC_5Y,3.34
2005-08-02,GoC_5Y,3.4
2005-08-03,GoC_5Y,3.39
2005-08-04,GoC_5Y,3.39
2005-08-05,GoC_5Y,3.47
2005-08-08,GoC_5Y,3.5
2005-08-09,GoC_5Y,3.48
2005-08-10,GoC_5Y,3.51
2005-08-11,GoC_5Y,3.46
2005-08-12,GoC_5Y,3.42
2005-08-15,GoC_5Y,3.45
2005-08-16,GoC_5Y,3.38
2005-08-17,GoC_5Y,3.42
2005-08-18,GoC_5Y,3.38
2005-08-19,GoC_5Y,3.38
2005-08-22,GoC_5Y,3.41
2005-08-23,GoC_5Y,3.4
2005-08-24,GoC_5Y,3.35
2005-08-25,GoC_5Y,3.32
2005-08-26,GoC_5Y,3.33
2005-08-29,GoC_5Y,3.44
2005-08-30,GoC_5Y,3.42
2005-08-31,GoC_5Y,3.35
2005-09-01,GoC_5Y,3.27
2005-09-02,GoC_5Y,3.29
2005-09-06,GoC_5Y,3.37
2005-09-07,GoC_5Y,3.43
2005-09-08,GoC_5Y,3.42
2005-09-09,GoC_5Y,3.41
2005-09-12,GoC_5Y,3.44
2005-09-13,GoC_5Y,3.42
2005-09-14,GoC_5Y,3.45
2005-09-15,GoC_5Y,3.46
2005-09-16,GoC_5Y,3.52
2005-09-19,GoC_5Y,3.47
2005-09-20,GoC_5Y,3.5
2005-09-21,GoC_5Y,3.47
2005-09-22,GoC_5Y,3.47
2005-09-23,GoC_5Y,3.54
2005-09-26,GoC_5Y,3.58
2005-09-27,GoC_5Y,3.58
2005-09-28,GoC_5Y,3.58
2005-09-29,GoC_5Y,3.61
2005-09-30,GoC_5Y,3.62
2005-10-03,GoC_5Y,3.64
2005-10-04,GoC_5Y,3.6
2005-10-05,GoC_5Y,3.59
2005-10-06,GoC_5Y,3.58
2005-10-07,GoC_5Y,3.61
2005-10-11,GoC_5Y,3.66
2005-10-12,GoC_5Y,3.69
2005-10-13,GoC_5Y,3.7
2005-10-14,GoC_5Y,3.7
2005-10-17,GoC_5Y,3.73
2005-10-18,GoC_5Y,3.75
2005-10-19,GoC_5Y,3.78
2005-10-20,GoC_5Y,3.74
2005-10-21,GoC_5Y,3.72
2005-10-24,GoC_5Y,3.74
2005-10-25,GoC_5Y,3.82
2005-10-26,GoC_5Y,3.86
2005-10-27,GoC_5Y,3.85
2005-10-28,GoC_5Y,3.87
2005-10-31,GoC_5Y,3.89
2005-11-01,GoC_5Y,3.9
2005-11-02,GoC_5Y,3.9
2005-11-03,GoC_5Y,3.91
2005-11-04,GoC_5Y,3.94
2005-11-07,GoC_5Y,3.92
2005-11-08,GoC_5Y,3.89
2005-11-09,GoC_5Y,3.93
2005-11-10,GoC_5Y,3.92
2005-11-14,GoC_5Y,3.97
2005-11-15,GoC_5Y,3.94
2005-11-16,GoC_5Y,3.88
2005-11-17,GoC_5Y,3.88
2005-11-18,GoC_5Y,3.91
2005-11-21,GoC_5Y,3.91
2005-11-22,GoC_5Y,3.83
2005-11-23,GoC_5Y,3.82
2005-11-24,GoC_5Y,3.81
2005-11-25,GoC_5Y,3.83
2005-11-28,GoC_5Y,3.81
2005-11-29,GoC_5Y,3.86
2005-11-30,GoC_5Y,3.89
2005-12-01,GoC_5Y,3.89
2005-12-02,GoC_5Y,3.92
2005-12-05,GoC_5Y,3.95
2005-12-06,GoC_5Y,3.9
2005-12-07,GoC_5Y,3.91
2005-12-08,GoC_5Y,3.89
2005-12-09,GoC_5Y,3.95
2005-12-12,GoC_5Y,3.99
2005-12-13,GoC_5Y,3.98
2005-12-14,GoC_5Y,3.95
2005-12-15,GoC_5Y,3.95
2005-12-16,GoC_5Y,3.9
2005-12-19,GoC_5Y,3.89
2005-12-20,GoC_5Y,3.91
2005-12-21,GoC_5Y,3.92
2005-12-22,GoC_5Y,3.91
2005-12-23,GoC_5Y,3.91
2005-12-28,GoC_5Y,3.87
2005-12-29,GoC_5Y,3.89
2005-12-30,GoC_5Y,3.92
2006-01-03,GoC_5Y,3.89
2006-01-04,GoC_5Y,3.81
2006-01-05,GoC_5Y,3.81
2006-01-06,GoC_5Y,3.85
2006-01-09,GoC_5Y,3.86
2006-01-10,GoC_5Y,3.9
2006-01-11,GoC_5Y,3.93
2006-01-12,GoC_5Y,3.92
2006-01-13,GoC_5Y,3.88
2006-01-16,GoC_5Y,3.88
2006-01-17,GoC_5Y,3.84
2006-01-18,GoC_5Y,3.84
2006-01-19,GoC_5Y,3.89
2006-01-20,GoC_5Y,3.9
2006-01-23,GoC_5Y,3.93
2006-01-24,GoC_5Y,3.92
2006-01-25,GoC_5Y,3.98
2006-01-26,GoC_5Y,4.01
2006-01-27,GoC_5Y,4.03
2006-01-30,GoC_5Y,4.04
2006-01-31,GoC_5Y,4.04
2006-02-01,GoC_5Y,4.06
2006-02-02,GoC_5Y,4.07
2006-02-03,GoC_5Y,4.07
2006-02-06,GoC_5Y,4.12
2006-02-07,GoC_5Y,4.11
2006-02-08,GoC_5Y,4.11
2006-02-09,GoC_5Y,4.11
2006-02-10,GoC_5Y,4.12
2006-02-13,GoC_5Y,4.1
2006-02-14,GoC_5Y,4.11
2006-02-15,GoC_5Y,4.11
2006-02-16,GoC_5Y,4.08
2006-02-17,GoC_5Y,4.03
2006-02-20,GoC_5Y,4.02
2006-02-21,GoC_5Y,4.05
2006-02-22,GoC_5Y,4.02
2006-02-23,GoC_5Y,4.07
2006-02-24,GoC_5Y,4.09
2006-02-27,GoC_5Y,4.09
2006-02-28,GoC_5Y,4.06
2006-03-01,GoC_5Y,4.08
2006-03-02,GoC_5Y,4.09
2006-03-03,GoC_5Y,4.13
2006-03-06,GoC_5Y,4.16
2006-03-07,GoC_5Y,4.11
2006-03-08,GoC_5Y,4.07
2006-03-09,GoC_5Y,4.1
2006-03-10,GoC_5Y,4.13
2006-03-13,GoC_5Y,4.14
2006-03-14,GoC_5Y,4.08
2006-03-15,GoC_5Y,4.08
2006-03-16,GoC_5Y,4.0
2006-03-17,GoC_5Y,4.03
2006-03-20,GoC_5Y,4.04
2006-03-21,GoC_5Y,4.1
2006-03-22,GoC_5Y,4.1
2006-03-23,GoC_5Y,4.12
2006-03-24,GoC_5Y,4.05
2006-03-27,GoC_5Y,4.08
2006-03-28,GoC_5Y,4.11
2006-03-29,GoC_5Y,4.13
2006-03-30,GoC_5Y,4.17
2006-03-31,GoC_5Y,4.15
2006-04-03,GoC_5Y,4.2
2006-04-04,GoC_5Y,4.22
2006-04-05,GoC_5Y,4.22
2006-04-06,GoC_5Y,4.23
2006-04-07,GoC_5Y,4.3
2006-04-10,GoC_5Y,4.3
2006-04-11,GoC_5Y,4.27
2006-04-12,GoC_5Y,4.28
2006-04-13,GoC_5Y,4.31
2006-04-17,GoC_5Y,4.26
2006-04-18,GoC_5Y,4.23
2006-04-19,GoC_5Y,4.27
2006-04-20,GoC_5Y,4.3
2006-04-21,GoC_5Y,4.27
2006-04-24,GoC_5Y,4.26
2006-04-25,GoC_5Y,4.35
2006-04-26,GoC_5Y,4.38
2006-04-27,GoC_5Y,4.34
2006-04-28,GoC_5Y,4.3
2006-05-01,GoC_5Y,4.36
2006-05-02,GoC_5Y,4.33
2006-05-03,GoC_5Y,4.33
2006-05-04,GoC_5Y,4.32
2006-05-05,GoC_5Y,4.31
2006-05-08,GoC_5Y,4.3
2006-05-09,GoC_5Y,4.29
2006-05-10,GoC_5Y,4.3
2006-05-11,GoC_5Y,4.28
2006-05-12,GoC_5Y,4.27
2006-05-15,GoC_5Y,4.24
2006-05-16,GoC_5Y,4.21
2006-05-17,GoC_5Y,4.22
2006-05-18,GoC_5Y,4.16
2006-05-19,GoC_5Y,4.2
2006-05-23,GoC_5Y,4.18
2006-05-24,GoC_5Y,4.19
2006-05-25,GoC_5Y,4.17
2006-05-26,GoC_5Y,4.18
2006-05-29,GoC_5Y,4.19
2006-05-30,GoC_5Y,4.23
2006-05-31,GoC_5Y,4.31
2006-06-01,GoC_5Y,4.26
2006-06-02,GoC_5Y,4.19
2006-06-05,GoC_5Y,4.19
2006-06-06,GoC_5Y,4.18
2006-06-07,GoC_5Y,4.2
2006-06-08,GoC_5Y,4.2
2006-06-09,GoC_5Y,4.28
2006-06-12,GoC_5Y,4.26
2006-06-13,GoC_5Y,4.22
2006-06-14,GoC_5Y,4.25
2006-06-15,GoC_5Y,4.29
2006-06-16,GoC_5Y,4.29
2006-06-19,GoC_5Y,4.3
2006-06-20,GoC_5Y,4.4
2006-06-21,GoC_5Y,4.42
2006-06-22,GoC_5Y,4.45
2006-06-23,GoC_5Y,4.49
2006-06-26,GoC_5Y,4.53
2006-06-27,GoC_5Y,4.51
2006-06-28,GoC_5Y,4.53
2006-06-29,GoC_5Y,4.47
2006-06-30,GoC_5Y,4.47
2006-07-04,GoC_5Y,4.5
2006-07-05,GoC_5Y,4.51
2006-07-06,GoC_5Y,4.49
2006-07-07,GoC_5Y,4.38
2006-07-10,GoC_5Y,4.36
2006-07-11,GoC_5Y,4.32
2006-07-12,GoC_5Y,4.32
2006-07-13,GoC_5Y,4.31
2006-07-14,GoC_5Y,4.3
2006-07-17,GoC_5Y,4.3
2006-07-18,GoC_5Y,4.35
2006-07-19,GoC_5Y,4.3
2006-07-20,GoC_5Y,4.29
2006-07-21,GoC_5Y,4.24
2006-07-24,GoC_5Y,4.23
2006-07-25,GoC_5Y,4.26
2006-07-26,GoC_5Y,4.25
2006-07-27,GoC_5Y,4.24
2006-07-28,GoC_5Y,4.22
2006-07-31,GoC_5Y,4.18
2006-08-01,GoC_5Y,4.17
2006-08-02,GoC_5Y,4.19
2006-08-03,GoC_5Y,4.22
2006-08-04,GoC_5Y,4.19
2006-08-08,GoC_5Y,4.18
2006-08-09,GoC_5Y,4.17
2006-08-10,GoC_5Y,4.18
2006-08-11,GoC_5Y,4.21
2006-08-14,GoC_5Y,4.23
2006-08-15,GoC_5Y,4.19
2006-08-16,GoC_5Y,4.14
2006-08-17,GoC_5Y,4.13
2006-08-18,GoC_5Y,4.11
2006-08-21,GoC_5Y,4.1
2006-08-22,GoC_5Y,4.09
2006-08-23,GoC_5Y,4.1
2006-08-24,GoC_5Y,4.09
2006-08-25,GoC_5Y,4.07
2006-08-28,GoC_5Y,4.08
2006-08-29,GoC_5Y,4.06
2006-08-30,GoC_5Y,4.03
2006-08-31,GoC_5Y,4.01
2006-09-01,GoC_5Y,3.98
2006-09-05,GoC_5Y,4.02
2006-09-06,GoC_5Y,4.03
2006-09-07,GoC_5Y,4.03
2006-09-08,GoC_5Y,3.99
2006-09-11,GoC_5Y,4.03
2006-09-12,GoC_5Y,4.01
2006-09-13,GoC_5Y,4.01
2006-09-14,GoC_5Y,4.03
2006-09-15,GoC_5Y,4.01
2006-09-18,GoC_5Y,4.02
2006-09-19,GoC_5Y,3.98
2006-09-20,GoC_5Y,3.98
2006-09-21,GoC_5Y,3.92
2006-09-22,GoC_5Y,3.89
2006-09-25,GoC_5Y,3.83
2006-09-26,GoC_5Y,3.87
2006-09-27,GoC_5Y,3.88
2006-09-28,GoC_5Y,3.89
2006-09-29,GoC_5Y,3.9
2006-10-02,GoC_5Y,3.88
2006-10-03,GoC_5Y,3.89
2006-10-04,GoC_5Y,3.86
2006-10-05,GoC_5Y,3.91
2006-10-06,GoC_5Y,3.99
2006-10-10,GoC_5Y,4.02
2006-10-11,GoC_5Y,4.05
2006-10-12,GoC_5Y,4.05
2006-10-13,GoC_5Y,4.06
2006-10-16,GoC_5Y,4.04
2006-10-17,GoC_5Y,4.06
2006-10-18,GoC_5Y,4.06
2006-10-19,GoC_5Y,4.08
2006-10-20,GoC_5Y,4.08
2006-10-23,GoC_5Y,4.11
2006-10-24,GoC_5Y,4.11
2006-10-25,GoC_5Y,4.08
2006-10-26,GoC_5Y,4.02
2006-10-27,GoC_5Y,3.99
2006-10-30,GoC_5Y,3.98
2006-10-31,GoC_5Y,3.93
2006-11-01,GoC_5Y,3.89
2006-11-02,GoC_5Y,3.92
2006-11-03,GoC_5Y,4.02
2006-11-06,GoC_5Y,4.01
2006-11-07,GoC_5Y,3.96
2006-11-08,GoC_5Y,3.94
2006-11-09,GoC_5Y,3.94
2006-11-10,GoC_5Y,3.91
2006-11-14,GoC_5Y,3.9
2006-11-15,GoC_5Y,3.93
2006-11-16,GoC_5Y,3.94
2006-11-17,GoC_5Y,3.92
2006-11-20,GoC_5Y,3.9
2006-11-21,GoC_5Y,3.9
2006-11-22,GoC_5Y,3.89
2006-11-23,GoC_5Y,3.9
2006-11-24,GoC_5Y,3.89
2006-11-27,GoC_5Y,3.87
2006-11-28,GoC_5Y,3.83
2006-11-29,GoC_5Y,3.85
2006-11-30,GoC_5Y,3.81
2006-12-01,GoC_5Y,3.74
2006-12-04,GoC_5Y,3.75
2006-12-05,GoC_5Y,3.76
2006-12-06,GoC_5Y,3.8
2006-12-07,GoC_5Y,3.79
2006-12-08,GoC_5Y,3.84
2006-12-11,GoC_5Y,3.82
2006-12-12,GoC_5Y,3.8
2006-12-13,GoC_5Y,3.86
2006-12-14,GoC_5Y,3.89
2006-12-15,GoC_5Y,3.9
2006-12-18,GoC_5Y,3.94
2006-12-19,GoC_5Y,3.93
2006-12-20,GoC_5Y,3.92
2006-12-21,GoC_5Y,3.87
2006-12-22,GoC_5Y,3.91
2006-12-27,GoC_5Y,3.95
2006-12-28,GoC_5Y,3.99
2006-12-29,GoC_5Y,3.99
2007-01-02,GoC_5Y,3.96
2007-01-03,GoC_5Y,3.94
2007-01-04,GoC_5Y,3.89
2007-01-05,GoC_5Y,3.94
2007-01-08,GoC_5Y,3.95
2007-01-09,GoC_5Y,3.96
2007-01-10,GoC_5Y,3.97
2007-01-11,GoC_5Y,4.01
2007-01-12,GoC_5Y,4.04
2007-01-15,GoC_5Y,4.04
2007-01-16,GoC_5Y,4.04
2007-01-17,GoC_5Y,4.06
2007-01-18,GoC_5Y,4.04
2007-01-19,GoC_5Y,4.04
2007-01-22,GoC_5Y,4.04
2007-01-23,GoC_5Y,4.06
2007-01-24,GoC_5Y,4.07
2007-01-25,GoC_5Y,4.11
2007-01-26,GoC_5Y,4.11
2007-01-29,GoC_5Y,4.13
2007-01-30,GoC_5Y,4.13
2007-01-31,GoC_5Y,4.08
2007-02-01,GoC_5Y,4.11
2007-02-02,GoC_5Y,4.1
2007-02-05,GoC_5Y,4.08
2007-02-06,GoC_5Y,4.04
2007-02-07,GoC_5Y,4.03
2007-02-08,GoC_5Y,4.02
2007-02-09,GoC_5Y,4.08
2007-02-12,GoC_5Y,4.11
2007-02-13,GoC_5Y,4.13
2007-02-14,GoC_5Y,4.06
2007-02-15,GoC_5Y,4.03
2007-02-16,GoC_5Y,4.02
2007-02-19,GoC_5Y,4.02
2007-02-20,GoC_5Y,4.01
2007-02-21,GoC_5Y,4.03
2007-02-22,GoC_5Y,4.07
2007-02-23,GoC_5Y,4.03
2007-02-26,GoC_5Y,4.0
2007-02-27,GoC_5Y,3.91
2007-02-28,GoC_5Y,3.95
2007-03-01,GoC_5Y,3.93
2007-03-02,GoC_5Y,3.9
2007-03-05,GoC_5Y,3.89
2007-03-06,GoC_5Y,3.9
2007-03-07,GoC_5Y,3.86
2007-03-08,GoC_5Y,3.88
2007-03-09,GoC_5Y,3.96
2007-03-12,GoC_5Y,3.94
2007-03-13,GoC_5Y,3.88
2007-03-14,GoC_5Y,3.92
2007-03-15,GoC_5Y,3.92
2007-03-16,GoC_5Y,3.93
2007-03-19,GoC_5Y,3.96
2007-03-20,GoC_5Y,3.99
2007-03-21,GoC_5Y,3.97
2007-03-22,GoC_5Y,4.0
2007-03-23,GoC_5Y,4.0
2007-03-26,GoC_5Y,4.0
2007-03-27,GoC_5Y,3.99
2007-03-28,GoC_5Y,3.99
2007-03-29,GoC_5Y,4.01
2007-03-30,GoC_5Y,4.01
2007-04-02,GoC_5Y,4.01
2007-04-03,GoC_5Y,4.04
2007-04-04,GoC_5Y,4.01
2007-04-05,GoC_5Y,4.05
2007-04-09,GoC_5Y,4.11
2007-04-10,GoC_5Y,4.09
2007-04-11,GoC_5Y,4.11
2007-04-12,GoC_5Y,4.12
2007-04-13,GoC_5Y,4.15
2007-04-16,GoC_5Y,4.15
2007-04-17,GoC_5Y,4.11
2007-04-18,GoC_5Y,4.12
2007-04-19,GoC_5Y,4.12
2007-04-20,GoC_5Y,4.17
2007-04-23,GoC_5Y,4.13
2007-04-24,GoC_5Y,4.1
2007-04-25,GoC_5Y,4.11
2007-04-26,GoC_5Y,4.14
2007-04-27,GoC_5Y,4.16
2007-04-30,GoC_5Y,4.1
2007-05-01,GoC_5Y,4.11
2007-05-02,GoC_5Y,4.14
2007-05-03,GoC_5Y,4.19
2007-05-04,GoC_5Y,4.18
2007-05-07,GoC_5Y,4.16
2007-05-08,GoC_5Y,4.15
2007-05-09,GoC_5Y,4.17
2007-05-10,GoC_5Y,4.17
2007-05-11,GoC_5Y,4.16
2007-05-14,GoC_5Y,4.19
2007-05-15,GoC_5Y,4.21
2007-05-16,GoC_5Y,4.21
2007-05-17,GoC_5Y,4.31
2007-05-18,GoC_5Y,4.34
2007-05-22,GoC_5Y,4.38
2007-05-23,GoC_5Y,4.4
2007-05-24,GoC_5Y,4.41
2007-05-25,GoC_5Y,4.43
2007-05-28,GoC_5Y,4.45
2007-05-29,GoC_5Y,4.54
2007-05-30,GoC_5Y,4.53
2007-05-31,GoC_5Y,4.55
2007-06-01,GoC_5Y,4.58
2007-06-04,GoC_5Y,4.55
2007-06-05,GoC_5Y,4.6
2007-06-06,GoC_5Y,4.6
2007-06-07,GoC_5Y,4.67
2007-06-08,GoC_5Y,4.66
2007-06-11,GoC_5Y,4.69
2007-06-12,GoC_5Y,4.75
2007-06-13,GoC_5Y,4.72
2007-06-14,GoC_5Y,4.71
2007-06-15,GoC_5Y,4.63
2007-06-18,GoC_5Y,4.67
2007-06-19,GoC_5Y,4.64
2007-06-20,GoC_5Y,4.66
2007-06-21,GoC_5Y,4.68
2007-06-22,GoC_5Y,4.65
2007-06-25,GoC_5Y,4.63
2007-06-26,GoC_5Y,4.62
2007-06-27,GoC_5Y,4.62
2007-06-28,GoC_5Y,4.63
2007-06-29,GoC_5Y,4.55
2007-07-03,GoC_5Y,4.55
2007-07-04,GoC_5Y,4.58
2007-07-05,GoC_5Y,4.65
2007-07-06,GoC_5Y,4.72
2007-07-09,GoC_5Y,4.69
2007-07-10,GoC_5Y,4.57
2007-07-11,GoC_5Y,4.61
2007-07-12,GoC_5Y,4.66
2007-07-13,GoC_5Y,4.65
2007-07-16,GoC_5Y,4.62
2007-07-17,GoC_5Y,4.66
2007-07-18,GoC_5Y,4.63
2007-07-19,GoC_5Y,4.63
2007-07-20,GoC_5Y,4.58
2007-07-23,GoC_5Y,4.6
2007-07-24,GoC_5Y,4.62
2007-07-25,GoC_5Y,4.63
2007-07-26,GoC_5Y,4.56
2007-07-27,GoC_5Y,4.52
2007-07-30,GoC_5Y,4.57
2007-07-31,GoC_5Y,4.56
2007-08-01,GoC_5Y,4.57
2007-08-02,GoC_5Y,4.56
2007-08-03,GoC_5Y,4.53
2007-08-07,GoC_5Y,4.54
2007-08-08,GoC_5Y,4.6
2007-08-09,GoC_5Y,4.52
2007-08-10,GoC_5Y,4.53
2007-08-13,GoC_5Y,4.43
2007-08-14,GoC_5Y,4.36
2007-08-15,GoC_5Y,4.36
2007-08-16,GoC_5Y,4.35
2007-08-17,GoC_5Y,4.31
2007-08-20,GoC_5Y,4.24
2007-08-21,GoC_5Y,4.22
2007-08-22,GoC_5Y,4.31
2007-08-23,GoC_5Y,4.32
2007-08-24,GoC_5Y,4.32
2007-08-27,GoC_5Y,4.26
2007-08-28,GoC_5Y,4.2
2007-08-29,GoC_5Y,4.3
2007-08-30,GoC_5Y,4.28
2007-08-31,GoC_5Y,4.38
2007-09-04,GoC_5Y,4.36
2007-09-05,GoC_5Y,4.27
2007-09-06,GoC_5Y,4.29
2007-09-07,GoC_5Y,4.2
2007-09-10,GoC_5Y,4.19
2007-09-11,GoC_5Y,4.25
2007-09-12,GoC_5Y,4.27
2007-09-13,GoC_5Y,4.29
2007-09-14,GoC_5Y,4.27
2007-09-17,GoC_5Y,4.27
2007-09-18,GoC_5Y,4.23
2007-09-19,GoC_5Y,4.3
2007-09-20,GoC_5Y,4.39
2007-09-21,GoC_5Y,4.27
2007-09-24,GoC_5Y,4.27
2007-09-25,GoC_5Y,4.26
2007-09-26,GoC_5Y,4.29
2007-09-27,GoC_5Y,4.27
2007-09-28,GoC_5Y,4.2
2007-10-01,GoC_5Y,4.19
2007-10-02,GoC_5Y,4.19
2007-10-03,GoC_5Y,4.24
2007-10-04,GoC_5Y,4.2
2007-10-05,GoC_5Y,4.35
2007-10-09,GoC_5Y,4.43
2007-10-10,GoC_5Y,4.39
2007-10-11,GoC_5Y,4.36
2007-10-12,GoC_5Y,4.42
2007-10-15,GoC_5Y,4.41
2007-10-16,GoC_5Y,4.38
2007-10-17,GoC_5Y,4.36
2007-10-18,GoC_5Y,4.3
2007-10-19,GoC_5Y,4.21
2007-10-22,GoC_5Y,4.23
2007-10-23,GoC_5Y,4.22
2007-10-24,GoC_5Y,4.19
2007-10-25,GoC_5Y,4.23
2007-10-26,GoC_5Y,4.2
2007-10-29,GoC_5Y,4.18
2007-10-30,GoC_5Y,4.17
2007-10-31,GoC_5Y,4.23
2007-11-01,GoC_5Y,4.16
2007-11-02,GoC_5Y,4.2
2007-11-05,GoC_5Y,4.2
2007-11-06,GoC_5Y,4.21
2007-11-07,GoC_5Y,4.13
2007-11-08,GoC_5Y,4.12
2007-11-09,GoC_5Y,4.05
2007-11-13,GoC_5Y,4.11
2007-11-14,GoC_5Y,4.07
2007-11-15,GoC_5Y,3.97
2007-11-16,GoC_5Y,3.99
2007-11-19,GoC_5Y,3.84
2007-11-20,GoC_5Y,3.86
2007-11-21,GoC_5Y,3.76
2007-11-22,GoC_5Y,3.75
2007-11-23,GoC_5Y,3.78
2007-11-26,GoC_5Y,3.68
2007-11-27,GoC_5Y,3.81
2007-11-28,GoC_5Y,3.91
2007-11-29,GoC_5Y,3.8
2007-11-30,GoC_5Y,3.8
2007-12-03,GoC_5Y,3.69
2007-12-04,GoC_5Y,3.65
2007-12-05,GoC_5Y,3.71
2007-12-06,GoC_5Y,3.76
2007-12-07,GoC_5Y,3.85
2007-12-10,GoC_5Y,3.89
2007-12-11,GoC_5Y,3.76
2007-12-12,GoC_5Y,3.87
2007-12-13,GoC_5Y,4.02
2007-12-14,GoC_5Y,4.02
2007-12-17,GoC_5Y,3.94
2007-12-18,GoC_5Y,3.89
2007-12-19,GoC_5Y,3.85
2007-12-20,GoC_5Y,3.88
2007-12-21,GoC_5Y,3.96
2007-12-24,GoC_5Y,3.98
2007-12-27,GoC_5Y,3.96
2007-12-28,GoC_5Y,3.89
2007-12-31,GoC_5Y,3.87
2008-01-02,GoC_5Y,3.76
2008-01-03,GoC_5Y,3.76
2008-01-04,GoC_5Y,3.7
2008-01-07,GoC_5Y,3.68
2008-01-08,GoC_5Y,3.63
2008-01-09,GoC_5Y,3.65
2008-01-10,GoC_5Y,3.61
2008-01-11,GoC_5Y,3.49
2008-01-14,GoC_5Y,3.5
2008-01-15,GoC_5Y,3.47
2008-01-16,GoC_5Y,3.52
2008-01-17,GoC_5Y,3.46
2008-01-18,GoC_5Y,3.47
2008-01-21,GoC_5Y,3.36
2008-01-22,GoC_5Y,3.38
2008-01-23,GoC_5Y,3.48
2008-01-24,GoC_5Y,3.58
2008-01-25,GoC_5Y,3.49
2008-01-28,GoC_5Y,3.47
2008-01-29,GoC_5Y,3.56
2008-01-30,GoC_5Y,3.5
2008-01-31,GoC_5Y,3.5
2008-02-01,GoC_5Y,3.44
2008-02-04,GoC_5Y,3.46
2008-02-05,GoC_5Y,3.34
2008-02-06,GoC_5Y,3.35
2008-02-07,GoC_5Y,3.43
2008-02-08,GoC_5Y,3.39
2008-02-11,GoC_5Y,3.36
2008-02-12,GoC_5Y,3.41
2008-02-13,GoC_5Y,3.42
2008-02-14,GoC_5Y,3.41
2008-02-15,GoC_5Y,3.35
2008-02-19,GoC_5Y,3.48
2008-02-20,GoC_5Y,3.5
2008-02-21,GoC_5Y,3.43
2008-02-22,GoC_5Y,3.47
2008-02-25,GoC_5Y,3.51
2008-02-26,GoC_5Y,3.43
2008-02-27,GoC_5Y,3.4
2008-02-28,GoC_5Y,3.26
2008-02-29,GoC_5Y,3.14
2008-03-03,GoC_5Y,3.09
2008-03-04,GoC_5Y,3.08
2008-03-05,GoC_5Y,3.06
2008-03-06,GoC_5Y,2.95
2008-03-07,GoC_5Y,2.97
2008-03-10,GoC_5Y,2.94
2008-03-11,GoC_5Y,3.03
2008-03-12,GoC_5Y,2.97
2008-03-13,GoC_5Y,2.93
2008-03-14,GoC_5Y,2.86
2008-03-17,GoC_5Y,2.74
2008-03-18,GoC_5Y,2.9
2008-03-19,GoC_5Y,2.89
2008-03-20,GoC_5Y,2.91
2008-03-24,GoC_5Y,3.05
2008-03-25,GoC_5Y,3.0
2008-03-26,GoC_5Y,2.93
2008-03-27,GoC_5Y,2.92
2008-03-28,GoC_5Y,2.91
2008-03-31,GoC_5Y,2.91
2008-04-01,GoC_5Y,3.05
2008-04-02,GoC_5Y,3.16
2008-04-03,GoC_5Y,3.1
2008-04-04,GoC_5Y,3.04
2008-04-07,GoC_5Y,3.1
2008-04-08,GoC_5Y,3.1
2008-04-09,GoC_5Y,3.03
2008-04-10,GoC_5Y,3.09
2008-04-11,GoC_5Y,3.01
2008-04-14,GoC_5Y,3.0
2008-04-15,GoC_5Y,3.06
2008-04-16,GoC_5Y,3.12
2008-04-17,GoC_5Y,3.16
2008-04-18,GoC_5Y,3.18
2008-04-21,GoC_5Y,3.16
2008-04-22,GoC_5Y,3.13
2008-04-23,GoC_5Y,3.12
2008-04-24,GoC_5Y,3.2
2008-04-25,GoC_5Y,3.25
2008-04-28,GoC_5Y,3.2
2008-04-29,GoC_5Y,3.18
2008-04-30,GoC_5Y,3.04
2008-05-01,GoC_5Y,3.04
2008-05-02,GoC_5Y,3.09
2008-05-05,GoC_5Y,3.1
2008-05-06,GoC_5Y,3.16
2008-05-07,GoC_5Y,3.13
2008-05-08,GoC_5Y,3.1
2008-05-09,GoC_5Y,3.14
2008-05-12,GoC_5Y,3.13
2008-05-13,GoC_5Y,3.18
2008-05-14,GoC_5Y,3.19
2008-05-15,GoC_5Y,3.14
2008-05-16,GoC_5Y,3.16
2008-05-20,GoC_5Y,3.1
2008-05-21,GoC_5Y,3.2
2008-05-22,GoC_5Y,3.3
2008-05-23,GoC_5Y,3.27
2008-05-26,GoC_5Y,3.29
2008-05-27,GoC_5Y,3.32
2008-05-28,GoC_5Y,3.34
2008-05-29,GoC_5Y,3.37
2008-05-30,GoC_5Y,3.34
2008-06-02,GoC_5Y,3.24
2008-06-03,GoC_5Y,3.18
2008-06-04,GoC_5Y,3.21
2008-06-05,GoC_5Y,3.25
2008-06-06,GoC_5Y,3.22
2008-06-09,GoC_5Y,3.35
2008-06-10,GoC_5Y,3.56
2008-06-11,GoC_5Y,3.49
2008-06-12,GoC_5Y,3.59
2008-06-13,GoC_5Y,3.6
2008-06-16,GoC_5Y,3.6
2008-06-17,GoC_5Y,3.52
2008-06-18,GoC_5Y,3.5
2008-06-19,GoC_5Y,3.57
2008-06-20,GoC_5Y,3.52
2008-06-23,GoC_5Y,3.52
2008-06-24,GoC_5Y,3.42
2008-06-25,GoC_5Y,3.42
2008-06-26,GoC_5Y,3.38
2008-06-27,GoC_5Y,3.39
2008-06-30,GoC_5Y,3.45
2008-07-02,GoC_5Y,3.45
2008-07-03,GoC_5Y,3.44
2008-07-04,GoC_5Y,3.41
2008-07-07,GoC_5Y,3.37
2008-07-08,GoC_5Y,3.42
2008-07-09,GoC_5Y,3.39
2008-07-10,GoC_5Y,3.37
2008-07-11,GoC_5Y,3.4
2008-07-14,GoC_5Y,3.34
2008-07-15,GoC_5Y,3.28
2008-07-16,GoC_5Y,3.32
2008-07-17,GoC_5Y,3.36
2008-07-18,GoC_5Y,3.4
2008-07-21,GoC_5Y,3.4
2008-07-22,GoC_5Y,3.45
2008-07-23,GoC_5Y,3.46
2008-07-24,GoC_5Y,3.37
2008-07-25,GoC_5Y,3.42
2008-07-28,GoC_5Y,3.34
2008-07-29,GoC_5Y,3.35
2008-07-30,GoC_5Y,3.37
2008-07-31,GoC_5Y,3.24
2008-08-01,GoC_5Y,3.19
2008-08-05,GoC_5Y,3.21
2008-08-06,GoC_5Y,3.2
2008-08-07,GoC_5Y,3.12
2008-08-08,GoC_5Y,3.08
2008-08-11,GoC_5Y,3.11
2008-08-12,GoC_5Y,3.08
2008-08-13,GoC_5Y,3.12
2008-08-14,GoC_5Y,3.11
2008-08-15,GoC_5Y,3.09
2008-08-18,GoC_5Y,3.05
2008-08-19,GoC_5Y,3.06
2008-08-20,GoC_5Y,3.09
2008-08-21,GoC_5Y,3.12
2008-08-22,GoC_5Y,3.17
2008-08-25,GoC_5Y,3.12
2008-08-26,GoC_5Y,3.08
2008-08-27,GoC_5Y,3.03
2008-08-28,GoC_5Y,3.02
2008-08-29,GoC_5Y,3.02
2008-09-02,GoC_5Y,2.96
2008-09-03,GoC_5Y,2.98
2008-09-04,GoC_5Y,2.95
2008-09-05,GoC_5Y,3.0
2008-09-08,GoC_5Y,3.01
2008-09-09,GoC_5Y,2.98
2008-09-10,GoC_5Y,2.98
2008-09-11,GoC_5Y,3.01
2008-09-12,GoC_5Y,3.09
2008-09-15,GoC_5Y,2.81
2008-09-16,GoC_5Y,2.91
2008-09-17,GoC_5Y,2.9
2008-09-18,GoC_5Y,2.94
2008-09-19,GoC_5Y,3.18
2008-09-22,GoC_5Y,3.13
2008-09-23,GoC_5Y,3.14
2008-09-24,GoC_5Y,3.13
2008-09-25,GoC_5Y,3.17
2008-09-26,GoC_5Y,3.14
2008-09-29,GoC_5Y,2.89
2008-09-30,GoC_5Y,3.17
2008-10-01,GoC_5Y,3.11
2008-10-02,GoC_5Y,3.02
2008-10-03,GoC_5Y,2.94
2008-10-06,GoC_5Y,2.74
2008-10-07,GoC_5Y,2.77
2008-10-08,GoC_5Y,2.78
2008-10-09,GoC_5Y,2.76
2008-10-10,GoC_5Y,2.93
2008-10-14,GoC_5Y,3.03
2008-10-15,GoC_5Y,2.95
2008-10-16,GoC_5Y,2.96
2008-10-17,GoC_5Y,2.92
2008-10-20,GoC_5Y,2.88
2008-10-21,GoC_5Y,2.84
2008-10-22,GoC_5Y,2.77
2008-10-23,GoC_5Y,2.8
2008-10-24,GoC_5Y,2.8
2008-10-27,GoC_5Y,2.76
2008-10-28,GoC_5Y,2.79
2008-10-29,GoC_5Y,2.8
2008-10-30,GoC_5Y,2.78
2008-10-31,GoC_5Y,2.8
2008-11-03,GoC_5Y,2.82
2008-11-04,GoC_5Y,2.8
2008-11-05,GoC_5Y,2.79
2008-11-06,GoC_5Y,2.74
2008-11-07,GoC_5Y,2.76
2008-11-10,GoC_5Y,2.77
2008-11-12,GoC_5Y,2.69
2008-11-13,GoC_5Y,2.75
2008-11-14,GoC_5Y,2.69
2008-11-17,GoC_5Y,2.67
2008-11-18,GoC_5Y,2.67
2008-11-19,GoC_5Y,2.64
2008-11-20,GoC_5Y,2.51
2008-11-21,GoC_5Y,2.57
2008-11-24,GoC_5Y,2.59
2008-11-25,GoC_5Y,2.52
2008-11-26,GoC_5Y,2.48
2008-11-27,GoC_5Y,2.47
2008-11-28,GoC_5Y,2.44
2008-12-01,GoC_5Y,2.26
2008-12-02,GoC_5Y,2.26
2008-12-03,GoC_5Y,2.27
2008-12-04,GoC_5Y,2.17
2008-12-05,GoC_5Y,2.21
2008-12-08,GoC_5Y,2.21
2008-12-09,GoC_5Y,2.18
2008-12-10,GoC_5Y,2.2
2008-12-11,GoC_5Y,2.15
2008-12-12,GoC_5Y,2.15
2008-12-15,GoC_5Y,2.11
2008-12-16,GoC_5Y,1.93
2008-12-17,GoC_5Y,1.89
2008-12-18,GoC_5Y,1.79
2008-12-19,GoC_5Y,1.84
2008-12-22,GoC_5Y,1.85
2008-12-23,GoC_5Y,1.82
2008-12-24,GoC_5Y,1.82
2008-12-29,GoC_5Y,1.67
2008-12-30,GoC_5Y,1.67
2008-12-31,GoC_5Y,1.69
2009-01-02,GoC_5Y,1.83
2009-01-05,GoC_5Y,1.86
2009-01-06,GoC_5Y,1.84
2009-01-07,GoC_5Y,1.85
2009-01-08,GoC_5Y,1.82
2009-01-09,GoC_5Y,1.77
2009-01-12,GoC_5Y,1.72
2009-01-13,GoC_5Y,1.69
2009-01-14,GoC_5Y,1.52
2009-01-15,GoC_5Y,1.56
2009-01-16,GoC_5Y,1.58
2009-01-19,GoC_5Y,1.64
2009-01-20,GoC_5Y,1.64
2009-01-21,GoC_5Y,1.69
2009-01-22,GoC_5Y,1.74
2009-01-23,GoC_5Y,1.83
2009-01-26,GoC_5Y,1.95
2009-01-27,GoC_5Y,1.94
2009-01-28,GoC_5Y,2.03
2009-01-29,GoC_5Y,2.11
2009-01-30,GoC_5Y,2.11
2009-02-02,GoC_5Y,2.02
2009-02-03,GoC_5Y,2.08
2009-02-04,GoC_5Y,2.09
2009-02-05,GoC_5Y,1.97
2009-02-06,GoC_5Y,1.93
2009-02-09,GoC_5Y,1.99
2009-02-10,GoC_5Y,1.94
2009-02-11,GoC_5Y,2.12
2009-02-12,GoC_5Y,2.08
2009-02-13,GoC_5Y,2.11
2009-02-17,GoC_5Y,2.01
2009-02-18,GoC_5Y,2.07
2009-02-19,GoC_5Y,2.09
2009-02-20,GoC_5Y,2.05
2009-02-23,GoC_5Y,2.0
2009-02-24,GoC_5Y,2.04
2009-02-25,GoC_5Y,2.11
2009-02-26,GoC_5Y,2.1
2009-02-27,GoC_5Y,2.05
2009-03-02,GoC_5Y,1.91
2009-03-03,GoC_5Y,1.87
2009-03-04,GoC_5Y,1.88
2009-03-05,GoC_5Y,1.81
2009-03-06,GoC_5Y,1.87
2009-03-09,GoC_5Y,1.86
2009-03-10,GoC_5Y,1.92
2009-03-11,GoC_5Y,1.88
2009-03-12,GoC_5Y,1.91
2009-03-13,GoC_5Y,1.87
2009-03-16,GoC_5Y,1.87
2009-03-17,GoC_5Y,1.91
2009-03-18,GoC_5Y,1.7
2009-03-19,GoC_5Y,1.71
2009-03-20,GoC_5Y,1.73
2009-03-23,GoC_5Y,1.76
2009-03-24,GoC_5Y,1.87
2009-03-25,GoC_5Y,1.95
2009-03-26,GoC_5Y,1.89
2009-03-27,GoC_5Y,1.9
2009-03-30,GoC_5Y,1.8
2009-03-31,GoC_5Y,1.75
2009-04-01,GoC_5Y,1.75
2009-04-02,GoC_5Y,1.82
2009-04-03,GoC_5Y,1.88
2009-04-06,GoC_5Y,1.91
2009-04-07,GoC_5Y,1.86
2009-04-08,GoC_5Y,1.82
2009-04-09,GoC_5Y,1.87
2009-04-13,GoC_5Y,1.86
2009-04-14,GoC_5Y,1.84
2009-04-15,GoC_5Y,1.88
2009-04-16,GoC_5Y,1.9
2009-04-17,GoC_5Y,1.97
2009-04-20,GoC_5Y,1.86
2009-04-21,GoC_5Y,1.87
2009-04-22,GoC_5Y,1.89
2009-04-23,GoC_5Y,1.93
2009-04-24,GoC_5Y,1.94
2009-04-27,GoC_5Y,1.93
2009-04-28,GoC_5Y,1.97
2009-04-29,GoC_5Y,2.01
2009-04-30,GoC_5Y,2.02
2009-05-01,GoC_5Y,2.01
2009-05-04,GoC_5Y,2.03
2009-05-05,GoC_5Y,2.01
2009-05-06,GoC_5Y,2.03
2009-05-07,GoC_5Y,2.1
2009-05-08,GoC_5Y,2.14
2009-05-11,GoC_5Y,2.07
2009-05-12,GoC_5Y,2.1
2009-05-13,GoC_5Y,2.09
2009-05-14,GoC_5Y,2.11
2009-05-15,GoC_5Y,2.13
2009-05-19,GoC_5Y,2.16
2009-05-20,GoC_5Y,2.15
2009-05-21,GoC_5Y,2.26
2009-05-22,GoC_5Y,2.27
2009-05-25,GoC_5Y,2.28
2009-05-26,GoC_5Y,2.42
2009-05-27,GoC_5Y,2.57
2009-05-28,GoC_5Y,2.51
2009-05-29,GoC_5Y,2.45
2009-06-01,GoC_5Y,2.51
2009-06-02,GoC_5Y,2.48
2009-06-03,GoC_5Y,2.41
2009-06-04,GoC_5Y,2.47
2009-06-05,GoC_5Y,2.58
2009-06-08,GoC_5Y,2.71
2009-06-09,GoC_5Y,2.68
2009-06-10,GoC_5Y,2.82
2009-06-11,GoC_5Y,2.74
2009-06-12,GoC_5Y,2.71
2009-06-15,GoC_5Y,2.72
2009-06-16,GoC_5Y,2.65
2009-06-17,GoC_5Y,2.59
2009-06-18,GoC_5Y,2.65
2009-06-19,GoC_5Y,2.64
2009-06-22,GoC_5Y,2.54
2009-06-23,GoC_5Y,2.55
2009-06-24,GoC_5Y,2.57
2009-06-25,GoC_5Y,2.53
2009-06-26,GoC_5Y,2.49
2009-06-29,GoC_5Y,2.49
2009-06-30,GoC_5Y,2.46
2009-07-02,GoC_5Y,2.42
2009-07-03,GoC_5Y,2.42
2009-07-06,GoC_5Y,2.41
2009-07-07,GoC_5Y,2.42
2009-07-08,GoC_5Y,2.39
2009-07-09,GoC_5Y,2.42
2009-07-10,GoC_5Y,2.39
2009-07-13,GoC_5Y,2.43
2009-07-14,GoC_5Y,2.54
2009-07-15,GoC_5Y,2.57
2009-07-16,GoC_5Y,2.51
2009-07-17,GoC_5Y,2.55
2009-07-20,GoC_5Y,2.52
2009-07-21,GoC_5Y,2.49
2009-07-22,GoC_5Y,2.52
2009-07-23,GoC_5Y,2.65
2009-07-24,GoC_5Y,2.67
2009-07-27,GoC_5Y,2.7
2009-07-28,GoC_5Y,2.68
2009-07-29,GoC_5Y,2.66
2009-07-30,GoC_5Y,2.68
2009-07-31,GoC_5Y,2.6
2009-08-04,GoC_5Y,2.66
2009-08-05,GoC_5Y,2.7
2009-08-06,GoC_5Y,2.67
2009-08-07,GoC_5Y,2.73
2009-08-10,GoC_5Y,2.66
2009-08-11,GoC_5Y,2.61
2009-08-12,GoC_5Y,2.62
2009-08-13,GoC_5Y,2.61
2009-08-14,GoC_5Y,2.58
2009-08-17,GoC_5Y,2.51
2009-08-18,GoC_5Y,2.53
2009-08-19,GoC_5Y,2.52
2009-08-20,GoC_5Y,2.5
2009-08-21,GoC_5Y,2.62
2009-08-24,GoC_5Y,2.56
2009-08-25,GoC_5Y,2.54
2009-08-26,GoC_5Y,2.65
2009-08-27,GoC_5Y,2.64
2009-08-28,GoC_5Y,2.64
2009-08-31,GoC_5Y,2.6
2009-09-01,GoC_5Y,2.57
2009-09-02,GoC_5Y,2.56
2009-09-03,GoC_5Y,2.57
2009-09-04,GoC_5Y,2.61
2009-09-08,GoC_5Y,2.63
2009-09-09,GoC_5Y,2.62
2009-09-10,GoC_5Y,2.56
2009-09-11,GoC_5Y,2.55
2009-09-14,GoC_5Y,2.58
2009-09-15,GoC_5Y,2.59
2009-09-16,GoC_5Y,2.62
2009-09-17,GoC_5Y,2.59
2009-09-18,GoC_5Y,2.63
2009-09-21,GoC_5Y,2.63
2009-09-22,GoC_5Y,2.64
2009-09-23,GoC_5Y,2.63
2009-09-24,GoC_5Y,2.62
2009-09-25,GoC_5Y,2.6
2009-09-28,GoC_5Y,2.57
2009-09-29,GoC_5Y,2.58
2009-09-30,GoC_5Y,2.57
2009-10-01,GoC_5Y,2.51
2009-10-02,GoC_5Y,2.5
2009-10-05,GoC_5Y,2.48
2009-10-06,GoC_5Y,2.55
2009-10-07,GoC_5Y,2.54
2009-10-08,GoC_5Y,2.63
2009-10-09,GoC_5Y,2.86
2009-10-13,GoC_5Y,2.82
2009-10-14,GoC_5Y,2.86
2009-10-15,GoC_5Y,2.88
2009-10-16,GoC_5Y,2.78
2009-10-19,GoC_5Y,2.81
2009-10-20,GoC_5Y,2.7
2009-10-21,GoC_5Y,2.72
2009-10-22,GoC_5Y,2.73
2009-10-23,GoC_5Y,2.77
2009-10-26,GoC_5Y,2.81
2009-10-27,GoC_5Y,2.73
2009-10-28,GoC_5Y,2.7
2009-10-29,GoC_5Y,2.76
2009-10-30,GoC_5Y,2.68
2009-11-02,GoC_5Y,2.69
2009-11-03,GoC_5Y,2.68
2009-11-04,GoC_5Y,2.69
2009-11-05,GoC_5Y,2.74
2009-11-06,GoC_5Y,2.73
2009-11-09,GoC_5Y,2.72
2009-11-10,GoC_5Y,2.71
2009-11-12,GoC_5Y,2.7
2009-11-13,GoC_5Y,2.69
2009-11-16,GoC_5Y,2.63
2009-11-17,GoC_5Y,2.59
2009-11-18,GoC_5Y,2.62
2009-11-19,GoC_5Y,2.58
2009-11-20,GoC_5Y,2.56
2009-11-23,GoC_5Y,2.54
2009-11-24,GoC_5Y,2.45
2009-11-25,GoC_5Y,2.41
2009-11-26,GoC_5Y,2.35
2009-11-27,GoC_5Y,2.37
2009-11-30,GoC_5Y,2.37
2009-12-01,GoC_5Y,2.38
2009-12-02,GoC_5Y,2.39
2009-12-03,GoC_5Y,2.38
2009-12-04,GoC_5Y,2.53
2009-12-07,GoC_5Y,2.48
2009-12-08,GoC_5Y,2.46
2009-12-09,GoC_5Y,2.47
2009-12-10,GoC_5Y,2.51
2009-12-11,GoC_5Y,2.54
2009-12-14,GoC_5Y,2.56
2009-12-15,GoC_5Y,2.57
2009-12-16,GoC_5Y,2.59
2009-12-17,GoC_5Y,2.54
2009-12-18,GoC_5Y,2.57
2009-12-21,GoC_5Y,2.68
2009-12-22,GoC_5Y,2.74
2009-12-23,GoC_5Y,2.7
2009-12-24,GoC_5Y,2.74
2009-12-29,GoC_5Y,2.75
2009-12-30,GoC_5Y,2.74
2009-12-31,GoC_5Y,2.77
2010-01-04,GoC_5Y,2.75
2010-01-05,GoC_5Y,2.7
2010-01-06,GoC_5Y,2.74
2010-01-07,GoC_5Y,2.75
2010-01-08,GoC_5Y,2.69
2010-01-11,GoC_5Y,2.7
2010-01-12,GoC_5Y,2.66
2010-01-13,GoC_5Y,2.72
2010-01-14,GoC_5Y,2.69
2010-01-15,GoC_5Y,2.63
2010-01-18,GoC_5Y,2.61
2010-01-19,GoC_5Y,2.6
2010-01-20,GoC_5Y,2.54
2010-01-21,GoC_5Y,2.5
2010-01-22,GoC_5Y,2.46
2010-01-25,GoC_5Y,2.47
2010-01-26,GoC_5Y,2.44
2010-01-27,GoC_5Y,2.46
2010-01-28,GoC_5Y,2.44
2010-01-29,GoC_5Y,2.45
2010-02-01,GoC_5Y,2.47
2010-02-02,GoC_5Y,2.45
2010-02-03,GoC_5Y,2.5
2010-02-04,GoC_5Y,2.43
2010-02-05,GoC_5Y,2.42
2010-02-08,GoC_5Y,2.41
2010-02-09,GoC_5Y,2.45
2010-02-10,GoC_5Y,2.51
2010-02-11,GoC_5Y,2.54
2010-02-12,GoC_5Y,2.52
2010-02-16,GoC_5Y,2.5
2010-02-17,GoC_5Y,2.52
2010-02-18,GoC_5Y,2.56
2010-02-19,GoC_5Y,2.58
2010-02-22,GoC_5Y,2.58
2010-02-23,GoC_5Y,2.51
2010-02-24,GoC_5Y,2.54
2010-02-25,GoC_5Y,2.49
2010-02-26,GoC_5Y,2.49
2010-03-01,GoC_5Y,2.52
2010-03-02,GoC_5Y,2.53
2010-03-03,GoC_5Y,2.6
2010-03-04,GoC_5Y,2.59
2010-03-05,GoC_5Y,2.76
2010-03-08,GoC_5Y,2.79
2010-03-09,GoC_5Y,2.79
2010-03-10,GoC_5Y,2.81
2010-03-11,GoC_5Y,2.79
2010-03-12,GoC_5Y,2.83
2010-03-15,GoC_5Y,2.79
2010-03-16,GoC_5Y,2.75
2010-03-17,GoC_5Y,2.79
2010-03-18,GoC_5Y,2.76
2010-03-19,GoC_5Y,2.82
2010-03-22,GoC_5Y,2.78
2010-03-23,GoC_5Y,2.8
2010-03-24,GoC_5Y,2.86
2010-03-25,GoC_5Y,2.86
2010-03-26,GoC_5Y,2.86
2010-03-29,GoC_5Y,2.9
2010-03-30,GoC_5Y,2.92
2010-03-31,GoC_5Y,2.9
2010-04-01,GoC_5Y,2.89
2010-04-05,GoC_5Y,3.02
2010-04-06,GoC_5Y,3.04
2010-04-07,GoC_5Y,2.98
2010-04-08,GoC_5Y,3.05
2010-04-09,GoC_5Y,3.04
2010-04-12,GoC_5Y,3.06
2010-04-13,GoC_5Y,3.1
2010-04-14,GoC_5Y,3.12
2010-04-15,GoC_5Y,3.14
2010-04-16,GoC_5Y,3.09
2010-04-19,GoC_5Y,3.06
2010-04-20,GoC_5Y,3.19
2010-04-21,GoC_5Y,3.2
2010-04-22,GoC_5Y,3.16
2010-04-23,GoC_5Y,3.11
2010-04-26,GoC_5Y,3.09
2010-04-27,GoC_5Y,3.01
2010-04-28,GoC_5Y,3.09
2010-04-29,GoC_5Y,3.08
2010-04-30,GoC_5Y,2.99
2010-05-03,GoC_5Y,2.98
2010-05-04,GoC_5Y,2.85
2010-05-05,GoC_5Y,2.83
2010-05-06,GoC_5Y,2.74
2010-05-07,GoC_5Y,2.8
2010-05-10,GoC_5Y,2.91
2010-05-11,GoC_5Y,2.93
2010-05-12,GoC_5Y,2.96
2010-05-13,GoC_5Y,2.87
2010-05-14,GoC_5Y,2.76
2010-05-17,GoC_5Y,2.81
2010-05-18,GoC_5Y,2.71
2010-05-19,GoC_5Y,2.69
2010-05-20,GoC_5Y,2.57
2010-05-21,GoC_5Y,2.62
2010-05-25,GoC_5Y,2.52
2010-05-26,GoC_5Y,2.55
2010-05-27,GoC_5Y,2.71
2010-05-28,GoC_5Y,2.64
2010-05-31,GoC_5Y,2.75
2010-06-01,GoC_5Y,2.61
2010-06-02,GoC_5Y,2.68
2010-06-03,GoC_5Y,2.69
2010-06-04,GoC_5Y,2.55
2010-06-07,GoC_5Y,2.58
2010-06-08,GoC_5Y,2.61
2010-06-09,GoC_5Y,2.65
2010-06-10,GoC_5Y,2.76
2010-06-11,GoC_5Y,2.73
2010-06-14,GoC_5Y,2.76
2010-06-15,GoC_5Y,2.76
2010-06-16,GoC_5Y,2.7
2010-06-17,GoC_5Y,2.63
2010-06-18,GoC_5Y,2.65
2010-06-21,GoC_5Y,2.65
2010-06-22,GoC_5Y,2.59
2010-06-23,GoC_5Y,2.53
2010-06-24,GoC_5Y,2.5
2010-06-25,GoC_5Y,2.48
2010-06-28,GoC_5Y,2.43
2010-06-29,GoC_5Y,2.33
2010-06-30,GoC_5Y,2.32
2010-07-02,GoC_5Y,2.36
2010-07-05,GoC_5Y,2.33
2010-07-06,GoC_5Y,2.34
2010-07-07,GoC_5Y,2.44
2010-07-08,GoC_5Y,2.47
2010-07-09,GoC_5Y,2.54
2010-07-12,GoC_5Y,2.51
2010-07-13,GoC_5Y,2.56
2010-07-14,GoC_5Y,2.54
2010-07-15,GoC_5Y,2.49
2010-07-16,GoC_5Y,2.39
2010-07-19,GoC_5Y,2.37
2010-07-20,GoC_5Y,2.41
2010-07-21,GoC_5Y,2.35
2010-07-22,GoC_5Y,2.4
2010-07-23,GoC_5Y,2.43
2010-07-26,GoC_5Y,2.44
2010-07-27,GoC_5Y,2.47
2010-07-28,GoC_5Y,2.44
2010-07-29,GoC_5Y,2.36
2010-07-30,GoC_5Y,2.29
2010-08-03,GoC_5Y,2.25
2010-08-04,GoC_5Y,2.35
2010-08-05,GoC_5Y,2.32
2010-08-06,GoC_5Y,2.25
2010-08-09,GoC_5Y,2.25
2010-08-10,GoC_5Y,2.21
2010-08-11,GoC_5Y,2.13
2010-08-12,GoC_5Y,2.17
2010-08-13,GoC_5Y,2.17
2010-08-16,GoC_5Y,2.13
2010-08-17,GoC_5Y,2.18
2010-08-18,GoC_5Y,2.16
2010-08-19,GoC_5Y,2.22
2010-08-20,GoC_5Y,2.19
2010-08-23,GoC_5Y,2.14
2010-08-24,GoC_5Y,2.06
2010-08-25,GoC_5Y,2.08
2010-08-26,GoC_5Y,2.06
2010-08-27,GoC_5Y,2.15
2010-08-30,GoC_5Y,2.06
2010-08-31,GoC_5Y,2.05
2010-09-01,GoC_5Y,2.1
2010-09-02,GoC_5Y,2.11
2010-09-03,GoC_5Y,2.2
2010-09-07,GoC_5Y,2.07
2010-09-08,GoC_5Y,2.19
2010-09-09,GoC_5Y,2.24
2010-09-10,GoC_5Y,2.24
2010-09-13,GoC_5Y,2.22
2010-09-14,GoC_5Y,2.22
2010-09-15,GoC_5Y,2.25
2010-09-16,GoC_5Y,2.26
2010-09-17,GoC_5Y,2.22
2010-09-20,GoC_5Y,2.24
2010-09-21,GoC_5Y,2.18
2010-09-22,GoC_5Y,2.14
2010-09-23,GoC_5Y,2.11
2010-09-24,GoC_5Y,2.16
2010-09-27,GoC_5Y,2.09
2010-09-28,GoC_5Y,2.04
2010-09-29,GoC_5Y,2.01
2010-09-30,GoC_5Y,2.01
2010-10-01,GoC_5Y,2.03
2010-10-04,GoC_5Y,1.99
2010-10-05,GoC_5Y,2.0
2010-10-06,GoC_5Y,1.97
2010-10-07,GoC_5Y,1.94
2010-10-08,GoC_5Y,1.87
2010-10-12,GoC_5Y,1.9
2010-10-13,GoC_5Y,1.94
2010-10-14,GoC_5Y,1.97
2010-10-15,GoC_5Y,1.98
2010-10-18,GoC_5Y,1.95
2010-10-19,GoC_5Y,1.85
2010-10-20,GoC_5Y,1.91
2010-10-21,GoC_5Y,1.93
2010-10-22,GoC_5Y,1.91
2010-10-25,GoC_5Y,1.91
2010-10-26,GoC_5Y,1.99
2010-10-27,GoC_5Y,2.06
2010-10-28,GoC_5Y,2.03
2010-10-29,GoC_5Y,1.97
2010-11-01,GoC_5Y,2.0
2010-11-02,GoC_5Y,2.04
2010-11-03,GoC_5Y,2.02
2010-11-04,GoC_5Y,1.98
2010-11-05,GoC_5Y,2.05
2010-11-08,GoC_5Y,2.1
2010-11-09,GoC_5Y,2.2
2010-11-10,GoC_5Y,2.2
2010-11-12,GoC_5Y,2.27
2010-11-15,GoC_5Y,2.38
2010-11-16,GoC_5Y,2.3
2010-11-17,GoC_5Y,2.32
2010-11-18,GoC_5Y,2.37
2010-11-19,GoC_5Y,2.4
2010-11-22,GoC_5Y,2.32
2010-11-23,GoC_5Y,2.37
2010-11-24,GoC_5Y,2.48
2010-11-25,GoC_5Y,2.45
2010-11-26,GoC_5Y,2.4
2010-11-29,GoC_5Y,2.38
2010-11-30,GoC_5Y,2.35
2010-12-01,GoC_5Y,2.44
2010-12-02,GoC_5Y,2.47
2010-12-03,GoC_5Y,2.42
2010-12-06,GoC_5Y,2.32
2010-12-07,GoC_5Y,2.39
2010-12-08,GoC_5Y,2.49
2010-12-09,GoC_5Y,2.48
2010-12-10,GoC_5Y,2.56
2010-12-13,GoC_5Y,2.49
2010-12-14,GoC_5Y,2.58
2010-12-15,GoC_5Y,2.56
2010-12-16,GoC_5Y,2.48
2010-12-17,GoC_5Y,2.39
2010-12-20,GoC_5Y,2.38
2010-12-21,GoC_5Y,2.38
2010-12-22,GoC_5Y,2.42
2010-12-23,GoC_5Y,2.45
2010-12-24,GoC_5Y,2.44
2010-12-29,GoC_5Y,2.45
2010-12-30,GoC_5Y,2.46
2010-12-31,GoC_5Y,2.41
2011-01-04,GoC_5Y,2.46
2011-01-05,GoC_5Y,2.56
2011-01-06,GoC_5Y,2.51
2011-01-07,GoC_5Y,2.46
2011-01-10,GoC_5Y,2.46
2011-01-11,GoC_5Y,2.51
2011-01-12,GoC_5Y,2.53
2011-01-13,GoC_5Y,2.54
2011-01-14,GoC_5Y,2.56
2011-01-17,GoC_5Y,2.56
2011-01-18,GoC_5Y,2.58
2011-01-19,GoC_5Y,2.52
2011-01-20,GoC_5Y,2.56
2011-01-21,GoC_5Y,2.6
2011-01-24,GoC_5Y,2.59
2011-01-25,GoC_5Y,2.55
2011-01-26,GoC_5Y,2.56
2011-01-27,GoC_5Y,2.53
2011-01-28,GoC_5Y,2.49
2011-01-31,GoC_5Y,2.5
2011-02-01,GoC_5Y,2.57
2011-02-02,GoC_5Y,2.62
2011-02-03,GoC_5Y,2.66
2011-02-04,GoC_5Y,2.74
2011-02-07,GoC_5Y,2.71
2011-02-08,GoC_5Y,2.78
2011-02-09,GoC_5Y,2.74
2011-02-10,GoC_5Y,2.75
2011-02-11,GoC_5Y,2.76
2011-02-14,GoC_5Y,2.78
2011-02-15,GoC_5Y,2.77
2011-02-16,GoC_5Y,2.8
2011-02-17,GoC_5Y,2.77
2011-02-18,GoC_5Y,2.75
2011-02-22,GoC_5Y,2.63
2011-02-23,GoC_5Y,2.61
2011-02-24,GoC_5Y,2.6
2011-02-25,GoC_5Y,2.58
2011-02-28,GoC_5Y,2.63
2011-03-01,GoC_5Y,2.6
2011-03-02,GoC_5Y,2.64
2011-03-03,GoC_5Y,2.72
2011-03-04,GoC_5Y,2.76
2011-03-07,GoC_5Y,2.77
2011-03-08,GoC_5Y,2.81
2011-03-09,GoC_5Y,2.76
2011-03-10,GoC_5Y,2.68
2011-03-11,GoC_5Y,2.65
2011-03-14,GoC_5Y,2.58
2011-03-15,GoC_5Y,2.54
2011-03-16,GoC_5Y,2.44
2011-03-17,GoC_5Y,2.52
2011-03-18,GoC_5Y,2.51
2011-03-21,GoC_5Y,2.58
2011-03-22,GoC_5Y,2.57
2011-03-23,GoC_5Y,2.58
2011-03-24,GoC_5Y,2.61
2011-03-25,GoC_5Y,2.65
2011-03-28,GoC_5Y,2.67
2011-03-29,GoC_5Y,2.71
2011-03-30,GoC_5Y,2.71
2011-03-31,GoC_5Y,2.77
2011-04-01,GoC_5Y,2.78
2011-04-04,GoC_5Y,2.76
2011-04-05,GoC_5Y,2.8
2011-04-06,GoC_5Y,2.84
2011-04-07,GoC_5Y,2.85
2011-04-08,GoC_5Y,2.86
2011-04-11,GoC_5Y,2.89
2011-04-12,GoC_5Y,2.8
2011-04-13,GoC_5Y,2.75
2011-04-14,GoC_5Y,2.74
2011-04-15,GoC_5Y,2.67
2011-04-18,GoC_5Y,2.6
2011-04-19,GoC_5Y,2.67
2011-04-20,GoC_5Y,2.72
2011-04-21,GoC_5Y,2.7
2011-04-25,GoC_5Y,2.65
2011-04-26,GoC_5Y,2.59
2011-04-27,GoC_5Y,2.65
2011-04-28,GoC_5Y,2.61
2011-04-29,GoC_5Y,2.58
2011-05-02,GoC_5Y,2.58
2011-05-03,GoC_5Y,2.55
2011-05-04,GoC_5Y,2.52
2011-05-05,GoC_5Y,2.5
2011-05-06,GoC_5Y,2.51
2011-05-09,GoC_5Y,2.5
2011-05-10,GoC_5Y,2.57
2011-05-11,GoC_5Y,2.54
2011-05-12,GoC_5Y,2.55
2011-05-13,GoC_5Y,2.53
2011-05-16,GoC_5Y,2.5
2011-05-17,GoC_5Y,2.47
2011-05-18,GoC_5Y,2.53
2011-05-19,GoC_5Y,2.53
2011-05-20,GoC_5Y,2.45
2011-05-24,GoC_5Y,2.42
2011-05-25,GoC_5Y,2.4
2011-05-26,GoC_5Y,2.33
2011-05-27,GoC_5Y,2.32
2011-05-30,GoC_5Y,2.32
2011-05-31,GoC_5Y,2.34
2011-06-01,GoC_5Y,2.24
2011-06-02,GoC_5Y,2.27
2011-06-03,GoC_5Y,2.23
2011-06-06,GoC_5Y,2.23
2011-06-07,GoC_5Y,2.25
2011-06-08,GoC_5Y,2.22
2011-06-09,GoC_5Y,2.25
2011-06-10,GoC_5Y,2.23
2011-06-13,GoC_5Y,2.24
2011-06-14,GoC_5Y,2.31
2011-06-15,GoC_5Y,2.19
2011-06-16,GoC_5Y,2.15
2011-06-17,GoC_5Y,2.17
2011-06-20,GoC_5Y,2.19
2011-06-21,GoC_5Y,2.2
2011-06-22,GoC_5Y,2.19
2011-06-23,GoC_5Y,2.1
2011-06-24,GoC_5Y,2.04
2011-06-27,GoC_5Y,2.05
2011-06-28,GoC_5Y,2.15
2011-06-29,GoC_5Y,2.3
2011-06-30,GoC_5Y,2.33
2011-07-04,GoC_5Y,2.32
2011-07-05,GoC_5Y,2.32
2011-07-06,GoC_5Y,2.26
2011-07-07,GoC_5Y,2.29
2011-07-08,GoC_5Y,2.24
2011-07-11,GoC_5Y,2.14
2011-07-12,GoC_5Y,2.15
2011-07-13,GoC_5Y,2.18
2011-07-14,GoC_5Y,2.21
2011-07-15,GoC_5Y,2.13
2011-07-18,GoC_5Y,2.12
2011-07-19,GoC_5Y,2.19
2011-07-20,GoC_5Y,2.23
2011-07-21,GoC_5Y,2.27
2011-07-22,GoC_5Y,2.2
2011-07-25,GoC_5Y,2.2
2011-07-26,GoC_5Y,2.16
2011-07-27,GoC_5Y,2.15
2011-07-28,GoC_5Y,2.15
2011-07-29,GoC_5Y,2.05
2011-08-02,GoC_5Y,1.86
2011-08-03,GoC_5Y,1.88
2011-08-04,GoC_5Y,1.66
2011-08-05,GoC_5Y,1.78
2011-08-08,GoC_5Y,1.51
2011-08-09,GoC_5Y,1.5
2011-08-10,GoC_5Y,1.35
2011-08-11,GoC_5Y,1.51
2011-08-12,GoC_5Y,1.52
2011-08-15,GoC_5Y,1.61
2011-08-16,GoC_5Y,1.57
2011-08-17,GoC_5Y,1.52
2011-08-18,GoC_5Y,1.41
2011-08-19,GoC_5Y,1.42
2011-08-22,GoC_5Y,1.44
2011-08-23,GoC_5Y,1.53
2011-08-24,GoC_5Y,1.6
2011-08-25,GoC_5Y,1.56
2011-08-26,GoC_5Y,1.57
2011-08-29,GoC_5Y,1.65
2011-08-30,GoC_5Y,1.6
2011-08-31,GoC_5Y,1.68
2011-09-01,GoC_5Y,1.58
2011-09-02,GoC_5Y,1.48
2011-09-06,GoC_5Y,1.4
2011-09-07,GoC_5Y,1.45
2011-09-08,GoC_5Y,1.41
2011-09-09,GoC_5Y,1.29
2011-09-12,GoC_5Y,1.37
2011-09-13,GoC_5Y,1.43
2011-09-14,GoC_5Y,1.45
2011-09-15,GoC_5Y,1.56
2011-09-16,GoC_5Y,1.55
2011-09-19,GoC_5Y,1.43
2011-09-20,GoC_5Y,1.44
2011-09-21,GoC_5Y,1.4
2011-09-22,GoC_5Y,1.28
2011-09-23,GoC_5Y,1.35
2011-09-26,GoC_5Y,1.43
2011-09-27,GoC_5Y,1.46
2011-09-28,GoC_5Y,1.44
2011-09-29,GoC_5Y,1.45
2011-09-30,GoC_5Y,1.39
2011-10-03,GoC_5Y,1.31
2011-10-04,GoC_5Y,1.35
2011-10-05,GoC_5Y,1.4
2011-10-06,GoC_5Y,1.46
2011-10-07,GoC_5Y,1.49
2011-10-11,GoC_5Y,1.54
2011-10-12,GoC_5Y,1.58
2011-10-13,GoC_5Y,1.52
2011-10-14,GoC_5Y,1.62
2011-10-17,GoC_5Y,1.53
2011-10-18,GoC_5Y,1.55
2011-10-19,GoC_5Y,1.57
2011-10-20,GoC_5Y,1.56
2011-10-21,GoC_5Y,1.61
2011-10-24,GoC_5Y,1.63
2011-10-25,GoC_5Y,1.5
2011-10-26,GoC_5Y,1.6
2011-10-27,GoC_5Y,1.7
2011-10-28,GoC_5Y,1.64
2011-10-31,GoC_5Y,1.51
2011-11-01,GoC_5Y,1.41
2011-11-02,GoC_5Y,1.43
2011-11-03,GoC_5Y,1.48
2011-11-04,GoC_5Y,1.41
2011-11-07,GoC_5Y,1.41
2011-11-08,GoC_5Y,1.44
2011-11-09,GoC_5Y,1.35
2011-11-10,GoC_5Y,1.4
2011-11-14,GoC_5Y,1.37
2011-11-15,GoC_5Y,1.37
2011-11-16,GoC_5Y,1.36
2011-11-17,GoC_5Y,1.36
2011-11-18,GoC_5Y,1.39
2011-11-21,GoC_5Y,1.37
2011-11-22,GoC_5Y,1.36
2011-11-23,GoC_5Y,1.32
2011-11-24,GoC_5Y,1.34
2011-11-25,GoC_5Y,1.4
2011-11-28,GoC_5Y,1.42
2011-11-29,GoC_5Y,1.43
2011-11-30,GoC_5Y,1.46
2011-12-01,GoC_5Y,1.4
2011-12-02,GoC_5Y,1.36
2011-12-05,GoC_5Y,1.33
2011-12-06,GoC_5Y,1.38
2011-12-07,GoC_5Y,1.33
2011-12-08,GoC_5Y,1.26
2011-12-09,GoC_5Y,1.33
2011-12-12,GoC_5Y,1.28
2011-12-13,GoC_5Y,1.26
2011-12-14,GoC_5Y,1.25
2011-12-15,GoC_5Y,1.22
2011-12-16,GoC_5Y,1.18
2011-12-19,GoC_5Y,1.17
2011-12-20,GoC_5Y,1.24
2011-12-21,GoC_5Y,1.25
2011-12-22,GoC_5Y,1.25
2011-12-23,GoC_5Y,1.31
2011-12-28,GoC_5Y,1.28
2011-12-29,GoC_5Y,1.27
2011-12-30,GoC_5Y,1.27
2012-01-03,GoC_5Y,1.31
2012-01-04,GoC_5Y,1.3
2012-01-05,GoC_5Y,1.29
2012-01-06,GoC_5Y,1.25
2012-01-09,GoC_5Y,1.26
2012-01-10,GoC_5Y,1.29
2012-01-11,GoC_5Y,1.26
2012-01-12,GoC_5Y,1.3
2012-01-13,GoC_5Y,1.26
2012-01-16,GoC_5Y,1.28
2012-01-17,GoC_5Y,1.26
2012-01-18,GoC_5Y,1.3
2012-01-19,GoC_5Y,1.35
2012-01-20,GoC_5Y,1.4
2012-01-23,GoC_5Y,1.42
2012-01-24,GoC_5Y,1.41
2012-01-25,GoC_5Y,1.36
2012-01-26,GoC_5Y,1.33
2012-01-27,GoC_5Y,1.31
2012-01-30,GoC_5Y,1.28
2012-01-31,GoC_5Y,1.25
2012-02-01,GoC_5Y,1.26
2012-02-02,GoC_5Y,1.29
2012-02-03,GoC_5Y,1.35
2012-02-06,GoC_5Y,1.33
2012-02-07,GoC_5Y,1.38
2012-02-08,GoC_5Y,1.41
2012-02-09,GoC_5Y,1.44
2012-02-10,GoC_5Y,1.41
2012-02-13,GoC_5Y,1.41
2012-02-14,GoC_5Y,1.38
2012-02-15,GoC_5Y,1.37
2012-02-16,GoC_5Y,1.38
2012-02-17,GoC_5Y,1.47
2012-02-21,GoC_5Y,1.5
2012-02-22,GoC_5Y,1.48
2012-02-23,GoC_5Y,1.47
2012-02-24,GoC_5Y,1.43
2012-02-27,GoC_5Y,1.42
2012-02-28,GoC_5Y,1.41
2012-02-29,GoC_5Y,1.44
2012-03-01,GoC_5Y,1.45
2012-03-02,GoC_5Y,1.42
2012-03-05,GoC_5Y,1.43
2012-03-06,GoC_5Y,1.39
2012-03-07,GoC_5Y,1.43
2012-03-08,GoC_5Y,1.5
2012-03-09,GoC_5Y,1.49
2012-03-12,GoC_5Y,1.49
2012-03-13,GoC_5Y,1.55
2012-03-14,GoC_5Y,1.63
2012-03-15,GoC_5Y,1.67
2012-03-16,GoC_5Y,1.7
2012-03-19,GoC_5Y,1.73
2012-03-20,GoC_5Y,1.74
2012-03-21,GoC_5Y,1.71
2012-03-22,GoC_5Y,1.67
2012-03-23,GoC_5Y,1.65
2012-03-26,GoC_5Y,1.65
2012-03-27,GoC_5Y,1.59
2012-03-28,GoC_5Y,1.57
2012-03-29,GoC_5Y,1.55
2012-03-30,GoC_5Y,1.57
2012-04-02,GoC_5Y,1.58
2012-04-03,GoC_5Y,1.66
2012-04-04,GoC_5Y,1.61
2012-04-05,GoC_5Y,1.64
2012-04-09,GoC_5Y,1.59
2012-04-10,GoC_5Y,1.5
2012-04-11,GoC_5Y,1.54
2012-04-12,GoC_5Y,1.57
2012-04-13,GoC_5Y,1.51
2012-04-16,GoC_5Y,1.54
2012-04-17,GoC_5Y,1.63
2012-04-18,GoC_5Y,1.61
2012-04-19,GoC_5Y,1.62
2012-04-20,GoC_5Y,1.64
2012-04-23,GoC_5Y,1.63
2012-04-24,GoC_5Y,1.68
2012-04-25,GoC_5Y,1.69
2012-04-26,GoC_5Y,1.62
2012-04-27,GoC_5Y,1.67
2012-04-30,GoC_5Y,1.6
2012-05-01,GoC_5Y,1.6
2012-05-02,GoC_5Y,1.58
2012-05-03,GoC_5Y,1.56
2012-05-04,GoC_5Y,1.51
2012-05-07,GoC_5Y,1.52
2012-05-08,GoC_5Y,1.48
2012-05-09,GoC_5Y,1.48
2012-05-10,GoC_5Y,1.48
2012-05-11,GoC_5Y,1.49
2012-05-14,GoC_5Y,1.46
2012-05-15,GoC_5Y,1.46
2012-05-16,GoC_5Y,1.46
2012-05-17,GoC_5Y,1.39
2012-05-18,GoC_5Y,1.42
2012-05-22,GoC_5Y,1.43
2012-05-23,GoC_5Y,1.4
2012-05-24,GoC_5Y,1.38
2012-05-25,GoC_5Y,1.31
2012-05-28,GoC_5Y,1.32
2012-05-29,GoC_5Y,1.38
2012-05-30,GoC_5Y,1.31
2012-05-31,GoC_5Y,1.25
2012-06-01,GoC_5Y,1.06
2012-06-04,GoC_5Y,1.15
2012-06-05,GoC_5Y,1.2
2012-06-06,GoC_5Y,1.27
2012-06-07,GoC_5Y,1.27
2012-06-08,GoC_5Y,1.29
2012-06-11,GoC_5Y,1.23
2012-06-12,GoC_5Y,1.27
2012-06-13,GoC_5Y,1.25
2012-06-14,GoC_5Y,1.28
2012-06-15,GoC_5Y,1.19
2012-06-18,GoC_5Y,1.19
2012-06-19,GoC_5Y,1.24
2012-06-20,GoC_5Y,1.29
2012-06-21,GoC_5Y,1.26
2012-06-22,GoC_5Y,1.3
2012-06-25,GoC_5Y,1.23
2012-06-26,GoC_5Y,1.25
2012-06-27,GoC_5Y,1.21
2012-06-28,GoC_5Y,1.17
2012-06-29,GoC_5Y,1.25
2012-07-03,GoC_5Y,1.26
2012-07-04,GoC_5Y,1.23
2012-07-05,GoC_5Y,1.24
2012-07-06,GoC_5Y,1.21
2012-07-09,GoC_5Y,1.17
2012-07-10,GoC_5Y,1.18
2012-07-11,GoC_5Y,1.2
2012-07-12,GoC_5Y,1.16
2012-07-13,GoC_5Y,1.18
2012-07-16,GoC_5Y,1.16
2012-07-17,GoC_5Y,1.17
2012-07-18,GoC_5Y,1.15
2012-07-19,GoC_5Y,1.18
2012-07-20,GoC_5Y,1.15
2012-07-23,GoC_5Y,1.12
2012-07-24,GoC_5Y,1.12
2012-07-25,GoC_5Y,1.16
2012-07-26,GoC_5Y,1.21
2012-07-27,GoC_5Y,1.33
2012-07-30,GoC_5Y,1.3
2012-07-31,GoC_5Y,1.27
2012-08-01,GoC_5Y,1.3
2012-08-02,GoC_5Y,1.25
2012-08-03,GoC_5Y,1.34
2012-08-07,GoC_5Y,1.41
2012-08-08,GoC_5Y,1.39
2012-08-09,GoC_5Y,1.39
2012-08-10,GoC_5Y,1.36
2012-08-13,GoC_5Y,1.38
2012-08-14,GoC_5Y,1.43
2012-08-15,GoC_5Y,1.51
2012-08-16,GoC_5Y,1.51
2012-08-17,GoC_5Y,1.5
2012-08-20,GoC_5Y,1.49
2012-08-21,GoC_5Y,1.48
2012-08-22,GoC_5Y,1.39
2012-08-23,GoC_5Y,1.39
2012-08-24,GoC_5Y,1.4
2012-08-27,GoC_5Y,1.39
2012-08-28,GoC_5Y,1.39
2012-08-29,GoC_5Y,1.38
2012-08-30,GoC_5Y,1.34
2012-08-31,GoC_5Y,1.36
2012-09-04,GoC_5Y,1.32
2012-09-05,GoC_5Y,1.32
2012-09-06,GoC_5Y,1.4
2012-09-07,GoC_5Y,1.42
2012-09-10,GoC_5Y,1.4
2012-09-11,GoC_5Y,1.41
2012-09-12,GoC_5Y,1.45
2012-09-13,GoC_5Y,1.42
2012-09-14,GoC_5Y,1.48
2012-09-17,GoC_5Y,1.46
2012-09-18,GoC_5Y,1.43
2012-09-19,GoC_5Y,1.41
2012-09-20,GoC_5Y,1.38
2012-09-21,GoC_5Y,1.38
2012-09-24,GoC_5Y,1.35
2012-09-25,GoC_5Y,1.36
2012-09-26,GoC_5Y,1.31
2012-09-27,GoC_5Y,1.32
2012-09-28,GoC_5Y,1.3
2012-10-01,GoC_5Y,1.28
2012-10-02,GoC_5Y,1.29
2012-10-03,GoC_5Y,1.28
2012-10-04,GoC_5Y,1.32
2012-10-05,GoC_5Y,1.37
2012-10-09,GoC_5Y,1.37
2012-10-10,GoC_5Y,1.36
2012-10-11,GoC_5Y,1.37
2012-10-12,GoC_5Y,1.37
2012-10-15,GoC_5Y,1.33
2012-10-16,GoC_5Y,1.34
2012-10-17,GoC_5Y,1.42
2012-10-18,GoC_5Y,1.41
2012-10-19,GoC_5Y,1.36
2012-10-22,GoC_5Y,1.38
2012-10-23,GoC_5Y,1.4
2012-10-24,GoC_5Y,1.39
2012-10-25,GoC_5Y,1.43
2012-10-26,GoC_5Y,1.39
2012-10-29,GoC_5Y,1.35
2012-10-30,GoC_5Y,1.37
2012-10-31,GoC_5Y,1.34
2012-11-01,GoC_5Y,1.33
2012-11-02,GoC_5Y,1.32
2012-11-05,GoC_5Y,1.32
2012-11-06,GoC_5Y,1.37
2012-11-07,GoC_5Y,1.32
2012-11-08,GoC_5Y,1.29
2012-11-09,GoC_5Y,1.3
2012-11-13,GoC_5Y,1.29
2012-11-14,GoC_5Y,1.29
2012-11-15,GoC_5Y,1.31
2012-11-16,GoC_5Y,1.29
2012-11-19,GoC_5Y,1.32
2012-11-20,GoC_5Y,1.35
2012-11-21,GoC_5Y,1.34
2012-11-22,GoC_5Y,1.35
2012-11-23,GoC_5Y,1.36
2012-11-26,GoC_5Y,1.34
2012-11-27,GoC_5Y,1.32
2012-11-28,GoC_5Y,1.31
2012-11-29,GoC_5Y,1.3
2012-11-30,GoC_5Y,1.28
2012-12-03,GoC_5Y,1.28
2012-12-04,GoC_5Y,1.27
2012-12-05,GoC_5Y,1.26
2012-12-06,GoC_5Y,1.26
2012-12-07,GoC_5Y,1.29
2012-12-10,GoC_5Y,1.28
2012-12-11,GoC_5Y,1.3
2012-12-12,GoC_5Y,1.32
2012-12-13,GoC_5Y,1.36
2012-12-14,GoC_5Y,1.36
2012-12-17,GoC_5Y,1.4
2012-12-18,GoC_5Y,1.4
2012-12-19,GoC_5Y,1.4
2012-12-20,GoC_5Y,1.39
2012-12-21,GoC_5Y,1.36
2012-12-24,GoC_5Y,1.37
2012-12-27,GoC_5Y,1.37
2012-12-28,GoC_5Y,1.36
2012-12-31,GoC_5Y,1.38
2013-01-02,GoC_5Y,1.43
2013-01-03,GoC_5Y,1.47
2013-01-04,GoC_5Y,1.49
2013-01-07,GoC_5Y,1.48
2013-01-08,GoC_5Y,1.45
2013-01-09,GoC_5Y,1.44
2013-01-10,GoC_5Y,1.48
2013-01-11,GoC_5Y,1.48
2013-01-14,GoC_5Y,1.47
2013-01-15,GoC_5Y,1.45
2013-01-16,GoC_5Y,1.44
2013-01-17,GoC_5Y,1.48
2013-01-18,GoC_5Y,1.47
2013-01-21,GoC_5Y,1.48
2013-01-22,GoC_5Y,1.46
2013-01-23,GoC_5Y,1.4
2013-01-24,GoC_5Y,1.41
2013-01-25,GoC_5Y,1.46
2013-01-28,GoC_5Y,1.48
2013-01-29,GoC_5Y,1.51
2013-01-30,GoC_5Y,1.5
2013-01-31,GoC_5Y,1.5
2013-02-01,GoC_5Y,1.53
2013-02-04,GoC_5Y,1.48
2013-02-05,GoC_5Y,1.5
2013-02-06,GoC_5Y,1.49
2013-02-07,GoC_5Y,1.48
2013-02-08,GoC_5Y,1.43
2013-02-11,GoC_5Y,1.44
2013-02-12,GoC_5Y,1.46
2013-02-13,GoC_5Y,1.5
2013-02-14,GoC_5Y,1.47
2013-02-15,GoC_5Y,1.47
2013-02-19,GoC_5Y,1.48
2013-02-20,GoC_5Y,1.46
2013-02-21,GoC_5Y,1.45
2013-02-22,GoC_5Y,1.4
2013-02-25,GoC_5Y,1.33
2013-02-26,GoC_5Y,1.32
2013-02-27,GoC_5Y,1.32
2013-02-28,GoC_5Y,1.28
2013-03-01,GoC_5Y,1.3
2013-03-04,GoC_5Y,1.3
2013-03-05,GoC_5Y,1.31
2013-03-06,GoC_5Y,1.3
2013-03-07,GoC_5Y,1.34
2013-03-08,GoC_5Y,1.39
2013-03-11,GoC_5Y,1.39
2013-03-12,GoC_5Y,1.35
2013-03-13,GoC_5Y,1.37
2013-03-14,GoC_5Y,1.41
2013-03-15,GoC_5Y,1.36
2013-03-18,GoC_5Y,1.34
2013-03-19,GoC_5Y,1.31
2013-03-20,GoC_5Y,1.34
2013-03-21,GoC_5Y,1.31
2013-03-22,GoC_5Y,1.32
2013-03-25,GoC_5Y,1.32
2013-03-26,GoC_5Y,1.33
2013-03-27,GoC_5Y,1.29
2013-03-28,GoC_5Y,1.3
2013-04-01,GoC_5Y,1.27
2013-04-02,GoC_5Y,1.29
2013-04-03,GoC_5Y,1.26
2013-04-04,GoC_5Y,1.24
2013-04-05,GoC_5Y,1.23
2013-04-08,GoC_5Y,1.24
2013-04-09,GoC_5Y,1.24
2013-04-10,GoC_5Y,1.26
2013-04-11,GoC_5Y,1.24
2013-04-12,GoC_5Y,1.19
2013-04-15,GoC_5Y,1.18
2013-04-16,GoC_5Y,1.19
2013-04-17,GoC_5Y,1.18
2013-04-18,GoC_5Y,1.18
2013-04-19,GoC_5Y,1.18
2013-04-22,GoC_5Y,1.18
2013-04-23,GoC_5Y,1.19
2013-04-24,GoC_5Y,1.19
2013-04-25,GoC_5Y,1.2
2013-04-26,GoC_5Y,1.18
2013-04-29,GoC_5Y,1.17
2013-04-30,GoC_5Y,1.16
2013-05-01,GoC_5Y,1.15
2013-05-02,GoC_5Y,1.15
2013-05-03,GoC_5Y,1.23
2013-05-06,GoC_5Y,1.26
2013-05-07,GoC_5Y,1.28
2013-05-08,GoC_5Y,1.27
2013-05-09,GoC_5Y,1.26
2013-05-10,GoC_5Y,1.33
2013-05-13,GoC_5Y,1.35
2013-05-14,GoC_5Y,1.39
2013-05-15,GoC_5Y,1.36
2013-05-16,GoC_5Y,1.33
2013-05-17,GoC_5Y,1.35
2013-05-21,GoC_5Y,1.33
2013-05-22,GoC_5Y,1.38
2013-05-23,GoC_5Y,1.38
2013-05-24,GoC_5Y,1.37
2013-05-27,GoC_5Y,1.4
2013-05-28,GoC_5Y,1.48
2013-05-29,GoC_5Y,1.47
2013-05-30,GoC_5Y,1.48
2013-05-31,GoC_5Y,1.48
2013-06-03,GoC_5Y,1.46
2013-06-04,GoC_5Y,1.48
2013-06-05,GoC_5Y,1.45
2013-06-06,GoC_5Y,1.44
2013-06-07,GoC_5Y,1.56
2013-06-10,GoC_5Y,1.63
2013-06-11,GoC_5Y,1.6
2013-06-12,GoC_5Y,1.63
2013-06-13,GoC_5Y,1.56
2013-06-14,GoC_5Y,1.52
2013-06-17,GoC_5Y,1.53
2013-06-18,GoC_5Y,1.54
2013-06-19,GoC_5Y,1.65
2013-06-20,GoC_5Y,1.7
2013-06-21,GoC_5Y,1.81
2013-06-24,GoC_5Y,1.85
2013-06-25,GoC_5Y,1.86
2013-06-26,GoC_5Y,1.84
2013-06-27,GoC_5Y,1.78
2013-06-28,GoC_5Y,1.8
2013-07-02,GoC_5Y,1.77
2013-07-03,GoC_5Y,1.77
2013-07-04,GoC_5Y,1.76
2013-07-05,GoC_5Y,1.87
2013-07-08,GoC_5Y,1.79
2013-07-09,GoC_5Y,1.78
2013-07-10,GoC_5Y,1.82
2013-07-11,GoC_5Y,1.75
2013-07-12,GoC_5Y,1.75
2013-07-15,GoC_5Y,1.73
2013-07-16,GoC_5Y,1.7
2013-07-17,GoC_5Y,1.66
2013-07-18,GoC_5Y,1.68
2013-07-19,GoC_5Y,1.65
2013-07-22,GoC_5Y,1.65
2013-07-23,GoC_5Y,1.69
2013-07-24,GoC_5Y,1.76
2013-07-25,GoC_5Y,1.74
2013-07-26,GoC_5Y,1.72
2013-07-29,GoC_5Y,1.75
2013-07-30,GoC_5Y,1.79
2013-07-31,GoC_5Y,1.74
2013-08-01,GoC_5Y,1.82
2013-08-02,GoC_5Y,1.75
2013-08-06,GoC_5Y,1.77
2013-08-07,GoC_5Y,1.76
2013-08-08,GoC_5Y,1.77
2013-08-09,GoC_5Y,1.75
2013-08-12,GoC_5Y,1.78
2013-08-13,GoC_5Y,1.88
2013-08-14,GoC_5Y,1.89
2013-08-15,GoC_5Y,1.94
2013-08-16,GoC_5Y,1.96
2013-08-19,GoC_5Y,1.98
2013-08-20,GoC_5Y,1.92
2013-08-21,GoC_5Y,1.98
2013-08-22,GoC_5Y,1.98
2013-08-23,GoC_5Y,1.94
2013-08-26,GoC_5Y,1.91
2013-08-27,GoC_5Y,1.84
2013-08-28,GoC_5Y,1.9
2013-08-29,GoC_5Y,1.88
2013-08-30,GoC_5Y,1.95
2013-09-03,GoC_5Y,2.01
2013-09-04,GoC_5Y,2.05
2013-09-05,GoC_5Y,2.15
2013-09-06,GoC_5Y,2.12
2013-09-09,GoC_5Y,2.1
2013-09-10,GoC_5Y,2.16
2013-09-11,GoC_5Y,2.13
2013-09-12,GoC_5Y,2.13
2013-09-13,GoC_5Y,2.12
2013-09-16,GoC_5Y,2.11
2013-09-17,GoC_5Y,2.11
2013-09-18,GoC_5Y,2.03
2013-09-19,GoC_5Y,2.02
2013-09-20,GoC_5Y,1.99
2013-09-23,GoC_5Y,1.96
2013-09-24,GoC_5Y,1.92
2013-09-25,GoC_5Y,1.89
2013-09-26,GoC_5Y,1.91
2013-09-27,GoC_5Y,1.87
2013-09-30,GoC_5Y,1.86
2013-10-01,GoC_5Y,1.87
2013-10-02,GoC_5Y,1.86
2013-10-03,GoC_5Y,1.86
2013-10-04,GoC_5Y,1.89
2013-10-07,GoC_5Y,1.87
2013-10-08,GoC_5Y,1.88
2013-10-09,GoC_5Y,1.89
2013-10-10,GoC_5Y,1.91
2013-10-11,GoC_5Y,1.89
2013-10-15,GoC_5Y,1.93
2013-10-16,GoC_5Y,1.9
2013-10-17,GoC_5Y,1.85
2013-10-18,GoC_5Y,1.83
2013-10-21,GoC_5Y,1.85
2013-10-22,GoC_5Y,1.8
2013-10-23,GoC_5Y,1.73
2013-10-24,GoC_5Y,1.71
2013-10-25,GoC_5Y,1.7
2013-10-28,GoC_5Y,1.71
2013-10-29,GoC_5Y,1.7
2013-10-30,GoC_5Y,1.71
2013-10-31,GoC_5Y,1.71
2013-11-01,GoC_5Y,1.78
2013-11-04,GoC_5Y,1.77
2013-11-05,GoC_5Y,1.8
2013-11-06,GoC_5Y,1.78
2013-11-07,GoC_5Y,1.76
2013-11-08,GoC_5Y,1.83
2013-11-12,GoC_5Y,1.86
2013-11-13,GoC_5Y,1.83
2013-11-14,GoC_5Y,1.78
2013-11-15,GoC_5Y,1.78
2013-11-18,GoC_5Y,1.74
2013-11-19,GoC_5Y,1.78
2013-11-20,GoC_5Y,1.8
2013-11-21,GoC_5Y,1.78
2013-11-22,GoC_5Y,1.76
2013-11-25,GoC_5Y,1.74
2013-11-26,GoC_5Y,1.71
2013-11-27,GoC_5Y,1.73
2013-11-28,GoC_5Y,1.72
2013-11-29,GoC_5Y,1.73
2013-12-02,GoC_5Y,1.77
2013-12-03,GoC_5Y,1.74
2013-12-04,GoC_5Y,1.77
2013-12-05,GoC_5Y,1.8
2013-12-06,GoC_5Y,1.82
2013-12-09,GoC_5Y,1.81
2013-12-10,GoC_5Y,1.77
2013-12-11,GoC_5Y,1.8
2013-12-12,GoC_5Y,1.82
2013-12-13,GoC_5Y,1.82
2013-12-16,GoC_5Y,1.83
2013-12-17,GoC_5Y,1.8
2013-12-18,GoC_5Y,1.82
2013-12-19,GoC_5Y,1.86
2013-12-20,GoC_5Y,1.84
2013-12-23,GoC_5Y,1.86
2013-12-24,GoC_5Y,1.9
2013-12-27,GoC_5Y,1.96
2013-12-30,GoC_5Y,1.92
2013-12-31,GoC_5Y,1.95
2014-01-02,GoC_5Y,1.93
2014-01-03,GoC_5Y,1.94
2014-01-06,GoC_5Y,1.91
2014-01-07,GoC_5Y,1.87
2014-01-08,GoC_5Y,1.9
2014-01-09,GoC_5Y,1.87
2014-01-10,GoC_5Y,1.73
2014-01-13,GoC_5Y,1.72
2014-01-14,GoC_5Y,1.76
2014-01-15,GoC_5Y,1.76
2014-01-16,GoC_5Y,1.71
2014-01-17,GoC_5Y,1.69
2014-01-20,GoC_5Y,1.67
2014-01-21,GoC_5Y,1.7
2014-01-22,GoC_5Y,1.67
2014-01-23,GoC_5Y,1.6
2014-01-24,GoC_5Y,1.59
2014-01-27,GoC_5Y,1.63
2014-01-28,GoC_5Y,1.6
2014-01-29,GoC_5Y,1.57
2014-01-30,GoC_5Y,1.58
2014-01-31,GoC_5Y,1.55
2014-02-03,GoC_5Y,1.51
2014-02-04,GoC_5Y,1.55
2014-02-05,GoC_5Y,1.58
2014-02-06,GoC_5Y,1.61
2014-02-07,GoC_5Y,1.59
2014-02-10,GoC_5Y,1.59
2014-02-11,GoC_5Y,1.63
2014-02-12,GoC_5Y,1.67
2014-02-13,GoC_5Y,1.64
2014-02-14,GoC_5Y,1.64
2014-02-18,GoC_5Y,1.62
2014-02-19,GoC_5Y,1.62
2014-02-20,GoC_5Y,1.62
2014-02-21,GoC_5Y,1.69
2014-02-24,GoC_5Y,1.7
2014-02-25,GoC_5Y,1.67
2014-02-26,GoC_5Y,1.63
2014-02-27,GoC_5Y,1.61
2014-02-28,GoC_5Y,1.62
2014-03-03,GoC_5Y,1.6
2014-03-04,GoC_5Y,1.66
2014-03-05,GoC_5Y,1.67
2014-03-06,GoC_5Y,1.71
2014-03-07,GoC_5Y,1.71
2014-03-10,GoC_5Y,1.69
2014-03-11,GoC_5Y,1.67
2014-03-12,GoC_5Y,1.64
2014-03-13,GoC_5Y,1.59
2014-03-14,GoC_5Y,1.6
2014-03-17,GoC_5Y,1.64
2014-03-18,GoC_5Y,1.61
2014-03-19,GoC_5Y,1.71
2014-03-20,GoC_5Y,1.73
2014-03-21,GoC_5Y,1.72
2014-03-24,GoC_5Y,1.72
2014-03-25,GoC_5Y,1.72
2014-03-26,GoC_5Y,1.69
2014-03-27,GoC_5Y,1.68
2014-03-28,GoC_5Y,1.7
2014-03-31,GoC_5Y,1.71
2014-04-01,GoC_5Y,1.72
2014-04-02,GoC_5Y,1.78
2014-04-03,GoC_5Y,1.78
2014-04-04,GoC_5Y,1.75
2014-04-07,GoC_5Y,1.73
2014-04-08,GoC_5Y,1.72
2014-04-09,GoC_5Y,1.71
2014-04-10,GoC_5Y,1.67
2014-04-11,GoC_5Y,1.64
2014-04-14,GoC_5Y,1.66
2014-04-15,GoC_5Y,1.63
2014-04-16,GoC_5Y,1.65
2014-04-17,GoC_5Y,1.71
2014-04-21,GoC_5Y,1.72
2014-04-22,GoC_5Y,1.71
2014-04-23,GoC_5Y,1.69
2014-04-24,GoC_5Y,1.69
2014-04-25,GoC_5Y,1.67
2014-04-28,GoC_5Y,1.69
2014-04-29,GoC_5Y,1.7
2014-04-30,GoC_5Y,1.67
2014-05-01,GoC_5Y,1.64
2014-05-02,GoC_5Y,1.63
2014-05-05,GoC_5Y,1.64
2014-05-06,GoC_5Y,1.65
2014-05-07,GoC_5Y,1.64
2014-05-08,GoC_5Y,1.65
2014-05-09,GoC_5Y,1.62
2014-05-12,GoC_5Y,1.66
2014-05-13,GoC_5Y,1.62
2014-05-14,GoC_5Y,1.56
2014-05-15,GoC_5Y,1.53
2014-05-16,GoC_5Y,1.54
2014-05-20,GoC_5Y,1.54
2014-05-21,GoC_5Y,1.56
2014-05-22,GoC_5Y,1.59
2014-05-23,GoC_5Y,1.57
2014-05-26,GoC_5Y,1.58
2014-05-27,GoC_5Y,1.56
2014-05-28,GoC_5Y,1.5
2014-05-29,GoC_5Y,1.53
2014-05-30,GoC_5Y,1.52
2014-06-02,GoC_5Y,1.56
2014-06-03,GoC_5Y,1.6
2014-06-04,GoC_5Y,1.61
2014-06-05,GoC_5Y,1.59
2014-06-06,GoC_5Y,1.58
2014-06-09,GoC_5Y,1.59
2014-06-10,GoC_5Y,1.6
2014-06-11,GoC_5Y,1.6
2014-06-12,GoC_5Y,1.56
2014-06-13,GoC_5Y,1.58
2014-06-16,GoC_5Y,1.57
2014-06-17,GoC_5Y,1.6
2014-06-18,GoC_5Y,1.56
2014-06-19,GoC_5Y,1.54
2014-06-20,GoC_5Y,1.6
2014-06-23,GoC_5Y,1.64
2014-06-24,GoC_5Y,1.58
2014-06-25,GoC_5Y,1.57
2014-06-26,GoC_5Y,1.54
2014-06-27,GoC_5Y,1.56
2014-06-30,GoC_5Y,1.53
2014-07-02,GoC_5Y,1.6
2014-07-03,GoC_5Y,1.61
2014-07-04,GoC_5Y,1.62
2014-07-07,GoC_5Y,1.6
2014-07-08,GoC_5Y,1.55
2014-07-09,GoC_5Y,1.56
2014-07-10,GoC_5Y,1.55
2014-07-11,GoC_5Y,1.52
2014-07-14,GoC_5Y,1.51
2014-07-15,GoC_5Y,1.52
2014-07-16,GoC_5Y,1.51
2014-07-17,GoC_5Y,1.45
2014-07-18,GoC_5Y,1.48
2014-07-21,GoC_5Y,1.47
2014-07-22,GoC_5Y,1.46
2014-07-23,GoC_5Y,1.47
2014-07-24,GoC_5Y,1.5
2014-07-25,GoC_5Y,1.47
2014-07-28,GoC_5Y,1.48
2014-07-29,GoC_5Y,1.46
2014-07-30,GoC_5Y,1.52
2014-07-31,GoC_5Y,1.52
2014-08-01,GoC_5Y,1.46
2014-08-05,GoC_5Y,1.46
2014-08-06,GoC_5Y,1.47
2014-08-07,GoC_5Y,1.43
2014-08-08,GoC_5Y,1.5
2014-08-11,GoC_5Y,1.52
2014-08-12,GoC_5Y,1.56
2014-08-13,GoC_5Y,1.52
2014-08-14,GoC_5Y,1.5
2014-08-15,GoC_5Y,1.48
2014-08-18,GoC_5Y,1.51
2014-08-19,GoC_5Y,1.52
2014-08-20,GoC_5Y,1.56
2014-08-21,GoC_5Y,1.55
2014-08-22,GoC_5Y,1.55
2014-08-25,GoC_5Y,1.54
2014-08-26,GoC_5Y,1.54
2014-08-27,GoC_5Y,1.52
2014-08-28,GoC_5Y,1.51
2014-08-29,GoC_5Y,1.52
2014-09-02,GoC_5Y,1.58
2014-09-03,GoC_5Y,1.58
2014-09-04,GoC_5Y,1.6
2014-09-05,GoC_5Y,1.58
2014-09-08,GoC_5Y,1.6
2014-09-09,GoC_5Y,1.64
2014-09-10,GoC_5Y,1.65
2014-09-11,GoC_5Y,1.66
2014-09-12,GoC_5Y,1.7
2014-09-15,GoC_5Y,1.69
2014-09-16,GoC_5Y,1.7
2014-09-17,GoC_5Y,1.71
2014-09-18,GoC_5Y,1.73
2014-09-19,GoC_5Y,1.71
2014-09-22,GoC_5Y,1.68
2014-09-23,GoC_5Y,1.63
2014-09-24,GoC_5Y,1.66
2014-09-25,GoC_5Y,1.62
2014-09-26,GoC_5Y,1.65
2014-09-29,GoC_5Y,1.62
2014-09-30,GoC_5Y,1.63
2014-10-01,GoC_5Y,1.56
2014-10-02,GoC_5Y,1.59
2014-10-03,GoC_5Y,1.6
2014-10-06,GoC_5Y,1.58
2014-10-07,GoC_5Y,1.52
2014-10-08,GoC_5Y,1.48
2014-10-09,GoC_5Y,1.52
2014-10-10,GoC_5Y,1.51
2014-10-14,GoC_5Y,1.43
2014-10-15,GoC_5Y,1.37
2014-10-16,GoC_5Y,1.38
2014-10-17,GoC_5Y,1.42
2014-10-20,GoC_5Y,1.4
2014-10-21,GoC_5Y,1.43
2014-10-22,GoC_5Y,1.43
2014-10-23,GoC_5Y,1.48
2014-10-24,GoC_5Y,1.49
2014-10-27,GoC_5Y,1.5
2014-10-28,GoC_5Y,1.51
2014-10-29,GoC_5Y,1.56
2014-10-30,GoC_5Y,1.54
2014-10-31,GoC_5Y,1.54
2014-11-03,GoC_5Y,1.52
2014-11-04,GoC_5Y,1.51
2014-11-05,GoC_5Y,1.52
2014-11-06,GoC_5Y,1.56
2014-11-07,GoC_5Y,1.52
2014-11-10,GoC_5Y,1.55
2014-11-12,GoC_5Y,1.54
2014-11-13,GoC_5Y,1.52
2014-11-14,GoC_5Y,1.52
2014-11-17,GoC_5Y,1.51
2014-11-18,GoC_5Y,1.49
2014-11-19,GoC_5Y,1.53
2014-11-20,GoC_5Y,1.51
2014-11-21,GoC_5Y,1.51
2014-11-24,GoC_5Y,1.49
2014-11-25,GoC_5Y,1.47
2014-11-26,GoC_5Y,1.46
2014-11-27,GoC_5Y,1.43
2014-11-28,GoC_5Y,1.36
2014-12-01,GoC_5Y,1.38
2014-12-02,GoC_5Y,1.44
2014-12-03,GoC_5Y,1.45
2014-12-04,GoC_5Y,1.43
2014-12-05,GoC_5Y,1.48
2014-12-08,GoC_5Y,1.44
2014-12-09,GoC_5Y,1.43
2014-12-10,GoC_5Y,1.37
2014-12-11,GoC_5Y,1.39
2014-12-12,GoC_5Y,1.31
2014-12-15,GoC_5Y,1.34
2014-12-16,GoC_5Y,1.29
2014-12-17,GoC_5Y,1.35
2014-12-18,GoC_5Y,1.4
2014-12-19,GoC_5Y,1.37
2014-12-22,GoC_5Y,1.36
2014-12-23,GoC_5Y,1.44
2014-12-24,GoC_5Y,1.44
2014-12-29,GoC_5Y,1.38
2014-12-30,GoC_5Y,1.36
2014-12-31,GoC_5Y,1.34
2015-01-02,GoC_5Y,1.31
2015-01-05,GoC_5Y,1.27
2015-01-06,GoC_5Y,1.21
2015-01-07,GoC_5Y,1.22
2015-01-08,GoC_5Y,1.26
2015-01-09,GoC_5Y,1.22
2015-01-12,GoC_5Y,1.17
2015-01-13,GoC_5Y,1.15
2015-01-14,GoC_5Y,1.12
2015-01-15,GoC_5Y,1.02
2015-01-16,GoC_5Y,1.09
2015-01-19,GoC_5Y,1.07
2015-01-20,GoC_5Y,1.05
2015-01-21,GoC_5Y,0.85
2015-01-22,GoC_5Y,0.84
2015-01-23,GoC_5Y,0.79
2015-01-26,GoC_5Y,0.79
2015-01-27,GoC_5Y,0.74
2015-01-28,GoC_5Y,0.69
2015-01-29,GoC_5Y,0.7
2015-01-30,GoC_5Y,0.61
2015-02-02,GoC_5Y,0.59
2015-02-03,GoC_5Y,0.64
2015-02-04,GoC_5Y,0.62
2015-02-05,GoC_5Y,0.68
2015-02-06,GoC_5Y,0.76
2015-02-09,GoC_5Y,0.75
2015-02-10,GoC_5Y,0.73
2015-02-11,GoC_5Y,0.74
2015-02-12,GoC_5Y,0.7
2015-02-13,GoC_5Y,0.73
2015-02-17,GoC_5Y,0.79
2015-02-18,GoC_5Y,0.77
2015-02-19,GoC_5Y,0.75
2015-02-20,GoC_5Y,0.8
2015-02-23,GoC_5Y,0.74
2015-02-24,GoC_5Y,0.74
2015-02-25,GoC_5Y,0.74
2015-02-26,GoC_5Y,0.78
2015-02-27,GoC_5Y,0.73
2015-03-02,GoC_5Y,0.79
2015-03-03,GoC_5Y,0.81
2015-03-04,GoC_5Y,0.91
2015-03-05,GoC_5Y,0.94
2015-03-06,GoC_5Y,0.99
2015-03-09,GoC_5Y,0.95
2015-03-10,GoC_5Y,0.92
2015-03-11,GoC_5Y,0.89
2015-03-12,GoC_5Y,0.88
2015-03-13,GoC_5Y,0.86
2015-03-16,GoC_5Y,0.83
2015-03-17,GoC_5Y,0.82
2015-03-18,GoC_5Y,0.74
2015-03-19,GoC_5Y,0.74
2015-03-20,GoC_5Y,0.72
2015-03-23,GoC_5Y,0.72
2015-03-24,GoC_5Y,0.72
2015-03-25,GoC_5Y,0.75
2015-03-26,GoC_5Y,0.86
2015-03-27,GoC_5Y,0.79
2015-03-30,GoC_5Y,0.78
2015-03-31,GoC_5Y,0.77
2015-04-01,GoC_5Y,0.73
2015-04-02,GoC_5Y,0.73
2015-04-06,GoC_5Y,0.76
2015-04-07,GoC_5Y,0.76
2015-04-08,GoC_5Y,0.75
2015-04-09,GoC_5Y,0.78
2015-04-10,GoC_5Y,0.78
2015-04-13,GoC_5Y,0.77
2015-04-14,GoC_5Y,0.73
2015-04-15,GoC_5Y,0.77
2015-04-16,GoC_5Y,0.8
2015-04-17,GoC_5Y,0.85
2015-04-20,GoC_5Y,0.87
2015-04-21,GoC_5Y,0.89
2015-04-22,GoC_5Y,0.94
2015-04-23,GoC_5Y,0.92
2015-04-24,GoC_5Y,0.87
2015-04-27,GoC_5Y,0.88
2015-04-28,GoC_5Y,0.96
2015-04-29,GoC_5Y,0.98
2015-04-30,GoC_5Y,0.98
2015-05-01,GoC_5Y,1.05
2015-05-04,GoC_5Y,1.08
2015-05-05,GoC_5Y,1.07
2015-05-06,GoC_5Y,1.13
2015-05-07,GoC_5Y,1.06
2015-05-08,GoC_5Y,1.02
2015-05-11,GoC_5Y,1.11
2015-05-12,GoC_5Y,1.08
2015-05-13,GoC_5Y,1.1
2015-05-14,GoC_5Y,1.07
2015-05-15,GoC_5Y,1.0
2015-05-19,GoC_5Y,1.1
2015-05-20,GoC_5Y,1.07
2015-05-21,GoC_5Y,1.03
2015-05-22,GoC_5Y,1.05
2015-05-25,GoC_5Y,1.05
2015-05-26,GoC_5Y,0.98
2015-05-27,GoC_5Y,0.96
2015-05-28,GoC_5Y,0.94
2015-05-29,GoC_5Y,0.88
2015-06-01,GoC_5Y,0.9
2015-06-02,GoC_5Y,0.96
2015-06-03,GoC_5Y,1.01
2015-06-04,GoC_5Y,0.95
2015-06-05,GoC_5Y,1.03
2015-06-08,GoC_5Y,1.02
2015-06-09,GoC_5Y,1.06
2015-06-10,GoC_5Y,1.09
2015-06-11,GoC_5Y,1.02
2015-06-12,GoC_5Y,1.01
2015-06-15,GoC_5Y,0.96
2015-06-16,GoC_5Y,0.94
2015-06-17,GoC_5Y,0.94
2015-06-18,GoC_5Y,0.96
2015-06-19,GoC_5Y,0.92
2015-06-22,GoC_5Y,0.99
2015-06-23,GoC_5Y,1.0
2015-06-24,GoC_5Y,0.95
2015-06-25,GoC_5Y,0.98
2015-06-26,GoC_5Y,1.02
2015-06-29,GoC_5Y,0.9
2015-06-30,GoC_5Y,0.81
2015-07-02,GoC_5Y,0.82
2015-07-03,GoC_5Y,0.8
2015-07-06,GoC_5Y,0.76
2015-07-07,GoC_5Y,0.71
2015-07-08,GoC_5Y,0.66
2015-07-09,GoC_5Y,0.72
2015-07-10,GoC_5Y,0.79
2015-07-13,GoC_5Y,0.77
2015-07-14,GoC_5Y,0.74
2015-07-15,GoC_5Y,0.68
2015-07-16,GoC_5Y,0.69
2015-07-17,GoC_5Y,0.7
2015-07-20,GoC_5Y,0.71
2015-07-21,GoC_5Y,0.7
2015-07-22,GoC_5Y,0.68
2015-07-23,GoC_5Y,0.79
2015-07-24,GoC_5Y,0.79
2015-07-27,GoC_5Y,0.77
2015-07-28,GoC_5Y,0.81
2015-07-29,GoC_5Y,0.83
2015-07-30,GoC_5Y,0.82
2015-07-31,GoC_5Y,0.76
2015-08-04,GoC_5Y,0.75
2015-08-05,GoC_5Y,0.79
2015-08-06,GoC_5Y,0.78
2015-08-07,GoC_5Y,0.78
2015-08-10,GoC_5Y,0.82
2015-08-11,GoC_5Y,0.73
2015-08-12,GoC_5Y,0.72
2015-08-13,GoC_5Y,0.73
2015-08-14,GoC_5Y,0.73
2015-08-17,GoC_5Y,0.71
2015-08-18,GoC_5Y,0.73
2015-08-19,GoC_5Y,0.65
2015-08-20,GoC_5Y,0.64
2015-08-21,GoC_5Y,0.61
2015-08-24,GoC_5Y,0.58
2015-08-25,GoC_5Y,0.64
2015-08-26,GoC_5Y,0.72
2015-08-27,GoC_5Y,0.73
2015-08-28,GoC_5Y,0.74
2015-08-31,GoC_5Y,0.77
2015-09-01,GoC_5Y,0.72
2015-09-02,GoC_5Y,0.74
2015-09-03,GoC_5Y,0.75
2015-09-04,GoC_5Y,0.75
2015-09-08,GoC_5Y,0.77
2015-09-09,GoC_5Y,0.78
2015-09-10,GoC_5Y,0.78
2015-09-11,GoC_5Y,0.77
2015-09-14,GoC_5Y,0.75
2015-09-15,GoC_5Y,0.84
2015-09-16,GoC_5Y,0.87
2015-09-17,GoC_5Y,0.82
2015-09-18,GoC_5Y,0.76
2015-09-21,GoC_5Y,0.83
2015-09-22,GoC_5Y,0.8
2015-09-23,GoC_5Y,0.81
2015-09-24,GoC_5Y,0.8
2015-09-25,GoC_5Y,0.86
2015-09-28,GoC_5Y,0.79
2015-09-29,GoC_5Y,0.78
2015-09-30,GoC_5Y,0.81
2015-10-01,GoC_5Y,0.81
2015-10-02,GoC_5Y,0.77
2015-10-05,GoC_5Y,0.79
2015-10-06,GoC_5Y,0.79
2015-10-07,GoC_5Y,0.82
2015-10-08,GoC_5Y,0.85
2015-10-09,GoC_5Y,0.86
2015-10-13,GoC_5Y,0.81
2015-10-14,GoC_5Y,0.77
2015-10-15,GoC_5Y,0.81
2015-10-16,GoC_5Y,0.83
2015-10-19,GoC_5Y,0.82
2015-10-20,GoC_5Y,0.88
2015-10-21,GoC_5Y,0.83
2015-10-22,GoC_5Y,0.81
2015-10-23,GoC_5Y,0.84
2015-10-26,GoC_5Y,0.79
2015-10-27,GoC_5Y,0.76
2015-10-28,GoC_5Y,0.82
2015-10-29,GoC_5Y,0.88
2015-10-30,GoC_5Y,0.88
2015-11-02,GoC_5Y,0.9
2015-11-03,GoC_5Y,0.93
2015-11-04,GoC_5Y,0.96
2015-11-05,GoC_5Y,0.97
2015-11-06,GoC_5Y,1.03
2015-11-09,GoC_5Y,1.03
2015-11-10,GoC_5Y,1.0
2015-11-12,GoC_5Y,0.99
2015-11-13,GoC_5Y,0.94
2015-11-16,GoC_5Y,0.94
2015-11-17,GoC_5Y,0.94
2015-11-18,GoC_5Y,0.96
2015-11-19,GoC_5Y,0.94
2015-11-20,GoC_5Y,0.93
2015-11-23,GoC_5Y,0.93
2015-11-24,GoC_5Y,0.92
2015-11-25,GoC_5Y,0.92
2015-11-26,GoC_5Y,0.9
2015-11-27,GoC_5Y,0.9
2015-11-30,GoC_5Y,0.91
2015-12-01,GoC_5Y,0.86
2015-12-02,GoC_5Y,0.89
2015-12-03,GoC_5Y,0.97
2015-12-04,GoC_5Y,0.92
2015-12-07,GoC_5Y,0.87
2015-12-08,GoC_5Y,0.85
2015-12-09,GoC_5Y,0.82
2015-12-10,GoC_5Y,0.82
2015-12-11,GoC_5Y,0.74
2015-12-14,GoC_5Y,0.79
2015-12-15,GoC_5Y,0.8
2015-12-16,GoC_5Y,0.83
2015-12-17,GoC_5Y,0.78
2015-12-18,GoC_5Y,0.74
2015-12-21,GoC_5Y,0.72
2015-12-22,GoC_5Y,0.75
2015-12-23,GoC_5Y,0.74
2015-12-24,GoC_5Y,0.72
2015-12-29,GoC_5Y,0.75
2015-12-30,GoC_5Y,0.74
2015-12-31,GoC_5Y,0.73
2016-01-04,GoC_5Y,0.72
2016-01-05,GoC_5Y,0.71
2016-01-06,GoC_5Y,0.66
2016-01-07,GoC_5Y,0.66
2016-01-08,GoC_5Y,0.64
2016-01-11,GoC_5Y,0.64
2016-01-12,GoC_5Y,0.58
2016-01-13,GoC_5Y,0.51
2016-01-14,GoC_5Y,0.61
2016-01-15,GoC_5Y,0.55
2016-01-18,GoC_5Y,0.58
2016-01-19,GoC_5Y,0.58
2016-01-20,GoC_5Y,0.63
2016-01-21,GoC_5Y,0.71
2016-01-22,GoC_5Y,0.76
2016-01-25,GoC_5Y,0.7
2016-01-26,GoC_5Y,0.71
2016-01-27,GoC_5Y,0.68
2016-01-28,GoC_5Y,0.68
2016-01-29,GoC_5Y,0.67
2016-02-01,GoC_5Y,0.67
2016-02-02,GoC_5Y,0.58
2016-02-03,GoC_5Y,0.61
2016-02-04,GoC_5Y,0.61
2016-02-05,GoC_5Y,0.58
2016-02-08,GoC_5Y,0.51
2016-02-09,GoC_5Y,0.51
2016-02-10,GoC_5Y,0.48
2016-02-11,GoC_5Y,0.48
2016-02-12,GoC_5Y,0.59
2016-02-16,GoC_5Y,0.62
2016-02-17,GoC_5Y,0.65
2016-02-18,GoC_5Y,0.59
2016-02-19,GoC_5Y,0.6
2016-02-22,GoC_5Y,0.6
2016-02-23,GoC_5Y,0.62
2016-02-24,GoC_5Y,0.64
2016-02-25,GoC_5Y,0.63
2016-02-26,GoC_5Y,0.67
2016-02-29,GoC_5Y,0.66
2016-03-01,GoC_5Y,0.71
2016-03-02,GoC_5Y,0.72
2016-03-03,GoC_5Y,0.68
2016-03-04,GoC_5Y,0.69
2016-03-07,GoC_5Y,0.72
2016-03-08,GoC_5Y,0.64
2016-03-09,GoC_5Y,0.7
2016-03-10,GoC_5Y,0.74
2016-03-11,GoC_5Y,0.8
2016-03-14,GoC_5Y,0.78
2016-03-15,GoC_5Y,0.78
2016-03-16,GoC_5Y,0.73
2016-03-17,GoC_5Y,0.71
2016-03-18,GoC_5Y,0.71
2016-03-21,GoC_5Y,0.73
2016-03-22,GoC_5Y,0.74
2016-03-23,GoC_5Y,0.71
2016-03-24,GoC_5Y,0.73
2016-03-28,GoC_5Y,0.71
2016-03-29,GoC_5Y,0.64
2016-03-30,GoC_5Y,0.66
2016-03-31,GoC_5Y,0.68
2016-04-01,GoC_5Y,0.69
2016-04-04,GoC_5Y,0.7
2016-04-05,GoC_5Y,0.65
2016-04-06,GoC_5Y,0.69
2016-04-07,GoC_5Y,0.65
2016-04-08,GoC_5Y,0.71
2016-04-11,GoC_5Y,0.71
2016-04-12,GoC_5Y,0.76
2016-04-13,GoC_5Y,0.73
2016-04-14,GoC_5Y,0.78
2016-04-15,GoC_5Y,0.75
2016-04-18,GoC_5Y,0.77
2016-04-19,GoC_5Y,0.79
2016-04-20,GoC_5Y,0.8
2016-04-21,GoC_5Y,0.82
2016-04-22,GoC_5Y,0.89
2016-04-25,GoC_5Y,0.92
2016-04-26,GoC_5Y,0.93
2016-04-27,GoC_5Y,0.89
2016-04-28,GoC_5Y,0.85
2016-04-29,GoC_5Y,0.87
2016-05-02,GoC_5Y,0.87
2016-05-03,GoC_5Y,0.81
2016-05-04,GoC_5Y,0.75
2016-05-05,GoC_5Y,0.73
2016-05-06,GoC_5Y,0.72
2016-05-09,GoC_5Y,0.68
2016-05-10,GoC_5Y,0.68
2016-05-11,GoC_5Y,0.68
2016-05-12,GoC_5Y,0.7
2016-05-13,GoC_5Y,0.67
2016-05-16,GoC_5Y,0.69
2016-05-17,GoC_5Y,0.71
2016-05-18,GoC_5Y,0.77
2016-05-19,GoC_5Y,0.75
2016-05-20,GoC_5Y,0.75
2016-05-24,GoC_5Y,0.77
2016-05-25,GoC_5Y,0.79
2016-05-26,GoC_5Y,0.76
2016-05-27,GoC_5Y,0.78
2016-05-30,GoC_5Y,0.79
2016-05-31,GoC_5Y,0.74
2016-06-01,GoC_5Y,0.72
2016-06-02,GoC_5Y,0.68
2016-06-03,GoC_5Y,0.61
2016-06-06,GoC_5Y,0.65
2016-06-07,GoC_5Y,0.63
2016-06-08,GoC_5Y,0.62
2016-06-09,GoC_5Y,0.62
2016-06-10,GoC_5Y,0.57
2016-06-13,GoC_5Y,0.56
2016-06-14,GoC_5Y,0.57
2016-06-15,GoC_5Y,0.53
2016-06-16,GoC_5Y,0.57
2016-06-17,GoC_5Y,0.59
2016-06-20,GoC_5Y,0.66
2016-06-21,GoC_5Y,0.7
2016-06-22,GoC_5Y,0.7
2016-06-23,GoC_5Y,0.75
2016-06-24,GoC_5Y,0.64
2016-06-27,GoC_5Y,0.56
2016-06-28,GoC_5Y,0.57
2016-06-29,GoC_5Y,0.62
2016-06-30,GoC_5Y,0.57
2016-07-04,GoC_5Y,0.56
2016-07-05,GoC_5Y,0.54
2016-07-06,GoC_5Y,0.54
2016-07-07,GoC_5Y,0.53
2016-07-08,GoC_5Y,0.52
2016-07-11,GoC_5Y,0.53
2016-07-12,GoC_5Y,0.6
2016-07-13,GoC_5Y,0.56
2016-07-14,GoC_5Y,0.61
2016-07-15,GoC_5Y,0.68
2016-07-18,GoC_5Y,0.65
2016-07-19,GoC_5Y,0.63
2016-07-20,GoC_5Y,0.68
2016-07-21,GoC_5Y,0.65
2016-07-22,GoC_5Y,0.64
2016-07-25,GoC_5Y,0.65
2016-07-26,GoC_5Y,0.67
2016-07-27,GoC_5Y,0.65
2016-07-28,GoC_5Y,0.65
2016-07-29,GoC_5Y,0.6
2016-08-02,GoC_5Y,0.63
2016-08-03,GoC_5Y,0.65
2016-08-04,GoC_5Y,0.62
2016-08-05,GoC_5Y,0.61
2016-08-08,GoC_5Y,0.6
2016-08-09,GoC_5Y,0.57
2016-08-10,GoC_5Y,0.57
2016-08-11,GoC_5Y,0.62
2016-08-12,GoC_5Y,0.6
2016-08-15,GoC_5Y,0.63
2016-08-16,GoC_5Y,0.65
2016-08-17,GoC_5Y,0.65
2016-08-18,GoC_5Y,0.66
2016-08-19,GoC_5Y,0.68
2016-08-22,GoC_5Y,0.64
2016-08-23,GoC_5Y,0.64
2016-08-24,GoC_5Y,0.66
2016-08-25,GoC_5Y,0.69
2016-08-26,GoC_5Y,0.72
2016-08-29,GoC_5Y,0.68
2016-08-30,GoC_5Y,0.68
2016-08-31,GoC_5Y,0.66
2016-09-01,GoC_5Y,0.64
2016-09-02,GoC_5Y,0.69
2016-09-06,GoC_5Y,0.66
2016-09-07,GoC_5Y,0.62
2016-09-08,GoC_5Y,0.68
2016-09-09,GoC_5Y,0.71
2016-09-12,GoC_5Y,0.71
2016-09-13,GoC_5Y,0.76
2016-09-14,GoC_5Y,0.73
2016-09-15,GoC_5Y,0.72
2016-09-16,GoC_5Y,0.73
2016-09-19,GoC_5Y,0.73
2016-09-20,GoC_5Y,0.71
2016-09-21,GoC_5Y,0.71
2016-09-22,GoC_5Y,0.68
2016-09-23,GoC_5Y,0.62
2016-09-26,GoC_5Y,0.58
2016-09-27,GoC_5Y,0.58
2016-09-28,GoC_5Y,0.59
2016-09-29,GoC_5Y,0.57
2016-09-30,GoC_5Y,0.62
2016-10-03,GoC_5Y,0.62
2016-10-04,GoC_5Y,0.66
2016-10-05,GoC_5Y,0.69
2016-10-06,GoC_5Y,0.72
2016-10-07,GoC_5Y,0.73
2016-10-11,GoC_5Y,0.76
2016-10-12,GoC_5Y,0.76
2016-10-13,GoC_5Y,0.74
2016-10-14,GoC_5Y,0.78
2016-10-17,GoC_5Y,0.74
2016-10-18,GoC_5Y,0.73
2016-10-19,GoC_5Y,0.71
2016-10-20,GoC_5Y,0.68
2016-10-21,GoC_5Y,0.64
2016-10-24,GoC_5Y,0.66
2016-10-25,GoC_5Y,0.66
2016-10-26,GoC_5Y,0.68
2016-10-27,GoC_5Y,0.73
2016-10-28,GoC_5Y,0.71
2016-10-31,GoC_5Y,0.69
2016-11-01,GoC_5Y,0.7
2016-11-02,GoC_5Y,0.68
2016-11-03,GoC_5Y,0.69
2016-11-04,GoC_5Y,0.66
2016-11-07,GoC_5Y,0.71
2016-11-08,GoC_5Y,0.75
2016-11-09,GoC_5Y,0.82
2016-11-10,GoC_5Y,0.87
2016-11-14,GoC_5Y,0.96
2016-11-15,GoC_5Y,0.96
2016-11-16,GoC_5Y,0.94
2016-11-17,GoC_5Y,0.97
2016-11-18,GoC_5Y,0.98
2016-11-21,GoC_5Y,0.99
2016-11-22,GoC_5Y,0.96
2016-11-23,GoC_5Y,0.98
2016-11-24,GoC_5Y,1.0
2016-11-25,GoC_5Y,0.99
2016-11-28,GoC_5Y,0.95
2016-11-29,GoC_5Y,0.95
2016-11-30,GoC_5Y,1.0
2016-12-01,GoC_5Y,1.07
2016-12-02,GoC_5Y,1.03
2016-12-05,GoC_5Y,1.03
2016-12-06,GoC_5Y,1.02
2016-12-07,GoC_5Y,0.99
2016-12-08,GoC_5Y,1.02
2016-12-09,GoC_5Y,1.08
2016-12-12,GoC_5Y,1.11
2016-12-13,GoC_5Y,1.11
2016-12-14,GoC_5Y,1.16
2016-12-15,GoC_5Y,1.22
2016-12-16,GoC_5Y,1.21
2016-12-19,GoC_5Y,1.17
2016-12-20,GoC_5Y,1.2
2016-12-21,GoC_5Y,1.21
2016-12-22,GoC_5Y,1.23
2016-12-23,GoC_5Y,1.2
2016-12-28,GoC_5Y,1.16
2016-12-29,GoC_5Y,1.13
2016-12-30,GoC_5Y,1.11
2017-01-03,GoC_5Y,1.14
2017-01-04,GoC_5Y,1.11
2017-01-05,GoC_5Y,1.07
2017-01-06,GoC_5Y,1.12
2017-01-09,GoC_5Y,1.1
2017-01-10,GoC_5Y,1.09
2017-01-11,GoC_5Y,1.09
2017-01-12,GoC_5Y,1.08
2017-01-13,GoC_5Y,1.13
2017-01-16,GoC_5Y,1.11
2017-01-17,GoC_5Y,1.09
2017-01-18,GoC_5Y,1.1
2017-01-19,GoC_5Y,1.14
2017-01-20,GoC_5Y,1.12
2017-01-23,GoC_5Y,1.07
2017-01-24,GoC_5Y,1.11
2017-01-25,GoC_5Y,1.17
2017-01-26,GoC_5Y,1.16
2017-01-27,GoC_5Y,1.14
2017-01-30,GoC_5Y,1.14
2017-01-31,GoC_5Y,1.11
2017-02-01,GoC_5Y,1.11
2017-02-02,GoC_5Y,1.11
2017-02-03,GoC_5Y,1.11
2017-02-06,GoC_5Y,1.07
2017-02-07,GoC_5Y,1.06
2017-02-08,GoC_5Y,1.01
2017-02-09,GoC_5Y,1.06
2017-02-10,GoC_5Y,1.09
2017-02-13,GoC_5Y,1.11
2017-02-14,GoC_5Y,1.15
2017-02-15,GoC_5Y,1.17
2017-02-16,GoC_5Y,1.18
2017-02-17,GoC_5Y,1.16
2017-02-21,GoC_5Y,1.17
2017-02-22,GoC_5Y,1.16
2017-02-23,GoC_5Y,1.13
2017-02-24,GoC_5Y,1.09
2017-02-27,GoC_5Y,1.12
2017-02-28,GoC_5Y,1.09
2017-03-01,GoC_5Y,1.15
2017-03-02,GoC_5Y,1.17
2017-03-03,GoC_5Y,1.17
2017-03-06,GoC_5Y,1.16
2017-03-07,GoC_5Y,1.18
2017-03-08,GoC_5Y,1.23
2017-03-09,GoC_5Y,1.25
2017-03-10,GoC_5Y,1.26
2017-03-13,GoC_5Y,1.31
2017-03-14,GoC_5Y,1.28
2017-03-15,GoC_5Y,1.21
2017-03-16,GoC_5Y,1.24
2017-03-17,GoC_5Y,1.21
2017-03-20,GoC_5Y,1.18
2017-03-21,GoC_5Y,1.18
2017-03-22,GoC_5Y,1.16
2017-03-23,GoC_5Y,1.16
2017-03-24,GoC_5Y,1.12
2017-03-27,GoC_5Y,1.09
2017-03-28,GoC_5Y,1.1
2017-03-29,GoC_5Y,1.07
2017-03-30,GoC_5Y,1.1
2017-03-31,GoC_5Y,1.12
2017-04-03,GoC_5Y,1.08
2017-04-04,GoC_5Y,1.08
2017-04-05,GoC_5Y,1.06
2017-04-06,GoC_5Y,1.06
2017-04-07,GoC_5Y,1.11
2017-04-10,GoC_5Y,1.12
2017-04-11,GoC_5Y,1.08
2017-04-12,GoC_5Y,1.06
2017-04-13,GoC_5Y,1.04
2017-04-17,GoC_5Y,1.05
2017-04-18,GoC_5Y,0.98
2017-04-19,GoC_5Y,1.0
2017-04-20,GoC_5Y,1.03
2017-04-21,GoC_5Y,1.0
2017-04-24,GoC_5Y,1.03
2017-04-25,GoC_5Y,1.07
2017-04-26,GoC_5Y,1.03
2017-04-27,GoC_5Y,1.03
2017-04-28,GoC_5Y,1.0
2017-05-01,GoC_5Y,1.02
2017-05-02,GoC_5Y,0.96
2017-05-03,GoC_5Y,0.99
2017-05-04,GoC_5Y,0.99
2017-05-05,GoC_5Y,0.99
2017-05-08,GoC_5Y,1.01
2017-05-09,GoC_5Y,1.04
2017-05-10,GoC_5Y,1.06
2017-05-11,GoC_5Y,1.03
2017-05-12,GoC_5Y,1.0
2017-05-15,GoC_5Y,1.02
2017-05-16,GoC_5Y,1.01
2017-05-17,GoC_5Y,0.91
2017-05-18,GoC_5Y,0.92
2017-05-19,GoC_5Y,0.95
2017-05-23,GoC_5Y,0.97
2017-05-24,GoC_5Y,0.98
2017-05-25,GoC_5Y,0.97
2017-05-26,GoC_5Y,0.96
2017-05-29,GoC_5Y,0.95
2017-05-30,GoC_5Y,0.94
2017-05-31,GoC_5Y,0.94
2017-06-01,GoC_5Y,0.95
2017-06-02,GoC_5Y,0.92
2017-06-05,GoC_5Y,0.94
2017-06-06,GoC_5Y,0.92
2017-06-07,GoC_5Y,0.93
2017-06-08,GoC_5Y,0.94
2017-06-09,GoC_5Y,0.95
2017-06-12,GoC_5Y,1.04
2017-06-13,GoC_5Y,1.15
2017-06-14,GoC_5Y,1.11
2017-06-15,GoC_5Y,1.14
2017-06-16,GoC_5Y,1.14
2017-06-19,GoC_5Y,1.17
2017-06-20,GoC_5Y,1.13
2017-06-21,GoC_5Y,1.13
2017-06-22,GoC_5Y,1.15
2017-06-23,GoC_5Y,1.12
2017-06-26,GoC_5Y,1.12
2017-06-27,GoC_5Y,1.21
2017-06-28,GoC_5Y,1.28
2017-06-29,GoC_5Y,1.34
2017-06-30,GoC_5Y,1.38
2017-07-04,GoC_5Y,1.43
2017-07-05,GoC_5Y,1.42
2017-07-06,GoC_5Y,1.44
2017-07-07,GoC_5Y,1.47
2017-07-10,GoC_5Y,1.47
2017-07-11,GoC_5Y,1.45
2017-07-12,GoC_5Y,1.5
2017-07-13,GoC_5Y,1.54
2017-07-14,GoC_5Y,1.51
2017-07-17,GoC_5Y,1.5
2017-07-18,GoC_5Y,1.48
2017-07-19,GoC_5Y,1.52
2017-07-20,GoC_5Y,1.51
2017-07-21,GoC_5Y,1.51
2017-07-24,GoC_5Y,1.56
2017-07-25,GoC_5Y,1.64
2017-07-26,GoC_5Y,1.58
2017-07-27,GoC_5Y,1.6
2017-07-28,GoC_5Y,1.64
2017-07-31,GoC_5Y,1.65
2017-08-01,GoC_5Y,1.56
2017-08-02,GoC_5Y,1.55
2017-08-03,GoC_5Y,1.51
2017-08-04,GoC_5Y,1.53
2017-08-08,GoC_5Y,1.55
2017-08-09,GoC_5Y,1.52
2017-08-10,GoC_5Y,1.47
2017-08-11,GoC_5Y,1.46
2017-08-14,GoC_5Y,1.48
2017-08-15,GoC_5Y,1.5
2017-08-16,GoC_5Y,1.49
2017-08-17,GoC_5Y,1.47
2017-08-18,GoC_5Y,1.49
2017-08-21,GoC_5Y,1.5
2017-08-22,GoC_5Y,1.53
2017-08-23,GoC_5Y,1.51
2017-08-24,GoC_5Y,1.55
2017-08-25,GoC_5Y,1.54
2017-08-28,GoC_5Y,1.53
2017-08-29,GoC_5Y,1.5
2017-08-30,GoC_5Y,1.51
2017-08-31,GoC_5Y,1.53
2017-09-01,GoC_5Y,1.59
2017-09-05,GoC_5Y,1.56
2017-09-06,GoC_5Y,1.66
2017-09-07,GoC_5Y,1.67
2017-09-08,GoC_5Y,1.71
2017-09-11,GoC_5Y,1.75
2017-09-12,GoC_5Y,1.76
2017-09-13,GoC_5Y,1.78
2017-09-14,GoC_5Y,1.78
2017-09-15,GoC_5Y,1.81
2017-09-18,GoC_5Y,1.79
2017-09-19,GoC_5Y,1.78
2017-09-20,GoC_5Y,1.8
2017-09-21,GoC_5Y,1.81
2017-09-22,GoC_5Y,1.81
2017-09-25,GoC_5Y,1.8
2017-09-26,GoC_5Y,1.81
2017-09-27,GoC_5Y,1.8
2017-09-28,GoC_5Y,1.78
2017-09-29,GoC_5Y,1.75
2017-10-02,GoC_5Y,1.78
2017-10-03,GoC_5Y,1.76
2017-10-04,GoC_5Y,1.77
2017-10-05,GoC_5Y,1.75
2017-10-06,GoC_5Y,1.78
2017-10-10,GoC_5Y,1.77
2017-10-11,GoC_5Y,1.77
2017-10-12,GoC_5Y,1.75
2017-10-13,GoC_5Y,1.72
2017-10-16,GoC_5Y,1.71
2017-10-17,GoC_5Y,1.7
2017-10-18,GoC_5Y,1.72
2017-10-19,GoC_5Y,1.7
2017-10-20,GoC_5Y,1.7
2017-10-23,GoC_5Y,1.69
2017-10-24,GoC_5Y,1.72
2017-10-25,GoC_5Y,1.7
2017-10-26,GoC_5Y,1.69
2017-10-27,GoC_5Y,1.66
2017-10-30,GoC_5Y,1.63
2017-10-31,GoC_5Y,1.62
2017-11-01,GoC_5Y,1.65
2017-11-02,GoC_5Y,1.64
2017-11-03,GoC_5Y,1.66
2017-11-06,GoC_5Y,1.63
2017-11-07,GoC_5Y,1.6
2017-11-08,GoC_5Y,1.62
2017-11-09,GoC_5Y,1.65
2017-11-10,GoC_5Y,1.68
2017-11-14,GoC_5Y,1.67
2017-11-15,GoC_5Y,1.63
2017-11-16,GoC_5Y,1.68
2017-11-17,GoC_5Y,1.66
2017-11-20,GoC_5Y,1.68
2017-11-21,GoC_5Y,1.65
2017-11-22,GoC_5Y,1.64
2017-11-23,GoC_5Y,1.62
2017-11-24,GoC_5Y,1.62
2017-11-27,GoC_5Y,1.61
2017-11-28,GoC_5Y,1.59
2017-11-29,GoC_5Y,1.62
2017-11-30,GoC_5Y,1.63
2017-12-01,GoC_5Y,1.69
2017-12-04,GoC_5Y,1.72
2017-12-05,GoC_5Y,1.7
2017-12-06,GoC_5Y,1.65
2017-12-07,GoC_5Y,1.65
2017-12-08,GoC_5Y,1.66
2017-12-11,GoC_5Y,1.67
2017-12-12,GoC_5Y,1.68
2017-12-13,GoC_5Y,1.65
2017-12-14,GoC_5Y,1.7
2017-12-15,GoC_5Y,1.66
2017-12-18,GoC_5Y,1.7
2017-12-19,GoC_5Y,1.75
2017-12-20,GoC_5Y,1.8
2017-12-21,GoC_5Y,1.86
2017-12-22,GoC_5Y,1.84
2017-12-27,GoC_5Y,1.82
2017-12-28,GoC_5Y,1.86
2017-12-29,GoC_5Y,1.86
2018-01-02,GoC_5Y,1.89
2018-01-03,GoC_5Y,1.86
2018-01-04,GoC_5Y,1.89
2018-01-05,GoC_5Y,1.97
2018-01-08,GoC_5Y,1.98
2018-01-09,GoC_5Y,2.01
2018-01-10,GoC_5Y,1.95
2018-01-11,GoC_5Y,1.96
2018-01-12,GoC_5Y,1.97
2018-01-15,GoC_5Y,1.99
2018-01-16,GoC_5Y,1.99
2018-01-17,GoC_5Y,2.0
2018-01-18,GoC_5Y,2.03
2018-01-19,GoC_5Y,2.02
2018-01-22,GoC_5Y,2.03
2018-01-23,GoC_5Y,2.03
2018-01-24,GoC_5Y,2.05
2018-01-25,GoC_5Y,2.04
2018-01-26,GoC_5Y,2.06
2018-01-29,GoC_5Y,2.07
2018-01-30,GoC_5Y,2.08
2018-01-31,GoC_5Y,2.08
2018-02-01,GoC_5Y,2.14
2018-02-02,GoC_5Y,2.13
2018-02-05,GoC_5Y,2.08
2018-02-06,GoC_5Y,2.11
2018-02-07,GoC_5Y,2.13
2018-02-08,GoC_5Y,2.11
2018-02-09,GoC_5Y,2.07
2018-02-12,GoC_5Y,2.06
2018-02-13,GoC_5Y,2.05
2018-02-14,GoC_5Y,2.1
2018-02-15,GoC_5Y,2.15
2018-02-16,GoC_5Y,2.11
2018-02-20,GoC_5Y,2.12
2018-02-21,GoC_5Y,2.14
2018-02-22,GoC_5Y,2.09
2018-02-23,GoC_5Y,2.05
2018-02-26,GoC_5Y,2.05
2018-02-27,GoC_5Y,2.08
2018-02-28,GoC_5Y,2.04
2018-03-01,GoC_5Y,1.99
2018-03-02,GoC_5Y,2.01
2018-03-05,GoC_5Y,2.0
2018-03-06,GoC_5Y,2.04
2018-03-07,GoC_5Y,2.04
2018-03-08,GoC_5Y,2.04
2018-03-09,GoC_5Y,2.08
2018-03-12,GoC_5Y,2.07
2018-03-13,GoC_5Y,2.03
2018-03-14,GoC_5Y,1.99
2018-03-15,GoC_5Y,1.97
2018-03-16,GoC_5Y,1.98
2018-03-19,GoC_5Y,2.0
2018-03-20,GoC_5Y,2.04
2018-03-21,GoC_5Y,2.1
2018-03-22,GoC_5Y,2.04
2018-03-23,GoC_5Y,2.06
2018-03-26,GoC_5Y,2.09
2018-03-27,GoC_5Y,2.02
2018-03-28,GoC_5Y,2.0
2018-03-29,GoC_5Y,1.96
2018-04-02,GoC_5Y,1.98
2018-04-03,GoC_5Y,2.0
2018-04-04,GoC_5Y,2.03
2018-04-05,GoC_5Y,2.03
2018-04-06,GoC_5Y,2.0
2018-04-09,GoC_5Y,2.0
2018-04-10,GoC_5Y,2.03
2018-04-11,GoC_5Y,2.06
2018-04-12,GoC_5Y,2.13
2018-04-13,GoC_5Y,2.09
2018-04-16,GoC_5Y,2.12
2018-04-17,GoC_5Y,2.1
2018-04-18,GoC_5Y,2.13
2018-04-19,GoC_5Y,2.16
2018-04-20,GoC_5Y,2.17
2018-04-23,GoC_5Y,2.17
2018-04-24,GoC_5Y,2.16
2018-04-25,GoC_5Y,2.18
2018-04-26,GoC_5Y,2.15
2018-04-27,GoC_5Y,2.12
2018-04-30,GoC_5Y,2.11
2018-05-01,GoC_5Y,2.17
2018-05-02,GoC_5Y,2.17
2018-05-03,GoC_5Y,2.14
2018-05-04,GoC_5Y,2.14
2018-05-07,GoC_5Y,2.14
2018-05-08,GoC_5Y,2.16
2018-05-09,GoC_5Y,2.2
2018-05-10,GoC_5Y,2.22
2018-05-11,GoC_5Y,2.21
2018-05-14,GoC_5Y,2.24
2018-05-15,GoC_5Y,2.31
2018-05-16,GoC_5Y,2.32
2018-05-17,GoC_5Y,2.33
2018-05-18,GoC_5Y,2.29
2018-05-22,GoC_5Y,2.3
2018-05-23,GoC_5Y,2.27
2018-05-24,GoC_5Y,2.23
2018-05-25,GoC_5Y,2.19
2018-05-28,GoC_5Y,2.14
2018-05-29,GoC_5Y,2.03
2018-05-30,GoC_5Y,2.11
2018-05-31,GoC_5Y,2.1
2018-06-01,GoC_5Y,2.11
2018-06-04,GoC_5Y,2.14
2018-06-05,GoC_5Y,2.11
2018-06-06,GoC_5Y,2.16
2018-06-07,GoC_5Y,2.13
2018-06-08,GoC_5Y,2.15
2018-06-11,GoC_5Y,2.14
2018-06-12,GoC_5Y,2.14
2018-06-13,GoC_5Y,2.17
2018-06-14,GoC_5Y,2.14
2018-06-15,GoC_5Y,2.08
2018-06-18,GoC_5Y,2.06
2018-06-19,GoC_5Y,2.02
2018-06-20,GoC_5Y,2.03
2018-06-21,GoC_5Y,2.0
2018-06-22,GoC_5Y,1.98
2018-06-25,GoC_5Y,1.95
2018-06-26,GoC_5Y,1.97
2018-06-27,GoC_5Y,1.93
2018-06-28,GoC_5Y,2.01
2018-06-29,GoC_5Y,2.06
2018-07-03,GoC_5Y,2.04
2018-07-04,GoC_5Y,2.06
2018-07-05,GoC_5Y,2.06
2018-07-06,GoC_5Y,2.04
2018-07-09,GoC_5Y,2.08
2018-07-10,GoC_5Y,2.07
2018-07-11,GoC_5Y,2.07
2018-07-12,GoC_5Y,2.07
2018-07-13,GoC_5Y,2.05
2018-07-16,GoC_5Y,2.05
2018-07-17,GoC_5Y,2.04
2018-07-18,GoC_5Y,2.05
2018-07-19,GoC_5Y,2.02
2018-07-20,GoC_5Y,2.08
2018-07-23,GoC_5Y,2.12
2018-07-24,GoC_5Y,2.13
2018-07-25,GoC_5Y,2.19
2018-07-26,GoC_5Y,2.19
2018-07-27,GoC_5Y,2.2
2018-07-30,GoC_5Y,2.19
2018-07-31,GoC_5Y,2.22
2018-08-01,GoC_5Y,2.25
2018-08-02,GoC_5Y,2.25
2018-08-03,GoC_5Y,2.25
2018-08-07,GoC_5Y,2.27
2018-08-08,GoC_5Y,2.26
2018-08-09,GoC_5Y,2.24
2018-08-10,GoC_5Y,2.21
2018-08-13,GoC_5Y,2.22
2018-08-14,GoC_5Y,2.23
2018-08-15,GoC_5Y,2.19
2018-08-16,GoC_5Y,2.18
2018-08-17,GoC_5Y,2.19
2018-08-20,GoC_5Y,2.18
2018-08-21,GoC_5Y,2.18
2018-08-22,GoC_5Y,2.18
2018-08-23,GoC_5Y,2.19
2018-08-24,GoC_5Y,2.21
2018-08-27,GoC_5Y,2.23
2018-08-28,GoC_5Y,2.25
2018-08-29,GoC_5Y,2.25
2018-08-30,GoC_5Y,2.21
2018-08-31,GoC_5Y,2.16
2018-09-04,GoC_5Y,2.16
2018-09-05,GoC_5Y,2.16
2018-09-06,GoC_5Y,2.16
2018-09-07,GoC_5Y,2.21
2018-09-10,GoC_5Y,2.21
2018-09-11,GoC_5Y,2.24
2018-09-12,GoC_5Y,2.25
2018-09-13,GoC_5Y,2.25
2018-09-14,GoC_5Y,2.26
2018-09-17,GoC_5Y,2.25
2018-09-18,GoC_5Y,2.28
2018-09-19,GoC_5Y,2.3
2018-09-20,GoC_5Y,2.32
2018-09-21,GoC_5Y,2.33
2018-09-24,GoC_5Y,2.34
2018-09-25,GoC_5Y,2.35
2018-09-26,GoC_5Y,2.32
2018-09-27,GoC_5Y,2.32
2018-09-28,GoC_5Y,2.33
2018-10-01,GoC_5Y,2.42
2018-10-02,GoC_5Y,2.39
2018-10-03,GoC_5Y,2.43
2018-10-04,GoC_5Y,2.46
2018-10-05,GoC_5Y,2.48
2018-10-09,GoC_5Y,2.45
2018-10-10,GoC_5Y,2.43
2018-10-11,GoC_5Y,2.38
2018-10-12,GoC_5Y,2.38
2018-10-15,GoC_5Y,2.4
2018-10-16,GoC_5Y,2.4
2018-10-17,GoC_5Y,2.41
2018-10-18,GoC_5Y,2.4
2018-10-19,GoC_5Y,2.4
2018-10-22,GoC_5Y,2.4
2018-10-23,GoC_5Y,2.37
2018-10-24,GoC_5Y,2.38
2018-10-25,GoC_5Y,2.4
2018-10-26,GoC_5Y,2.34
2018-10-29,GoC_5Y,2.33
2018-10-30,GoC_5Y,2.38
2018-10-31,GoC_5Y,2.42
2018-11-01,GoC_5Y,2.41
2018-11-02,GoC_5Y,2.44
2018-11-05,GoC_5Y,2.43
2018-11-06,GoC_5Y,2.45
2018-11-07,GoC_5Y,2.44
2018-11-08,GoC_5Y,2.46
2018-11-09,GoC_5Y,2.43
2018-11-13,GoC_5Y,2.39
2018-11-14,GoC_5Y,2.36
2018-11-15,GoC_5Y,2.31
2018-11-16,GoC_5Y,2.29
2018-11-19,GoC_5Y,2.28
2018-11-20,GoC_5Y,2.27
2018-11-21,GoC_5Y,2.29
2018-11-22,GoC_5Y,2.3
2018-11-23,GoC_5Y,2.29
2018-11-26,GoC_5Y,2.3
2018-11-27,GoC_5Y,2.27
2018-11-28,GoC_5Y,2.27
2018-11-29,GoC_5Y,2.23
2018-11-30,GoC_5Y,2.2
2018-12-03,GoC_5Y,2.18
2018-12-04,GoC_5Y,2.14
2018-12-05,GoC_5Y,2.07
2018-12-06,GoC_5Y,2.0
2018-12-07,GoC_5Y,2.0
2018-12-10,GoC_5Y,2.0
2018-12-11,GoC_5Y,2.02
2018-12-12,GoC_5Y,2.06
2018-12-13,GoC_5Y,2.08
2018-12-14,GoC_5Y,2.04
2018-12-17,GoC_5Y,1.98
2018-12-18,GoC_5Y,1.94
2018-12-19,GoC_5Y,1.9
2018-12-20,GoC_5Y,1.92
2018-12-21,GoC_5Y,1.96
2018-12-24,GoC_5Y,1.93
2018-12-27,GoC_5Y,1.93
2018-12-28,GoC_5Y,1.88
2018-12-31,GoC_5Y,1.88
2019-01-02,GoC_5Y,1.85
2019-01-03,GoC_5Y,1.76
2019-01-04,GoC_5Y,1.84
2019-01-07,GoC_5Y,1.87
2019-01-08,GoC_5Y,1.89
2019-01-09,GoC_5Y,1.91
2019-01-10,GoC_5Y,1.91
2019-01-11,GoC_5Y,1.89
2019-01-14,GoC_5Y,1.89
2019-01-15,GoC_5Y,1.91
2019-01-16,GoC_5Y,1.93
2019-01-17,GoC_5Y,1.92
2019-01-18,GoC_5Y,1.96
2019-01-21,GoC_5Y,1.95
2019-01-22,GoC_5Y,1.89
2019-01-23,GoC_5Y,1.9
2019-01-24,GoC_5Y,1.86
2019-01-25,GoC_5Y,1.89
2019-01-28,GoC_5Y,1.88
2019-01-29,GoC_5Y,1.86
2019-01-30,GoC_5Y,1.83
2019-01-31,GoC_5Y,1.78
2019-02-01,GoC_5Y,1.86
2019-02-04,GoC_5Y,1.86
2019-02-05,GoC_5Y,1.85
2019-02-06,GoC_5Y,1.83
2019-02-07,GoC_5Y,1.78
2019-02-08,GoC_5Y,1.79
2019-02-11,GoC_5Y,1.82
2019-02-12,GoC_5Y,1.82
2019-02-13,GoC_5Y,1.84
2019-02-14,GoC_5Y,1.79
2019-02-15,GoC_5Y,1.8
2019-02-19,GoC_5Y,1.79
2019-02-20,GoC_5Y,1.8
2019-02-21,GoC_5Y,1.81
2019-02-22,GoC_5Y,1.79
2019-02-25,GoC_5Y,1.8
2019-02-26,GoC_5Y,1.77
2019-02-27,GoC_5Y,1.8
2019-02-28,GoC_5Y,1.82
2019-03-01,GoC_5Y,1.81
2019-03-04,GoC_5Y,1.76
2019-03-05,GoC_5Y,1.75
2019-03-06,GoC_5Y,1.69
2019-03-07,GoC_5Y,1.63
2019-03-08,GoC_5Y,1.65
2019-03-11,GoC_5Y,1.64
2019-03-12,GoC_5Y,1.63
2019-03-13,GoC_5Y,1.65
2019-03-14,GoC_5Y,1.64
2019-03-15,GoC_5Y,1.6
2019-03-18,GoC_5Y,1.6
2019-03-19,GoC_5Y,1.62
2019-03-20,GoC_5Y,1.55
2019-03-21,GoC_5Y,1.56
2019-03-22,GoC_5Y,1.48
2019-03-25,GoC_5Y,1.44
2019-03-26,GoC_5Y,1.45
2019-03-27,GoC_5Y,1.43
2019-03-28,GoC_5Y,1.45
2019-03-29,GoC_5Y,1.52
2019-04-01,GoC_5Y,1.58
2019-04-02,GoC_5Y,1.55
2019-04-03,GoC_5Y,1.57
2019-04-04,GoC_5Y,1.56
2019-04-05,GoC_5Y,1.57
2019-04-08,GoC_5Y,1.6
2019-04-09,GoC_5Y,1.59
2019-04-10,GoC_5Y,1.56
2019-04-11,GoC_5Y,1.59
2019-04-12,GoC_5Y,1.64
2019-04-15,GoC_5Y,1.61
2019-04-16,GoC_5Y,1.64
2019-04-17,GoC_5Y,1.66
2019-04-18,GoC_5Y,1.61
2019-04-22,GoC_5Y,1.61
2019-04-23,GoC_5Y,1.57
2019-04-24,GoC_5Y,1.49
2019-04-25,GoC_5Y,1.53
2019-04-26,GoC_5Y,1.52
2019-04-29,GoC_5Y,1.55
2019-04-30,GoC_5Y,1.54
2019-05-01,GoC_5Y,1.55
2019-05-02,GoC_5Y,1.61
2019-05-03,GoC_5Y,1.62
2019-05-06,GoC_5Y,1.59
2019-05-07,GoC_5Y,1.55
2019-05-08,GoC_5Y,1.57
2019-05-09,GoC_5Y,1.55
2019-05-10,GoC_5Y,1.61
2019-05-13,GoC_5Y,1.54
2019-05-14,GoC_5Y,1.57
2019-05-15,GoC_5Y,1.54
2019-05-16,GoC_5Y,1.56
2019-05-17,GoC_5Y,1.57
2019-05-21,GoC_5Y,1.65
2019-05-22,GoC_5Y,1.62
2019-05-23,GoC_5Y,1.53
2019-05-24,GoC_5Y,1.5
2019-05-27,GoC_5Y,1.48
2019-05-28,GoC_5Y,1.46
2019-05-29,GoC_5Y,1.46
2019-05-30,GoC_5Y,1.45
2019-05-31,GoC_5Y,1.36
2019-06-03,GoC_5Y,1.29
2019-06-04,GoC_5Y,1.33
2019-06-05,GoC_5Y,1.3
2019-06-06,GoC_5Y,1.33
2019-06-07,GoC_5Y,1.34
2019-06-10,GoC_5Y,1.41
2019-06-11,GoC_5Y,1.42
2019-06-12,GoC_5Y,1.39
2019-06-13,GoC_5Y,1.35
2019-06-14,GoC_5Y,1.33
2019-06-17,GoC_5Y,1.33
2019-06-18,GoC_5Y,1.32
2019-06-19,GoC_5Y,1.33
2019-06-20,GoC_5Y,1.33
2019-06-21,GoC_5Y,1.37
2019-06-24,GoC_5Y,1.34
2019-06-25,GoC_5Y,1.33
2019-06-26,GoC_5Y,1.4
2019-06-27,GoC_5Y,1.37
2019-06-28,GoC_5Y,1.39
2019-07-02,GoC_5Y,1.41
2019-07-03,GoC_5Y,1.41
2019-07-04,GoC_5Y,1.42
2019-07-05,GoC_5Y,1.53
2019-07-08,GoC_5Y,1.57
2019-07-09,GoC_5Y,1.56
2019-07-10,GoC_5Y,1.53
2019-07-11,GoC_5Y,1.56
2019-07-12,GoC_5Y,1.54
2019-07-15,GoC_5Y,1.51
2019-07-16,GoC_5Y,1.51
2019-07-17,GoC_5Y,1.45
2019-07-18,GoC_5Y,1.4
2019-07-19,GoC_5Y,1.41
2019-07-22,GoC_5Y,1.39
2019-07-23,GoC_5Y,1.39
2019-07-24,GoC_5Y,1.36
2019-07-25,GoC_5Y,1.37
2019-07-26,GoC_5Y,1.39
2019-07-29,GoC_5Y,1.41
2019-07-30,GoC_5Y,1.44
2019-07-31,GoC_5Y,1.46
2019-08-01,GoC_5Y,1.36
2019-08-02,GoC_5Y,1.35
2019-08-06,GoC_5Y,1.21
2019-08-07,GoC_5Y,1.2
2019-08-08,GoC_5Y,1.23
2019-08-09,GoC_5Y,1.26
2019-08-12,GoC_5Y,1.2
2019-08-13,GoC_5Y,1.24
2019-08-14,GoC_5Y,1.19
2019-08-15,GoC_5Y,1.13
2019-08-16,GoC_5Y,1.19
2019-08-19,GoC_5Y,1.21
2019-08-20,GoC_5Y,1.19
2019-08-21,GoC_5Y,1.27
2019-08-22,GoC_5Y,1.32
2019-08-23,GoC_5Y,1.21
2019-08-26,GoC_5Y,1.24
2019-08-27,GoC_5Y,1.17
2019-08-28,GoC_5Y,1.17
2019-08-29,GoC_5Y,1.18
2019-08-30,GoC_5Y,1.18
2019-09-03,GoC_5Y,1.15
2019-09-04,GoC_5Y,1.15
2019-09-05,GoC_5Y,1.28
2019-09-06,GoC_5Y,1.32
2019-09-09,GoC_5Y,1.37
2019-09-10,GoC_5Y,1.44
2019-09-11,GoC_5Y,1.43
2019-09-12,GoC_5Y,1.46
2019-09-13,GoC_5Y,1.5
2019-09-16,GoC_5Y,1.49
2019-09-17,GoC_5Y,1.47
2019-09-18,GoC_5Y,1.46
2019-09-19,GoC_5Y,1.46
2019-09-20,GoC_5Y,1.42
2019-09-23,GoC_5Y,1.4
2019-09-24,GoC_5Y,1.34
2019-09-25,GoC_5Y,1.42
2019-09-26,GoC_5Y,1.4
2019-09-27,GoC_5Y,1.39
2019-09-30,GoC_5Y,1.4
2019-10-01,GoC_5Y,1.37
2019-10-02,GoC_5Y,1.34
2019-10-03,GoC_5Y,1.25
2019-10-04,GoC_5Y,1.25
2019-10-07,GoC_5Y,1.3
2019-10-08,GoC_5Y,1.29
2019-10-09,GoC_5Y,1.32
2019-10-10,GoC_5Y,1.39
2019-10-11,GoC_5Y,1.52
2019-10-15,GoC_5Y,1.58
2019-10-16,GoC_5Y,1.56
2019-10-17,GoC_5Y,1.58
2019-10-18,GoC_5Y,1.55
2019-10-21,GoC_5Y,1.57
2019-10-22,GoC_5Y,1.53
2019-10-23,GoC_5Y,1.53
2019-10-24,GoC_5Y,1.54
2019-10-25,GoC_5Y,1.57
2019-10-28,GoC_5Y,1.64
2019-10-29,GoC_5Y,1.62
2019-10-30,GoC_5Y,1.46
2019-10-31,GoC_5Y,1.42
2019-11-01,GoC_5Y,1.46
2019-11-04,GoC_5Y,1.53
2019-11-05,GoC_5Y,1.59
2019-11-06,GoC_5Y,1.53
2019-11-07,GoC_5Y,1.59
2019-11-08,GoC_5Y,1.55
2019-11-12,GoC_5Y,1.57
2019-11-13,GoC_5Y,1.54
2019-11-14,GoC_5Y,1.47
2019-11-15,GoC_5Y,1.48
2019-11-18,GoC_5Y,1.48
2019-11-19,GoC_5Y,1.45
2019-11-20,GoC_5Y,1.43
2019-11-21,GoC_5Y,1.49
2019-11-22,GoC_5Y,1.5
2019-11-25,GoC_5Y,1.5
2019-11-26,GoC_5Y,1.47
2019-11-27,GoC_5Y,1.51
2019-11-28,GoC_5Y,1.5
2019-11-29,GoC_5Y,1.49
2019-12-02,GoC_5Y,1.54
2019-12-03,GoC_5Y,1.48
2019-12-04,GoC_5Y,1.57
2019-12-05,GoC_5Y,1.62
2019-12-06,GoC_5Y,1.59
2019-12-09,GoC_5Y,1.61
2019-12-10,GoC_5Y,1.61
2019-12-11,GoC_5Y,1.59
2019-12-12,GoC_5Y,1.66
2019-12-13,GoC_5Y,1.59
2019-12-16,GoC_5Y,1.64
2019-12-17,GoC_5Y,1.64
2019-12-18,GoC_5Y,1.7
2019-12-19,GoC_5Y,1.67
2019-12-20,GoC_5Y,1.63
2019-12-23,GoC_5Y,1.65
2019-12-24,GoC_5Y,1.64
2019-12-27,GoC_5Y,1.62
2019-12-30,GoC_5Y,1.66
2019-12-31,GoC_5Y,1.68
2020-01-02,GoC_5Y,1.62
2020-01-03,GoC_5Y,1.55
2020-01-06,GoC_5Y,1.58
2020-01-07,GoC_5Y,1.58
2020-01-08,GoC_5Y,1.62
2020-01-09,GoC_5Y,1.6
2020-01-10,GoC_5Y,1.6
2020-01-13,GoC_5Y,1.61
2020-01-14,GoC_5Y,1.59
2020-01-15,GoC_5Y,1.54
2020-01-16,GoC_5Y,1.57
2020-01-17,GoC_5Y,1.58
2020-01-20,GoC_5Y,1.58
2020-01-21,GoC_5Y,1.53
2020-01-22,GoC_5Y,1.46
2020-01-23,GoC_5Y,1.43
2020-01-24,GoC_5Y,1.39
2020-01-27,GoC_5Y,1.32
2020-01-28,GoC_5Y,1.38
2020-01-29,GoC_5Y,1.34
2020-01-30,GoC_5Y,1.34
2020-01-31,GoC_5Y,1.29
2020-02-03,GoC_5Y,1.28
2020-02-04,GoC_5Y,1.35
2020-02-05,GoC_5Y,1.41
2020-02-06,GoC_5Y,1.39
2020-02-07,GoC_5Y,1.34
2020-02-10,GoC_5Y,1.31
2020-02-11,GoC_5Y,1.35
2020-02-12,GoC_5Y,1.39
2020-02-13,GoC_5Y,1.39
2020-02-14,GoC_5Y,1.37
2020-02-18,GoC_5Y,1.34
2020-02-19,GoC_5Y,1.36
2020-02-20,GoC_5Y,1.33
2020-02-21,GoC_5Y,1.29
2020-02-24,GoC_5Y,1.21
2020-02-25,GoC_5Y,1.19
2020-02-26,GoC_5Y,1.21
2020-02-27,GoC_5Y,1.14
2020-02-28,GoC_5Y,1.07
2020-03-02,GoC_5Y,1.07
2020-03-03,GoC_5Y,0.88
2020-03-04,GoC_5Y,0.88
2020-03-05,GoC_5Y,0.74
2020-03-06,GoC_5Y,0.66
2020-03-09,GoC_5Y,0.53
2020-03-10,GoC_5Y,0.59
2020-03-11,GoC_5Y,0.55
2020-03-12,GoC_5Y,0.52
2020-03-13,GoC_5Y,0.65
2020-03-16,GoC_5Y,0.61
2020-03-17,GoC_5Y,0.8
2020-03-18,GoC_5Y,0.93
2020-03-19,GoC_5Y,0.85
2020-03-20,GoC_5Y,0.76
2020-03-23,GoC_5Y,0.68
2020-03-24,GoC_5Y,0.74
2020-03-25,GoC_5Y,0.78
2020-03-26,GoC_5Y,0.75
2020-03-27,GoC_5Y,0.62
2020-03-30,GoC_5Y,0.62
2020-03-31,GoC_5Y,0.6
2020-04-01,GoC_5Y,0.55
2020-04-02,GoC_5Y,0.59
2020-04-03,GoC_5Y,0.58
2020-04-06,GoC_5Y,0.64
2020-04-07,GoC_5Y,0.67
2020-04-08,GoC_5Y,0.65
2020-04-09,GoC_5Y,0.59
2020-04-13,GoC_5Y,0.57
2020-04-14,GoC_5Y,0.54
2020-04-15,GoC_5Y,0.44
2020-04-16,GoC_5Y,0.43
2020-04-17,GoC_5Y,0.46
2020-04-20,GoC_5Y,0.44
2020-04-21,GoC_5Y,0.41
2020-04-22,GoC_5Y,0.45
2020-04-23,GoC_5Y,0.45
2020-04-24,GoC_5Y,0.43
2020-04-27,GoC_5Y,0.46
2020-04-28,GoC_5Y,0.42
2020-04-29,GoC_5Y,0.41
2020-04-30,GoC_5Y,0.38
2020-05-01,GoC_5Y,0.37
2020-05-04,GoC_5Y,0.41
2020-05-05,GoC_5Y,0.4
2020-05-06,GoC_5Y,0.43
2020-05-07,GoC_5Y,0.37
2020-05-08,GoC_5Y,0.39
2020-05-11,GoC_5Y,0.38
2020-05-12,GoC_5Y,0.37
2020-05-13,GoC_5Y,0.37
2020-05-14,GoC_5Y,0.36
2020-05-15,GoC_5Y,0.37
2020-05-19,GoC_5Y,0.42
2020-05-20,GoC_5Y,0.41
2020-05-21,GoC_5Y,0.42
2020-05-22,GoC_5Y,0.37
2020-05-25,GoC_5Y,0.36
2020-05-26,GoC_5Y,0.4
2020-05-27,GoC_5Y,0.4
2020-05-28,GoC_5Y,0.41
2020-05-29,GoC_5Y,0.39
2020-06-01,GoC_5Y,0.39
2020-06-02,GoC_5Y,0.39
2020-06-03,GoC_5Y,0.45
2020-06-04,GoC_5Y,0.48
2020-06-05,GoC_5Y,0.52
2020-06-08,GoC_5Y,0.48
2020-06-09,GoC_5Y,0.45
2020-06-10,GoC_5Y,0.38
2020-06-11,GoC_5Y,0.37
2020-06-12,GoC_5Y,0.37
2020-06-15,GoC_5Y,0.36
2020-06-16,GoC_5Y,0.38
2020-06-17,GoC_5Y,0.37
2020-06-18,GoC_5Y,0.37
2020-06-19,GoC_5Y,0.38
2020-06-22,GoC_5Y,0.39
2020-06-23,GoC_5Y,0.39
2020-06-24,GoC_5Y,0.38
2020-06-25,GoC_5Y,0.37
2020-06-26,GoC_5Y,0.36
2020-06-29,GoC_5Y,0.36
2020-06-30,GoC_5Y,0.36
2020-07-02,GoC_5Y,0.38
2020-07-03,GoC_5Y,0.38
2020-07-06,GoC_5Y,0.38
2020-07-07,GoC_5Y,0.35
2020-07-08,GoC_5Y,0.37
2020-07-09,GoC_5Y,0.34
2020-07-10,GoC_5Y,0.36
2020-07-13,GoC_5Y,0.36
2020-07-14,GoC_5Y,0.35
2020-07-15,GoC_5Y,0.35
2020-07-16,GoC_5Y,0.33
2020-07-17,GoC_5Y,0.35
2020-07-20,GoC_5Y,0.34
2020-07-21,GoC_5Y,0.35
2020-07-22,GoC_5Y,0.35
2020-07-23,GoC_5Y,0.35
2020-07-24,GoC_5Y,0.34
2020-07-27,GoC_5Y,0.35
2020-07-28,GoC_5Y,0.33
2020-07-29,GoC_5Y,0.32
2020-07-30,GoC_5Y,0.31
2020-07-31,GoC_5Y,0.31
2020-08-04,GoC_5Y,0.3
2020-08-05,GoC_5Y,0.34
2020-08-06,GoC_5Y,0.32
2020-08-07,GoC_5Y,0.32
2020-08-10,GoC_5Y,0.33
2020-08-11,GoC_5Y,0.38
2020-08-12,GoC_5Y,0.41
2020-08-13,GoC_5Y,0.43
2020-08-14,GoC_5Y,0.42
2020-08-17,GoC_5Y,0.39
2020-08-18,GoC_5Y,0.38
2020-08-19,GoC_5Y,0.39
2020-08-20,GoC_5Y,0.37
2020-08-21,GoC_5Y,0.36
2020-08-24,GoC_5Y,0.38
2020-08-25,GoC_5Y,0.4
2020-08-26,GoC_5Y,0.41
2020-08-27,GoC_5Y,0.43
2020-08-28,GoC_5Y,0.4
2020-08-31,GoC_5Y,0.4
2020-09-01,GoC_5Y,0.36
2020-09-02,GoC_5Y,0.35
2020-09-03,GoC_5Y,0.35
2020-09-04,GoC_5Y,0.38
2020-09-08,GoC_5Y,0.36
2020-09-09,GoC_5Y,0.37
2020-09-10,GoC_5Y,0.36
2020-09-11,GoC_5Y,0.35
2020-09-14,GoC_5Y,0.36
2020-09-15,GoC_5Y,0.36
2020-09-16,GoC_5Y,0.36
2020-09-17,GoC_5Y,0.36
2020-09-18,GoC_5Y,0.37
2020-09-21,GoC_5Y,0.35
2020-09-22,GoC_5Y,0.36
2020-09-23,GoC_5Y,0.35
2020-09-24,GoC_5Y,0.35
2020-09-25,GoC_5Y,0.35
2020-09-28,GoC_5Y,0.35
2020-09-29,GoC_5Y,0.34
2020-09-30,GoC_5Y,0.36
2020-10-01,GoC_5Y,0.35
2020-10-02,GoC_5Y,0.35
2020-10-05,GoC_5Y,0.37
2020-10-06,GoC_5Y,0.35
2020-10-07,GoC_5Y,0.38
2020-10-08,GoC_5Y,0.37
2020-10-09,GoC_5Y,0.38
2020-10-13,GoC_5Y,0.35
2020-10-14,GoC_5Y,0.35
2020-10-15,GoC_5Y,0.34
2020-10-16,GoC_5Y,0.34
2020-10-19,GoC_5Y,0.35
2020-10-20,GoC_5Y,0.36
2020-10-21,GoC_5Y,0.36
2020-10-22,GoC_5Y,0.39
2020-10-23,GoC_5Y,0.38
2020-10-26,GoC_5Y,0.38
2020-10-27,GoC_5Y,0.37
2020-10-28,GoC_5Y,0.36
2020-10-29,GoC_5Y,0.38
2020-10-30,GoC_5Y,0.4
2020-11-02,GoC_5Y,0.39
2020-11-03,GoC_5Y,0.42
2020-11-04,GoC_5Y,0.38
2020-11-05,GoC_5Y,0.38
2020-11-06,GoC_5Y,0.4
2020-11-09,GoC_5Y,0.47
2020-11-10,GoC_5Y,0.48
2020-11-12,GoC_5Y,0.45
2020-11-13,GoC_5Y,0.46
2020-11-16,GoC_5Y,0.46
2020-11-17,GoC_5Y,0.43
2020-11-18,GoC_5Y,0.44
2020-11-19,GoC_5Y,0.44
2020-11-20,GoC_5Y,0.42
2020-11-23,GoC_5Y,0.44
2020-11-24,GoC_5Y,0.45
2020-11-25,GoC_5Y,0.45
2020-11-26,GoC_5Y,0.44
2020-11-27,GoC_5Y,0.43
2020-11-30,GoC_5Y,0.43
2020-12-01,GoC_5Y,0.46
2020-12-02,GoC_5Y,0.47
2020-12-03,GoC_5Y,0.46
2020-12-04,GoC_5Y,0.5
2020-12-07,GoC_5Y,0.48
2020-12-08,GoC_5Y,0.47
2020-12-09,GoC_5Y,0.47
2020-12-10,GoC_5Y,0.46
2020-12-11,GoC_5Y,0.44
2020-12-14,GoC_5Y,0.44
2020-12-15,GoC_5Y,0.45
2020-12-16,GoC_5Y,0.45
2020-12-17,GoC_5Y,0.45
2020-12-18,GoC_5Y,0.45
2020-12-21,GoC_5Y,0.44
2020-12-22,GoC_5Y,0.42
2020-12-23,GoC_5Y,0.43
2020-12-24,GoC_5Y,0.43
2020-12-29,GoC_5Y,0.41
2020-12-30,GoC_5Y,0.41
2020-12-31,GoC_5Y,0.39
2021-01-04,GoC_5Y,0.39
2021-01-05,GoC_5Y,0.39
2021-01-06,GoC_5Y,0.41
2021-01-07,GoC_5Y,0.43
2021-01-08,GoC_5Y,0.44
2021-01-11,GoC_5Y,0.46
2021-01-12,GoC_5Y,0.46
2021-01-13,GoC_5Y,0.44
2021-01-14,GoC_5Y,0.46
2021-01-15,GoC_5Y,0.42
2021-01-18,GoC_5Y,0.42
2021-01-19,GoC_5Y,0.41
2021-01-20,GoC_5Y,0.43
2021-01-21,GoC_5Y,0.45
2021-01-22,GoC_5Y,0.44
2021-01-25,GoC_5Y,0.42
2021-01-26,GoC_5Y,0.42
2021-01-27,GoC_5Y,0.41
2021-01-28,GoC_5Y,0.41
2021-01-29,GoC_5Y,0.43
2021-02-01,GoC_5Y,0.42
2021-02-02,GoC_5Y,0.43
2021-02-03,GoC_5Y,0.46
2021-02-04,GoC_5Y,0.47
2021-02-05,GoC_5Y,0.48
2021-02-08,GoC_5Y,0.5
2021-02-09,GoC_5Y,0.49
2021-02-10,GoC_5Y,0.49
2021-02-11,GoC_5Y,0.48
2021-02-12,GoC_5Y,0.49
2021-02-16,GoC_5Y,0.57
2021-02-17,GoC_5Y,0.58
2021-02-18,GoC_5Y,0.59
2021-02-19,GoC_5Y,0.64
2021-02-22,GoC_5Y,0.67
2021-02-23,GoC_5Y,0.67
2021-02-24,GoC_5Y,0.73
2021-02-25,GoC_5Y,0.93
2021-02-26,GoC_5Y,0.88
2021-03-01,GoC_5Y,0.81
2021-03-02,GoC_5Y,0.78
2021-03-03,GoC_5Y,0.83
2021-03-04,GoC_5Y,0.9
2021-03-05,GoC_5Y,0.9
2021-03-08,GoC_5Y,0.92
2021-03-09,GoC_5Y,0.87
2021-03-10,GoC_5Y,0.91
2021-03-11,GoC_5Y,0.92
2021-03-12,GoC_5Y,1.03
2021-03-15,GoC_5Y,1.02
2021-03-16,GoC_5Y,1.03
2021-03-17,GoC_5Y,0.99
2021-03-18,GoC_5Y,1.01
2021-03-19,GoC_5Y,1.0
2021-03-22,GoC_5Y,0.99
2021-03-23,GoC_5Y,0.95
2021-03-24,GoC_5Y,0.92
2021-03-25,GoC_5Y,0.9
2021-03-26,GoC_5Y,0.93
2021-03-29,GoC_5Y,0.97
2021-03-30,GoC_5Y,0.97
2021-03-31,GoC_5Y,0.99
2021-04-01,GoC_5Y,0.97
2021-04-05,GoC_5Y,1.01
2021-04-06,GoC_5Y,0.95
2021-04-07,GoC_5Y,0.94
2021-04-08,GoC_5Y,0.92
2021-04-09,GoC_5Y,0.95
2021-04-12,GoC_5Y,0.96
2021-04-13,GoC_5Y,0.94
2021-04-14,GoC_5Y,0.95
2021-04-15,GoC_5Y,0.9
2021-04-16,GoC_5Y,0.95
2021-04-19,GoC_5Y,0.95
2021-04-20,GoC_5Y,0.91
2021-04-21,GoC_5Y,0.94
2021-04-22,GoC_5Y,0.93
2021-04-23,GoC_5Y,0.93
2021-04-26,GoC_5Y,0.94
2021-04-27,GoC_5Y,0.96
2021-04-28,GoC_5Y,0.93
2021-04-29,GoC_5Y,0.95
2021-04-30,GoC_5Y,0.93
2021-05-03,GoC_5Y,0.92
2021-05-04,GoC_5Y,0.93
2021-05-05,GoC_5Y,0.91
2021-05-06,GoC_5Y,0.91
2021-05-07,GoC_5Y,0.87
2021-05-10,GoC_5Y,0.88
2021-05-11,GoC_5Y,0.91
2021-05-12,GoC_5Y,0.97
2021-05-13,GoC_5Y,0.94
2021-05-14,GoC_5Y,0.94
2021-05-17,GoC_5Y,0.95
2021-05-18,GoC_5Y,0.95
2021-05-19,GoC_5Y,0.96
2021-05-20,GoC_5Y,0.94
2021-05-21,GoC_5Y,0.93
2021-05-25,GoC_5Y,0.86
2021-05-26,GoC_5Y,0.87
2021-05-27,GoC_5Y,0.9
2021-05-28,GoC_5Y,0.92
2021-05-31,GoC_5Y,0.9
2021-06-01,GoC_5Y,0.91
2021-06-02,GoC_5Y,0.9
2021-06-03,GoC_5Y,0.92
2021-06-04,GoC_5Y,0.86
2021-06-07,GoC_5Y,0.88
2021-06-08,GoC_5Y,0.87
2021-06-09,GoC_5Y,0.85
2021-06-10,GoC_5Y,0.82
2021-06-11,GoC_5Y,0.82
2021-06-14,GoC_5Y,0.85
2021-06-15,GoC_5Y,0.84
2021-06-16,GoC_5Y,0.92
2021-06-17,GoC_5Y,0.94
2021-06-18,GoC_5Y,0.97
2021-06-21,GoC_5Y,0.97
2021-06-22,GoC_5Y,0.95
2021-06-23,GoC_5Y,0.97
2021-06-24,GoC_5Y,0.97
2021-06-25,GoC_5Y,1.0
2021-06-28,GoC_5Y,0.98
2021-06-29,GoC_5Y,0.98
2021-06-30,GoC_5Y,0.97
2021-07-02,GoC_5Y,0.96
2021-07-05,GoC_5Y,0.99
2021-07-06,GoC_5Y,0.95
2021-07-07,GoC_5Y,0.93
2021-07-08,GoC_5Y,0.89
2021-07-09,GoC_5Y,0.94
2021-07-12,GoC_5Y,0.93
2021-07-13,GoC_5Y,0.95
2021-07-14,GoC_5Y,0.91
2021-07-15,GoC_5Y,0.88
2021-07-16,GoC_5Y,0.87
2021-07-19,GoC_5Y,0.78
2021-07-20,GoC_5Y,0.77
2021-07-21,GoC_5Y,0.8
2021-07-22,GoC_5Y,0.78
2021-07-23,GoC_5Y,0.79
2021-07-26,GoC_5Y,0.8
2021-07-27,GoC_5Y,0.77
2021-07-28,GoC_5Y,0.78
2021-07-29,GoC_5Y,0.81
2021-07-30,GoC_5Y,0.81
2021-08-03,GoC_5Y,0.75
2021-08-04,GoC_5Y,0.78
2021-08-05,GoC_5Y,0.83
2021-08-06,GoC_5Y,0.88
2021-08-09,GoC_5Y,0.88
2021-08-10,GoC_5Y,0.9
2021-08-11,GoC_5Y,0.89
2021-08-12,GoC_5Y,0.89
2021-08-13,GoC_5Y,0.84
2021-08-16,GoC_5Y,0.81
2021-08-17,GoC_5Y,0.81
2021-08-18,GoC_5Y,0.82
2021-08-19,GoC_5Y,0.81
2021-08-20,GoC_5Y,0.81
2021-08-23,GoC_5Y,0.82
2021-08-24,GoC_5Y,0.84
2021-08-25,GoC_5Y,0.87
2021-08-26,GoC_5Y,0.87
2021-08-27,GoC_5Y,0.83
2021-08-30,GoC_5Y,0.81
2021-08-31,GoC_5Y,0.84
2021-09-01,GoC_5Y,0.79
2021-09-02,GoC_5Y,0.77
2021-09-03,GoC_5Y,0.78
2021-09-07,GoC_5Y,0.81
2021-09-08,GoC_5Y,0.8
2021-09-09,GoC_5Y,0.79
2021-09-10,GoC_5Y,0.83
2021-09-13,GoC_5Y,0.82
2021-09-14,GoC_5Y,0.79
2021-09-15,GoC_5Y,0.83
2021-09-16,GoC_5Y,0.86
2021-09-17,GoC_5Y,0.9
2021-09-20,GoC_5Y,0.85
2021-09-21,GoC_5Y,0.85
2021-09-22,GoC_5Y,0.92
2021-09-23,GoC_5Y,1.0
2021-09-24,GoC_5Y,1.03
2021-09-27,GoC_5Y,1.06
2021-09-28,GoC_5Y,1.09
2021-09-29,GoC_5Y,1.11
2021-10-01,GoC_5Y,1.07
2021-10-04,GoC_5Y,1.08
2021-10-05,GoC_5Y,1.1
2021-10-06,GoC_5Y,1.09
2021-10-07,GoC_5Y,1.13
2021-10-08,GoC_5Y,1.2
2021-10-12,GoC_5Y,1.24
2021-10-13,GoC_5Y,1.27
2021-10-14,GoC_5Y,1.18
2021-10-15,GoC_5Y,1.23
2021-10-18,GoC_5Y,1.28
2021-10-19,GoC_5Y,1.31
2021-10-20,GoC_5Y,1.29
2021-10-21,GoC_5Y,1.35
2021-10-22,GoC_5Y,1.34
2021-10-25,GoC_5Y,1.34
2021-10-26,GoC_5Y,1.33
2021-10-27,GoC_5Y,1.42
2021-10-28,GoC_5Y,1.42
2021-10-29,GoC_5Y,1.5
2021-11-01,GoC_5Y,1.5
2021-11-02,GoC_5Y,1.47
2021-11-03,GoC_5Y,1.46
2021-11-04,GoC_5Y,1.39
2021-11-05,GoC_5Y,1.36
2021-11-08,GoC_5Y,1.4
2021-11-09,GoC_5Y,1.37
2021-11-10,GoC_5Y,1.47
2021-11-12,GoC_5Y,1.45
2021-11-15,GoC_5Y,1.48
2021-11-16,GoC_5Y,1.56
2021-11-17,GoC_5Y,1.48
2021-11-18,GoC_5Y,1.47
2021-11-19,GoC_5Y,1.45
2021-11-22,GoC_5Y,1.56
2021-11-23,GoC_5Y,1.58
2021-11-24,GoC_5Y,1.56
2021-11-25,GoC_5Y,1.56
2021-11-26,GoC_5Y,1.39
2021-11-29,GoC_5Y,1.41
2021-11-30,GoC_5Y,1.4
2021-12-01,GoC_5Y,1.35
2021-12-02,GoC_5Y,1.35
2021-12-03,GoC_5Y,1.34
2021-12-06,GoC_5Y,1.41
2021-12-07,GoC_5Y,1.48
2021-12-08,GoC_5Y,1.44
2021-12-09,GoC_5Y,1.35
2021-12-10,GoC_5Y,1.31
2021-12-13,GoC_5Y,1.24
2021-12-14,GoC_5Y,1.29
2021-12-15,GoC_5Y,1.26
2021-12-16,GoC_5Y,1.19
2021-12-17,GoC_5Y,1.18
2021-12-20,GoC_5Y,1.22
2021-12-21,GoC_5Y,1.29
2021-12-22,GoC_5Y,1.25
2021-12-23,GoC_5Y,1.26
2021-12-24,GoC_5Y,1.28
2021-12-29,GoC_5Y,1.3
2021-12-30,GoC_5Y,1.28
2021-12-31,GoC_5Y,1.25
2022-01-04,GoC_5Y,1.39
2022-01-05,GoC_5Y,1.42
2022-01-06,GoC_5Y,1.5
2022-01-07,GoC_5Y,1.5
2022-01-10,GoC_5Y,1.51
2022-01-11,GoC_5Y,1.5
2022-01-12,GoC_5Y,1.52
2022-01-13,GoC_5Y,1.5
2022-01-14,GoC_5Y,1.56
2022-01-17,GoC_5Y,1.61
2022-01-18,GoC_5Y,1.69
2022-01-19,GoC_5Y,1.68
2022-01-20,GoC_5Y,1.68
2022-01-21,GoC_5Y,1.62
2022-01-24,GoC_5Y,1.63
2022-01-25,GoC_5Y,1.64
2022-01-26,GoC_5Y,1.67
2022-01-27,GoC_5Y,1.65
2022-01-28,GoC_5Y,1.63
2022-01-31,GoC_5Y,1.64
2022-02-01,GoC_5Y,1.65
2022-02-02,GoC_5Y,1.61
2022-02-03,GoC_5Y,1.64
2022-02-04,GoC_5Y,1.71
2022-02-07,GoC_5Y,1.68
2022-02-08,GoC_5Y,1.69
2022-02-09,GoC_5Y,1.68
2022-02-10,GoC_5Y,1.81
2022-02-11,GoC_5Y,1.72
2022-02-14,GoC_5Y,1.78
2022-02-15,GoC_5Y,1.82
2022-02-16,GoC_5Y,1.8
2022-02-17,GoC_5Y,1.75
2022-02-18,GoC_5Y,1.72
2022-02-22,GoC_5Y,1.74
2022-02-23,GoC_5Y,1.79
2022-02-24,GoC_5Y,1.74
2022-02-25,GoC_5Y,1.74
2022-02-28,GoC_5Y,1.64
2022-03-01,GoC_5Y,1.48
2022-03-02,GoC_5Y,1.61
2022-03-03,GoC_5Y,1.59
2022-03-04,GoC_5Y,1.46
2022-03-07,GoC_5Y,1.51
2022-03-08,GoC_5Y,1.61
2022-03-09,GoC_5Y,1.65
2022-03-10,GoC_5Y,1.7
2022-03-11,GoC_5Y,1.8
2022-03-14,GoC_5Y,1.94
2022-03-15,GoC_5Y,1.97
2022-03-16,GoC_5Y,2.02
2022-03-17,GoC_5Y,2.02
2022-03-18,GoC_5Y,2.02
2022-03-21,GoC_5Y,2.18
2022-03-22,GoC_5Y,2.26
2022-03-23,GoC_5Y,2.2
2022-03-24,GoC_5Y,2.27
2022-03-25,GoC_5Y,2.49
2022-03-28,GoC_5Y,2.46
2022-03-29,GoC_5Y,2.45
2022-03-30,GoC_5Y,2.42
2022-03-31,GoC_5Y,2.39
2022-04-01,GoC_5Y,2.46
2022-04-04,GoC_5Y,2.44
2022-04-05,GoC_5Y,2.52
2022-04-06,GoC_5Y,2.51
2022-04-07,GoC_5Y,2.51
2022-04-08,GoC_5Y,2.59
2022-04-11,GoC_5Y,2.62
2022-04-12,GoC_5Y,2.52
2022-04-13,GoC_5Y,2.51
2022-04-14,GoC_5Y,2.61
2022-04-18,GoC_5Y,2.63
2022-04-19,GoC_5Y,2.7
2022-04-20,GoC_5Y,2.74
2022-04-21,GoC_5Y,2.8
2022-04-22,GoC_5Y,2.79
2022-04-25,GoC_5Y,2.7
2022-04-26,GoC_5Y,2.6
2022-04-27,GoC_5Y,2.64
2022-04-28,GoC_5Y,2.66
2022-04-29,GoC_5Y,2.75
2022-05-02,GoC_5Y,2.81
2022-05-03,GoC_5Y,2.84
2022-05-04,GoC_5Y,2.74
2022-05-05,GoC_5Y,2.84
2022-05-06,GoC_5Y,2.88
2022-05-09,GoC_5Y,2.76
2022-05-10,GoC_5Y,2.77
2022-05-11,GoC_5Y,2.8
2022-05-12,GoC_5Y,2.73
2022-05-13,GoC_5Y,2.75
2022-05-16,GoC_5Y,2.71
2022-05-17,GoC_5Y,2.84
2022-05-18,GoC_5Y,2.83
2022-05-19,GoC_5Y,2.75
2022-05-20,GoC_5Y,2.7
2022-05-24,GoC_5Y,2.64
2022-05-25,GoC_5Y,2.6
2022-05-26,GoC_5Y,2.62
2022-05-27,GoC_5Y,2.61
2022-05-30,GoC_5Y,2.66
2022-05-31,GoC_5Y,2.72
2022-06-01,GoC_5Y,2.86
2022-06-02,GoC_5Y,2.89
2022-06-03,GoC_5Y,2.96
2022-06-06,GoC_5Y,3.09
2022-06-07,GoC_5Y,3.1
2022-06-08,GoC_5Y,3.18
2022-06-09,GoC_5Y,3.15
2022-06-10,GoC_5Y,3.32
2022-06-13,GoC_5Y,3.48
2022-06-14,GoC_5Y,3.56
2022-06-15,GoC_5Y,3.38
2022-06-16,GoC_5Y,3.31
2022-06-17,GoC_5Y,3.32
2022-06-20,GoC_5Y,3.37
2022-06-21,GoC_5Y,3.4
2022-06-22,GoC_5Y,3.31
2022-06-23,GoC_5Y,3.16
2022-06-24,GoC_5Y,3.19
2022-06-27,GoC_5Y,3.24
2022-06-28,GoC_5Y,3.22
2022-06-29,GoC_5Y,3.17
2022-06-30,GoC_5Y,3.1
2022-07-04,GoC_5Y,3.04
2022-07-05,GoC_5Y,2.94
2022-07-06,GoC_5Y,3.06
2022-07-07,GoC_5Y,3.12
2022-07-08,GoC_5Y,3.21
2022-07-11,GoC_5Y,3.16
2022-07-12,GoC_5Y,3.1
2022-07-13,GoC_5Y,3.13
2022-07-14,GoC_5Y,3.14
2022-07-15,GoC_5Y,3.08
2022-07-18,GoC_5Y,3.07
2022-07-19,GoC_5Y,3.13
2022-07-20,GoC_5Y,3.15
2022-07-21,GoC_5Y,3.0
2022-07-22,GoC_5Y,2.86
2022-07-25,GoC_5Y,2.9
2022-07-26,GoC_5Y,2.87
2022-07-27,GoC_5Y,2.83
2022-07-28,GoC_5Y,2.65
2022-07-29,GoC_5Y,2.66
2022-08-02,GoC_5Y,2.8
2022-08-03,GoC_5Y,2.85
2022-08-04,GoC_5Y,2.79
2022-08-05,GoC_5Y,2.9
2022-08-08,GoC_5Y,2.87
2022-08-09,GoC_5Y,2.91
2022-08-10,GoC_5Y,2.85
2022-08-11,GoC_5Y,2.94
2022-08-12,GoC_5Y,2.91
2022-08-15,GoC_5Y,2.88
2022-08-16,GoC_5Y,2.95
2022-08-17,GoC_5Y,3.05
2022-08-18,GoC_5Y,3.06
2022-08-19,GoC_5Y,3.13
2022-08-22,GoC_5Y,3.19
2022-08-23,GoC_5Y,3.21
2022-08-24,GoC_5Y,3.27
2022-08-25,GoC_5Y,3.23
2022-08-26,GoC_5Y,3.25
2022-08-29,GoC_5Y,3.31
2022-08-30,GoC_5Y,3.32
2022-08-31,GoC_5Y,3.34
2022-09-01,GoC_5Y,3.37
2022-09-02,GoC_5Y,3.28
2022-09-06,GoC_5Y,3.33
2022-09-07,GoC_5Y,3.3
2022-09-08,GoC_5Y,3.37
2022-09-09,GoC_5Y,3.31
2022-09-12,GoC_5Y,3.3
2022-09-13,GoC_5Y,3.38
2022-09-14,GoC_5Y,3.39
2022-09-15,GoC_5Y,3.43
2022-09-16,GoC_5Y,3.41
2022-09-19,GoC_5Y,3.42
2022-09-20,GoC_5Y,3.39
2022-09-21,GoC_5Y,3.35
2022-09-22,GoC_5Y,3.4
2022-09-23,GoC_5Y,3.4
2022-09-26,GoC_5Y,3.5
2022-09-27,GoC_5Y,3.45
2022-09-28,GoC_5Y,3.24
2022-09-29,GoC_5Y,3.32
2022-10-03,GoC_5Y,3.28
2022-10-04,GoC_5Y,3.27
2022-10-05,GoC_5Y,3.42
2022-10-06,GoC_5Y,3.49
2022-10-07,GoC_5Y,3.55
2022-10-11,GoC_5Y,3.62
2022-10-12,GoC_5Y,3.57
2022-10-13,GoC_5Y,3.59
2022-10-14,GoC_5Y,3.64
2022-10-17,GoC_5Y,3.6
2022-10-18,GoC_5Y,3.51
2022-10-19,GoC_5Y,3.71
2022-10-20,GoC_5Y,3.84
2022-10-21,GoC_5Y,3.73
2022-10-24,GoC_5Y,3.71
2022-10-25,GoC_5Y,3.66
2022-10-26,GoC_5Y,3.41
2022-10-27,GoC_5Y,3.33
2022-10-28,GoC_5Y,3.38
2022-10-31,GoC_5Y,3.43
2022-11-01,GoC_5Y,3.43
2022-11-02,GoC_5Y,3.48
2022-11-03,GoC_5Y,3.59
2022-11-04,GoC_5Y,3.67
2022-11-07,GoC_5Y,3.77
2022-11-08,GoC_5Y,3.67
2022-11-09,GoC_5Y,3.6
2022-11-10,GoC_5Y,3.31
2022-11-14,GoC_5Y,3.33
2022-11-15,GoC_5Y,3.32
2022-11-16,GoC_5Y,3.26
2022-11-17,GoC_5Y,3.33
2022-11-18,GoC_5Y,3.35
2022-11-21,GoC_5Y,3.32
2022-11-22,GoC_5Y,3.26
2022-11-23,GoC_5Y,3.22
2022-11-24,GoC_5Y,3.16
2022-11-25,GoC_5Y,3.15
2022-11-28,GoC_5Y,3.18
2022-11-29,GoC_5Y,3.24
2022-11-30,GoC_5Y,3.18
2022-12-01,GoC_5Y,3.05
2022-12-02,GoC_5Y,3.0
2022-12-05,GoC_5Y,3.06
2022-12-06,GoC_5Y,3.0
2022-12-07,GoC_5Y,2.96
2022-12-08,GoC_5Y,3.01
2022-12-09,GoC_5Y,3.07
2022-12-12,GoC_5Y,3.11
2022-12-13,GoC_5Y,3.0
2022-12-14,GoC_5Y,2.94
2022-12-15,GoC_5Y,2.9
2022-12-16,GoC_5Y,2.91
2022-12-19,GoC_5Y,2.97
2022-12-20,GoC_5Y,3.07
2022-12-21,GoC_5Y,3.07
2022-12-22,GoC_5Y,3.15
2022-12-23,GoC_5Y,3.25
2022-12-28,GoC_5Y,3.37
2022-12-29,GoC_5Y,3.37
2022-12-30,GoC_5Y,3.41
2023-01-03,GoC_5Y,3.34
2023-01-04,GoC_5Y,3.28
2023-01-05,GoC_5Y,3.32
2023-01-06,GoC_5Y,3.24
2023-01-09,GoC_5Y,3.22
2023-01-10,GoC_5Y,3.23
2023-01-11,GoC_5Y,3.13
2023-01-12,GoC_5Y,3.02
2023-01-13,GoC_5Y,3.0
2023-01-16,GoC_5Y,2.95
2023-01-17,GoC_5Y,2.93
2023-01-18,GoC_5Y,2.8
2023-01-19,GoC_5Y,2.82
2023-01-20,GoC_5Y,2.92
2023-01-23,GoC_5Y,2.97
2023-01-24,GoC_5Y,2.93
2023-01-25,GoC_5Y,2.88
2023-01-26,GoC_5Y,2.95
2023-01-27,GoC_5Y,3.01
2023-01-30,GoC_5Y,3.04
2023-01-31,GoC_5Y,3.04
2023-02-01,GoC_5Y,2.93
2023-02-02,GoC_5Y,2.92
2023-02-03,GoC_5Y,3.05
2023-02-06,GoC_5Y,3.17
2023-02-07,GoC_5Y,3.2
2023-02-08,GoC_5Y,3.16
2023-02-09,GoC_5Y,3.2
2023-02-10,GoC_5Y,3.31
2023-02-13,GoC_5Y,3.27
2023-02-14,GoC_5Y,3.39
2023-02-15,GoC_5Y,3.43
2023-02-16,GoC_5Y,3.45
2023-02-17,GoC_5Y,3.45
2023-02-21,GoC_5Y,3.58
2023-02-22,GoC_5Y,3.54
2023-02-23,GoC_5Y,3.5
2023-02-24,GoC_5Y,3.59
2023-02-27,GoC_5Y,3.57
2023-02-28,GoC_5Y,3.52
2023-03-01,GoC_5Y,3.59
2023-03-02,GoC_5Y,3.66
2023-03-03,GoC_5Y,3.55
2023-03-06,GoC_5Y,3.58
2023-03-07,GoC_5Y,3.57
2023-03-08,GoC_5Y,3.5
2023-03-09,GoC_5Y,3.37
2023-03-10,GoC_5Y,3.19
2023-03-13,GoC_5Y,2.9
2023-03-14,GoC_5Y,3.01
2023-03-15,GoC_5Y,2.85
2023-03-16,GoC_5Y,3.05
2023-03-17,GoC_5Y,2.89
2023-03-20,GoC_5Y,2.96
2023-03-21,GoC_5Y,2.97
2023-03-22,GoC_5Y,2.77
2023-03-23,GoC_5Y,2.75
2023-03-24,GoC_5Y,2.77
2023-03-27,GoC_5Y,2.96
2023-03-28,GoC_5Y,3.0
2023-03-29,GoC_5Y,3.05
2023-03-30,GoC_5Y,3.06
2023-03-31,GoC_5Y,3.02
2023-04-03,GoC_5Y,2.94
2023-04-04,GoC_5Y,2.85
2023-04-05,GoC_5Y,2.87
2023-04-06,GoC_5Y,2.9
2023-04-10,GoC_5Y,3.04
2023-04-11,GoC_5Y,3.06
2023-04-12,GoC_5Y,3.04
2023-04-13,GoC_5Y,3.11
2023-04-14,GoC_5Y,3.21
2023-04-17,GoC_5Y,3.26
2023-04-18,GoC_5Y,3.23
2023-04-19,GoC_5Y,3.24
2023-04-20,GoC_5Y,3.15
2023-04-21,GoC_5Y,3.1
2023-04-24,GoC_5Y,3.08
2023-04-25,GoC_5Y,2.92
2023-04-26,GoC_5Y,2.98
2023-04-27,GoC_5Y,3.09
2023-04-28,GoC_5Y,2.97
2023-05-01,GoC_5Y,3.1
2023-05-02,GoC_5Y,2.95
2023-05-03,GoC_5Y,2.87
2023-05-04,GoC_5Y,2.88
2023-05-05,GoC_5Y,3.02
2023-05-08,GoC_5Y,3.08
2023-05-09,GoC_5Y,3.08
2023-05-10,GoC_5Y,2.99
2023-05-11,GoC_5Y,2.94
2023-05-12,GoC_5Y,3.0
2023-05-15,GoC_5Y,3.08
2023-05-16,GoC_5Y,3.21
2023-05-17,GoC_5Y,3.29
2023-05-18,GoC_5Y,3.36
2023-05-19,GoC_5Y,3.29
2023-05-23,GoC_5Y,3.41
2023-05-24,GoC_5Y,3.46
2023-05-25,GoC_5Y,3.52
2023-05-26,GoC_5Y,3.57
2023-05-29,GoC_5Y,3.59
2023-05-30,GoC_5Y,3.5
2023-05-31,GoC_5Y,3.44
2023-06-01,GoC_5Y,3.41
2023-06-02,GoC_5Y,3.49
2023-06-05,GoC_5Y,3.52
2023-06-06,GoC_5Y,3.55
2023-06-07,GoC_5Y,3.73
2023-06-08,GoC_5Y,3.7
2023-06-09,GoC_5Y,3.68
2023-06-12,GoC_5Y,3.64
2023-06-13,GoC_5Y,3.76
2023-06-14,GoC_5Y,3.72
2023-06-15,GoC_5Y,3.64
2023-06-16,GoC_5Y,3.68
2023-06-19,GoC_5Y,3.75
2023-06-20,GoC_5Y,3.69
2023-06-21,GoC_5Y,3.74
2023-06-22,GoC_5Y,3.84
2023-06-23,GoC_5Y,3.76
2023-06-26,GoC_5Y,3.7
2023-06-27,GoC_5Y,3.69
2023-06-28,GoC_5Y,3.61
2023-06-29,GoC_5Y,3.78
2023-06-30,GoC_5Y,3.68
2023-07-04,GoC_5Y,3.74
2023-07-05,GoC_5Y,3.82
2023-07-06,GoC_5Y,3.91
2023-07-07,GoC_5Y,3.98
2023-07-10,GoC_5Y,3.91
2023-07-11,GoC_5Y,3.95
2023-07-12,GoC_5Y,3.81
2023-07-13,GoC_5Y,3.71
2023-07-14,GoC_5Y,3.76
2023-07-17,GoC_5Y,3.8
2023-07-18,GoC_5Y,3.76
2023-07-19,GoC_5Y,3.74
2023-07-20,GoC_5Y,3.86
2023-07-21,GoC_5Y,3.81
2023-07-24,GoC_5Y,3.9
2023-07-25,GoC_5Y,3.93
2023-07-26,GoC_5Y,3.85
2023-07-27,GoC_5Y,4.0
2023-07-28,GoC_5Y,3.92
2023-07-31,GoC_5Y,3.9
2023-08-01,GoC_5Y,3.98
2023-08-02,GoC_5Y,3.97
2023-08-03,GoC_5Y,4.04
2023-08-04,GoC_5Y,3.87
2023-08-08,GoC_5Y,3.83
2023-08-09,GoC_5Y,3.86
2023-08-10,GoC_5Y,3.93
2023-08-11,GoC_5Y,3.99
2023-08-14,GoC_5Y,4.03
2023-08-15,GoC_5Y,4.1
2023-08-16,GoC_5Y,4.12
2023-08-17,GoC_5Y,4.13
2023-08-18,GoC_5Y,4.08
2023-08-21,GoC_5Y,4.14
2023-08-22,GoC_5Y,4.18
2023-08-23,GoC_5Y,4.02
2023-08-24,GoC_5Y,4.08
2023-08-25,GoC_5Y,4.04
2023-08-28,GoC_5Y,4.02
2023-08-29,GoC_5Y,3.92
2023-08-30,GoC_5Y,3.9
2023-08-31,GoC_5Y,3.89
2023-09-01,GoC_5Y,3.83
2023-09-05,GoC_5Y,3.94
2023-09-06,GoC_5Y,3.97
2023-09-07,GoC_5Y,3.92
2023-09-08,GoC_5Y,3.96
2023-09-11,GoC_5Y,3.96
2023-09-12,GoC_5Y,3.97
2023-09-13,GoC_5Y,3.96
2023-09-14,GoC_5Y,3.96
2023-09-15,GoC_5Y,4.02
2023-09-18,GoC_5Y,4.04
2023-09-19,GoC_5Y,4.18
2023-09-20,GoC_5Y,4.2
2023-09-21,GoC_5Y,4.25
2023-09-22,GoC_5Y,4.21
2023-09-25,GoC_5Y,4.28
2023-09-26,GoC_5Y,4.28
2023-09-27,GoC_5Y,4.33
2023-09-28,GoC_5Y,4.3
2023-09-29,GoC_5Y,4.25
2023-10-03,GoC_5Y,4.42
2023-10-04,GoC_5Y,4.33
2023-10-05,GoC_5Y,4.29
2023-10-06,GoC_5Y,4.31
2023-10-10,GoC_5Y,4.17
2023-10-11,GoC_5Y,4.15
2023-10-12,GoC_5Y,4.24
2023-10-13,GoC_5Y,4.21
2023-10-16,GoC_5Y,4.27
2023-10-17,GoC_5Y,4.3
2023-10-18,GoC_5Y,4.32
2023-10-19,GoC_5Y,4.34
2023-10-20,GoC_5Y,4.25
2023-10-23,GoC_5Y,4.18
2023-10-24,GoC_5Y,4.17
2023-10-25,GoC_5Y,4.23
2023-10-26,GoC_5Y,4.12
2023-10-27,GoC_5Y,4.05
2023-10-30,GoC_5Y,4.11
2023-10-31,GoC_5Y,4.12
2023-11-01,GoC_5Y,3.98
2023-11-02,GoC_5Y,3.94
2023-11-03,GoC_5Y,3.78
2023-11-06,GoC_5Y,3.87
2023-11-07,GoC_5Y,3.83
2023-11-08,GoC_5Y,3.81
2023-11-09,GoC_5Y,3.94
2023-11-10,GoC_5Y,3.94
2023-11-14,GoC_5Y,3.76
2023-11-15,GoC_5Y,3.88
2023-11-16,GoC_5Y,3.81
2023-11-17,GoC_5Y,3.82
2023-11-20,GoC_5Y,3.78
2023-11-21,GoC_5Y,3.75
2023-11-22,GoC_5Y,3.76
2023-11-23,GoC_5Y,3.82
2023-11-24,GoC_5Y,3.83
2023-11-27,GoC_5Y,3.76
2023-11-28,GoC_5Y,3.67
2023-11-29,GoC_5Y,3.6
2023-11-30,GoC_5Y,3.64
2023-12-01,GoC_5Y,3.5
2023-12-04,GoC_5Y,3.54
2023-12-05,GoC_5Y,3.44
2023-12-06,GoC_5Y,3.4
2023-12-07,GoC_5Y,3.39
2023-12-08,GoC_5Y,3.49
2023-12-11,GoC_5Y,3.53
2023-12-12,GoC_5Y,3.53
2023-12-13,GoC_5Y,3.33
2023-12-14,GoC_5Y,3.24
2023-12-15,GoC_5Y,3.24
2023-12-18,GoC_5Y,3.29
2023-12-19,GoC_5Y,3.26
2023-12-20,GoC_5Y,3.18
2023-12-21,GoC_5Y,3.23
2023-12-22,GoC_5Y,3.3
2023-12-27,GoC_5Y,3.18
2023-12-28,GoC_5Y,3.2
2023-12-29,GoC_5Y,3.17
2024-01-02,GoC_5Y,3.25
2024-01-03,GoC_5Y,3.24
2024-01-04,GoC_5Y,3.33
2024-01-05,GoC_5Y,3.36
2024-01-08,GoC_5Y,3.33
2024-01-09,GoC_5Y,3.32
2024-01-10,GoC_5Y,3.36
2024-01-11,GoC_5Y,3.31
2024-01-12,GoC_5Y,3.28
2024-01-15,GoC_5Y,3.27
2024-01-16,GoC_5Y,3.4
2024-01-17,GoC_5Y,3.51
2024-01-18,GoC_5Y,3.54
2024-01-19,GoC_5Y,3.57
2024-01-22,GoC_5Y,3.52
2024-01-23,GoC_5Y,3.53
2024-01-24,GoC_5Y,3.55
2024-01-25,GoC_5Y,3.52
2024-01-26,GoC_5Y,3.58
2024-01-29,GoC_5Y,3.51
2024-01-30,GoC_5Y,3.49
2024-01-31,GoC_5Y,3.43
2024-02-01,GoC_5Y,3.34
2024-02-02,GoC_5Y,3.48
2024-02-05,GoC_5Y,3.6
2024-02-06,GoC_5Y,3.52
2024-02-07,GoC_5Y,3.57
2024-02-08,GoC_5Y,3.66
2024-02-09,GoC_5Y,3.65
2024-02-12,GoC_5Y,3.69
2024-02-13,GoC_5Y,3.8
2024-02-14,GoC_5Y,3.69
2024-02-15,GoC_5Y,3.67
2024-02-16,GoC_5Y,3.67
2024-02-20,GoC_5Y,3.58
2024-02-21,GoC_5Y,3.61
2024-02-22,GoC_5Y,3.61
2024-02-23,GoC_5Y,3.55
2024-02-26,GoC_5Y,3.57
2024-02-27,GoC_5Y,3.63
2024-02-28,GoC_5Y,3.6
2024-02-29,GoC_5Y,3.57
2024-03-01,GoC_5Y,3.5
2024-03-04,GoC_5Y,3.52
2024-03-05,GoC_5Y,3.43
2024-03-06,GoC_5Y,3.43
2024-03-07,GoC_5Y,3.44
2024-03-08,GoC_5Y,3.4
2024-03-11,GoC_5Y,3.42
2024-03-12,GoC_5Y,3.47
2024-03-13,GoC_5Y,3.5
2024-03-14,GoC_5Y,3.6
2024-03-15,GoC_5Y,3.62
2024-03-18,GoC_5Y,3.67
2024-03-19,GoC_5Y,3.57
2024-03-20,GoC_5Y,3.52
2024-03-21,GoC_5Y,3.55
2024-03-22,GoC_5Y,3.48
2024-03-25,GoC_5Y,3.51
2024-03-26,GoC_5Y,3.53
2024-03-27,GoC_5Y,3.5
2024-03-28,GoC_5Y,3.51
2024-04-01,GoC_5Y,3.64
2024-04-02,GoC_5Y,3.64
2024-04-03,GoC_5Y,3.62
2024-04-04,GoC_5Y,3.58
2024-04-05,GoC_5Y,3.62
2024-04-08,GoC_5Y,3.65
2024-04-09,GoC_5Y,3.59
2024-04-10,GoC_5Y,3.74
2024-04-11,GoC_5Y,3.77
2024-04-12,GoC_5Y,3.69
2024-04-15,GoC_5Y,3.77
2024-04-16,GoC_5Y,3.76
2024-04-17,GoC_5Y,3.73
2024-04-18,GoC_5Y,3.79
2024-04-19,GoC_5Y,3.77
2024-04-22,GoC_5Y,3.79
2024-04-23,GoC_5Y,3.79
2024-04-24,GoC_5Y,3.82
2024-04-25,GoC_5Y,3.89
2024-04-26,GoC_5Y,3.86
2024-04-29,GoC_5Y,3.81
2024-04-30,GoC_5Y,3.87
2024-05-01,GoC_5Y,3.81
2024-05-02,GoC_5Y,3.76
2024-05-03,GoC_5Y,3.67
2024-05-06,GoC_5Y,3.65
2024-05-07,GoC_5Y,3.63
2024-05-08,GoC_5Y,3.68
2024-05-09,GoC_5Y,3.68
2024-05-10,GoC_5Y,3.77
2024-05-13,GoC_5Y,3.76
2024-05-14,GoC_5Y,3.76
2024-05-15,GoC_5Y,3.64
2024-05-16,GoC_5Y,3.64
2024-05-17,GoC_5Y,3.69
2024-05-21,GoC_5Y,3.63
2024-05-22,GoC_5Y,3.66
2024-05-23,GoC_5Y,3.68
2024-05-24,GoC_5Y,3.68
2024-05-27,GoC_5Y,3.71
2024-05-28,GoC_5Y,3.76
2024-05-29,GoC_5Y,3.81
2024-05-30,GoC_5Y,3.76
2024-05-31,GoC_5Y,3.67
2024-06-03,GoC_5Y,3.58
2024-06-04,GoC_5Y,3.5
2024-06-05,GoC_5Y,3.41
2024-06-06,GoC_5Y,3.43
2024-06-07,GoC_5Y,3.5
2024-06-10,GoC_5Y,3.52
2024-06-11,GoC_5Y,3.49
2024-06-12,GoC_5Y,3.41
2024-06-13,GoC_5Y,3.34
2024-06-14,GoC_5Y,3.31
2024-06-17,GoC_5Y,3.34
2024-06-18,GoC_5Y,3.28
2024-06-19,GoC_5Y,3.31
2024-06-20,GoC_5Y,3.36
2024-06-21,GoC_5Y,3.36
2024-06-24,GoC_5Y,3.37
2024-06-25,GoC_5Y,3.41
2024-06-26,GoC_5Y,3.51
2024-06-27,GoC_5Y,3.51
2024-06-28,GoC_5Y,3.51
2024-07-02,GoC_5Y,3.6
2024-07-03,GoC_5Y,3.57
2024-07-04,GoC_5Y,3.6
2024-07-05,GoC_5Y,3.49
2024-07-08,GoC_5Y,3.46
2024-07-09,GoC_5Y,3.47
2024-07-10,GoC_5Y,3.46
2024-07-11,GoC_5Y,3.4
2024-07-12,GoC_5Y,3.37
2024-07-15,GoC_5Y,3.36
2024-07-16,GoC_5Y,3.32
2024-07-17,GoC_5Y,3.31
2024-07-18,GoC_5Y,3.34
2024-07-19,GoC_5Y,3.35
2024-07-22,GoC_5Y,3.37
2024-07-23,GoC_5Y,3.33
2024-07-24,GoC_5Y,3.3
2024-07-25,GoC_5Y,3.29
2024-07-26,GoC_5Y,3.23
2024-07-29,GoC_5Y,3.2
2024-07-30,GoC_5Y,3.16
2024-07-31,GoC_5Y,3.09
2024-08-01,GoC_5Y,3.02
2024-08-02,GoC_5Y,2.89
2024-08-06,GoC_5Y,3.0
2024-08-07,GoC_5Y,3.03
2024-08-08,GoC_5Y,3.07
2024-08-09,GoC_5Y,3.02
2024-08-12,GoC_5Y,2.98
2024-08-13,GoC_5Y,2.92
2024-08-14,GoC_5Y,2.91
2024-08-15,GoC_5Y,2.98
2024-08-16,GoC_5Y,2.98
2024-08-19,GoC_5Y,2.99
2024-08-20,GoC_5Y,2.93
2024-08-21,GoC_5Y,2.92
2024-08-22,GoC_5Y,2.98
2024-08-23,GoC_5Y,2.93
2024-08-26,GoC_5Y,2.95
2024-08-27,GoC_5Y,2.94
2024-08-28,GoC_5Y,2.97
2024-08-29,GoC_5Y,3.01
2024-08-30,GoC_5Y,3.03
2024-09-03,GoC_5Y,2.94
2024-09-04,GoC_5Y,2.86
2024-09-05,GoC_5Y,2.83
2024-09-06,GoC_5Y,2.8
2024-09-09,GoC_5Y,2.77
2024-09-10,GoC_5Y,2.73
2024-09-11,GoC_5Y,2.75
2024-09-12,GoC_5Y,2.74
2024-09-13,GoC_5Y,2.72
2024-09-16,GoC_5Y,2.68
2024-09-17,GoC_5Y,2.72
2024-09-18,GoC_5Y,2.74
2024-09-19,GoC_5Y,2.72
2024-09-20,GoC_5Y,2.73
2024-09-23,GoC_5Y,2.74
2024-09-24,GoC_5Y,2.74
2024-09-25,GoC_5Y,2.79
2024-09-26,GoC_5Y,2.8
2024-09-27,GoC_5Y,2.73
2024-10-01,GoC_5Y,2.74
2024-10-02,GoC_5Y,2.8
2024-10-03,GoC_5Y,2.88
2024-10-04,GoC_5Y,3.01
2024-10-07,GoC_5Y,3.06
2024-10-08,GoC_5Y,3.06
2024-10-09,GoC_5Y,3.07
2024-10-10,GoC_5Y,3.01
2024-10-11,GoC_5Y,2.98
2024-10-15,GoC_5Y,2.91
2024-10-16,GoC_5Y,2.88
2024-10-17,GoC_5Y,2.93
2024-10-18,GoC_5Y,2.9
2024-10-21,GoC_5Y,2.98
2024-10-22,GoC_5Y,2.98
2024-10-23,GoC_5Y,3.01
2024-10-24,GoC_5Y,3.01
2024-10-25,GoC_5Y,3.03
2024-10-28,GoC_5Y,3.04
2024-10-29,GoC_5Y,3.04
2024-10-30,GoC_5Y,3.05
2024-10-31,GoC_5Y,3.02
2024-11-01,GoC_5Y,3.06
2024-11-04,GoC_5Y,3.04
2024-11-05,GoC_5Y,3.08
2024-11-06,GoC_5Y,3.12
2024-11-07,GoC_5Y,3.03
2024-11-08,GoC_5Y,3.02
2024-11-12,GoC_5Y,3.11
2024-11-13,GoC_5Y,3.14
2024-11-14,GoC_5Y,3.12
2024-11-15,GoC_5Y,3.1
2024-11-18,GoC_5Y,3.1
2024-11-19,GoC_5Y,3.15
2024-11-20,GoC_5Y,3.21
2024-11-21,GoC_5Y,3.31
2024-11-22,GoC_5Y,3.29
2024-11-25,GoC_5Y,3.18
2024-11-26,GoC_5Y,3.13
2024-11-27,GoC_5Y,3.09
2024-11-28,GoC_5Y,3.08
2024-11-29,GoC_5Y,2.93
2024-12-02,GoC_5Y,2.94
2024-12-03,GoC_5Y,2.98
2024-12-04,GoC_5Y,2.91
2024-12-05,GoC_5Y,2.93
2024-12-06,GoC_5Y,2.81
2024-12-09,GoC_5Y,2.85
2024-12-10,GoC_5Y,2.83
2024-12-11,GoC_5Y,2.89
2024-12-12,GoC_5Y,2.94
2024-12-13,GoC_5Y,2.97
2024-12-16,GoC_5Y,2.96
2024-12-17,GoC_5Y,2.95
2024-12-18,GoC_5Y,3.04
2024-12-19,GoC_5Y,3.12
2024-12-20,GoC_5Y,3.05
2024-12-23,GoC_5Y,3.04
2024-12-24,GoC_5Y,3.05
2024-12-27,GoC_5Y,3.04
2024-12-30,GoC_5Y,2.98
2024-12-31,GoC_5Y,2.96
2025-01-02,GoC_5Y,2.96
2025-01-03,GoC_5Y,2.96
2025-01-06,GoC_5Y,2.96
2025-01-07,GoC_5Y,3.01
2025-01-08,GoC_5Y,3.02
2025-01-09,GoC_5Y,3.04
2025-01-10,GoC_5Y,3.17
2025-01-13,GoC_5Y,3.24
2025-01-14,GoC_5Y,3.28
2025-01-15,GoC_5Y,3.14
2025-01-16,GoC_5Y,3.05
2025-01-17,GoC_5Y,3.01
2025-01-20,GoC_5Y,2.99
2025-01-21,GoC_5Y,2.97
2025-01-22,GoC_5Y,3.02
2025-01-23,GoC_5Y,3.03
2025-01-24,GoC_5Y,2.98
2025-01-27,GoC_5Y,2.91
2025-01-28,GoC_5Y,2.89
2025-01-29,GoC_5Y,2.87
2025-01-30,GoC_5Y,2.79
2025-01-31,GoC_5Y,2.74
2025-02-03,GoC_5Y,2.62
2025-02-04,GoC_5Y,2.66
2025-02-05,GoC_5Y,2.63
2025-02-06,GoC_5Y,2.63
2025-02-07,GoC_5Y,2.75
2025-02-10,GoC_5Y,2.74
2025-02-11,GoC_5Y,2.78
2025-02-12,GoC_5Y,2.87
2025-02-13,GoC_5Y,2.8
2025-02-14,GoC_5Y,2.79
2025-02-18,GoC_5Y,2.89
2025-02-19,GoC_5Y,2.88
2025-02-20,GoC_5Y,2.91
2025-02-21,GoC_5Y,2.8
2025-02-24,GoC_5Y,2.76
2025-02-25,GoC_5Y,2.69
2025-02-26,GoC_5Y,2.7
2025-02-27,GoC_5Y,2.67
2025-02-28,GoC_5Y,2.6
2025-03-03,GoC_5Y,2.5
2025-03-04,GoC_5Y,2.53
2025-03-05,GoC_5Y,2.62
2025-03-06,GoC_5Y,2.72
2025-03-07,GoC_5Y,2.69
2025-03-10,GoC_5Y,2.63
2025-03-11,GoC_5Y,2.64
2025-03-12,GoC_5Y,2.71
2025-03-13,GoC_5Y,2.67
2025-03-14,GoC_5Y,2.72
2025-03-17,GoC_5Y,2.69
2025-03-18,GoC_5Y,2.69
2025-03-19,GoC_5Y,2.66
2025-03-20,GoC_5Y,2.66
2025-03-21,GoC_5Y,2.66
2025-03-24,GoC_5Y,2.7
2025-03-25,GoC_5Y,2.72
2025-03-26,GoC_5Y,2.76
2025-03-27,GoC_5Y,2.72
2025-03-28,GoC_5Y,2.66
2025-03-31,GoC_5Y,2.61
2025-04-01,GoC_5Y,2.57
2025-04-02,GoC_5Y,2.58
2025-04-03,GoC_5Y,2.55
2025-04-04,GoC_5Y,2.52
2025-04-07,GoC_5Y,2.64
2025-04-08,GoC_5Y,2.67
2025-04-09,GoC_5Y,2.8
2025-04-10,GoC_5Y,2.81
2025-04-11,GoC_5Y,2.87
2025-04-14,GoC_5Y,2.74
2025-04-15,GoC_5Y,2.72
2025-04-16,GoC_5Y,2.7
2025-04-17,GoC_5Y,2.73
2025-04-21,GoC_5Y,2.79
2025-04-22,GoC_5Y,2.76
2025-04-23,GoC_5Y,2.84
2025-04-24,GoC_5Y,2.79
2025-04-25,GoC_5Y,2.78
2025-04-28,GoC_5Y,2.76
2025-04-29,GoC_5Y,2.73
2025-04-30,GoC_5Y,2.67
2025-05-01,GoC_5Y,2.7
2025-05-02,GoC_5Y,2.77
2025-05-05,GoC_5Y,2.77
2025-05-06,GoC_5Y,2.75
2025-05-07,GoC_5Y,2.7
2025-05-08,GoC_5Y,2.81
2025-05-09,GoC_5Y,2.75
2025-05-12,GoC_5Y,2.8
2025-05-13,GoC_5Y,2.81
2025-05-14,GoC_5Y,2.84
2025-05-15,GoC_5Y,2.76
2025-05-16,GoC_5Y,2.77
2025-05-20,GoC_5Y,2.88
2025-05-21,GoC_5Y,2.97
2025-05-22,GoC_5Y,2.96
2025-05-23,GoC_5Y,2.93
2025-05-26,GoC_5Y,2.92
2025-05-27,GoC_5Y,2.87
2025-05-28,GoC_5Y,2.85
2025-05-29,GoC_5Y,2.82
2025-05-30,GoC_5Y,2.8
2025-06-02,GoC_5Y,2.82
2025-06-03,GoC_5Y,2.86
2025-06-04,GoC_5Y,2.84
2025-06-05,GoC_5Y,2.86
2025-06-06,GoC_5Y,2.96
2025-06-09,GoC_5Y,2.96
2025-06-10,GoC_5Y,2.94
2025-06-11,GoC_5Y,2.93
2025-06-12,GoC_5Y,2.92
2025-06-13,GoC_5Y,2.96
2025-06-16,GoC_5Y,2.99
2025-06-17,GoC_5Y,2.96
2025-06-18,GoC_5Y,2.93
2025-06-19,GoC_5Y,2.92
2025-06-20,GoC_5Y,2.89
2025-06-23,GoC_5Y,2.85
2025-06-24,GoC_5Y,2.85
2025-06-25,GoC_5Y,2.9
2025-06-26,GoC_5Y,2.87
2025-06-27,GoC_5Y,2.86
2025-06-30,GoC_5Y,2.83
2025-07-02,GoC_5Y,2.91
2025-07-03,GoC_5Y,2.94
2025-07-04,GoC_5Y,2.91
2025-07-07,GoC_5Y,2.94
2025-07-08,GoC_5Y,2.96
2025-07-09,GoC_5Y,2.92
2025-07-10,GoC_5Y,2.95
2025-07-11,GoC_5Y,3.03
2025-07-14,GoC_5Y,3.04
2025-07-15,GoC_5Y,3.13
2025-07-16,GoC_5Y,3.1
2025-07-17,GoC_5Y,3.1
2025-07-18,GoC_5Y,3.1
2025-07-21,GoC_5Y,3.06
2025-07-22,GoC_5Y,3.04
2025-07-23,GoC_5Y,3.1
2025-07-24,GoC_5Y,3.1
2025-07-25,GoC_5Y,3.07
2025-07-28,GoC_5Y,3.07
2025-07-29,GoC_5Y,3.03
2025-07-30,GoC_5Y,3.05
2025-07-31,GoC_5Y,3.01
2025-08-01,GoC_5Y,2.94
2025-08-05,GoC_5Y,2.94
2025-08-06,GoC_5Y,2.94
2025-08-07,GoC_5Y,2.94
2025-08-08,GoC_5Y,2.92
2025-08-11,GoC_5Y,2.93
2025-08-12,GoC_5Y,2.96
2025-08-13,GoC_5Y,2.93
2025-08-14,GoC_5Y,2.94
2025-08-15,GoC_5Y,2.98
2025-08-18,GoC_5Y,3.01
2025-08-19,GoC_5Y,2.96
2025-08-20,GoC_5Y,2.96
2025-08-21,GoC_5Y,2.99
2025-08-22,GoC_5Y,2.94
2025-08-25,GoC_5Y,2.98
2025-08-26,GoC_5Y,2.95
2025-08-27,GoC_5Y,2.95
2025-08-28,GoC_5Y,2.94
2025-08-29,GoC_5Y,2.88
2025-09-02,GoC_5Y,2.92
2025-09-03,GoC_5Y,2.87
2025-09-04,GoC_5Y,2.9
2025-09-05,GoC_5Y,2.82
2025-09-08,GoC_5Y,2.77
2025-09-09,GoC_5Y,2.79
2025-09-10,GoC_5Y,2.75
2025-09-11,GoC_5Y,2.74
2025-09-12,GoC_5Y,2.75
2025-09-15,GoC_5Y,2.73
2025-09-16,GoC_5Y,2.71
2025-09-17,GoC_5Y,2.75
2025-09-18,GoC_5Y,2.74
2025-09-19,GoC_5Y,2.74
2025-09-22,GoC_5Y,2.73
2025-09-23,GoC_5Y,2.73
2025-09-24,GoC_5Y,2.73
2025-09-25,GoC_5Y,2.77
2025-09-26,GoC_5Y,2.78
2025-09-29,GoC_5Y,2.74
2025-10-01,GoC_5Y,2.73
2025-10-02,GoC_5Y,2.72
2025-10-03,GoC_5Y,2.73
2025-10-06,GoC_5Y,2.75
2025-10-07,GoC_5Y,2.73
2025-10-08,GoC_5Y,2.74
2025-10-09,GoC_5Y,2.76
2025-10-10,GoC_5Y,2.74
2025-10-14,GoC_5Y,2.71
2025-10-15,GoC_5Y,2.69
2025-10-16,GoC_5Y,2.65
2025-10-17,GoC_5Y,2.65
2025-10-20,GoC_5Y,2.62
2025-10-21,GoC_5Y,2.65
2025-10-22,GoC_5Y,2.64
2025-10-23,GoC_5Y,2.66
2025-10-24,GoC_5Y,2.65
2025-10-27,GoC_5Y,2.62
2025-10-28,GoC_5Y,2.62
2025-10-29,GoC_5Y,2.73
2025-10-30,GoC_5Y,2.71
2025-10-31,GoC_5Y,2.7
2025-11-03,GoC_5Y,2.72
2025-11-04,GoC_5Y,2.73
2025-11-05,GoC_5Y,2.73
2025-11-06,GoC_5Y,2.67
2025-11-07,GoC_5Y,2.74
2025-11-10,GoC_5Y,2.75
2025-11-12,GoC_5Y,2.74
2025-11-13,GoC_5Y,2.77
2025-11-14,GoC_5Y,2.8
2025-11-17,GoC_5Y,2.81
2025-11-18,GoC_5Y,2.82
2025-11-19,GoC_5Y,2.82
2025-11-20,GoC_5Y,2.8
2025-11-21,GoC_5Y,2.77
2025-11-24,GoC_5Y,2.76
2025-11-25,GoC_5Y,2.73
2025-11-26,GoC_5Y,2.72
2025-11-27,GoC_5Y,2.71
2025-11-28,GoC_5Y,2.72
2025-12-01,GoC_5Y,2.81
2025-12-02,GoC_5Y,2.81
2025-12-03,GoC_5Y,2.77
2025-12-04,GoC_5Y,2.81
2025-12-05,GoC_5Y,3.01
2025-12-08,GoC_5Y,3.01
2025-12-09,GoC_5Y,3.07
2025-12-10,GoC_5Y,3.01
2025-12-11,GoC_5Y,3.0
2025-12-12,GoC_5Y,3.01
2025-12-15,GoC_5Y,2.98
2025-12-16,GoC_5Y,2.96
2025-12-17,GoC_5Y,2.98
2025-12-18,GoC_5Y,2.96
2025-12-19,GoC_5Y,2.99
2025-12-22,GoC_5Y,2.98
2025-12-23,GoC_5Y,2.94
2025-12-24,GoC_5Y,2.93
2025-12-29,GoC_5Y,2.92
2025-12-30,GoC_5Y,2.95
2025-12-31,GoC_5Y,2.96
2026-01-02,GoC_5Y,3.0
2026-01-05,GoC_5Y,2.94
2026-01-06,GoC_5Y,2.96
2026-01-07,GoC_5Y,2.93
2026-01-08,GoC_5Y,2.94
2026-01-09,GoC_5Y,2.92
2026-01-12,GoC_5Y,2.93
2026-01-13,GoC_5Y,2.93
2026-01-14,GoC_5Y,2.9
2026-01-15,GoC_5Y,2.89
2026-01-16,GoC_5Y,2.92
2026-01-19,GoC_5Y,2.91
2026-01-20,GoC_5Y,2.94
2026-01-21,GoC_5Y,2.95
2026-01-22,GoC_5Y,2.94
2026-01-23,GoC_5Y,2.95
2026-01-26,GoC_5Y,2.91
2026-01-27,GoC_5Y,2.94
2026-01-28,GoC_5Y,2.94
2026-01-29,GoC_5Y,2.93
2026-01-30,GoC_5Y,2.93
2026-02-02,GoC_5Y,2.94
2026-02-03,GoC_5Y,2.95
2026-02-04,GoC_5Y,2.94
2026-02-05,GoC_5Y,2.91
2026-02-06,GoC_5Y,2.91
2026-02-09,GoC_5Y,2.9
2026-02-10,GoC_5Y,2.89
2026-02-11,GoC_5Y,2.87
2026-02-12,GoC_5Y,2.82
2026-02-13,GoC_5Y,2.79
2026-02-17,GoC_5Y,2.76
2026-02-18,GoC_5Y,2.76
2026-02-19,GoC_5Y,2.75
2026-02-20,GoC_5Y,2.74
2026-02-23,GoC_5Y,2.72
2026-02-24,GoC_5Y,2.72
2026-02-25,GoC_5Y,2.74
2026-02-26,GoC_5Y,2.71
2026-02-27,GoC_5Y,2.67
2026-03-02,GoC_5Y,2.76
2026-03-03,GoC_5Y,2.79
2026-03-04,GoC_5Y,2.81
2026-03-05,GoC_5Y,2.89
2026-03-06,GoC_5Y,2.95
2026-03-09,GoC_5Y,2.91
2026-03-10,GoC_5Y,2.95
2026-03-11,GoC_5Y,3.03
2026-03-12,GoC_5Y,3.09
2026-03-13,GoC_5Y,3.07
2026-03-16,GoC_5Y,2.99
2026-03-17,GoC_5Y,2.95
2026-03-18,GoC_5Y,3.01
2026-03-19,GoC_5Y,3.05
2026-03-20,GoC_5Y,3.23
2026-03-23,GoC_5Y,3.17
2026-03-24,GoC_5Y,3.23
2026-03-25,GoC_5Y,3.12
2026-03-26,GoC_5Y,3.22
2026-03-27,GoC_5Y,3.21
2026-03-30,GoC_5Y,3.14
2026-03-31,GoC_5Y,3.09
2026-04-01,GoC_5Y,3.11
2026-04-02,GoC_5Y,3.1
2026-04-06,GoC_5Y,3.09
2026-04-07,GoC_5Y,3.12
2026-04-08,GoC_5Y,3.06
2026-04-09,GoC_5Y,3.07
2026-04-10,GoC_5Y,3.08
2026-04-13,GoC_5Y,3.07
2026-04-14,GoC_5Y,3.04
2026-04-15,GoC_5Y,3.08
2026-04-16,GoC_5Y,3.1
2026-04-17,GoC_5Y,3.04
2026-04-20,GoC_5Y,3.04
2026-04-21,GoC_5Y,3.1
2026-04-22,GoC_5Y,3.1
2026-04-23,GoC_5Y,3.11
2026-04-24,GoC_5Y,3.07
2026-04-27,GoC_5Y,3.11
2026-04-28,GoC_5Y,3.14
2026-04-29,GoC_5Y,3.26
2026-04-30,GoC_5Y,3.2
2026-05-01,GoC_5Y,3.18
2026-05-04,GoC_5Y,3.27
2026-05-05,GoC_5Y,3.26
2026-05-06,GoC_5Y,3.15
2026-05-07,GoC_5Y,3.18
2026-05-08,GoC_5Y,3.12
2026-05-11,GoC_5Y,3.19
2026-05-12,GoC_5Y,3.24
2026-05-13,GoC_5Y,3.23
2026-05-14,GoC_5Y,3.22
2026-05-15,GoC_5Y,3.36
2026-05-19,GoC_5Y,3.35
2026-05-20,GoC_5Y,3.23
2026-05-21,GoC_5Y,3.19
2026-05-22,GoC_5Y,3.2
2026-05-25,GoC_5Y,3.11
2026-05-26,GoC_5Y,3.12
2026-05-27,GoC_5Y,3.14
2026-05-28,GoC_5Y,3.1
2026-05-29,GoC_5Y,3.05
2026-06-01,GoC_5Y,3.08
2026-06-02,GoC_5Y,3.07
2026-06-03,GoC_5Y,3.08
2026-06-04,GoC_5Y,3.08
2026-06-05,GoC_5Y,3.14
2026-06-08,GoC_5Y,3.18
2026-06-09,GoC_5Y,3.15
2026-06-10,GoC_5Y,3.13
2026-06-11,GoC_5Y,3.05
2026-06-12,GoC_5Y,3.04
2026-06-15,GoC_5Y,3.04
2026-06-16,GoC_5Y,3.03
2026-06-17,GoC_5Y,3.08
2026-06-18,GoC_5Y,3.04
2026-06-19,GoC_5Y,3.04
2026-06-22,GoC_5Y,3.09
2026-06-23,GoC_5Y,3.06
2026-06-24,GoC_5Y,2.99
2026-06-25,GoC_5Y,3.02
2026-06-26,GoC_5Y,3.02
2026-06-29,GoC_5Y,3.0
2026-06-30,GoC_5Y,3.01
2026-07-02,GoC_5Y,3.06
2026-07-03,GoC_5Y,3.06
2026-07-06,GoC_5Y,3.03
2026-07-07,GoC_5Y,3.11
2026-07-08,GoC_5Y,3.18
2026-07-09,GoC_5Y,3.12
2026-07-10,GoC_5Y,3.13
2026-07-13,GoC_5Y,3.19
2026-07-14,GoC_5Y,3.18
2026-07-15,GoC_5Y,3.14
2026-07-16,GoC_5Y,3.15
2026-07-17,GoC_5Y,3.18
2026-07-20,GoC_5Y,3.18
2026-07-21,GoC_5Y,3.16
2026-07-22,GoC_5Y,3.22
2026-07-23,GoC_5Y,3.28
2026-07-24,GoC_5Y,3.22
2026-07-27,GoC_5Y,3.19
2026-07-28,GoC_5Y,3.16
2026-07-29,GoC_5Y,3.19
2026-07-30,GoC_5Y,3.19
2026-07-31,GoC_5Y,3.27
2026-08-04,GoC_5Y,3.17
2026-08-05,GoC_5Y,3.17
2026-08-06,GoC_5Y,3.22
2026-08-07,GoC_5Y,3.26
2026-08-10,GoC_5Y,3.34
2026-08-11,GoC_5Y,3.32
2026-08-12,GoC_5Y,3.3
2026-08-13,GoC_5Y,3.23
2026-08-14,GoC_5Y,3.28
2026-08-17,GoC_5Y,3.31
2026-08-18,GoC_5Y,3.29
2026-08-19,GoC_5Y,3.3
2026-08-20,GoC_5Y,3.35
2026-08-21,GoC_5Y,3.36
2026-08-24,GoC_5Y,3.28
2026-08-25,GoC_5Y,3.22
2026-08-26,GoC_5Y,3.26
2026-08-27,GoC_5Y,3.3
2026-08-28,GoC_5Y,3.34
2026-08-31,GoC_5Y,3.33
2026-09-01,GoC_5Y,3.35
2026-09-02,GoC_5Y,3.42
2026-09-03,GoC_5Y,3.41
2026-09-04,GoC_5Y,3.4
2026-09-08,GoC_5Y,3.44
2026-09-09,GoC_5Y,3.48
2026-09-10,GoC_5Y,3.63
2026-09-11,GoC_5Y,3.65
2026-09-14,GoC_5Y,3.65
2026-09-15,GoC_5Y,3.65
2026-09-16,GoC_5Y,3.64
2026-09-17,GoC_5Y,3.54
2026-09-18,GoC_5Y,3.59
2026-09-21,GoC_5Y,3.57
2026-09-22,GoC_5Y,3.54
2026-09-23,GoC_5Y,3.69
2026-09-24,GoC_5Y,3.69
2026-09-25,GoC_5Y,3.65
2026-09-28,GoC_5Y,3.68
2026-09-29,GoC_5Y,3.69
2026-10-01,GoC_5Y,3.62
2026-10-02,GoC_5Y,3.6
2009-04-21,OvernightTarget,0.25
2009-04-22,OvernightTarget,0.25
2009-04-23,OvernightTarget,0.25
2009-04-24,OvernightTarget,0.25
2009-04-27,OvernightTarget,0.25
2009-04-28,OvernightTarget,0.25
2009-04-29,OvernightTarget,0.25
2009-04-30,OvernightTarget,0.25
2009-05-01,OvernightTarget,0.25
2009-05-04,OvernightTarget,0.25
2009-05-05,OvernightTarget,0.25
2009-05-06,OvernightTarget,0.25
2009-05-07,OvernightTarget,0.25
2009-05-08,OvernightTarget,0.25
2009-05-11,OvernightTarget,0.25
2009-05-12,OvernightTarget,0.25
2009-05-13,OvernightTarget,0.25
2009-05-14,OvernightTarget,0.25
2009-05-15,OvernightTarget,0.25
2009-05-18,OvernightTarget,0.25
2009-05-19,OvernightTarget,0.25
2009-05-20,OvernightTarget,0.25
2009-05-21,OvernightTarget,0.25
2009-05-22,OvernightTarget,0.25
2009-05-25,OvernightTarget,0.25
2009-05-26,OvernightTarget,0.25
2009-05-27,OvernightTarget,0.25
2009-05-28,OvernightTarget,0.25
2009-05-29,OvernightTarget,0.25
2009-06-01,OvernightTarget,0.25
2009-06-02,OvernightTarget,0.25
2009-06-03,OvernightTarget,0.25
2009-06-04,OvernightTarget,0.25
2009-06-05,OvernightTarget,0.25
2009-06-08,OvernightTarget,0.25
2009-06-09,OvernightTarget,0.25
2009-06-10,OvernightTarget,0.25
2009-06-11,OvernightTarget,0.25
2009-06-12,OvernightTarget,0.25
2009-06-15,OvernightTarget,0.25
2009-06-16,OvernightTarget,0.25
2009-06-17,OvernightTarget,0.25
2009-06-18,OvernightTarget,0.25
2009-06-19,OvernightTarget,0.25
2009-06-22,OvernightTarget,0.25
2009-06-23,OvernightTarget,0.25
2009-06-24,OvernightTarget,0.25
2009-06-25,OvernightTarget,0.25
2009-06-26,OvernightTarget,0.25
2009-06-29,OvernightTarget,0.25
2009-06-30,OvernightTarget,0.25
2009-07-01,OvernightTarget,0.25
2009-07-02,OvernightTarget,0.25
2009-07-03,OvernightTarget,0.25
2009-07-06,OvernightTarget,0.25
2009-07-07,OvernightTarget,0.25
2009-07-08,OvernightTarget,0.25
2009-07-09,OvernightTarget,0.25
2009-07-10,OvernightTarget,0.25
2009-07-13,OvernightTarget,0.25
2009-07-14,OvernightTarget,0.25
2009-07-15,OvernightTarget,0.25
2009-07-16,OvernightTarget,0.25
2009-07-17,OvernightTarget,0.25
2009-07-20,OvernightTarget,0.25
2009-07-21,OvernightTarget,0.25
2009-07-22,OvernightTarget,0.25
2009-07-23,OvernightTarget,0.25
2009-07-24,OvernightTarget,0.25
2009-07-27,OvernightTarget,0.25
2009-07-28,OvernightTarget,0.25
2009-07-29,OvernightTarget,0.25
2009-07-30,OvernightTarget,0.25
2009-07-31,OvernightTarget,0.25
2009-08-03,OvernightTarget,0.25
2009-08-04,OvernightTarget,0.25
2009-08-05,OvernightTarget,0.25
2009-08-06,OvernightTarget,0.25
2009-08-07,OvernightTarget,0.25
2009-08-10,OvernightTarget,0.25
2009-08-11,OvernightTarget,0.25
2009-08-12,OvernightTarget,0.25
2009-08-13,OvernightTarget,0.25
2009-08-14,OvernightTarget,0.25
2009-08-17,OvernightTarget,0.25
2009-08-18,OvernightTarget,0.25
2009-08-19,OvernightTarget,0.25
2009-08-20,OvernightTarget,0.25
2009-08-21,OvernightTarget,0.25
2009-08-24,OvernightTarget,0.25
2009-08-25,OvernightTarget,0.25
2009-08-26,OvernightTarget,0.25
2009-08-27,OvernightTarget,0.25
2009-08-28,OvernightTarget,0.25
2009-08-31,OvernightTarget,0.25
2009-09-01,OvernightTarget,0.25
2009-09-02,OvernightTarget,0.25
2009-09-03,OvernightTarget,0.25
2009-09-04,OvernightTarget,0.25
2009-09-07,OvernightTarget,0.25
2009-09-08,OvernightTarget,0.25
2009-09-09,OvernightTarget,0.25
2009-09-10,OvernightTarget,0.25
2009-09-11,OvernightTarget,0.25
2009-09-14,OvernightTarget,0.25
2009-09-15,OvernightTarget,0.25
2009-09-16,OvernightTarget,0.25
2009-09-17,OvernightTarget,0.25
2009-09-18,OvernightTarget,0.25
2009-09-21,OvernightTarget,0.25
2009-09-22,OvernightTarget,0.25
2009-09-23,OvernightTarget,0.25
2009-09-24,OvernightTarget,0.25
2009-09-25,OvernightTarget,0.25
2009-09-28,OvernightTarget,0.25
2009-09-29,OvernightTarget,0.25
2009-09-30,OvernightTarget,0.25
2009-10-01,OvernightTarget,0.25
2009-10-02,OvernightTarget,0.25
2009-10-05,OvernightTarget,0.25
2009-10-06,OvernightTarget,0.25
2009-10-07,OvernightTarget,0.25
2009-10-08,OvernightTarget,0.25
2009-10-09,OvernightTarget,0.25
2009-10-12,OvernightTarget,0.25
2009-10-13,OvernightTarget,0.25
2009-10-14,OvernightTarget,0.25
2009-10-15,OvernightTarget,0.25
2009-10-16,OvernightTarget,0.25
2009-10-19,OvernightTarget,0.25
2009-10-20,OvernightTarget,0.25
2009-10-21,OvernightTarget,0.25
2009-10-22,OvernightTarget,0.25
2009-10-23,OvernightTarget,0.25
2009-10-26,OvernightTarget,0.25
2009-10-27,OvernightTarget,0.25
2009-10-28,OvernightTarget,0.25
2009-10-29,OvernightTarget,0.25
2009-10-30,OvernightTarget,0.25
2009-11-02,OvernightTarget,0.25
2009-11-03,OvernightTarget,0.25
2009-11-04,OvernightTarget,0.25
2009-11-05,OvernightTarget,0.25
2009-11-06,OvernightTarget,0.25
2009-11-09,OvernightTarget,0.25
2009-11-10,OvernightTarget,0.25
2009-11-11,OvernightTarget,0.25
2009-11-12,OvernightTarget,0.25
2009-11-13,OvernightTarget,0.25
2009-11-16,OvernightTarget,0.25
2009-11-17,OvernightTarget,0.25
2009-11-18,OvernightTarget,0.25
2009-11-19,OvernightTarget,0.25
2009-11-20,OvernightTarget,0.25
2009-11-23,OvernightTarget,0.25
2009-11-24,OvernightTarget,0.25
2009-11-25,OvernightTarget,0.25
2009-11-26,OvernightTarget,0.25
2009-11-27,OvernightTarget,0.25
2009-11-30,OvernightTarget,0.25
2009-12-01,OvernightTarget,0.25
2009-12-02,OvernightTarget,0.25
2009-12-03,OvernightTarget,0.25
2009-12-04,OvernightTarget,0.25
2009-12-07,OvernightTarget,0.25
2009-12-08,OvernightTarget,0.25
2009-12-09,OvernightTarget,0.25
2009-12-10,OvernightTarget,0.25
2009-12-11,OvernightTarget,0.25
2009-12-14,OvernightTarget,0.25
2009-12-15,OvernightTarget,0.25
2009-12-16,OvernightTarget,0.25
2009-12-17,OvernightTarget,0.25
2009-12-18,OvernightTarget,0.25
2009-12-21,OvernightTarget,0.25
2009-12-22,OvernightTarget,0.25
2009-12-23,OvernightTarget,0.25
2009-12-24,OvernightTarget,0.25
2009-12-25,OvernightTarget,0.25
2009-12-28,OvernightTarget,0.25
2009-12-29,OvernightTarget,0.25
2009-12-30,OvernightTarget,0.25
2009-12-31,OvernightTarget,0.25
2010-01-01,OvernightTarget,0.25
2010-01-04,OvernightTarget,0.25
2010-01-05,OvernightTarget,0.25
2010-01-06,OvernightTarget,0.25
2010-01-07,OvernightTarget,0.25
2010-01-08,OvernightTarget,0.25
2010-01-11,OvernightTarget,0.25
2010-01-12,OvernightTarget,0.25
2010-01-13,OvernightTarget,0.25
2010-01-14,OvernightTarget,0.25
2010-01-15,OvernightTarget,0.25
2010-01-18,OvernightTarget,0.25
2010-01-19,OvernightTarget,0.25
2010-01-20,OvernightTarget,0.25
2010-01-21,OvernightTarget,0.25
2010-01-22,OvernightTarget,0.25
2010-01-25,OvernightTarget,0.25
2010-01-26,OvernightTarget,0.25
2010-01-27,OvernightTarget,0.25
2010-01-28,OvernightTarget,0.25
2010-01-29,OvernightTarget,0.25
2010-02-01,OvernightTarget,0.25
2010-02-02,OvernightTarget,0.25
2010-02-03,OvernightTarget,0.25
2010-02-04,OvernightTarget,0.25
2010-02-05,OvernightTarget,0.25
2010-02-08,OvernightTarget,0.25
2010-02-09,OvernightTarget,0.25
2010-02-10,OvernightTarget,0.25
2010-02-11,OvernightTarget,0.25
2010-02-12,OvernightTarget,0.25
2010-02-15,OvernightTarget,0.25
2010-02-16,OvernightTarget,0.25
2010-02-17,OvernightTarget,0.25
2010-02-18,OvernightTarget,0.25
2010-02-19,OvernightTarget,0.25
2010-02-22,OvernightTarget,0.25
2010-02-23,OvernightTarget,0.25
2010-02-24,OvernightTarget,0.25
2010-02-25,OvernightTarget,0.25
2010-02-26,OvernightTarget,0.25
2010-03-01,OvernightTarget,0.25
2010-03-02,OvernightTarget,0.25
2010-03-03,OvernightTarget,0.25
2010-03-04,OvernightTarget,0.25
2010-03-05,OvernightTarget,0.25
2010-03-08,OvernightTarget,0.25
2010-03-09,OvernightTarget,0.25
2010-03-10,OvernightTarget,0.25
2010-03-11,OvernightTarget,0.25
2010-03-12,OvernightTarget,0.25
2010-03-15,OvernightTarget,0.25
2010-03-16,OvernightTarget,0.25
2010-03-17,OvernightTarget,0.25
2010-03-18,OvernightTarget,0.25
2010-03-19,OvernightTarget,0.25
2010-03-22,OvernightTarget,0.25
2010-03-23,OvernightTarget,0.25
2010-03-24,OvernightTarget,0.25
2010-03-25,OvernightTarget,0.25
2010-03-26,OvernightTarget,0.25
2010-03-29,OvernightTarget,0.25
2010-03-30,OvernightTarget,0.25
2010-03-31,OvernightTarget,0.25
2010-04-01,OvernightTarget,0.25
2010-04-02,OvernightTarget,0.25
2010-04-05,OvernightTarget,0.25
2010-04-06,OvernightTarget,0.25
2010-04-07,OvernightTarget,0.25
2010-04-08,OvernightTarget,0.25
2010-04-09,OvernightTarget,0.25
2010-04-12,OvernightTarget,0.25
2010-04-13,OvernightTarget,0.25
2010-04-14,OvernightTarget,0.25
2010-04-15,OvernightTarget,0.25
2010-04-16,OvernightTarget,0.25
2010-04-19,OvernightTarget,0.25
2010-04-20,OvernightTarget,0.25
2010-04-21,OvernightTarget,0.25
2010-04-22,OvernightTarget,0.25
2010-04-23,OvernightTarget,0.25
2010-04-26,OvernightTarget,0.25
2010-04-27,OvernightTarget,0.25
2010-04-28,OvernightTarget,0.25
2010-04-29,OvernightTarget,0.25
2010-04-30,OvernightTarget,0.25
2010-05-03,OvernightTarget,0.25
2010-05-04,OvernightTarget,0.25
2010-05-05,OvernightTarget,0.25
2010-05-06,OvernightTarget,0.25
2010-05-07,OvernightTarget,0.25
2010-05-10,OvernightTarget,0.25
2010-05-11,OvernightTarget,0.25
2010-05-12,OvernightTarget,0.25
2010-05-13,OvernightTarget,0.25
2010-05-14,OvernightTarget,0.25
2010-05-17,OvernightTarget,0.25
2010-05-18,OvernightTarget,0.25
2010-05-19,OvernightTarget,0.25
2010-05-20,OvernightTarget,0.25
2010-05-21,OvernightTarget,0.25
2010-05-24,OvernightTarget,0.25
2010-05-25,OvernightTarget,0.25
2010-05-26,OvernightTarget,0.25
2010-05-27,OvernightTarget,0.25
2010-05-28,OvernightTarget,0.25
2010-05-31,OvernightTarget,0.25
2010-06-01,OvernightTarget,0.5
2010-06-02,OvernightTarget,0.5
2010-06-03,OvernightTarget,0.5
2010-06-04,OvernightTarget,0.5
2010-06-07,OvernightTarget,0.5
2010-06-08,OvernightTarget,0.5
2010-06-09,OvernightTarget,0.5
2010-06-10,OvernightTarget,0.5
2010-06-11,OvernightTarget,0.5
2010-06-14,OvernightTarget,0.5
2010-06-15,OvernightTarget,0.5
2010-06-16,OvernightTarget,0.5
2010-06-17,OvernightTarget,0.5
2010-06-18,OvernightTarget,0.5
2010-06-21,OvernightTarget,0.5
2010-06-22,OvernightTarget,0.5
2010-06-23,OvernightTarget,0.5
2010-06-24,OvernightTarget,0.5
2010-06-25,OvernightTarget,0.5
2010-06-28,OvernightTarget,0.5
2010-06-29,OvernightTarget,0.5
2010-06-30,OvernightTarget,0.5
2010-07-01,OvernightTarget,0.5
2010-07-02,OvernightTarget,0.5
2010-07-05,OvernightTarget,0.5
2010-07-06,OvernightTarget,0.5
2010-07-07,OvernightTarget,0.5
2010-07-08,OvernightTarget,0.5
2010-07-09,OvernightTarget,0.5
2010-07-12,OvernightTarget,0.5
2010-07-13,OvernightTarget,0.5
2010-07-14,OvernightTarget,0.5
2010-07-15,OvernightTarget,0.5
2010-07-16,OvernightTarget,0.5
2010-07-19,OvernightTarget,0.5
2010-07-20,OvernightTarget,0.75
2010-07-21,OvernightTarget,0.75
2010-07-22,OvernightTarget,0.75
2010-07-23,OvernightTarget,0.75
2010-07-26,OvernightTarget,0.75
2010-07-27,OvernightTarget,0.75
2010-07-28,OvernightTarget,0.75
2010-07-29,OvernightTarget,0.75
2010-07-30,OvernightTarget,0.75
2010-08-02,OvernightTarget,0.75
2010-08-03,OvernightTarget,0.75
2010-08-04,OvernightTarget,0.75
2010-08-05,OvernightTarget,0.75
2010-08-06,OvernightTarget,0.75
2010-08-09,OvernightTarget,0.75
2010-08-10,OvernightTarget,0.75
2010-08-11,OvernightTarget,0.75
2010-08-12,OvernightTarget,0.75
2010-08-13,OvernightTarget,0.75
2010-08-16,OvernightTarget,0.75
2010-08-17,OvernightTarget,0.75
2010-08-18,OvernightTarget,0.75
2010-08-19,OvernightTarget,0.75
2010-08-20,OvernightTarget,0.75
2010-08-23,OvernightTarget,0.75
2010-08-24,OvernightTarget,0.75
2010-08-25,OvernightTarget,0.75
2010-08-26,OvernightTarget,0.75
2010-08-27,OvernightTarget,0.75
2010-08-30,OvernightTarget,0.75
2010-08-31,OvernightTarget,0.75
2010-09-01,OvernightTarget,0.75
2010-09-02,OvernightTarget,0.75
2010-09-03,OvernightTarget,0.75
2010-09-06,OvernightTarget,0.75
2010-09-07,OvernightTarget,0.75
2010-09-08,OvernightTarget,1.0
2010-09-09,OvernightTarget,1.0
2010-09-10,OvernightTarget,1.0
2010-09-13,OvernightTarget,1.0
2010-09-14,OvernightTarget,1.0
2010-09-15,OvernightTarget,1.0
2010-09-16,OvernightTarget,1.0
2010-09-17,OvernightTarget,1.0
2010-09-20,OvernightTarget,1.0
2010-09-21,OvernightTarget,1.0
2010-09-22,OvernightTarget,1.0
2010-09-23,OvernightTarget,1.0
2010-09-24,OvernightTarget,1.0
2010-09-27,OvernightTarget,1.0
2010-09-28,OvernightTarget,1.0
2010-09-29,OvernightTarget,1.0
2010-09-30,OvernightTarget,1.0
2010-10-01,OvernightTarget,1.0
2010-10-04,OvernightTarget,1.0
2010-10-05,OvernightTarget,1.0
2010-10-06,OvernightTarget,1.0
2010-10-07,OvernightTarget,1.0
2010-10-08,OvernightTarget,1.0
2010-10-11,OvernightTarget,1.0
2010-10-12,OvernightTarget,1.0
2010-10-13,OvernightTarget,1.0
2010-10-14,OvernightTarget,1.0
2010-10-15,OvernightTarget,1.0
2010-10-18,OvernightTarget,1.0
2010-10-19,OvernightTarget,1.0
2010-10-20,OvernightTarget,1.0
2010-10-21,OvernightTarget,1.0
2010-10-22,OvernightTarget,1.0
2010-10-25,OvernightTarget,1.0
2010-10-26,OvernightTarget,1.0
2010-10-27,OvernightTarget,1.0
2010-10-28,OvernightTarget,1.0
2010-10-29,OvernightTarget,1.0
2010-11-01,OvernightTarget,1.0
2010-11-02,OvernightTarget,1.0
2010-11-03,OvernightTarget,1.0
2010-11-04,OvernightTarget,1.0
2010-11-05,OvernightTarget,1.0
2010-11-08,OvernightTarget,1.0
2010-11-09,OvernightTarget,1.0
2010-11-10,OvernightTarget,1.0
2010-11-11,OvernightTarget,1.0
2010-11-12,OvernightTarget,1.0
2010-11-15,OvernightTarget,1.0
2010-11-16,OvernightTarget,1.0
2010-11-17,OvernightTarget,1.0
2010-11-18,OvernightTarget,1.0
2010-11-19,OvernightTarget,1.0
2010-11-22,OvernightTarget,1.0
2010-11-23,OvernightTarget,1.0
2010-11-24,OvernightTarget,1.0
2010-11-25,OvernightTarget,1.0
2010-11-26,OvernightTarget,1.0
2010-11-29,OvernightTarget,1.0
2010-11-30,OvernightTarget,1.0
2010-12-01,OvernightTarget,1.0
2010-12-02,OvernightTarget,1.0
2010-12-03,OvernightTarget,1.0
2010-12-06,OvernightTarget,1.0
2010-12-07,OvernightTarget,1.0
2010-12-08,OvernightTarget,1.0
2010-12-09,OvernightTarget,1.0
2010-12-10,OvernightTarget,1.0
2010-12-13,OvernightTarget,1.0
2010-12-14,OvernightTarget,1.0
2010-12-15,OvernightTarget,1.0
2010-12-16,OvernightTarget,1.0
2010-12-17,OvernightTarget,1.0
2010-12-20,OvernightTarget,1.0
2010-12-21,OvernightTarget,1.0
2010-12-22,OvernightTarget,1.0
2010-12-23,OvernightTarget,1.0
2010-12-24,OvernightTarget,1.0
2010-12-27,OvernightTarget,1.0
2010-12-28,OvernightTarget,1.0
2010-12-29,OvernightTarget,1.0
2010-12-30,OvernightTarget,1.0
2010-12-31,OvernightTarget,1.0
2011-01-03,OvernightTarget,1.0
2011-01-04,OvernightTarget,1.0
2011-01-05,OvernightTarget,1.0
2011-01-06,OvernightTarget,1.0
2011-01-07,OvernightTarget,1.0
2011-01-10,OvernightTarget,1.0
2011-01-11,OvernightTarget,1.0
2011-01-12,OvernightTarget,1.0
2011-01-13,OvernightTarget,1.0
2011-01-14,OvernightTarget,1.0
2011-01-17,OvernightTarget,1.0
2011-01-18,OvernightTarget,1.0
2011-01-19,OvernightTarget,1.0
2011-01-20,OvernightTarget,1.0
2011-01-21,OvernightTarget,1.0
2011-01-24,OvernightTarget,1.0
2011-01-25,OvernightTarget,1.0
2011-01-26,OvernightTarget,1.0
2011-01-27,OvernightTarget,1.0
2011-01-28,OvernightTarget,1.0
2011-01-31,OvernightTarget,1.0
2011-02-01,OvernightTarget,1.0
2011-02-02,OvernightTarget,1.0
2011-02-03,OvernightTarget,1.0
2011-02-04,OvernightTarget,1.0
2011-02-07,OvernightTarget,1.0
2011-02-08,OvernightTarget,1.0
2011-02-09,OvernightTarget,1.0
2011-02-10,OvernightTarget,1.0
2011-02-11,OvernightTarget,1.0
2011-02-14,OvernightTarget,1.0
2011-02-15,OvernightTarget,1.0
2011-02-16,OvernightTarget,1.0
2011-02-17,OvernightTarget,1.0
2011-02-18,OvernightTarget,1.0
2011-02-21,OvernightTarget,1.0
2011-02-22,OvernightTarget,1.0
2011-02-23,OvernightTarget,1.0
2011-02-24,OvernightTarget,1.0
2011-02-25,OvernightTarget,1.0
2011-02-28,OvernightTarget,1.0
2011-03-01,OvernightTarget,1.0
2011-03-02,OvernightTarget,1.0
2011-03-03,OvernightTarget,1.0
2011-03-04,OvernightTarget,1.0
2011-03-07,OvernightTarget,1.0
2011-03-08,OvernightTarget,1.0
2011-03-09,OvernightTarget,1.0
2011-03-10,OvernightTarget,1.0
2011-03-11,OvernightTarget,1.0
2011-03-14,OvernightTarget,1.0
2011-03-15,OvernightTarget,1.0
2011-03-16,OvernightTarget,1.0
2011-03-17,OvernightTarget,1.0
2011-03-18,OvernightTarget,1.0
2011-03-21,OvernightTarget,1.0
2011-03-22,OvernightTarget,1.0
2011-03-23,OvernightTarget,1.0
2011-03-24,OvernightTarget,1.0
2011-03-25,OvernightTarget,1.0
2011-03-28,OvernightTarget,1.0
2011-03-29,OvernightTarget,1.0
2011-03-30,OvernightTarget,1.0
2011-03-31,OvernightTarget,1.0
2011-04-01,OvernightTarget,1.0
2011-04-04,OvernightTarget,1.0
2011-04-05,OvernightTarget,1.0
2011-04-06,OvernightTarget,1.0
2011-04-07,OvernightTarget,1.0
2011-04-08,OvernightTarget,1.0
2011-04-11,OvernightTarget,1.0
2011-04-12,OvernightTarget,1.0
2011-04-13,OvernightTarget,1.0
2011-04-14,OvernightTarget,1.0
2011-04-15,OvernightTarget,1.0
2011-04-18,OvernightTarget,1.0
2011-04-19,OvernightTarget,1.0
2011-04-20,OvernightTarget,1.0
2011-04-21,OvernightTarget,1.0
2011-04-22,OvernightTarget,1.0
2011-04-25,OvernightTarget,1.0
2011-04-26,OvernightTarget,1.0
2011-04-27,OvernightTarget,1.0
2011-04-28,OvernightTarget,1.0
2011-04-29,OvernightTarget,1.0
2011-05-02,OvernightTarget,1.0
2011-05-03,OvernightTarget,1.0
2011-05-04,OvernightTarget,1.0
2011-05-05,OvernightTarget,1.0
2011-05-06,OvernightTarget,1.0
2011-05-09,OvernightTarget,1.0
2011-05-10,OvernightTarget,1.0
2011-05-11,OvernightTarget,1.0
2011-05-12,OvernightTarget,1.0
2011-05-13,OvernightTarget,1.0
2011-05-16,OvernightTarget,1.0
2011-05-17,OvernightTarget,1.0
2011-05-18,OvernightTarget,1.0
2011-05-19,OvernightTarget,1.0
2011-05-20,OvernightTarget,1.0
2011-05-23,OvernightTarget,1.0
2011-05-24,OvernightTarget,1.0
2011-05-25,OvernightTarget,1.0
2011-05-26,OvernightTarget,1.0
2011-05-27,OvernightTarget,1.0
2011-05-30,OvernightTarget,1.0
2011-05-31,OvernightTarget,1.0
2011-06-01,OvernightTarget,1.0
2011-06-02,OvernightTarget,1.0
2011-06-03,OvernightTarget,1.0
2011-06-06,OvernightTarget,1.0
2011-06-07,OvernightTarget,1.0
2011-06-08,OvernightTarget,1.0
2011-06-09,OvernightTarget,1.0
2011-06-10,OvernightTarget,1.0
2011-06-13,OvernightTarget,1.0
2011-06-14,OvernightTarget,1.0
2011-06-15,OvernightTarget,1.0
2011-06-16,OvernightTarget,1.0
2011-06-17,OvernightTarget,1.0
2011-06-20,OvernightTarget,1.0
2011-06-21,OvernightTarget,1.0
2011-06-22,OvernightTarget,1.0
2011-06-23,OvernightTarget,1.0
2011-06-24,OvernightTarget,1.0
2011-06-27,OvernightTarget,1.0
2011-06-28,OvernightTarget,1.0
2011-06-29,OvernightTarget,1.0
2011-06-30,OvernightTarget,1.0
2011-07-01,OvernightTarget,1.0
2011-07-04,OvernightTarget,1.0
2011-07-05,OvernightTarget,1.0
2011-07-06,OvernightTarget,1.0
2011-07-07,OvernightTarget,1.0
2011-07-08,OvernightTarget,1.0
2011-07-11,OvernightTarget,1.0
2011-07-12,OvernightTarget,1.0
2011-07-13,OvernightTarget,1.0
2011-07-14,OvernightTarget,1.0
2011-07-15,OvernightTarget,1.0
2011-07-18,OvernightTarget,1.0
2011-07-19,OvernightTarget,1.0
2011-07-20,OvernightTarget,1.0
2011-07-21,OvernightTarget,1.0
2011-07-22,OvernightTarget,1.0
2011-07-25,OvernightTarget,1.0
2011-07-26,OvernightTarget,1.0
2011-07-27,OvernightTarget,1.0
2011-07-28,OvernightTarget,1.0
2011-07-29,OvernightTarget,1.0
2011-08-01,OvernightTarget,1.0
2011-08-02,OvernightTarget,1.0
2011-08-03,OvernightTarget,1.0
2011-08-04,OvernightTarget,1.0
2011-08-05,OvernightTarget,1.0
2011-08-08,OvernightTarget,1.0
2011-08-09,OvernightTarget,1.0
2011-08-10,OvernightTarget,1.0
2011-08-11,OvernightTarget,1.0
2011-08-12,OvernightTarget,1.0
2011-08-15,OvernightTarget,1.0
2011-08-16,OvernightTarget,1.0
2011-08-17,OvernightTarget,1.0
2011-08-18,OvernightTarget,1.0
2011-08-19,OvernightTarget,1.0
2011-08-22,OvernightTarget,1.0
2011-08-23,OvernightTarget,1.0
2011-08-24,OvernightTarget,1.0
2011-08-25,OvernightTarget,1.0
2011-08-26,OvernightTarget,1.0
2011-08-29,OvernightTarget,1.0
2011-08-30,OvernightTarget,1.0
2011-08-31,OvernightTarget,1.0
2011-09-01,OvernightTarget,1.0
2011-09-02,OvernightTarget,1.0
2011-09-05,OvernightTarget,1.0
2011-09-06,OvernightTarget,1.0
2011-09-07,OvernightTarget,1.0
2011-09-08,OvernightTarget,1.0
2011-09-09,OvernightTarget,1.0
2011-09-12,OvernightTarget,1.0
2011-09-13,OvernightTarget,1.0
2011-09-14,OvernightTarget,1.0
2011-09-15,OvernightTarget,1.0
2011-09-16,OvernightTarget,1.0
2011-09-19,OvernightTarget,1.0
2011-09-20,OvernightTarget,1.0
2011-09-21,OvernightTarget,1.0
2011-09-22,OvernightTarget,1.0
2011-09-23,OvernightTarget,1.0
2011-09-26,OvernightTarget,1.0
2011-09-27,OvernightTarget,1.0
2011-09-28,OvernightTarget,1.0
2011-09-29,OvernightTarget,1.0
2011-09-30,OvernightTarget,1.0
2011-10-03,OvernightTarget,1.0
2011-10-04,OvernightTarget,1.0
2011-10-05,OvernightTarget,1.0
2011-10-06,OvernightTarget,1.0
2011-10-07,OvernightTarget,1.0
2011-10-10,OvernightTarget,1.0
2011-10-11,OvernightTarget,1.0
2011-10-12,OvernightTarget,1.0
2011-10-13,OvernightTarget,1.0
2011-10-14,OvernightTarget,1.0
2011-10-17,OvernightTarget,1.0
2011-10-18,OvernightTarget,1.0
2011-10-19,OvernightTarget,1.0
2011-10-20,OvernightTarget,1.0
2011-10-21,OvernightTarget,1.0
2011-10-24,OvernightTarget,1.0
2011-10-25,OvernightTarget,1.0
2011-10-26,OvernightTarget,1.0
2011-10-27,OvernightTarget,1.0
2011-10-28,OvernightTarget,1.0
2011-10-31,OvernightTarget,1.0
2011-11-01,OvernightTarget,1.0
2011-11-02,OvernightTarget,1.0
2011-11-03,OvernightTarget,1.0
2011-11-04,OvernightTarget,1.0
2011-11-07,OvernightTarget,1.0
2011-11-08,OvernightTarget,1.0
2011-11-09,OvernightTarget,1.0
2011-11-10,OvernightTarget,1.0
2011-11-11,OvernightTarget,1.0
2011-11-14,OvernightTarget,1.0
2011-11-15,OvernightTarget,1.0
2011-11-16,OvernightTarget,1.0
2011-11-17,OvernightTarget,1.0
2011-11-18,OvernightTarget,1.0
2011-11-21,OvernightTarget,1.0
2011-11-22,OvernightTarget,1.0
2011-11-23,OvernightTarget,1.0
2011-11-24,OvernightTarget,1.0
2011-11-25,OvernightTarget,1.0
2011-11-28,OvernightTarget,1.0
2011-11-29,OvernightTarget,1.0
2011-11-30,OvernightTarget,1.0
2011-12-01,OvernightTarget,1.0
2011-12-02,OvernightTarget,1.0
2011-12-05,OvernightTarget,1.0
2011-12-06,OvernightTarget,1.0
2011-12-07,OvernightTarget,1.0
2011-12-08,OvernightTarget,1.0
2011-12-09,OvernightTarget,1.0
2011-12-12,OvernightTarget,1.0
2011-12-13,OvernightTarget,1.0
2011-12-14,OvernightTarget,1.0
2011-12-15,OvernightTarget,1.0
2011-12-16,OvernightTarget,1.0
2011-12-19,OvernightTarget,1.0
2011-12-20,OvernightTarget,1.0
2011-12-21,OvernightTarget,1.0
2011-12-22,OvernightTarget,1.0
2011-12-23,OvernightTarget,1.0
2011-12-26,OvernightTarget,1.0
2011-12-27,OvernightTarget,1.0
2011-12-28,OvernightTarget,1.0
2011-12-29,OvernightTarget,1.0
2011-12-30,OvernightTarget,1.0
2012-01-02,OvernightTarget,1.0
2012-01-03,OvernightTarget,1.0
2012-01-04,OvernightTarget,1.0
2012-01-05,OvernightTarget,1.0
2012-01-06,OvernightTarget,1.0
2012-01-09,OvernightTarget,1.0
2012-01-10,OvernightTarget,1.0
2012-01-11,OvernightTarget,1.0
2012-01-12,OvernightTarget,1.0
2012-01-13,OvernightTarget,1.0
2012-01-16,OvernightTarget,1.0
2012-01-17,OvernightTarget,1.0
2012-01-18,OvernightTarget,1.0
2012-01-19,OvernightTarget,1.0
2012-01-20,OvernightTarget,1.0
2012-01-23,OvernightTarget,1.0
2012-01-24,OvernightTarget,1.0
2012-01-25,OvernightTarget,1.0
2012-01-26,OvernightTarget,1.0
2012-01-27,OvernightTarget,1.0
2012-01-30,OvernightTarget,1.0
2012-01-31,OvernightTarget,1.0
2012-02-01,OvernightTarget,1.0
2012-02-02,OvernightTarget,1.0
2012-02-03,OvernightTarget,1.0
2012-02-06,OvernightTarget,1.0
2012-02-07,OvernightTarget,1.0
2012-02-08,OvernightTarget,1.0
2012-02-09,OvernightTarget,1.0
2012-02-10,OvernightTarget,1.0
2012-02-13,OvernightTarget,1.0
2012-02-14,OvernightTarget,1.0
2012-02-15,OvernightTarget,1.0
2012-02-16,OvernightTarget,1.0
2012-02-17,OvernightTarget,1.0
2012-02-20,OvernightTarget,1.0
2012-02-21,OvernightTarget,1.0
2012-02-22,OvernightTarget,1.0
2012-02-23,OvernightTarget,1.0
2012-02-24,OvernightTarget,1.0
2012-02-27,OvernightTarget,1.0
2012-02-28,OvernightTarget,1.0
2012-02-29,OvernightTarget,1.0
2012-03-01,OvernightTarget,1.0
2012-03-02,OvernightTarget,1.0
2012-03-05,OvernightTarget,1.0
2012-03-06,OvernightTarget,1.0
2012-03-07,OvernightTarget,1.0
2012-03-08,OvernightTarget,1.0
2012-03-09,OvernightTarget,1.0
2012-03-12,OvernightTarget,1.0
2012-03-13,OvernightTarget,1.0
2012-03-14,OvernightTarget,1.0
2012-03-15,OvernightTarget,1.0
2012-03-16,OvernightTarget,1.0
2012-03-19,OvernightTarget,1.0
2012-03-20,OvernightTarget,1.0
2012-03-21,OvernightTarget,1.0
2012-03-22,OvernightTarget,1.0
2012-03-23,OvernightTarget,1.0
2012-03-26,OvernightTarget,1.0
2012-03-27,OvernightTarget,1.0
2012-03-28,OvernightTarget,1.0
2012-03-29,OvernightTarget,1.0
2012-03-30,OvernightTarget,1.0
2012-04-02,OvernightTarget,1.0
2012-04-03,OvernightTarget,1.0
2012-04-04,OvernightTarget,1.0
2012-04-05,OvernightTarget,1.0
2012-04-06,OvernightTarget,1.0
2012-04-09,OvernightTarget,1.0
2012-04-10,OvernightTarget,1.0
2012-04-11,OvernightTarget,1.0
2012-04-12,OvernightTarget,1.0
2012-04-13,OvernightTarget,1.0
2012-04-16,OvernightTarget,1.0
2012-04-17,OvernightTarget,1.0
2012-04-18,OvernightTarget,1.0
2012-04-19,OvernightTarget,1.0
2012-04-20,OvernightTarget,1.0
2012-04-23,OvernightTarget,1.0
2012-04-24,OvernightTarget,1.0
2012-04-25,OvernightTarget,1.0
2012-04-26,OvernightTarget,1.0
2012-04-27,OvernightTarget,1.0
2012-04-30,OvernightTarget,1.0
2012-05-01,OvernightTarget,1.0
2012-05-02,OvernightTarget,1.0
2012-05-03,OvernightTarget,1.0
2012-05-04,OvernightTarget,1.0
2012-05-07,OvernightTarget,1.0
2012-05-08,OvernightTarget,1.0
2012-05-09,OvernightTarget,1.0
2012-05-10,OvernightTarget,1.0
2012-05-11,OvernightTarget,1.0
2012-05-14,OvernightTarget,1.0
2012-05-15,OvernightTarget,1.0
2012-05-16,OvernightTarget,1.0
2012-05-17,OvernightTarget,1.0
2012-05-18,OvernightTarget,1.0
2012-05-21,OvernightTarget,1.0
2012-05-22,OvernightTarget,1.0
2012-05-23,OvernightTarget,1.0
2012-05-24,OvernightTarget,1.0
2012-05-25,OvernightTarget,1.0
2012-05-28,OvernightTarget,1.0
2012-05-29,OvernightTarget,1.0
2012-05-30,OvernightTarget,1.0
2012-05-31,OvernightTarget,1.0
2012-06-01,OvernightTarget,1.0
2012-06-04,OvernightTarget,1.0
2012-06-05,OvernightTarget,1.0
2012-06-06,OvernightTarget,1.0
2012-06-07,OvernightTarget,1.0
2012-06-08,OvernightTarget,1.0
2012-06-11,OvernightTarget,1.0
2012-06-12,OvernightTarget,1.0
2012-06-13,OvernightTarget,1.0
2012-06-14,OvernightTarget,1.0
2012-06-15,OvernightTarget,1.0
2012-06-18,OvernightTarget,1.0
2012-06-19,OvernightTarget,1.0
2012-06-20,OvernightTarget,1.0
2012-06-21,OvernightTarget,1.0
2012-06-22,OvernightTarget,1.0
2012-06-25,OvernightTarget,1.0
2012-06-26,OvernightTarget,1.0
2012-06-27,OvernightTarget,1.0
2012-06-28,OvernightTarget,1.0
2012-06-29,OvernightTarget,1.0
2012-07-02,OvernightTarget,1.0
2012-07-03,OvernightTarget,1.0
2012-07-04,OvernightTarget,1.0
2012-07-05,OvernightTarget,1.0
2012-07-06,OvernightTarget,1.0
2012-07-09,OvernightTarget,1.0
2012-07-10,OvernightTarget,1.0
2012-07-11,OvernightTarget,1.0
2012-07-12,OvernightTarget,1.0
2012-07-13,OvernightTarget,1.0
2012-07-16,OvernightTarget,1.0
2012-07-17,OvernightTarget,1.0
2012-07-18,OvernightTarget,1.0
2012-07-19,OvernightTarget,1.0
2012-07-20,OvernightTarget,1.0
2012-07-23,OvernightTarget,1.0
2012-07-24,OvernightTarget,1.0
2012-07-25,OvernightTarget,1.0
2012-07-26,OvernightTarget,1.0
2012-07-27,OvernightTarget,1.0
2012-07-30,OvernightTarget,1.0
2012-07-31,OvernightTarget,1.0
2012-08-01,OvernightTarget,1.0
2012-08-02,OvernightTarget,1.0
2012-08-03,OvernightTarget,1.0
2012-08-06,OvernightTarget,1.0
2012-08-07,OvernightTarget,1.0
2012-08-08,OvernightTarget,1.0
2012-08-09,OvernightTarget,1.0
2012-08-10,OvernightTarget,1.0
2012-08-13,OvernightTarget,1.0
2012-08-14,OvernightTarget,1.0
2012-08-15,OvernightTarget,1.0
2012-08-16,OvernightTarget,1.0
2012-08-17,OvernightTarget,1.0
2012-08-20,OvernightTarget,1.0
2012-08-21,OvernightTarget,1.0
2012-08-22,OvernightTarget,1.0
2012-08-23,OvernightTarget,1.0
2012-08-24,OvernightTarget,1.0
2012-08-27,OvernightTarget,1.0
2012-08-28,OvernightTarget,1.0
2012-08-29,OvernightTarget,1.0
2012-08-30,OvernightTarget,1.0
2012-08-31,OvernightTarget,1.0
2012-09-03,OvernightTarget,1.0
2012-09-04,OvernightTarget,1.0
2012-09-05,OvernightTarget,1.0
2012-09-06,OvernightTarget,1.0
2012-09-07,OvernightTarget,1.0
2012-09-10,OvernightTarget,1.0
2012-09-11,OvernightTarget,1.0
2012-09-12,OvernightTarget,1.0
2012-09-13,OvernightTarget,1.0
2012-09-14,OvernightTarget,1.0
2012-09-17,OvernightTarget,1.0
2012-09-18,OvernightTarget,1.0
2012-09-19,OvernightTarget,1.0
2012-09-20,OvernightTarget,1.0
2012-09-21,OvernightTarget,1.0
2012-09-24,OvernightTarget,1.0
2012-09-25,OvernightTarget,1.0
2012-09-26,OvernightTarget,1.0
2012-09-27,OvernightTarget,1.0
2012-09-28,OvernightTarget,1.0
2012-10-01,OvernightTarget,1.0
2012-10-02,OvernightTarget,1.0
2012-10-03,OvernightTarget,1.0
2012-10-04,OvernightTarget,1.0
2012-10-05,OvernightTarget,1.0
2012-10-08,OvernightTarget,1.0
2012-10-09,OvernightTarget,1.0
2012-10-10,OvernightTarget,1.0
2012-10-11,OvernightTarget,1.0
2012-10-12,OvernightTarget,1.0
2012-10-15,OvernightTarget,1.0
2012-10-16,OvernightTarget,1.0
2012-10-17,OvernightTarget,1.0
2012-10-18,OvernightTarget,1.0
2012-10-19,OvernightTarget,1.0
2012-10-22,OvernightTarget,1.0
2012-10-23,OvernightTarget,1.0
2012-10-24,OvernightTarget,1.0
2012-10-25,OvernightTarget,1.0
2012-10-26,OvernightTarget,1.0
2012-10-29,OvernightTarget,1.0
2012-10-30,OvernightTarget,1.0
2012-10-31,OvernightTarget,1.0
2012-11-01,OvernightTarget,1.0
2012-11-02,OvernightTarget,1.0
2012-11-05,OvernightTarget,1.0
2012-11-06,OvernightTarget,1.0
2012-11-07,OvernightTarget,1.0
2012-11-08,OvernightTarget,1.0
2012-11-09,OvernightTarget,1.0
2012-11-12,OvernightTarget,1.0
2012-11-13,OvernightTarget,1.0
2012-11-14,OvernightTarget,1.0
2012-11-15,OvernightTarget,1.0
2012-11-16,OvernightTarget,1.0
2012-11-19,OvernightTarget,1.0
2012-11-20,OvernightTarget,1.0
2012-11-21,OvernightTarget,1.0
2012-11-22,OvernightTarget,1.0
2012-11-23,OvernightTarget,1.0
2012-11-26,OvernightTarget,1.0
2012-11-27,OvernightTarget,1.0
2012-11-28,OvernightTarget,1.0
2012-11-29,OvernightTarget,1.0
2012-11-30,OvernightTarget,1.0
2012-12-03,OvernightTarget,1.0
2012-12-04,OvernightTarget,1.0
2012-12-05,OvernightTarget,1.0
2012-12-06,OvernightTarget,1.0
2012-12-07,OvernightTarget,1.0
2012-12-10,OvernightTarget,1.0
2012-12-11,OvernightTarget,1.0
2012-12-12,OvernightTarget,1.0
2012-12-13,OvernightTarget,1.0
2012-12-14,OvernightTarget,1.0
2012-12-17,OvernightTarget,1.0
2012-12-18,OvernightTarget,1.0
2012-12-19,OvernightTarget,1.0
2012-12-20,OvernightTarget,1.0
2012-12-21,OvernightTarget,1.0
2012-12-24,OvernightTarget,1.0
2012-12-25,OvernightTarget,1.0
2012-12-26,OvernightTarget,1.0
2012-12-27,OvernightTarget,1.0
2012-12-28,OvernightTarget,1.0
2012-12-31,OvernightTarget,1.0
2013-01-01,OvernightTarget,1.0
2013-01-02,OvernightTarget,1.0
2013-01-03,OvernightTarget,1.0
2013-01-04,OvernightTarget,1.0
2013-01-07,OvernightTarget,1.0
2013-01-08,OvernightTarget,1.0
2013-01-09,OvernightTarget,1.0
2013-01-10,OvernightTarget,1.0
2013-01-11,OvernightTarget,1.0
2013-01-14,OvernightTarget,1.0
2013-01-15,OvernightTarget,1.0
2013-01-16,OvernightTarget,1.0
2013-01-17,OvernightTarget,1.0
2013-01-18,OvernightTarget,1.0
2013-01-21,OvernightTarget,1.0
2013-01-22,OvernightTarget,1.0
2013-01-23,OvernightTarget,1.0
2013-01-24,OvernightTarget,1.0
2013-01-25,OvernightTarget,1.0
2013-01-28,OvernightTarget,1.0
2013-01-29,OvernightTarget,1.0
2013-01-30,OvernightTarget,1.0
2013-01-31,OvernightTarget,1.0
2013-02-01,OvernightTarget,1.0
2013-02-04,OvernightTarget,1.0
2013-02-05,OvernightTarget,1.0
2013-02-06,OvernightTarget,1.0
2013-02-07,OvernightTarget,1.0
2013-02-08,OvernightTarget,1.0
2013-02-11,OvernightTarget,1.0
2013-02-12,OvernightTarget,1.0
2013-02-13,OvernightTarget,1.0
2013-02-14,OvernightTarget,1.0
2013-02-15,OvernightTarget,1.0
2013-02-18,OvernightTarget,1.0
2013-02-19,OvernightTarget,1.0
2013-02-20,OvernightTarget,1.0
2013-02-21,OvernightTarget,1.0
2013-02-22,OvernightTarget,1.0
2013-02-25,OvernightTarget,1.0
2013-02-26,OvernightTarget,1.0
2013-02-27,OvernightTarget,1.0
2013-02-28,OvernightTarget,1.0
2013-03-01,OvernightTarget,1.0
2013-03-04,OvernightTarget,1.0
2013-03-05,OvernightTarget,1.0
2013-03-06,OvernightTarget,1.0
2013-03-07,OvernightTarget,1.0
2013-03-08,OvernightTarget,1.0
2013-03-11,OvernightTarget,1.0
2013-03-12,OvernightTarget,1.0
2013-03-13,OvernightTarget,1.0
2013-03-14,OvernightTarget,1.0
2013-03-15,OvernightTarget,1.0
2013-03-18,OvernightTarget,1.0
2013-03-19,OvernightTarget,1.0
2013-03-20,OvernightTarget,1.0
2013-03-21,OvernightTarget,1.0
2013-03-22,OvernightTarget,1.0
2013-03-25,OvernightTarget,1.0
2013-03-26,OvernightTarget,1.0
2013-03-27,OvernightTarget,1.0
2013-03-28,OvernightTarget,1.0
2013-03-29,OvernightTarget,1.0
2013-04-01,OvernightTarget,1.0
2013-04-02,OvernightTarget,1.0
2013-04-03,OvernightTarget,1.0
2013-04-04,OvernightTarget,1.0
2013-04-05,OvernightTarget,1.0
2013-04-08,OvernightTarget,1.0
2013-04-09,OvernightTarget,1.0
2013-04-10,OvernightTarget,1.0
2013-04-11,OvernightTarget,1.0
2013-04-12,OvernightTarget,1.0
2013-04-15,OvernightTarget,1.0
2013-04-16,OvernightTarget,1.0
2013-04-17,OvernightTarget,1.0
2013-04-18,OvernightTarget,1.0
2013-04-19,OvernightTarget,1.0
2013-04-22,OvernightTarget,1.0
2013-04-23,OvernightTarget,1.0
2013-04-24,OvernightTarget,1.0
2013-04-25,OvernightTarget,1.0
2013-04-26,OvernightTarget,1.0
2013-04-29,OvernightTarget,1.0
2013-04-30,OvernightTarget,1.0
2013-05-01,OvernightTarget,1.0
2013-05-02,OvernightTarget,1.0
2013-05-03,OvernightTarget,1.0
2013-05-06,OvernightTarget,1.0
2013-05-07,OvernightTarget,1.0
2013-05-08,OvernightTarget,1.0
2013-05-09,OvernightTarget,1.0
2013-05-10,OvernightTarget,1.0
2013-05-13,OvernightTarget,1.0
2013-05-14,OvernightTarget,1.0
2013-05-15,OvernightTarget,1.0
2013-05-16,OvernightTarget,1.0
2013-05-17,OvernightTarget,1.0
2013-05-20,OvernightTarget,1.0
2013-05-21,OvernightTarget,1.0
2013-05-22,OvernightTarget,1.0
2013-05-23,OvernightTarget,1.0
2013-05-24,OvernightTarget,1.0
2013-05-27,OvernightTarget,1.0
2013-05-28,OvernightTarget,1.0
2013-05-29,OvernightTarget,1.0
2013-05-30,OvernightTarget,1.0
2013-05-31,OvernightTarget,1.0
2013-06-03,OvernightTarget,1.0
2013-06-04,OvernightTarget,1.0
2013-06-05,OvernightTarget,1.0
2013-06-06,OvernightTarget,1.0
2013-06-07,OvernightTarget,1.0
2013-06-10,OvernightTarget,1.0
2013-06-11,OvernightTarget,1.0
2013-06-12,OvernightTarget,1.0
2013-06-13,OvernightTarget,1.0
2013-06-14,OvernightTarget,1.0
2013-06-17,OvernightTarget,1.0
2013-06-18,OvernightTarget,1.0
2013-06-19,OvernightTarget,1.0
2013-06-20,OvernightTarget,1.0
2013-06-21,OvernightTarget,1.0
2013-06-24,OvernightTarget,1.0
2013-06-25,OvernightTarget,1.0
2013-06-26,OvernightTarget,1.0
2013-06-27,OvernightTarget,1.0
2013-06-28,OvernightTarget,1.0
2013-07-01,OvernightTarget,1.0
2013-07-02,OvernightTarget,1.0
2013-07-03,OvernightTarget,1.0
2013-07-04,OvernightTarget,1.0
2013-07-05,OvernightTarget,1.0
2013-07-08,OvernightTarget,1.0
2013-07-09,OvernightTarget,1.0
2013-07-10,OvernightTarget,1.0
2013-07-11,OvernightTarget,1.0
2013-07-12,OvernightTarget,1.0
2013-07-15,OvernightTarget,1.0
2013-07-16,OvernightTarget,1.0
2013-07-17,OvernightTarget,1.0
2013-07-18,OvernightTarget,1.0
2013-07-19,OvernightTarget,1.0
2013-07-22,OvernightTarget,1.0
2013-07-23,OvernightTarget,1.0
2013-07-24,OvernightTarget,1.0
2013-07-25,OvernightTarget,1.0
2013-07-26,OvernightTarget,1.0
2013-07-29,OvernightTarget,1.0
2013-07-30,OvernightTarget,1.0
2013-07-31,OvernightTarget,1.0
2013-08-01,OvernightTarget,1.0
2013-08-02,OvernightTarget,1.0
2013-08-05,OvernightTarget,1.0
2013-08-06,OvernightTarget,1.0
2013-08-07,OvernightTarget,1.0
2013-08-08,OvernightTarget,1.0
2013-08-09,OvernightTarget,1.0
2013-08-12,OvernightTarget,1.0
2013-08-13,OvernightTarget,1.0
2013-08-14,OvernightTarget,1.0
2013-08-15,OvernightTarget,1.0
2013-08-16,OvernightTarget,1.0
2013-08-19,OvernightTarget,1.0
2013-08-20,OvernightTarget,1.0
2013-08-21,OvernightTarget,1.0
2013-08-22,OvernightTarget,1.0
2013-08-23,OvernightTarget,1.0
2013-08-26,OvernightTarget,1.0
2013-08-27,OvernightTarget,1.0
2013-08-28,OvernightTarget,1.0
2013-08-29,OvernightTarget,1.0
2013-08-30,OvernightTarget,1.0
2013-09-02,OvernightTarget,1.0
2013-09-03,OvernightTarget,1.0
2013-09-04,OvernightTarget,1.0
2013-09-05,OvernightTarget,1.0
2013-09-06,OvernightTarget,1.0
2013-09-09,OvernightTarget,1.0
2013-09-10,OvernightTarget,1.0
2013-09-11,OvernightTarget,1.0
2013-09-12,OvernightTarget,1.0
2013-09-13,OvernightTarget,1.0
2013-09-16,OvernightTarget,1.0
2013-09-17,OvernightTarget,1.0
2013-09-18,OvernightTarget,1.0
2013-09-19,OvernightTarget,1.0
2013-09-20,OvernightTarget,1.0
2013-09-23,OvernightTarget,1.0
2013-09-24,OvernightTarget,1.0
2013-09-25,OvernightTarget,1.0
2013-09-26,OvernightTarget,1.0
2013-09-27,OvernightTarget,1.0
2013-09-30,OvernightTarget,1.0
2013-10-01,OvernightTarget,1.0
2013-10-02,OvernightTarget,1.0
2013-10-03,OvernightTarget,1.0
2013-10-04,OvernightTarget,1.0
2013-10-07,OvernightTarget,1.0
2013-10-08,OvernightTarget,1.0
2013-10-09,OvernightTarget,1.0
2013-10-10,OvernightTarget,1.0
2013-10-11,OvernightTarget,1.0
2013-10-14,OvernightTarget,1.0
2013-10-15,OvernightTarget,1.0
2013-10-16,OvernightTarget,1.0
2013-10-17,OvernightTarget,1.0
2013-10-18,OvernightTarget,1.0
2013-10-21,OvernightTarget,1.0
2013-10-22,OvernightTarget,1.0
2013-10-23,OvernightTarget,1.0
2013-10-24,OvernightTarget,1.0
2013-10-25,OvernightTarget,1.0
2013-10-28,OvernightTarget,1.0
2013-10-29,OvernightTarget,1.0
2013-10-30,OvernightTarget,1.0
2013-10-31,OvernightTarget,1.0
2013-11-01,OvernightTarget,1.0
2013-11-04,OvernightTarget,1.0
2013-11-05,OvernightTarget,1.0
2013-11-06,OvernightTarget,1.0
2013-11-07,OvernightTarget,1.0
2013-11-08,OvernightTarget,1.0
2013-11-11,OvernightTarget,1.0
2013-11-12,OvernightTarget,1.0
2013-11-13,OvernightTarget,1.0
2013-11-14,OvernightTarget,1.0
2013-11-15,OvernightTarget,1.0
2013-11-18,OvernightTarget,1.0
2013-11-19,OvernightTarget,1.0
2013-11-20,OvernightTarget,1.0
2013-11-21,OvernightTarget,1.0
2013-11-22,OvernightTarget,1.0
2013-11-25,OvernightTarget,1.0
2013-11-26,OvernightTarget,1.0
2013-11-27,OvernightTarget,1.0
2013-11-28,OvernightTarget,1.0
2013-11-29,OvernightTarget,1.0
2013-12-02,OvernightTarget,1.0
2013-12-03,OvernightTarget,1.0
2013-12-04,OvernightTarget,1.0
2013-12-05,OvernightTarget,1.0
2013-12-06,OvernightTarget,1.0
2013-12-09,OvernightTarget,1.0
2013-12-10,OvernightTarget,1.0
2013-12-11,OvernightTarget,1.0
2013-12-12,OvernightTarget,1.0
2013-12-13,OvernightTarget,1.0
2013-12-16,OvernightTarget,1.0
2013-12-17,OvernightTarget,1.0
2013-12-18,OvernightTarget,1.0
2013-12-19,OvernightTarget,1.0
2013-12-20,OvernightTarget,1.0
2013-12-23,OvernightTarget,1.0
2013-12-24,OvernightTarget,1.0
2013-12-25,OvernightTarget,1.0
2013-12-26,OvernightTarget,1.0
2013-12-27,OvernightTarget,1.0
2013-12-30,OvernightTarget,1.0
2013-12-31,OvernightTarget,1.0
2014-01-01,OvernightTarget,1.0
2014-01-02,OvernightTarget,1.0
2014-01-03,OvernightTarget,1.0
2014-01-06,OvernightTarget,1.0
2014-01-07,OvernightTarget,1.0
2014-01-08,OvernightTarget,1.0
2014-01-09,OvernightTarget,1.0
2014-01-10,OvernightTarget,1.0
2014-01-13,OvernightTarget,1.0
2014-01-14,OvernightTarget,1.0
2014-01-15,OvernightTarget,1.0
2014-01-16,OvernightTarget,1.0
2014-01-17,OvernightTarget,1.0
2014-01-20,OvernightTarget,1.0
2014-01-21,OvernightTarget,1.0
2014-01-22,OvernightTarget,1.0
2014-01-23,OvernightTarget,1.0
2014-01-24,OvernightTarget,1.0
2014-01-27,OvernightTarget,1.0
2014-01-28,OvernightTarget,1.0
2014-01-29,OvernightTarget,1.0
2014-01-30,OvernightTarget,1.0
2014-01-31,OvernightTarget,1.0
2014-02-03,OvernightTarget,1.0
2014-02-04,OvernightTarget,1.0
2014-02-05,OvernightTarget,1.0
2014-02-06,OvernightTarget,1.0
2014-02-07,OvernightTarget,1.0
2014-02-10,OvernightTarget,1.0
2014-02-11,OvernightTarget,1.0
2014-02-12,OvernightTarget,1.0
2014-02-13,OvernightTarget,1.0
2014-02-14,OvernightTarget,1.0
2014-02-17,OvernightTarget,1.0
2014-02-18,OvernightTarget,1.0
2014-02-19,OvernightTarget,1.0
2014-02-20,OvernightTarget,1.0
2014-02-21,OvernightTarget,1.0
2014-02-24,OvernightTarget,1.0
2014-02-25,OvernightTarget,1.0
2014-02-26,OvernightTarget,1.0
2014-02-27,OvernightTarget,1.0
2014-02-28,OvernightTarget,1.0
2014-03-03,OvernightTarget,1.0
2014-03-04,OvernightTarget,1.0
2014-03-05,OvernightTarget,1.0
2014-03-06,OvernightTarget,1.0
2014-03-07,OvernightTarget,1.0
2014-03-10,OvernightTarget,1.0
2014-03-11,OvernightTarget,1.0
2014-03-12,OvernightTarget,1.0
2014-03-13,OvernightTarget,1.0
2014-03-14,OvernightTarget,1.0
2014-03-17,OvernightTarget,1.0
2014-03-18,OvernightTarget,1.0
2014-03-19,OvernightTarget,1.0
2014-03-20,OvernightTarget,1.0
2014-03-21,OvernightTarget,1.0
2014-03-24,OvernightTarget,1.0
2014-03-25,OvernightTarget,1.0
2014-03-26,OvernightTarget,1.0
2014-03-27,OvernightTarget,1.0
2014-03-28,OvernightTarget,1.0
2014-03-31,OvernightTarget,1.0
2014-04-01,OvernightTarget,1.0
2014-04-02,OvernightTarget,1.0
2014-04-03,OvernightTarget,1.0
2014-04-04,OvernightTarget,1.0
2014-04-07,OvernightTarget,1.0
2014-04-08,OvernightTarget,1.0
2014-04-09,OvernightTarget,1.0
2014-04-10,OvernightTarget,1.0
2014-04-11,OvernightTarget,1.0
2014-04-14,OvernightTarget,1.0
2014-04-15,OvernightTarget,1.0
2014-04-16,OvernightTarget,1.0
2014-04-17,OvernightTarget,1.0
2014-04-18,OvernightTarget,1.0
2014-04-21,OvernightTarget,1.0
2014-04-22,OvernightTarget,1.0
2014-04-23,OvernightTarget,1.0
2014-04-24,OvernightTarget,1.0
2014-04-25,OvernightTarget,1.0
2014-04-28,OvernightTarget,1.0
2014-04-29,OvernightTarget,1.0
2014-04-30,OvernightTarget,1.0
2014-05-01,OvernightTarget,1.0
2014-05-02,OvernightTarget,1.0
2014-05-05,OvernightTarget,1.0
2014-05-06,OvernightTarget,1.0
2014-05-07,OvernightTarget,1.0
2014-05-08,OvernightTarget,1.0
2014-05-09,OvernightTarget,1.0
2014-05-12,OvernightTarget,1.0
2014-05-13,OvernightTarget,1.0
2014-05-14,OvernightTarget,1.0
2014-05-15,OvernightTarget,1.0
2014-05-16,OvernightTarget,1.0
2014-05-19,OvernightTarget,1.0
2014-05-20,OvernightTarget,1.0
2014-05-21,OvernightTarget,1.0
2014-05-22,OvernightTarget,1.0
2014-05-23,OvernightTarget,1.0
2014-05-26,OvernightTarget,1.0
2014-05-27,OvernightTarget,1.0
2014-05-28,OvernightTarget,1.0
2014-05-29,OvernightTarget,1.0
2014-05-30,OvernightTarget,1.0
2014-06-02,OvernightTarget,1.0
2014-06-03,OvernightTarget,1.0
2014-06-04,OvernightTarget,1.0
2014-06-05,OvernightTarget,1.0
2014-06-06,OvernightTarget,1.0
2014-06-09,OvernightTarget,1.0
2014-06-10,OvernightTarget,1.0
2014-06-11,OvernightTarget,1.0
2014-06-12,OvernightTarget,1.0
2014-06-13,OvernightTarget,1.0
2014-06-16,OvernightTarget,1.0
2014-06-17,OvernightTarget,1.0
2014-06-18,OvernightTarget,1.0
2014-06-19,OvernightTarget,1.0
2014-06-20,OvernightTarget,1.0
2014-06-23,OvernightTarget,1.0
2014-06-24,OvernightTarget,1.0
2014-06-25,OvernightTarget,1.0
2014-06-26,OvernightTarget,1.0
2014-06-27,OvernightTarget,1.0
2014-06-30,OvernightTarget,1.0
2014-07-01,OvernightTarget,1.0
2014-07-02,OvernightTarget,1.0
2014-07-03,OvernightTarget,1.0
2014-07-04,OvernightTarget,1.0
2014-07-07,OvernightTarget,1.0
2014-07-08,OvernightTarget,1.0
2014-07-09,OvernightTarget,1.0
2014-07-10,OvernightTarget,1.0
2014-07-11,OvernightTarget,1.0
2014-07-14,OvernightTarget,1.0
2014-07-15,OvernightTarget,1.0
2014-07-16,OvernightTarget,1.0
2014-07-17,OvernightTarget,1.0
2014-07-18,OvernightTarget,1.0
2014-07-21,OvernightTarget,1.0
2014-07-22,OvernightTarget,1.0
2014-07-23,OvernightTarget,1.0
2014-07-24,OvernightTarget,1.0
2014-07-25,OvernightTarget,1.0
2014-07-28,OvernightTarget,1.0
2014-07-29,OvernightTarget,1.0
2014-07-30,OvernightTarget,1.0
2014-07-31,OvernightTarget,1.0
2014-08-01,OvernightTarget,1.0
2014-08-04,OvernightTarget,1.0
2014-08-05,OvernightTarget,1.0
2014-08-06,OvernightTarget,1.0
2014-08-07,OvernightTarget,1.0
2014-08-08,OvernightTarget,1.0
2014-08-11,OvernightTarget,1.0
2014-08-12,OvernightTarget,1.0
2014-08-13,OvernightTarget,1.0
2014-08-14,OvernightTarget,1.0
2014-08-15,OvernightTarget,1.0
2014-08-18,OvernightTarget,1.0
2014-08-19,OvernightTarget,1.0
2014-08-20,OvernightTarget,1.0
2014-08-21,OvernightTarget,1.0
2014-08-22,OvernightTarget,1.0
2014-08-25,OvernightTarget,1.0
2014-08-26,OvernightTarget,1.0
2014-08-27,OvernightTarget,1.0
2014-08-28,OvernightTarget,1.0
2014-08-29,OvernightTarget,1.0
2014-09-01,OvernightTarget,1.0
2014-09-02,OvernightTarget,1.0
2014-09-03,OvernightTarget,1.0
2014-09-04,OvernightTarget,1.0
2014-09-05,OvernightTarget,1.0
2014-09-08,OvernightTarget,1.0
2014-09-09,OvernightTarget,1.0
2014-09-10,OvernightTarget,1.0
2014-09-11,OvernightTarget,1.0
2014-09-12,OvernightTarget,1.0
2014-09-15,OvernightTarget,1.0
2014-09-16,OvernightTarget,1.0
2014-09-17,OvernightTarget,1.0
2014-09-18,OvernightTarget,1.0
2014-09-19,OvernightTarget,1.0
2014-09-22,OvernightTarget,1.0
2014-09-23,OvernightTarget,1.0
2014-09-24,OvernightTarget,1.0
2014-09-25,OvernightTarget,1.0
2014-09-26,OvernightTarget,1.0
2014-09-29,OvernightTarget,1.0
2014-09-30,OvernightTarget,1.0
2014-10-01,OvernightTarget,1.0
2014-10-02,OvernightTarget,1.0
2014-10-03,OvernightTarget,1.0
2014-10-06,OvernightTarget,1.0
2014-10-07,OvernightTarget,1.0
2014-10-08,OvernightTarget,1.0
2014-10-09,OvernightTarget,1.0
2014-10-10,OvernightTarget,1.0
2014-10-13,OvernightTarget,1.0
2014-10-14,OvernightTarget,1.0
2014-10-15,OvernightTarget,1.0
2014-10-16,OvernightTarget,1.0
2014-10-17,OvernightTarget,1.0
2014-10-20,OvernightTarget,1.0
2014-10-21,OvernightTarget,1.0
2014-10-22,OvernightTarget,1.0
2014-10-23,OvernightTarget,1.0
2014-10-24,OvernightTarget,1.0
2014-10-27,OvernightTarget,1.0
2014-10-28,OvernightTarget,1.0
2014-10-29,OvernightTarget,1.0
2014-10-30,OvernightTarget,1.0
2014-10-31,OvernightTarget,1.0
2014-11-03,OvernightTarget,1.0
2014-11-04,OvernightTarget,1.0
2014-11-05,OvernightTarget,1.0
2014-11-06,OvernightTarget,1.0
2014-11-07,OvernightTarget,1.0
2014-11-10,OvernightTarget,1.0
2014-11-11,OvernightTarget,1.0
2014-11-12,OvernightTarget,1.0
2014-11-13,OvernightTarget,1.0
2014-11-14,OvernightTarget,1.0
2014-11-17,OvernightTarget,1.0
2014-11-18,OvernightTarget,1.0
2014-11-19,OvernightTarget,1.0
2014-11-20,OvernightTarget,1.0
2014-11-21,OvernightTarget,1.0
2014-11-24,OvernightTarget,1.0
2014-11-25,OvernightTarget,1.0
2014-11-26,OvernightTarget,1.0
2014-11-27,OvernightTarget,1.0
2014-11-28,OvernightTarget,1.0
2014-12-01,OvernightTarget,1.0
2014-12-02,OvernightTarget,1.0
2014-12-03,OvernightTarget,1.0
2014-12-04,OvernightTarget,1.0
2014-12-05,OvernightTarget,1.0
2014-12-08,OvernightTarget,1.0
2014-12-09,OvernightTarget,1.0
2014-12-10,OvernightTarget,1.0
2014-12-11,OvernightTarget,1.0
2014-12-12,OvernightTarget,1.0
2014-12-15,OvernightTarget,1.0
2014-12-16,OvernightTarget,1.0
2014-12-17,OvernightTarget,1.0
2014-12-18,OvernightTarget,1.0
2014-12-19,OvernightTarget,1.0
2014-12-22,OvernightTarget,1.0
2014-12-23,OvernightTarget,1.0
2014-12-24,OvernightTarget,1.0
2014-12-25,OvernightTarget,1.0
2014-12-26,OvernightTarget,1.0
2014-12-29,OvernightTarget,1.0
2014-12-30,OvernightTarget,1.0
2014-12-31,OvernightTarget,1.0
2015-01-01,OvernightTarget,1.0
2015-01-02,OvernightTarget,1.0
2015-01-05,OvernightTarget,1.0
2015-01-06,OvernightTarget,1.0
2015-01-07,OvernightTarget,1.0
2015-01-08,OvernightTarget,1.0
2015-01-09,OvernightTarget,1.0
2015-01-12,OvernightTarget,1.0
2015-01-13,OvernightTarget,1.0
2015-01-14,OvernightTarget,1.0
2015-01-15,OvernightTarget,1.0
2015-01-16,OvernightTarget,1.0
2015-01-19,OvernightTarget,1.0
2015-01-20,OvernightTarget,1.0
2015-01-21,OvernightTarget,0.75
2015-01-22,OvernightTarget,0.75
2015-01-23,OvernightTarget,0.75
2015-01-26,OvernightTarget,0.75
2015-01-27,OvernightTarget,0.75
2015-01-28,OvernightTarget,0.75
2015-01-29,OvernightTarget,0.75
2015-01-30,OvernightTarget,0.75
2015-02-02,OvernightTarget,0.75
2015-02-03,OvernightTarget,0.75
2015-02-04,OvernightTarget,0.75
2015-02-05,OvernightTarget,0.75
2015-02-06,OvernightTarget,0.75
2015-02-09,OvernightTarget,0.75
2015-02-10,OvernightTarget,0.75
2015-02-11,OvernightTarget,0.75
2015-02-12,OvernightTarget,0.75
2015-02-13,OvernightTarget,0.75
2015-02-16,OvernightTarget,0.75
2015-02-17,OvernightTarget,0.75
2015-02-18,OvernightTarget,0.75
2015-02-19,OvernightTarget,0.75
2015-02-20,OvernightTarget,0.75
2015-02-23,OvernightTarget,0.75
2015-02-24,OvernightTarget,0.75
2015-02-25,OvernightTarget,0.75
2015-02-26,OvernightTarget,0.75
2015-02-27,OvernightTarget,0.75
2015-03-02,OvernightTarget,0.75
2015-03-03,OvernightTarget,0.75
2015-03-04,OvernightTarget,0.75
2015-03-05,OvernightTarget,0.75
2015-03-06,OvernightTarget,0.75
2015-03-09,OvernightTarget,0.75
2015-03-10,OvernightTarget,0.75
2015-03-11,OvernightTarget,0.75
2015-03-12,OvernightTarget,0.75
2015-03-13,OvernightTarget,0.75
2015-03-16,OvernightTarget,0.75
2015-03-17,OvernightTarget,0.75
2015-03-18,OvernightTarget,0.75
2015-03-19,OvernightTarget,0.75
2015-03-20,OvernightTarget,0.75
2015-03-23,OvernightTarget,0.75
2015-03-24,OvernightTarget,0.75
2015-03-25,OvernightTarget,0.75
2015-03-26,OvernightTarget,0.75
2015-03-27,OvernightTarget,0.75
2015-03-30,OvernightTarget,0.75
2015-03-31,OvernightTarget,0.75
2015-04-01,OvernightTarget,0.75
2015-04-02,OvernightTarget,0.75
2015-04-03,OvernightTarget,0.75
2015-04-06,OvernightTarget,0.75
2015-04-07,OvernightTarget,0.75
2015-04-08,OvernightTarget,0.75
2015-04-09,OvernightTarget,0.75
2015-04-10,OvernightTarget,0.75
2015-04-13,OvernightTarget,0.75
2015-04-14,OvernightTarget,0.75
2015-04-15,OvernightTarget,0.75
2015-04-16,OvernightTarget,0.75
2015-04-17,OvernightTarget,0.75
2015-04-20,OvernightTarget,0.75
2015-04-21,OvernightTarget,0.75
2015-04-22,OvernightTarget,0.75
2015-04-23,OvernightTarget,0.75
2015-04-24,OvernightTarget,0.75
2015-04-27,OvernightTarget,0.75
2015-04-28,OvernightTarget,0.75
2015-04-29,OvernightTarget,0.75
2015-04-30,OvernightTarget,0.75
2015-05-01,OvernightTarget,0.75
2015-05-04,OvernightTarget,0.75
2015-05-05,OvernightTarget,0.75
2015-05-06,OvernightTarget,0.75
2015-05-07,OvernightTarget,0.75
2015-05-08,OvernightTarget,0.75
2015-05-11,OvernightTarget,0.75
2015-05-12,OvernightTarget,0.75
2015-05-13,OvernightTarget,0.75
2015-05-14,OvernightTarget,0.75
2015-05-15,OvernightTarget,0.75
2015-05-18,OvernightTarget,0.75
2015-05-19,OvernightTarget,0.75
2015-05-20,OvernightTarget,0.75
2015-05-21,OvernightTarget,0.75
2015-05-22,OvernightTarget,0.75
2015-05-25,OvernightTarget,0.75
2015-05-26,OvernightTarget,0.75
2015-05-27,OvernightTarget,0.75
2015-05-28,OvernightTarget,0.75
2015-05-29,OvernightTarget,0.75
2015-06-01,OvernightTarget,0.75
2015-06-02,OvernightTarget,0.75
2015-06-03,OvernightTarget,0.75
2015-06-04,OvernightTarget,0.75
2015-06-05,OvernightTarget,0.75
2015-06-08,OvernightTarget,0.75
2015-06-09,OvernightTarget,0.75
2015-06-10,OvernightTarget,0.75
2015-06-11,OvernightTarget,0.75
2015-06-12,OvernightTarget,0.75
2015-06-15,OvernightTarget,0.75
2015-06-16,OvernightTarget,0.75
2015-06-17,OvernightTarget,0.75
2015-06-18,OvernightTarget,0.75
2015-06-19,OvernightTarget,0.75
2015-06-22,OvernightTarget,0.75
2015-06-23,OvernightTarget,0.75
2015-06-24,OvernightTarget,0.75
2015-06-25,OvernightTarget,0.75
2015-06-26,OvernightTarget,0.75
2015-06-29,OvernightTarget,0.75
2015-06-30,OvernightTarget,0.75
2015-07-01,OvernightTarget,0.75
2015-07-02,OvernightTarget,0.75
2015-07-03,OvernightTarget,0.75
2015-07-06,OvernightTarget,0.75
2015-07-07,OvernightTarget,0.75
2015-07-08,OvernightTarget,0.75
2015-07-09,OvernightTarget,0.75
2015-07-10,OvernightTarget,0.75
2015-07-13,OvernightTarget,0.75
2015-07-14,OvernightTarget,0.75
2015-07-15,OvernightTarget,0.5
2015-07-16,OvernightTarget,0.5
2015-07-17,OvernightTarget,0.5
2015-07-20,OvernightTarget,0.5
2015-07-21,OvernightTarget,0.5
2015-07-22,OvernightTarget,0.5
2015-07-23,OvernightTarget,0.5
2015-07-24,OvernightTarget,0.5
2015-07-27,OvernightTarget,0.5
2015-07-28,OvernightTarget,0.5
2015-07-29,OvernightTarget,0.5
2015-07-30,OvernightTarget,0.5
2015-07-31,OvernightTarget,0.5
2015-08-03,OvernightTarget,0.5
2015-08-04,OvernightTarget,0.5
2015-08-05,OvernightTarget,0.5
2015-08-06,OvernightTarget,0.5
2015-08-07,OvernightTarget,0.5
2015-08-10,OvernightTarget,0.5
2015-08-11,OvernightTarget,0.5
2015-08-12,OvernightTarget,0.5
2015-08-13,OvernightTarget,0.5
2015-08-14,OvernightTarget,0.5
2015-08-17,OvernightTarget,0.5
2015-08-18,OvernightTarget,0.5
2015-08-19,OvernightTarget,0.5
2015-08-20,OvernightTarget,0.5
2015-08-21,OvernightTarget,0.5
2015-08-24,OvernightTarget,0.5
2015-08-25,OvernightTarget,0.5
2015-08-26,OvernightTarget,0.5
2015-08-27,OvernightTarget,0.5
2015-08-28,OvernightTarget,0.5
2015-08-31,OvernightTarget,0.5
2015-09-01,OvernightTarget,0.5
2015-09-02,OvernightTarget,0.5
2015-09-03,OvernightTarget,0.5
2015-09-04,OvernightTarget,0.5
2015-09-07,OvernightTarget,0.5
2015-09-08,OvernightTarget,0.5
2015-09-09,OvernightTarget,0.5
2015-09-10,OvernightTarget,0.5
2015-09-11,OvernightTarget,0.5
2015-09-14,OvernightTarget,0.5
2015-09-15,OvernightTarget,0.5
2015-09-16,OvernightTarget,0.5
2015-09-17,OvernightTarget,0.5
2015-09-18,OvernightTarget,0.5
2015-09-21,OvernightTarget,0.5
2015-09-22,OvernightTarget,0.5
2015-09-23,OvernightTarget,0.5
2015-09-24,OvernightTarget,0.5
2015-09-25,OvernightTarget,0.5
2015-09-28,OvernightTarget,0.5
2015-09-29,OvernightTarget,0.5
2015-09-30,OvernightTarget,0.5
2015-10-01,OvernightTarget,0.5
2015-10-02,OvernightTarget,0.5
2015-10-05,OvernightTarget,0.5
2015-10-06,OvernightTarget,0.5
2015-10-07,OvernightTarget,0.5
2015-10-08,OvernightTarget,0.5
2015-10-09,OvernightTarget,0.5
2015-10-12,OvernightTarget,0.5
2015-10-13,OvernightTarget,0.5
2015-10-14,OvernightTarget,0.5
2015-10-15,OvernightTarget,0.5
2015-10-16,OvernightTarget,0.5
2015-10-19,OvernightTarget,0.5
2015-10-20,OvernightTarget,0.5
2015-10-21,OvernightTarget,0.5
2015-10-22,OvernightTarget,0.5
2015-10-23,OvernightTarget,0.5
2015-10-26,OvernightTarget,0.5
2015-10-27,OvernightTarget,0.5
2015-10-28,OvernightTarget,0.5
2015-10-29,OvernightTarget,0.5
2015-10-30,OvernightTarget,0.5
2015-11-02,OvernightTarget,0.5
2015-11-03,OvernightTarget,0.5
2015-11-04,OvernightTarget,0.5
2015-11-05,OvernightTarget,0.5
2015-11-06,OvernightTarget,0.5
2015-11-09,OvernightTarget,0.5
2015-11-10,OvernightTarget,0.5
2015-11-11,OvernightTarget,0.5
2015-11-12,OvernightTarget,0.5
2015-11-13,OvernightTarget,0.5
2015-11-16,OvernightTarget,0.5
2015-11-17,OvernightTarget,0.5
2015-11-18,OvernightTarget,0.5
2015-11-19,OvernightTarget,0.5
2015-11-20,OvernightTarget,0.5
2015-11-23,OvernightTarget,0.5
2015-11-24,OvernightTarget,0.5
2015-11-25,OvernightTarget,0.5
2015-11-26,OvernightTarget,0.5
2015-11-27,OvernightTarget,0.5
2015-11-30,OvernightTarget,0.5
2015-12-01,OvernightTarget,0.5
2015-12-02,OvernightTarget,0.5
2015-12-03,OvernightTarget,0.5
2015-12-04,OvernightTarget,0.5
2015-12-07,OvernightTarget,0.5
2015-12-08,OvernightTarget,0.5
2015-12-09,OvernightTarget,0.5
2015-12-10,OvernightTarget,0.5
2015-12-11,OvernightTarget,0.5
2015-12-14,OvernightTarget,0.5
2015-12-15,OvernightTarget,0.5
2015-12-16,OvernightTarget,0.5
2015-12-17,OvernightTarget,0.5
2015-12-18,OvernightTarget,0.5
2015-12-21,OvernightTarget,0.5
2015-12-22,OvernightTarget,0.5
2015-12-23,OvernightTarget,0.5
2015-12-24,OvernightTarget,0.5
2015-12-25,OvernightTarget,0.5
2015-12-28,OvernightTarget,0.5
2015-12-29,OvernightTarget,0.5
2015-12-30,OvernightTarget,0.5
2015-12-31,OvernightTarget,0.5
2016-01-01,OvernightTarget,0.5
2016-01-04,OvernightTarget,0.5
2016-01-05,OvernightTarget,0.5
2016-01-06,OvernightTarget,0.5
2016-01-07,OvernightTarget,0.5
2016-01-08,OvernightTarget,0.5
2016-01-11,OvernightTarget,0.5
2016-01-12,OvernightTarget,0.5
2016-01-13,OvernightTarget,0.5
2016-01-14,OvernightTarget,0.5
2016-01-15,OvernightTarget,0.5
2016-01-18,OvernightTarget,0.5
2016-01-19,OvernightTarget,0.5
2016-01-20,OvernightTarget,0.5
2016-01-21,OvernightTarget,0.5
2016-01-22,OvernightTarget,0.5
2016-01-25,OvernightTarget,0.5
2016-01-26,OvernightTarget,0.5
2016-01-27,OvernightTarget,0.5
2016-01-28,OvernightTarget,0.5
2016-01-29,OvernightTarget,0.5
2016-02-01,OvernightTarget,0.5
2016-02-02,OvernightTarget,0.5
2016-02-03,OvernightTarget,0.5
2016-02-04,OvernightTarget,0.5
2016-02-05,OvernightTarget,0.5
2016-02-08,OvernightTarget,0.5
2016-02-09,OvernightTarget,0.5
2016-02-10,OvernightTarget,0.5
2016-02-11,OvernightTarget,0.5
2016-02-12,OvernightTarget,0.5
2016-02-15,OvernightTarget,0.5
2016-02-16,OvernightTarget,0.5
2016-02-17,OvernightTarget,0.5
2016-02-18,OvernightTarget,0.5
2016-02-19,OvernightTarget,0.5
2016-02-22,OvernightTarget,0.5
2016-02-23,OvernightTarget,0.5
2016-02-24,OvernightTarget,0.5
2016-02-25,OvernightTarget,0.5
2016-02-26,OvernightTarget,0.5
2016-02-29,OvernightTarget,0.5
2016-03-01,OvernightTarget,0.5
2016-03-02,OvernightTarget,0.5
2016-03-03,OvernightTarget,0.5
2016-03-04,OvernightTarget,0.5
2016-03-07,OvernightTarget,0.5
2016-03-08,OvernightTarget,0.5
2016-03-09,OvernightTarget,0.5
2016-03-10,OvernightTarget,0.5
2016-03-11,OvernightTarget,0.5
2016-03-14,OvernightTarget,0.5
2016-03-15,OvernightTarget,0.5
2016-03-16,OvernightTarget,0.5
2016-03-17,OvernightTarget,0.5
2016-03-18,OvernightTarget,0.5
2016-03-21,OvernightTarget,0.5
2016-03-22,OvernightTarget,0.5
2016-03-23,OvernightTarget,0.5
2016-03-24,OvernightTarget,0.5
2016-03-25,OvernightTarget,0.5
2016-03-28,OvernightTarget,0.5
2016-03-29,OvernightTarget,0.5
2016-03-30,OvernightTarget,0.5
2016-03-31,OvernightTarget,0.5
2016-04-01,OvernightTarget,0.5
2016-04-04,OvernightTarget,0.5
2016-04-05,OvernightTarget,0.5
2016-04-06,OvernightTarget,0.5
2016-04-07,OvernightTarget,0.5
2016-04-08,OvernightTarget,0.5
2016-04-11,OvernightTarget,0.5
2016-04-12,OvernightTarget,0.5
2016-04-13,OvernightTarget,0.5
2016-04-14,OvernightTarget,0.5
2016-04-15,OvernightTarget,0.5
2016-04-18,OvernightTarget,0.5
2016-04-19,OvernightTarget,0.5
2016-04-20,OvernightTarget,0.5
2016-04-21,OvernightTarget,0.5
2016-04-22,OvernightTarget,0.5
2016-04-25,OvernightTarget,0.5
2016-04-26,OvernightTarget,0.5
2016-04-27,OvernightTarget,0.5
2016-04-28,OvernightTarget,0.5
2016-04-29,OvernightTarget,0.5
2016-05-02,OvernightTarget,0.5
2016-05-03,OvernightTarget,0.5
2016-05-04,OvernightTarget,0.5
2016-05-05,OvernightTarget,0.5
2016-05-06,OvernightTarget,0.5
2016-05-09,OvernightTarget,0.5
2016-05-10,OvernightTarget,0.5
2016-05-11,OvernightTarget,0.5
2016-05-12,OvernightTarget,0.5
2016-05-13,OvernightTarget,0.5
2016-05-16,OvernightTarget,0.5
2016-05-17,OvernightTarget,0.5
2016-05-18,OvernightTarget,0.5
2016-05-19,OvernightTarget,0.5
2016-05-20,OvernightTarget,0.5
2016-05-23,OvernightTarget,0.5
2016-05-24,OvernightTarget,0.5
2016-05-25,OvernightTarget,0.5
2016-05-26,OvernightTarget,0.5
2016-05-27,OvernightTarget,0.5
2016-05-30,OvernightTarget,0.5
2016-05-31,OvernightTarget,0.5
2016-06-01,OvernightTarget,0.5
2016-06-02,OvernightTarget,0.5
2016-06-03,OvernightTarget,0.5
2016-06-06,OvernightTarget,0.5
2016-06-07,OvernightTarget,0.5
2016-06-08,OvernightTarget,0.5
2016-06-09,OvernightTarget,0.5
2016-06-10,OvernightTarget,0.5
2016-06-13,OvernightTarget,0.5
2016-06-14,OvernightTarget,0.5
2016-06-15,OvernightTarget,0.5
2016-06-16,OvernightTarget,0.5
2016-06-17,OvernightTarget,0.5
2016-06-20,OvernightTarget,0.5
2016-06-21,OvernightTarget,0.5
2016-06-22,OvernightTarget,0.5
2016-06-23,OvernightTarget,0.5
2016-06-24,OvernightTarget,0.5
2016-06-27,OvernightTarget,0.5
2016-06-28,OvernightTarget,0.5
2016-06-29,OvernightTarget,0.5
2016-06-30,OvernightTarget,0.5
2016-07-01,OvernightTarget,0.5
2016-07-04,OvernightTarget,0.5
2016-07-05,OvernightTarget,0.5
2016-07-06,OvernightTarget,0.5
2016-07-07,OvernightTarget,0.5
2016-07-08,OvernightTarget,0.5
2016-07-11,OvernightTarget,0.5
2016-07-12,OvernightTarget,0.5
2016-07-13,OvernightTarget,0.5
2016-07-14,OvernightTarget,0.5
2016-07-15,OvernightTarget,0.5
2016-07-18,OvernightTarget,0.5
2016-07-19,OvernightTarget,0.5
2016-07-20,OvernightTarget,0.5
2016-07-21,OvernightTarget,0.5
2016-07-22,OvernightTarget,0.5
2016-07-25,OvernightTarget,0.5
2016-07-26,OvernightTarget,0.5
2016-07-27,OvernightTarget,0.5
2016-07-28,OvernightTarget,0.5
2016-07-29,OvernightTarget,0.5
2016-08-01,OvernightTarget,0.5
2016-08-02,OvernightTarget,0.5
2016-08-03,OvernightTarget,0.5
2016-08-04,OvernightTarget,0.5
2016-08-05,OvernightTarget,0.5
2016-08-08,OvernightTarget,0.5
2016-08-09,OvernightTarget,0.5
2016-08-10,OvernightTarget,0.5
2016-08-11,OvernightTarget,0.5
2016-08-12,OvernightTarget,0.5
2016-08-15,OvernightTarget,0.5
2016-08-16,OvernightTarget,0.5
2016-08-17,OvernightTarget,0.5
2016-08-18,OvernightTarget,0.5
2016-08-19,OvernightTarget,0.5
2016-08-22,OvernightTarget,0.5
2016-08-23,OvernightTarget,0.5
2016-08-24,OvernightTarget,0.5
2016-08-25,OvernightTarget,0.5
2016-08-26,OvernightTarget,0.5
2016-08-29,OvernightTarget,0.5
2016-08-30,OvernightTarget,0.5
2016-08-31,OvernightTarget,0.5
2016-09-01,OvernightTarget,0.5
2016-09-02,OvernightTarget,0.5
2016-09-05,OvernightTarget,0.5
2016-09-06,OvernightTarget,0.5
2016-09-07,OvernightTarget,0.5
2016-09-08,OvernightTarget,0.5
2016-09-09,OvernightTarget,0.5
2016-09-12,OvernightTarget,0.5
2016-09-13,OvernightTarget,0.5
2016-09-14,OvernightTarget,0.5
2016-09-15,OvernightTarget,0.5
2016-09-16,OvernightTarget,0.5
2016-09-19,OvernightTarget,0.5
2016-09-20,OvernightTarget,0.5
2016-09-21,OvernightTarget,0.5
2016-09-22,OvernightTarget,0.5
2016-09-23,OvernightTarget,0.5
2016-09-26,OvernightTarget,0.5
2016-09-27,OvernightTarget,0.5
2016-09-28,OvernightTarget,0.5
2016-09-29,OvernightTarget,0.5
2016-09-30,OvernightTarget,0.5
2016-10-03,OvernightTarget,0.5
2016-10-04,OvernightTarget,0.5
2016-10-05,OvernightTarget,0.5
2016-10-06,OvernightTarget,0.5
2016-10-07,OvernightTarget,0.5
2016-10-10,OvernightTarget,0.5
2016-10-11,OvernightTarget,0.5
2016-10-12,OvernightTarget,0.5
2016-10-13,OvernightTarget,0.5
2016-10-14,OvernightTarget,0.5
2016-10-17,OvernightTarget,0.5
2016-10-18,OvernightTarget,0.5
2016-10-19,OvernightTarget,0.5
2016-10-20,OvernightTarget,0.5
2016-10-21,OvernightTarget,0.5
2016-10-24,OvernightTarget,0.5
2016-10-25,OvernightTarget,0.5
2016-10-26,OvernightTarget,0.5
2016-10-27,OvernightTarget,0.5
2016-10-28,OvernightTarget,0.5
2016-10-31,OvernightTarget,0.5
2016-11-01,OvernightTarget,0.5
2016-11-02,OvernightTarget,0.5
2016-11-03,OvernightTarget,0.5
2016-11-04,OvernightTarget,0.5
2016-11-07,OvernightTarget,0.5
2016-11-08,OvernightTarget,0.5
2016-11-09,OvernightTarget,0.5
2016-11-10,OvernightTarget,0.5
2016-11-11,OvernightTarget,0.5
2016-11-14,OvernightTarget,0.5
2016-11-15,OvernightTarget,0.5
2016-11-16,OvernightTarget,0.5
2016-11-17,OvernightTarget,0.5
2016-11-18,OvernightTarget,0.5
2016-11-21,OvernightTarget,0.5
2016-11-22,OvernightTarget,0.5
2016-11-23,OvernightTarget,0.5
2016-11-24,OvernightTarget,0.5
2016-11-25,OvernightTarget,0.5
2016-11-28,OvernightTarget,0.5
2016-11-29,OvernightTarget,0.5
2016-11-30,OvernightTarget,0.5
2016-12-01,OvernightTarget,0.5
2016-12-02,OvernightTarget,0.5
2016-12-05,OvernightTarget,0.5
2016-12-06,OvernightTarget,0.5
2016-12-07,OvernightTarget,0.5
2016-12-08,OvernightTarget,0.5
2016-12-09,OvernightTarget,0.5
2016-12-12,OvernightTarget,0.5
2016-12-13,OvernightTarget,0.5
2016-12-14,OvernightTarget,0.5
2016-12-15,OvernightTarget,0.5
2016-12-16,OvernightTarget,0.5
2016-12-19,OvernightTarget,0.5
2016-12-20,OvernightTarget,0.5
2016-12-21,OvernightTarget,0.5
2016-12-22,OvernightTarget,0.5
2016-12-23,OvernightTarget,0.5
2016-12-26,OvernightTarget,0.5
2016-12-27,OvernightTarget,0.5
2016-12-28,OvernightTarget,0.5
2016-12-29,OvernightTarget,0.5
2016-12-30,OvernightTarget,0.5
2017-01-02,OvernightTarget,0.5
2017-01-03,OvernightTarget,0.5
2017-01-04,OvernightTarget,0.5
2017-01-05,OvernightTarget,0.5
2017-01-06,OvernightTarget,0.5
2017-01-09,OvernightTarget,0.5
2017-01-10,OvernightTarget,0.5
2017-01-11,OvernightTarget,0.5
2017-01-12,OvernightTarget,0.5
2017-01-13,OvernightTarget,0.5
2017-01-16,OvernightTarget,0.5
2017-01-17,OvernightTarget,0.5
2017-01-18,OvernightTarget,0.5
2017-01-19,OvernightTarget,0.5
2017-01-20,OvernightTarget,0.5
2017-01-23,OvernightTarget,0.5
2017-01-24,OvernightTarget,0.5
2017-01-25,OvernightTarget,0.5
2017-01-26,OvernightTarget,0.5
2017-01-27,OvernightTarget,0.5
2017-01-30,OvernightTarget,0.5
2017-01-31,OvernightTarget,0.5
2017-02-01,OvernightTarget,0.5
2017-02-02,OvernightTarget,0.5
2017-02-03,OvernightTarget,0.5
2017-02-06,OvernightTarget,0.5
2017-02-07,OvernightTarget,0.5
2017-02-08,OvernightTarget,0.5
2017-02-09,OvernightTarget,0.5
2017-02-10,OvernightTarget,0.5
2017-02-13,OvernightTarget,0.5
2017-02-14,OvernightTarget,0.5
2017-02-15,OvernightTarget,0.5
2017-02-16,OvernightTarget,0.5
2017-02-17,OvernightTarget,0.5
2017-02-20,OvernightTarget,0.5
2017-02-21,OvernightTarget,0.5
2017-02-22,OvernightTarget,0.5
2017-02-23,OvernightTarget,0.5
2017-02-24,OvernightTarget,0.5
2017-02-27,OvernightTarget,0.5
2017-02-28,OvernightTarget,0.5
2017-03-01,OvernightTarget,0.5
2017-03-02,OvernightTarget,0.5
2017-03-03,OvernightTarget,0.5
2017-03-06,OvernightTarget,0.5
2017-03-07,OvernightTarget,0.5
2017-03-08,OvernightTarget,0.5
2017-03-09,OvernightTarget,0.5
2017-03-10,OvernightTarget,0.5
2017-03-13,OvernightTarget,0.5
2017-03-14,OvernightTarget,0.5
2017-03-15,OvernightTarget,0.5
2017-03-16,OvernightTarget,0.5
2017-03-17,OvernightTarget,0.5
2017-03-20,OvernightTarget,0.5
2017-03-21,OvernightTarget,0.5
2017-03-22,OvernightTarget,0.5
2017-03-23,OvernightTarget,0.5
2017-03-24,OvernightTarget,0.5
2017-03-27,OvernightTarget,0.5
2017-03-28,OvernightTarget,0.5
2017-03-29,OvernightTarget,0.5
2017-03-30,OvernightTarget,0.5
2017-03-31,OvernightTarget,0.5
2017-04-03,OvernightTarget,0.5
2017-04-04,OvernightTarget,0.5
2017-04-05,OvernightTarget,0.5
2017-04-06,OvernightTarget,0.5
2017-04-07,OvernightTarget,0.5
2017-04-10,OvernightTarget,0.5
2017-04-11,OvernightTarget,0.5
2017-04-12,OvernightTarget,0.5
2017-04-13,OvernightTarget,0.5
2017-04-14,OvernightTarget,0.5
2017-04-17,OvernightTarget,0.5
2017-04-18,OvernightTarget,0.5
2017-04-19,OvernightTarget,0.5
2017-04-20,OvernightTarget,0.5
2017-04-21,OvernightTarget,0.5
2017-04-24,OvernightTarget,0.5
2017-04-25,OvernightTarget,0.5
2017-04-26,OvernightTarget,0.5
2017-04-27,OvernightTarget,0.5
2017-04-28,OvernightTarget,0.5
2017-05-01,OvernightTarget,0.5
2017-05-02,OvernightTarget,0.5
2017-05-03,OvernightTarget,0.5
2017-05-04,OvernightTarget,0.5
2017-05-05,OvernightTarget,0.5
2017-05-08,OvernightTarget,0.5
2017-05-09,OvernightTarget,0.5
2017-05-10,OvernightTarget,0.5
2017-05-11,OvernightTarget,0.5
2017-05-12,OvernightTarget,0.5
2017-05-15,OvernightTarget,0.5
2017-05-16,OvernightTarget,0.5
2017-05-17,OvernightTarget,0.5
2017-05-18,OvernightTarget,0.5
2017-05-19,OvernightTarget,0.5
2017-05-22,OvernightTarget,0.5
2017-05-23,OvernightTarget,0.5
2017-05-24,OvernightTarget,0.5
2017-05-25,OvernightTarget,0.5
2017-05-26,OvernightTarget,0.5
2017-05-29,OvernightTarget,0.5
2017-05-30,OvernightTarget,0.5
2017-05-31,OvernightTarget,0.5
2017-06-01,OvernightTarget,0.5
2017-06-02,OvernightTarget,0.5
2017-06-05,OvernightTarget,0.5
2017-06-06,OvernightTarget,0.5
2017-06-07,OvernightTarget,0.5
2017-06-08,OvernightTarget,0.5
2017-06-09,OvernightTarget,0.5
2017-06-12,OvernightTarget,0.5
2017-06-13,OvernightTarget,0.5
2017-06-14,OvernightTarget,0.5
2017-06-15,OvernightTarget,0.5
2017-06-16,OvernightTarget,0.5
2017-06-19,OvernightTarget,0.5
2017-06-20,OvernightTarget,0.5
2017-06-21,OvernightTarget,0.5
2017-06-22,OvernightTarget,0.5
2017-06-23,OvernightTarget,0.5
2017-06-26,OvernightTarget,0.5
2017-06-27,OvernightTarget,0.5
2017-06-28,OvernightTarget,0.5
2017-06-29,OvernightTarget,0.5
2017-06-30,OvernightTarget,0.5
2017-07-03,OvernightTarget,0.5
2017-07-04,OvernightTarget,0.5
2017-07-05,OvernightTarget,0.5
2017-07-06,OvernightTarget,0.5
2017-07-07,OvernightTarget,0.5
2017-07-10,OvernightTarget,0.5
2017-07-11,OvernightTarget,0.5
2017-07-12,OvernightTarget,0.75
2017-07-13,OvernightTarget,0.75
2017-07-14,OvernightTarget,0.75
2017-07-17,OvernightTarget,0.75
2017-07-18,OvernightTarget,0.75
2017-07-19,OvernightTarget,0.75
2017-07-20,OvernightTarget,0.75
2017-07-21,OvernightTarget,0.75
2017-07-24,OvernightTarget,0.75
2017-07-25,OvernightTarget,0.75
2017-07-26,OvernightTarget,0.75
2017-07-27,OvernightTarget,0.75
2017-07-28,OvernightTarget,0.75
2017-07-31,OvernightTarget,0.75
2017-08-01,OvernightTarget,0.75
2017-08-02,OvernightTarget,0.75
2017-08-03,OvernightTarget,0.75
2017-08-04,OvernightTarget,0.75
2017-08-07,OvernightTarget,0.75
2017-08-08,OvernightTarget,0.75
2017-08-09,OvernightTarget,0.75
2017-08-10,OvernightTarget,0.75
2017-08-11,OvernightTarget,0.75
2017-08-14,OvernightTarget,0.75
2017-08-15,OvernightTarget,0.75
2017-08-16,OvernightTarget,0.75
2017-08-17,OvernightTarget,0.75
2017-08-18,OvernightTarget,0.75
2017-08-21,OvernightTarget,0.75
2017-08-22,OvernightTarget,0.75
2017-08-23,OvernightTarget,0.75
2017-08-24,OvernightTarget,0.75
2017-08-25,OvernightTarget,0.75
2017-08-28,OvernightTarget,0.75
2017-08-29,OvernightTarget,0.75
2017-08-30,OvernightTarget,0.75
2017-08-31,OvernightTarget,0.75
2017-09-01,OvernightTarget,0.75
2017-09-04,OvernightTarget,0.75
2017-09-05,OvernightTarget,0.75
2017-09-06,OvernightTarget,1.0
2017-09-07,OvernightTarget,1.0
2017-09-08,OvernightTarget,1.0
2017-09-11,OvernightTarget,1.0
2017-09-12,OvernightTarget,1.0
2017-09-13,OvernightTarget,1.0
2017-09-14,OvernightTarget,1.0
2017-09-15,OvernightTarget,1.0
2017-09-18,OvernightTarget,1.0
2017-09-19,OvernightTarget,1.0
2017-09-20,OvernightTarget,1.0
2017-09-21,OvernightTarget,1.0
2017-09-22,OvernightTarget,1.0
2017-09-25,OvernightTarget,1.0
2017-09-26,OvernightTarget,1.0
2017-09-27,OvernightTarget,1.0
2017-09-28,OvernightTarget,1.0
2017-09-29,OvernightTarget,1.0
2017-10-02,OvernightTarget,1.0
2017-10-03,OvernightTarget,1.0
2017-10-04,OvernightTarget,1.0
2017-10-05,OvernightTarget,1.0
2017-10-06,OvernightTarget,1.0
2017-10-09,OvernightTarget,1.0
2017-10-10,OvernightTarget,1.0
2017-10-11,OvernightTarget,1.0
2017-10-12,OvernightTarget,1.0
2017-10-13,OvernightTarget,1.0
2017-10-16,OvernightTarget,1.0
2017-10-17,OvernightTarget,1.0
2017-10-18,OvernightTarget,1.0
2017-10-19,OvernightTarget,1.0
2017-10-20,OvernightTarget,1.0
2017-10-23,OvernightTarget,1.0
2017-10-24,OvernightTarget,1.0
2017-10-25,OvernightTarget,1.0
2017-10-26,OvernightTarget,1.0
2017-10-27,OvernightTarget,1.0
2017-10-30,OvernightTarget,1.0
2017-10-31,OvernightTarget,1.0
2017-11-01,OvernightTarget,1.0
2017-11-02,OvernightTarget,1.0
2017-11-03,OvernightTarget,1.0
2017-11-06,OvernightTarget,1.0
2017-11-07,OvernightTarget,1.0
2017-11-08,OvernightTarget,1.0
2017-11-09,OvernightTarget,1.0
2017-11-10,OvernightTarget,1.0
2017-11-13,OvernightTarget,1.0
2017-11-14,OvernightTarget,1.0
2017-11-15,OvernightTarget,1.0
2017-11-16,OvernightTarget,1.0
2017-11-17,OvernightTarget,1.0
2017-11-20,OvernightTarget,1.0
2017-11-21,OvernightTarget,1.0
2017-11-22,OvernightTarget,1.0
2017-11-23,OvernightTarget,1.0
2017-11-24,OvernightTarget,1.0
2017-11-27,OvernightTarget,1.0
2017-11-28,OvernightTarget,1.0
2017-11-29,OvernightTarget,1.0
2017-11-30,OvernightTarget,1.0
2017-12-01,OvernightTarget,1.0
2017-12-04,OvernightTarget,1.0
2017-12-05,OvernightTarget,1.0
2017-12-06,OvernightTarget,1.0
2017-12-07,OvernightTarget,1.0
2017-12-08,OvernightTarget,1.0
2017-12-11,OvernightTarget,1.0
2017-12-12,OvernightTarget,1.0
2017-12-13,OvernightTarget,1.0
2017-12-14,OvernightTarget,1.0
2017-12-15,OvernightTarget,1.0
2017-12-18,OvernightTarget,1.0
2017-12-19,OvernightTarget,1.0
2017-12-20,OvernightTarget,1.0
2017-12-21,OvernightTarget,1.0
2017-12-22,OvernightTarget,1.0
2017-12-25,OvernightTarget,1.0
2017-12-26,OvernightTarget,1.0
2017-12-27,OvernightTarget,1.0
2017-12-28,OvernightTarget,1.0
2017-12-29,OvernightTarget,1.0
2018-01-01,OvernightTarget,1.0
2018-01-02,OvernightTarget,1.0
2018-01-03,OvernightTarget,1.0
2018-01-04,OvernightTarget,1.0
2018-01-05,OvernightTarget,1.0
2018-01-08,OvernightTarget,1.0
2018-01-09,OvernightTarget,1.0
2018-01-10,OvernightTarget,1.0
2018-01-11,OvernightTarget,1.0
2018-01-12,OvernightTarget,1.0
2018-01-15,OvernightTarget,1.0
2018-01-16,OvernightTarget,1.0
2018-01-17,OvernightTarget,1.25
2018-01-18,OvernightTarget,1.25
2018-01-19,OvernightTarget,1.25
2018-01-22,OvernightTarget,1.25
2018-01-23,OvernightTarget,1.25
2018-01-24,OvernightTarget,1.25
2018-01-25,OvernightTarget,1.25
2018-01-26,OvernightTarget,1.25
2018-01-29,OvernightTarget,1.25
2018-01-30,OvernightTarget,1.25
2018-01-31,OvernightTarget,1.25
2018-02-01,OvernightTarget,1.25
2018-02-02,OvernightTarget,1.25
2018-02-05,OvernightTarget,1.25
2018-02-06,OvernightTarget,1.25
2018-02-07,OvernightTarget,1.25
2018-02-08,OvernightTarget,1.25
2018-02-09,OvernightTarget,1.25
2018-02-12,OvernightTarget,1.25
2018-02-13,OvernightTarget,1.25
2018-02-14,OvernightTarget,1.25
2018-02-15,OvernightTarget,1.25
2018-02-16,OvernightTarget,1.25
2018-02-19,OvernightTarget,1.25
2018-02-20,OvernightTarget,1.25
2018-02-21,OvernightTarget,1.25
2018-02-22,OvernightTarget,1.25
2018-02-23,OvernightTarget,1.25
2018-02-26,OvernightTarget,1.25
2018-02-27,OvernightTarget,1.25
2018-02-28,OvernightTarget,1.25
2018-03-01,OvernightTarget,1.25
2018-03-02,OvernightTarget,1.25
2018-03-05,OvernightTarget,1.25
2018-03-06,OvernightTarget,1.25
2018-03-07,OvernightTarget,1.25
2018-03-08,OvernightTarget,1.25
2018-03-09,OvernightTarget,1.25
2018-03-12,OvernightTarget,1.25
2018-03-13,OvernightTarget,1.25
2018-03-14,OvernightTarget,1.25
2018-03-15,OvernightTarget,1.25
2018-03-16,OvernightTarget,1.25
2018-03-19,OvernightTarget,1.25
2018-03-20,OvernightTarget,1.25
2018-03-21,OvernightTarget,1.25
2018-03-22,OvernightTarget,1.25
2018-03-23,OvernightTarget,1.25
2018-03-26,OvernightTarget,1.25
2018-03-27,OvernightTarget,1.25
2018-03-28,OvernightTarget,1.25
2018-03-29,OvernightTarget,1.25
2018-03-30,OvernightTarget,1.25
2018-04-02,OvernightTarget,1.25
2018-04-03,OvernightTarget,1.25
2018-04-04,OvernightTarget,1.25
2018-04-05,OvernightTarget,1.25
2018-04-06,OvernightTarget,1.25
2018-04-09,OvernightTarget,1.25
2018-04-10,OvernightTarget,1.25
2018-04-11,OvernightTarget,1.25
2018-04-12,OvernightTarget,1.25
2018-04-13,OvernightTarget,1.25
2018-04-16,OvernightTarget,1.25
2018-04-17,OvernightTarget,1.25
2018-04-18,OvernightTarget,1.25
2018-04-19,OvernightTarget,1.25
2018-04-20,OvernightTarget,1.25
2018-04-23,OvernightTarget,1.25
2018-04-24,OvernightTarget,1.25
2018-04-25,OvernightTarget,1.25
2018-04-26,OvernightTarget,1.25
2018-04-27,OvernightTarget,1.25
2018-04-30,OvernightTarget,1.25
2018-05-01,OvernightTarget,1.25
2018-05-02,OvernightTarget,1.25
2018-05-03,OvernightTarget,1.25
2018-05-04,OvernightTarget,1.25
2018-05-07,OvernightTarget,1.25
2018-05-08,OvernightTarget,1.25
2018-05-09,OvernightTarget,1.25
2018-05-10,OvernightTarget,1.25
2018-05-11,OvernightTarget,1.25
2018-05-14,OvernightTarget,1.25
2018-05-15,OvernightTarget,1.25
2018-05-16,OvernightTarget,1.25
2018-05-17,OvernightTarget,1.25
2018-05-18,OvernightTarget,1.25
2018-05-21,OvernightTarget,1.25
2018-05-22,OvernightTarget,1.25
2018-05-23,OvernightTarget,1.25
2018-05-24,OvernightTarget,1.25
2018-05-25,OvernightTarget,1.25
2018-05-28,OvernightTarget,1.25
2018-05-29,OvernightTarget,1.25
2018-05-30,OvernightTarget,1.25
2018-05-31,OvernightTarget,1.25
2018-06-01,OvernightTarget,1.25
2018-06-04,OvernightTarget,1.25
2018-06-05,OvernightTarget,1.25
2018-06-06,OvernightTarget,1.25
2018-06-07,OvernightTarget,1.25
2018-06-08,OvernightTarget,1.25
2018-06-11,OvernightTarget,1.25
2018-06-12,OvernightTarget,1.25
2018-06-13,OvernightTarget,1.25
2018-06-14,OvernightTarget,1.25
2018-06-15,OvernightTarget,1.25
2018-06-18,OvernightTarget,1.25
2018-06-19,OvernightTarget,1.25
2018-06-20,OvernightTarget,1.25
2018-06-21,OvernightTarget,1.25
2018-06-22,OvernightTarget,1.25
2018-06-25,OvernightTarget,1.25
2018-06-26,OvernightTarget,1.25
2018-06-27,OvernightTarget,1.25
2018-06-28,OvernightTarget,1.25
2018-06-29,OvernightTarget,1.25
2018-07-02,OvernightTarget,1.25
2018-07-03,OvernightTarget,1.25
2018-07-04,OvernightTarget,1.25
2018-07-05,OvernightTarget,1.25
2018-07-06,OvernightTarget,1.25
2018-07-09,OvernightTarget,1.25
2018-07-10,OvernightTarget,1.25
2018-07-11,OvernightTarget,1.5
2018-07-12,OvernightTarget,1.5
2018-07-13,OvernightTarget,1.5
2018-07-16,OvernightTarget,1.5
2018-07-17,OvernightTarget,1.5
2018-07-18,OvernightTarget,1.5
2018-07-19,OvernightTarget,1.5
2018-07-20,OvernightTarget,1.5
2018-07-23,OvernightTarget,1.5
2018-07-24,OvernightTarget,1.5
2018-07-25,OvernightTarget,1.5
2018-07-26,OvernightTarget,1.5
2018-07-27,OvernightTarget,1.5
2018-07-30,OvernightTarget,1.5
2018-07-31,OvernightTarget,1.5
2018-08-01,OvernightTarget,1.5
2018-08-02,OvernightTarget,1.5
2018-08-03,OvernightTarget,1.5
2018-08-06,OvernightTarget,1.5
2018-08-07,OvernightTarget,1.5
2018-08-08,OvernightTarget,1.5
2018-08-09,OvernightTarget,1.5
2018-08-10,OvernightTarget,1.5
2018-08-13,OvernightTarget,1.5
2018-08-14,OvernightTarget,1.5
2018-08-15,OvernightTarget,1.5
2018-08-16,OvernightTarget,1.5
2018-08-17,OvernightTarget,1.5
2018-08-20,OvernightTarget,1.5
2018-08-21,OvernightTarget,1.5
2018-08-22,OvernightTarget,1.5
2018-08-23,OvernightTarget,1.5
2018-08-24,OvernightTarget,1.5
2018-08-27,OvernightTarget,1.5
2018-08-28,OvernightTarget,1.5
2018-08-29,OvernightTarget,1.5
2018-08-30,OvernightTarget,1.5
2018-08-31,OvernightTarget,1.5
2018-09-03,OvernightTarget,1.5
2018-09-04,OvernightTarget,1.5
2018-09-05,OvernightTarget,1.5
2018-09-06,OvernightTarget,1.5
2018-09-07,OvernightTarget,1.5
2018-09-10,OvernightTarget,1.5
2018-09-11,OvernightTarget,1.5
2018-09-12,OvernightTarget,1.5
2018-09-13,OvernightTarget,1.5
2018-09-14,OvernightTarget,1.5
2018-09-17,OvernightTarget,1.5
2018-09-18,OvernightTarget,1.5
2018-09-19,OvernightTarget,1.5
2018-09-20,OvernightTarget,1.5
2018-09-21,OvernightTarget,1.5
2018-09-24,OvernightTarget,1.5
2018-09-25,OvernightTarget,1.5
2018-09-26,OvernightTarget,1.5
2018-09-27,OvernightTarget,1.5
2018-09-28,OvernightTarget,1.5
2018-10-01,OvernightTarget,1.5
2018-10-02,OvernightTarget,1.5
2018-10-03,OvernightTarget,1.5
2018-10-04,OvernightTarget,1.5
2018-10-05,OvernightTarget,1.5
2018-10-08,OvernightTarget,1.5
2018-10-09,OvernightTarget,1.5
2018-10-10,OvernightTarget,1.5
2018-10-11,OvernightTarget,1.5
2018-10-12,OvernightTarget,1.5
2018-10-15,OvernightTarget,1.5
2018-10-16,OvernightTarget,1.5
2018-10-17,OvernightTarget,1.5
2018-10-18,OvernightTarget,1.5
2018-10-19,OvernightTarget,1.5
2018-10-22,OvernightTarget,1.5
2018-10-23,OvernightTarget,1.5
2018-10-24,OvernightTarget,1.75
2018-10-25,OvernightTarget,1.75
2018-10-26,OvernightTarget,1.75
2018-10-29,OvernightTarget,1.75
2018-10-30,OvernightTarget,1.75
2018-10-31,OvernightTarget,1.75
2018-11-01,OvernightTarget,1.75
2018-11-02,OvernightTarget,1.75
2018-11-05,OvernightTarget,1.75
2018-11-06,OvernightTarget,1.75
2018-11-07,OvernightTarget,1.75
2018-11-08,OvernightTarget,1.75
2018-11-09,OvernightTarget,1.75
2018-11-12,OvernightTarget,1.75
2018-11-13,OvernightTarget,1.75
2018-11-14,OvernightTarget,1.75
2018-11-15,OvernightTarget,1.75
2018-11-16,OvernightTarget,1.75
2018-11-19,OvernightTarget,1.75
2018-11-20,OvernightTarget,1.75
2018-11-21,OvernightTarget,1.75
2018-11-22,OvernightTarget,1.75
2018-11-23,OvernightTarget,1.75
2018-11-26,OvernightTarget,1.75
2018-11-27,OvernightTarget,1.75
2018-11-28,OvernightTarget,1.75
2018-11-29,OvernightTarget,1.75
2018-11-30,OvernightTarget,1.75
2018-12-03,OvernightTarget,1.75
2018-12-04,OvernightTarget,1.75
2018-12-05,OvernightTarget,1.75
2018-12-06,OvernightTarget,1.75
2018-12-07,OvernightTarget,1.75
2018-12-10,OvernightTarget,1.75
2018-12-11,OvernightTarget,1.75
2018-12-12,OvernightTarget,1.75
2018-12-13,OvernightTarget,1.75
2018-12-14,OvernightTarget,1.75
2018-12-17,OvernightTarget,1.75
2018-12-18,OvernightTarget,1.75
2018-12-19,OvernightTarget,1.75
2018-12-20,OvernightTarget,1.75
2018-12-21,OvernightTarget,1.75
2018-12-24,OvernightTarget,1.75
2018-12-25,OvernightTarget,1.75
2018-12-26,OvernightTarget,1.75
2018-12-27,OvernightTarget,1.75
2018-12-28,OvernightTarget,1.75
2018-12-31,OvernightTarget,1.75
2019-01-01,OvernightTarget,1.75
2019-01-02,OvernightTarget,1.75
2019-01-03,OvernightTarget,1.75
2019-01-04,OvernightTarget,1.75
2019-01-07,OvernightTarget,1.75
2019-01-08,OvernightTarget,1.75
2019-01-09,OvernightTarget,1.75
2019-01-10,OvernightTarget,1.75
2019-01-11,OvernightTarget,1.75
2019-01-14,OvernightTarget,1.75
2019-01-15,OvernightTarget,1.75
2019-01-16,OvernightTarget,1.75
2019-01-17,OvernightTarget,1.75
2019-01-18,OvernightTarget,1.75
2019-01-21,OvernightTarget,1.75
2019-01-22,OvernightTarget,1.75
2019-01-23,OvernightTarget,1.75
2019-01-24,OvernightTarget,1.75
2019-01-25,OvernightTarget,1.75
2019-01-28,OvernightTarget,1.75
2019-01-29,OvernightTarget,1.75
2019-01-30,OvernightTarget,1.75
2019-01-31,OvernightTarget,1.75
2019-02-01,OvernightTarget,1.75
2019-02-04,OvernightTarget,1.75
2019-02-05,OvernightTarget,1.75
2019-02-06,OvernightTarget,1.75
2019-02-07,OvernightTarget,1.75
2019-02-08,OvernightTarget,1.75
2019-02-11,OvernightTarget,1.75
2019-02-12,OvernightTarget,1.75
2019-02-13,OvernightTarget,1.75
2019-02-14,OvernightTarget,1.75
2019-02-15,OvernightTarget,1.75
2019-02-18,OvernightTarget,1.75
2019-02-19,OvernightTarget,1.75
2019-02-20,OvernightTarget,1.75
2019-02-21,OvernightTarget,1.75
2019-02-22,OvernightTarget,1.75
2019-02-25,OvernightTarget,1.75
2019-02-26,OvernightTarget,1.75
2019-02-27,OvernightTarget,1.75
2019-02-28,OvernightTarget,1.75
2019-03-01,OvernightTarget,1.75
2019-03-04,OvernightTarget,1.75
2019-03-05,OvernightTarget,1.75
2019-03-06,OvernightTarget,1.75
2019-03-07,OvernightTarget,1.75
2019-03-08,OvernightTarget,1.75
2019-03-11,OvernightTarget,1.75
2019-03-12,OvernightTarget,1.75
2019-03-13,OvernightTarget,1.75
2019-03-14,OvernightTarget,1.75
2019-03-15,OvernightTarget,1.75
2019-03-18,OvernightTarget,1.75
2019-03-19,OvernightTarget,1.75
2019-03-20,OvernightTarget,1.75
2019-03-21,OvernightTarget,1.75
2019-03-22,OvernightTarget,1.75
2019-03-25,OvernightTarget,1.75
2019-03-26,OvernightTarget,1.75
2019-03-27,OvernightTarget,1.75
2019-03-28,OvernightTarget,1.75
2019-03-29,OvernightTarget,1.75
2019-04-01,OvernightTarget,1.75
2019-04-02,OvernightTarget,1.75
2019-04-03,OvernightTarget,1.75
2019-04-04,OvernightTarget,1.75
2019-04-05,OvernightTarget,1.75
2019-04-08,OvernightTarget,1.75
2019-04-09,OvernightTarget,1.75
2019-04-10,OvernightTarget,1.75
2019-04-11,OvernightTarget,1.75
2019-04-12,OvernightTarget,1.75
2019-04-15,OvernightTarget,1.75
2019-04-16,OvernightTarget,1.75
2019-04-17,OvernightTarget,1.75
2019-04-18,OvernightTarget,1.75
2019-04-19,OvernightTarget,1.75
2019-04-22,OvernightTarget,1.75
2019-04-23,OvernightTarget,1.75
2019-04-24,OvernightTarget,1.75
2019-04-25,OvernightTarget,1.75
2019-04-26,OvernightTarget,1.75
2019-04-29,OvernightTarget,1.75
2019-04-30,OvernightTarget,1.75
2019-05-01,OvernightTarget,1.75
2019-05-02,OvernightTarget,1.75
2019-05-03,OvernightTarget,1.75
2019-05-06,OvernightTarget,1.75
2019-05-07,OvernightTarget,1.75
2019-05-08,OvernightTarget,1.75
2019-05-09,OvernightTarget,1.75
2019-05-10,OvernightTarget,1.75
2019-05-13,OvernightTarget,1.75
2019-05-14,OvernightTarget,1.75
2019-05-15,OvernightTarget,1.75
2019-05-16,OvernightTarget,1.75
2019-05-17,OvernightTarget,1.75
2019-05-20,OvernightTarget,1.75
2019-05-21,OvernightTarget,1.75
2019-05-22,OvernightTarget,1.75
2019-05-23,OvernightTarget,1.75
2019-05-24,OvernightTarget,1.75
2019-05-27,OvernightTarget,1.75
2019-05-28,OvernightTarget,1.75
2019-05-29,OvernightTarget,1.75
2019-05-30,OvernightTarget,1.75
2019-05-31,OvernightTarget,1.75
2019-06-03,OvernightTarget,1.75
2019-06-04,OvernightTarget,1.75
2019-06-05,OvernightTarget,1.75
2019-06-06,OvernightTarget,1.75
2019-06-07,OvernightTarget,1.75
2019-06-10,OvernightTarget,1.75
2019-06-11,OvernightTarget,1.75
2019-06-12,OvernightTarget,1.75
2019-06-13,OvernightTarget,1.75
2019-06-14,OvernightTarget,1.75
2019-06-17,OvernightTarget,1.75
2019-06-18,OvernightTarget,1.75
2019-06-19,OvernightTarget,1.75
2019-06-20,OvernightTarget,1.75
2019-06-21,OvernightTarget,1.75
2019-06-24,OvernightTarget,1.75
2019-06-25,OvernightTarget,1.75
2019-06-26,OvernightTarget,1.75
2019-06-27,OvernightTarget,1.75
2019-06-28,OvernightTarget,1.75
2019-07-01,OvernightTarget,1.75
2019-07-02,OvernightTarget,1.75
2019-07-03,OvernightTarget,1.75
2019-07-04,OvernightTarget,1.75
2019-07-05,OvernightTarget,1.75
2019-07-08,OvernightTarget,1.75
2019-07-09,OvernightTarget,1.75
2019-07-10,OvernightTarget,1.75
2019-07-11,OvernightTarget,1.75
2019-07-12,OvernightTarget,1.75
2019-07-15,OvernightTarget,1.75
2019-07-16,OvernightTarget,1.75
2019-07-17,OvernightTarget,1.75
2019-07-18,OvernightTarget,1.75
2019-07-19,OvernightTarget,1.75
2019-07-22,OvernightTarget,1.75
2019-07-23,OvernightTarget,1.75
2019-07-24,OvernightTarget,1.75
2019-07-25,OvernightTarget,1.75
2019-07-26,OvernightTarget,1.75
2019-07-29,OvernightTarget,1.75
2019-07-30,OvernightTarget,1.75
2019-07-31,OvernightTarget,1.75
2019-08-01,OvernightTarget,1.75
2019-08-02,OvernightTarget,1.75
2019-08-05,OvernightTarget,1.75
2019-08-06,OvernightTarget,1.75
2019-08-07,OvernightTarget,1.75
2019-08-08,OvernightTarget,1.75
2019-08-09,OvernightTarget,1.75
2019-08-12,OvernightTarget,1.75
2019-08-13,OvernightTarget,1.75
2019-08-14,OvernightTarget,1.75
2019-08-15,OvernightTarget,1.75
2019-08-16,OvernightTarget,1.75
2019-08-19,OvernightTarget,1.75
2019-08-20,OvernightTarget,1.75
2019-08-21,OvernightTarget,1.75
2019-08-22,OvernightTarget,1.75
2019-08-23,OvernightTarget,1.75
2019-08-26,OvernightTarget,1.75
2019-08-27,OvernightTarget,1.75
2019-08-28,OvernightTarget,1.75
2019-08-29,OvernightTarget,1.75
2019-08-30,OvernightTarget,1.75
2019-09-02,OvernightTarget,1.75
2019-09-03,OvernightTarget,1.75
2019-09-04,OvernightTarget,1.75
2019-09-05,OvernightTarget,1.75
2019-09-06,OvernightTarget,1.75
2019-09-09,OvernightTarget,1.75
2019-09-10,OvernightTarget,1.75
2019-09-11,OvernightTarget,1.75
2019-09-12,OvernightTarget,1.75
2019-09-13,OvernightTarget,1.75
2019-09-16,OvernightTarget,1.75
2019-09-17,OvernightTarget,1.75
2019-09-18,OvernightTarget,1.75
2019-09-19,OvernightTarget,1.75
2019-09-20,OvernightTarget,1.75
2019-09-23,OvernightTarget,1.75
2019-09-24,OvernightTarget,1.75
2019-09-25,OvernightTarget,1.75
2019-09-26,OvernightTarget,1.75
2019-09-27,OvernightTarget,1.75
2019-09-30,OvernightTarget,1.75
2019-10-01,OvernightTarget,1.75
2019-10-02,OvernightTarget,1.75
2019-10-03,OvernightTarget,1.75
2019-10-04,OvernightTarget,1.75
2019-10-07,OvernightTarget,1.75
2019-10-08,OvernightTarget,1.75
2019-10-09,OvernightTarget,1.75
2019-10-10,OvernightTarget,1.75
2019-10-11,OvernightTarget,1.75
2019-10-14,OvernightTarget,1.75
2019-10-15,OvernightTarget,1.75
2019-10-16,OvernightTarget,1.75
2019-10-17,OvernightTarget,1.75
2019-10-18,OvernightTarget,1.75
2019-10-21,OvernightTarget,1.75
2019-10-22,OvernightTarget,1.75
2019-10-23,OvernightTarget,1.75
2019-10-24,OvernightTarget,1.75
2019-10-25,OvernightTarget,1.75
2019-10-28,OvernightTarget,1.75
2019-10-29,OvernightTarget,1.75
2019-10-30,OvernightTarget,1.75
2019-10-31,OvernightTarget,1.75
2019-11-01,OvernightTarget,1.75
2019-11-04,OvernightTarget,1.75
2019-11-05,OvernightTarget,1.75
2019-11-06,OvernightTarget,1.75
2019-11-07,OvernightTarget,1.75
2019-11-08,OvernightTarget,1.75
2019-11-11,OvernightTarget,1.75
2019-11-12,OvernightTarget,1.75
2019-11-13,OvernightTarget,1.75
2019-11-14,OvernightTarget,1.75
2019-11-15,OvernightTarget,1.75
2019-11-18,OvernightTarget,1.75
2019-11-19,OvernightTarget,1.75
2019-11-20,OvernightTarget,1.75
2019-11-21,OvernightTarget,1.75
2019-11-22,OvernightTarget,1.75
2019-11-25,OvernightTarget,1.75
2019-11-26,OvernightTarget,1.75
2019-11-27,OvernightTarget,1.75
2019-11-28,OvernightTarget,1.75
2019-11-29,OvernightTarget,1.75
2019-12-02,OvernightTarget,1.75
2019-12-03,OvernightTarget,1.75
2019-12-04,OvernightTarget,1.75
2019-12-05,OvernightTarget,1.75
2019-12-06,OvernightTarget,1.75
2019-12-09,OvernightTarget,1.75
2019-12-10,OvernightTarget,1.75
2019-12-11,OvernightTarget,1.75
2019-12-12,OvernightTarget,1.75
2019-12-13,OvernightTarget,1.75
2019-12-16,OvernightTarget,1.75
2019-12-17,OvernightTarget,1.75
2019-12-18,OvernightTarget,1.75
2019-12-19,OvernightTarget,1.75
2019-12-20,OvernightTarget,1.75
2019-12-23,OvernightTarget,1.75
2019-12-24,OvernightTarget,1.75
2019-12-25,OvernightTarget,1.75
2019-12-26,OvernightTarget,1.75
2019-12-27,OvernightTarget,1.75
2019-12-30,OvernightTarget,1.75
2019-12-31,OvernightTarget,1.75
2020-01-01,OvernightTarget,1.75
2020-01-02,OvernightTarget,1.75
2020-01-03,OvernightTarget,1.75
2020-01-06,OvernightTarget,1.75
2020-01-07,OvernightTarget,1.75
2020-01-08,OvernightTarget,1.75
2020-01-09,OvernightTarget,1.75
2020-01-10,OvernightTarget,1.75
2020-01-13,OvernightTarget,1.75
2020-01-14,OvernightTarget,1.75
2020-01-15,OvernightTarget,1.75
2020-01-16,OvernightTarget,1.75
2020-01-17,OvernightTarget,1.75
2020-01-20,OvernightTarget,1.75
2020-01-21,OvernightTarget,1.75
2020-01-22,OvernightTarget,1.75
2020-01-23,OvernightTarget,1.75
2020-01-24,OvernightTarget,1.75
2020-01-27,OvernightTarget,1.75
2020-01-28,OvernightTarget,1.75
2020-01-29,OvernightTarget,1.75
2020-01-30,OvernightTarget,1.75
2020-01-31,OvernightTarget,1.75
2020-02-03,OvernightTarget,1.75
2020-02-04,OvernightTarget,1.75
2020-02-05,OvernightTarget,1.75
2020-02-06,OvernightTarget,1.75
2020-02-07,OvernightTarget,1.75
2020-02-10,OvernightTarget,1.75
2020-02-11,OvernightTarget,1.75
2020-02-12,OvernightTarget,1.75
2020-02-13,OvernightTarget,1.75
2020-02-14,OvernightTarget,1.75
2020-02-17,OvernightTarget,1.75
2020-02-18,OvernightTarget,1.75
2020-02-19,OvernightTarget,1.75
2020-02-20,OvernightTarget,1.75
2020-02-21,OvernightTarget,1.75
2020-02-24,OvernightTarget,1.75
2020-02-25,OvernightTarget,1.75
2020-02-26,OvernightTarget,1.75
2020-02-27,OvernightTarget,1.75
2020-02-28,OvernightTarget,1.75
2020-03-02,OvernightTarget,1.75
2020-03-03,OvernightTarget,1.75
2020-03-04,OvernightTarget,1.25
2020-03-05,OvernightTarget,1.25
2020-03-06,OvernightTarget,1.25
2020-03-09,OvernightTarget,1.25
2020-03-10,OvernightTarget,1.25
2020-03-11,OvernightTarget,1.25
2020-03-12,OvernightTarget,1.25
2020-03-13,OvernightTarget,1.25
2020-03-16,OvernightTarget,0.75
2020-03-17,OvernightTarget,0.75
2020-03-18,OvernightTarget,0.75
2020-03-19,OvernightTarget,0.75
2020-03-20,OvernightTarget,0.75
2020-03-23,OvernightTarget,0.75
2020-03-24,OvernightTarget,0.75
2020-03-25,OvernightTarget,0.75
2020-03-26,OvernightTarget,0.75
2020-03-27,OvernightTarget,0.25
2020-03-30,OvernightTarget,0.25
2020-03-31,OvernightTarget,0.25
2020-04-01,OvernightTarget,0.25
2020-04-02,OvernightTarget,0.25
2020-04-03,OvernightTarget,0.25
2020-04-06,OvernightTarget,0.25
2020-04-07,OvernightTarget,0.25
2020-04-08,OvernightTarget,0.25
2020-04-09,OvernightTarget,0.25
2020-04-10,OvernightTarget,0.25
2020-04-13,OvernightTarget,0.25
2020-04-14,OvernightTarget,0.25
2020-04-15,OvernightTarget,0.25
2020-04-16,OvernightTarget,0.25
2020-04-17,OvernightTarget,0.25
2020-04-20,OvernightTarget,0.25
2020-04-21,OvernightTarget,0.25
2020-04-22,OvernightTarget,0.25
2020-04-23,OvernightTarget,0.25
2020-04-24,OvernightTarget,0.25
2020-04-27,OvernightTarget,0.25
2020-04-28,OvernightTarget,0.25
2020-04-29,OvernightTarget,0.25
2020-04-30,OvernightTarget,0.25
2020-05-01,OvernightTarget,0.25
2020-05-04,OvernightTarget,0.25
2020-05-05,OvernightTarget,0.25
2020-05-06,OvernightTarget,0.25
2020-05-07,OvernightTarget,0.25
2020-05-08,OvernightTarget,0.25
2020-05-11,OvernightTarget,0.25
2020-05-12,OvernightTarget,0.25
2020-05-13,OvernightTarget,0.25
2020-05-14,OvernightTarget,0.25
2020-05-15,OvernightTarget,0.25
2020-05-18,OvernightTarget,0.25
2020-05-19,OvernightTarget,0.25
2020-05-20,OvernightTarget,0.25
2020-05-21,OvernightTarget,0.25
2020-05-22,OvernightTarget,0.25
2020-05-25,OvernightTarget,0.25
2020-05-26,OvernightTarget,0.25
2020-05-27,OvernightTarget,0.25
2020-05-28,OvernightTarget,0.25
2020-05-29,OvernightTarget,0.25
2020-06-01,OvernightTarget,0.25
2020-06-02,OvernightTarget,0.25
2020-06-03,OvernightTarget,0.25
2020-06-04,OvernightTarget,0.25
2020-06-05,OvernightTarget,0.25
2020-06-08,OvernightTarget,0.25
2020-06-09,OvernightTarget,0.25
2020-06-10,OvernightTarget,0.25
2020-06-11,OvernightTarget,0.25
2020-06-12,OvernightTarget,0.25
2020-06-15,OvernightTarget,0.25
2020-06-16,OvernightTarget,0.25
2020-06-17,OvernightTarget,0.25
2020-06-18,OvernightTarget,0.25
2020-06-19,OvernightTarget,0.25
2020-06-22,OvernightTarget,0.25
2020-06-23,OvernightTarget,0.25
2020-06-24,OvernightTarget,0.25
2020-06-25,OvernightTarget,0.25
2020-06-26,OvernightTarget,0.25
2020-06-29,OvernightTarget,0.25
2020-06-30,OvernightTarget,0.25
2020-07-01,OvernightTarget,0.25
2020-07-02,OvernightTarget,0.25
2020-07-03,OvernightTarget,0.25
2020-07-06,OvernightTarget,0.25
2020-07-07,OvernightTarget,0.25
2020-07-08,OvernightTarget,0.25
2020-07-09,OvernightTarget,0.25
2020-07-10,OvernightTarget,0.25
2020-07-13,OvernightTarget,0.25
2020-07-14,OvernightTarget,0.25
2020-07-15,OvernightTarget,0.25
2020-07-16,OvernightTarget,0.25
2020-07-17,OvernightTarget,0.25
2020-07-20,OvernightTarget,0.25
2020-07-21,OvernightTarget,0.25
2020-07-22,OvernightTarget,0.25
2020-07-23,OvernightTarget,0.25
2020-07-24,OvernightTarget,0.25
2020-07-27,OvernightTarget,0.25
2020-07-28,OvernightTarget,0.25
2020-07-29,OvernightTarget,0.25
2020-07-30,OvernightTarget,0.25
2020-07-31,OvernightTarget,0.25
2020-08-03,OvernightTarget,0.25
2020-08-04,OvernightTarget,0.25
2020-08-05,OvernightTarget,0.25
2020-08-06,OvernightTarget,0.25
2020-08-07,OvernightTarget,0.25
2020-08-10,OvernightTarget,0.25
2020-08-11,OvernightTarget,0.25
2020-08-12,OvernightTarget,0.25
2020-08-13,OvernightTarget,0.25
2020-08-14,OvernightTarget,0.25
2020-08-17,OvernightTarget,0.25
2020-08-18,OvernightTarget,0.25
2020-08-19,OvernightTarget,0.25
2020-08-20,OvernightTarget,0.25
2020-08-21,OvernightTarget,0.25
2020-08-24,OvernightTarget,0.25
2020-08-25,OvernightTarget,0.25
2020-08-26,OvernightTarget,0.25
2020-08-27,OvernightTarget,0.25
2020-08-28,OvernightTarget,0.25
2020-08-31,OvernightTarget,0.25
2020-09-01,OvernightTarget,0.25
2020-09-02,OvernightTarget,0.25
2020-09-03,OvernightTarget,0.25
2020-09-04,OvernightTarget,0.25
2020-09-07,OvernightTarget,0.25
2020-09-08,OvernightTarget,0.25
2020-09-09,OvernightTarget,0.25
2020-09-10,OvernightTarget,0.25
2020-09-11,OvernightTarget,0.25
2020-09-14,OvernightTarget,0.25
2020-09-15,OvernightTarget,0.25
2020-09-16,OvernightTarget,0.25
2020-09-17,OvernightTarget,0.25
2020-09-18,OvernightTarget,0.25
2020-09-21,OvernightTarget,0.25
2020-09-22,OvernightTarget,0.25
2020-09-23,OvernightTarget,0.25
2020-09-24,OvernightTarget,0.25
2020-09-25,OvernightTarget,0.25
2020-09-28,OvernightTarget,0.25
2020-09-29,OvernightTarget,0.25
2020-09-30,OvernightTarget,0.25
2020-10-01,OvernightTarget,0.25
2020-10-02,OvernightTarget,0.25
2020-10-05,OvernightTarget,0.25
2020-10-06,OvernightTarget,0.25
2020-10-07,OvernightTarget,0.25
2020-10-08,OvernightTarget,0.25
2020-10-09,OvernightTarget,0.25
2020-10-12,OvernightTarget,0.25
2020-10-13,OvernightTarget,0.25
2020-10-14,OvernightTarget,0.25
2020-10-15,OvernightTarget,0.25
2020-10-16,OvernightTarget,0.25
2020-10-19,OvernightTarget,0.25
2020-10-20,OvernightTarget,0.25
2020-10-21,OvernightTarget,0.25
2020-10-22,OvernightTarget,0.25
2020-10-23,OvernightTarget,0.25
2020-10-26,OvernightTarget,0.25
2020-10-27,OvernightTarget,0.25
2020-10-28,OvernightTarget,0.25
2020-10-29,OvernightTarget,0.25
2020-10-30,OvernightTarget,0.25
2020-11-02,OvernightTarget,0.25
2020-11-03,OvernightTarget,0.25
2020-11-04,OvernightTarget,0.25
2020-11-05,OvernightTarget,0.25
2020-11-06,OvernightTarget,0.25
2020-11-09,OvernightTarget,0.25
2020-11-10,OvernightTarget,0.25
2020-11-11,OvernightTarget,0.25
2020-11-12,OvernightTarget,0.25
2020-11-13,OvernightTarget,0.25
2020-11-16,OvernightTarget,0.25
2020-11-17,OvernightTarget,0.25
2020-11-18,OvernightTarget,0.25
2020-11-19,OvernightTarget,0.25
2020-11-20,OvernightTarget,0.25
2020-11-23,OvernightTarget,0.25
2020-11-24,OvernightTarget,0.25
2020-11-25,OvernightTarget,0.25
2020-11-26,OvernightTarget,0.25
2020-11-27,OvernightTarget,0.25
2020-11-30,OvernightTarget,0.25
2020-12-01,OvernightTarget,0.25
2020-12-02,OvernightTarget,0.25
2020-12-03,OvernightTarget,0.25
2020-12-04,OvernightTarget,0.25
2020-12-07,OvernightTarget,0.25
2020-12-08,OvernightTarget,0.25
2020-12-09,OvernightTarget,0.25
2020-12-10,OvernightTarget,0.25
2020-12-11,OvernightTarget,0.25
2020-12-14,OvernightTarget,0.25
2020-12-15,OvernightTarget,0.25
2020-12-16,OvernightTarget,0.25
2020-12-17,OvernightTarget,0.25
2020-12-18,OvernightTarget,0.25
2020-12-21,OvernightTarget,0.25
2020-12-22,OvernightTarget,0.25
2020-12-23,OvernightTarget,0.25
2020-12-24,OvernightTarget,0.25
2020-12-25,OvernightTarget,0.25
2020-12-29,OvernightTarget,0.25
2020-12-30,OvernightTarget,0.25
2020-12-31,OvernightTarget,0.25
2021-01-01,OvernightTarget,0.25
2021-01-04,OvernightTarget,0.25
2021-01-05,OvernightTarget,0.25
2021-01-06,OvernightTarget,0.25
2021-01-07,OvernightTarget,0.25
2021-01-08,OvernightTarget,0.25
2021-01-11,OvernightTarget,0.25
2021-01-12,OvernightTarget,0.25
2021-01-13,OvernightTarget,0.25
2021-01-14,OvernightTarget,0.25
2021-01-15,OvernightTarget,0.25
2021-01-18,OvernightTarget,0.25
2021-01-19,OvernightTarget,0.25
2021-01-20,OvernightTarget,0.25
2021-01-21,OvernightTarget,0.25
2021-01-22,OvernightTarget,0.25
2021-01-25,OvernightTarget,0.25
2021-01-26,OvernightTarget,0.25
2021-01-27,OvernightTarget,0.25
2021-01-28,OvernightTarget,0.25
2021-01-29,OvernightTarget,0.25
2021-02-01,OvernightTarget,0.25
2021-02-02,OvernightTarget,0.25
2021-02-03,OvernightTarget,0.25
2021-02-04,OvernightTarget,0.25
2021-02-05,OvernightTarget,0.25
2021-02-08,OvernightTarget,0.25
2021-02-09,OvernightTarget,0.25
2021-02-10,OvernightTarget,0.25
2021-02-11,OvernightTarget,0.25
2021-02-12,OvernightTarget,0.25
2021-02-15,OvernightTarget,0.25
2021-02-16,OvernightTarget,0.25
2021-02-17,OvernightTarget,0.25
2021-02-18,OvernightTarget,0.25
2021-02-19,OvernightTarget,0.25
2021-02-22,OvernightTarget,0.25
2021-02-23,OvernightTarget,0.25
2021-02-24,OvernightTarget,0.25
2021-02-25,OvernightTarget,0.25
2021-02-26,OvernightTarget,0.25
2021-03-01,OvernightTarget,0.25
2021-03-02,OvernightTarget,0.25
2021-03-03,OvernightTarget,0.25
2021-03-04,OvernightTarget,0.25
2021-03-05,OvernightTarget,0.25
2021-03-08,OvernightTarget,0.25
2021-03-09,OvernightTarget,0.25
2021-03-10,OvernightTarget,0.25
2021-03-11,OvernightTarget,0.25
2021-03-12,OvernightTarget,0.25
2021-03-15,OvernightTarget,0.25
2021-03-16,OvernightTarget,0.25
2021-03-17,OvernightTarget,0.25
2021-03-18,OvernightTarget,0.25
2021-03-19,OvernightTarget,0.25
2021-03-22,OvernightTarget,0.25
2021-03-23,OvernightTarget,0.25
2021-03-24,OvernightTarget,0.25
2021-03-25,OvernightTarget,0.25
2021-03-26,OvernightTarget,0.25
2021-03-29,OvernightTarget,0.25
2021-03-30,OvernightTarget,0.25
2021-03-31,OvernightTarget,0.25
2021-04-01,OvernightTarget,0.25
2021-04-02,OvernightTarget,0.25
2021-04-05,OvernightTarget,0.25
2021-04-06,OvernightTarget,0.25
2021-04-07,OvernightTarget,0.25
2021-04-08,OvernightTarget,0.25
2021-04-09,OvernightTarget,0.25
2021-04-12,OvernightTarget,0.25
2021-04-13,OvernightTarget,0.25
2021-04-14,OvernightTarget,0.25
2021-04-15,OvernightTarget,0.25
2021-04-16,OvernightTarget,0.25
2021-04-19,OvernightTarget,0.25
2021-04-20,OvernightTarget,0.25
2021-04-21,OvernightTarget,0.25
2021-04-22,OvernightTarget,0.25
2021-04-23,OvernightTarget,0.25
2021-04-26,OvernightTarget,0.25
2021-04-27,OvernightTarget,0.25
2021-04-28,OvernightTarget,0.25
2021-04-29,OvernightTarget,0.25
2021-04-30,OvernightTarget,0.25
2021-05-03,OvernightTarget,0.25
2021-05-04,OvernightTarget,0.25
2021-05-05,OvernightTarget,0.25
2021-05-06,OvernightTarget,0.25
2021-05-07,OvernightTarget,0.25
2021-05-10,OvernightTarget,0.25
2021-05-11,OvernightTarget,0.25
2021-05-12,OvernightTarget,0.25
2021-05-13,OvernightTarget,0.25
2021-05-14,OvernightTarget,0.25
2021-05-17,OvernightTarget,0.25
2021-05-18,OvernightTarget,0.25
2021-05-19,OvernightTarget,0.25
2021-05-20,OvernightTarget,0.25
2021-05-21,OvernightTarget,0.25
2021-05-24,OvernightTarget,0.25
2021-05-25,OvernightTarget,0.25
2021-05-26,OvernightTarget,0.25
2021-05-27,OvernightTarget,0.25
2021-05-28,OvernightTarget,0.25
2021-05-31,OvernightTarget,0.25
2021-06-01,OvernightTarget,0.25
2021-06-02,OvernightTarget,0.25
2021-06-03,OvernightTarget,0.25
2021-06-04,OvernightTarget,0.25
2021-06-07,OvernightTarget,0.25
2021-06-08,OvernightTarget,0.25
2021-06-09,OvernightTarget,0.25
2021-06-10,OvernightTarget,0.25
2021-06-11,OvernightTarget,0.25
2021-06-14,OvernightTarget,0.25
2021-06-15,OvernightTarget,0.25
2021-06-16,OvernightTarget,0.25
2021-06-17,OvernightTarget,0.25
2021-06-18,OvernightTarget,0.25
2021-06-21,OvernightTarget,0.25
2021-06-22,OvernightTarget,0.25
2021-06-23,OvernightTarget,0.25
2021-06-24,OvernightTarget,0.25
2021-06-25,OvernightTarget,0.25
2021-06-28,OvernightTarget,0.25
2021-06-29,OvernightTarget,0.25
2021-06-30,OvernightTarget,0.25
2021-07-01,OvernightTarget,0.25
2021-07-02,OvernightTarget,0.25
2021-07-05,OvernightTarget,0.25
2021-07-06,OvernightTarget,0.25
2021-07-07,OvernightTarget,0.25
2021-07-08,OvernightTarget,0.25
2021-07-09,OvernightTarget,0.25
2021-07-12,OvernightTarget,0.25
2021-07-13,OvernightTarget,0.25
2021-07-14,OvernightTarget,0.25
2021-07-15,OvernightTarget,0.25
2021-07-16,OvernightTarget,0.25
2021-07-19,OvernightTarget,0.25
2021-07-20,OvernightTarget,0.25
2021-07-21,OvernightTarget,0.25
2021-07-22,OvernightTarget,0.25
2021-07-23,OvernightTarget,0.25
2021-07-26,OvernightTarget,0.25
2021-07-27,OvernightTarget,0.25
2021-07-28,OvernightTarget,0.25
2021-07-29,OvernightTarget,0.25
2021-07-30,OvernightTarget,0.25
2021-08-02,OvernightTarget,0.25
2021-08-03,OvernightTarget,0.25
2021-08-04,OvernightTarget,0.25
2021-08-05,OvernightTarget,0.25
2021-08-06,OvernightTarget,0.25
2021-08-09,OvernightTarget,0.25
2021-08-10,OvernightTarget,0.25
2021-08-11,OvernightTarget,0.25
2021-08-12,OvernightTarget,0.25
2021-08-13,OvernightTarget,0.25
2021-08-16,OvernightTarget,0.25
2021-08-17,OvernightTarget,0.25
2021-08-18,OvernightTarget,0.25
2021-08-19,OvernightTarget,0.25
2021-08-20,OvernightTarget,0.25
2021-08-23,OvernightTarget,0.25
2021-08-24,OvernightTarget,0.25
2021-08-25,OvernightTarget,0.25
2021-08-26,OvernightTarget,0.25
2021-08-27,OvernightTarget,0.25
2021-08-30,OvernightTarget,0.25
2021-08-31,OvernightTarget,0.25
2021-09-01,OvernightTarget,0.25
2021-09-02,OvernightTarget,0.25
2021-09-03,OvernightTarget,0.25
2021-09-06,OvernightTarget,0.25
2021-09-07,OvernightTarget,0.25
2021-09-08,OvernightTarget,0.25
2021-09-09,OvernightTarget,0.25
2021-09-10,OvernightTarget,0.25
2021-09-13,OvernightTarget,0.25
2021-09-14,OvernightTarget,0.25
2021-09-15,OvernightTarget,0.25
2021-09-16,OvernightTarget,0.25
2021-09-17,OvernightTarget,0.25
2021-09-20,OvernightTarget,0.25
2021-09-21,OvernightTarget,0.25
2021-09-22,OvernightTarget,0.25
2021-09-23,OvernightTarget,0.25
2021-09-24,OvernightTarget,0.25
2021-09-27,OvernightTarget,0.25
2021-09-28,OvernightTarget,0.25
2021-09-29,OvernightTarget,0.25
2021-10-01,OvernightTarget,0.25
2021-10-04,OvernightTarget,0.25
2021-10-05,OvernightTarget,0.25
2021-10-06,OvernightTarget,0.25
2021-10-07,OvernightTarget,0.25
2021-10-08,OvernightTarget,0.25
2021-10-11,OvernightTarget,0.25
2021-10-12,OvernightTarget,0.25
2021-10-13,OvernightTarget,0.25
2021-10-14,OvernightTarget,0.25
2021-10-15,OvernightTarget,0.25
2021-10-18,OvernightTarget,0.25
2021-10-19,OvernightTarget,0.25
2021-10-20,OvernightTarget,0.25
2021-10-21,OvernightTarget,0.25
2021-10-22,OvernightTarget,0.25
2021-10-25,OvernightTarget,0.25
2021-10-26,OvernightTarget,0.25
2021-10-27,OvernightTarget,0.25
2021-10-28,OvernightTarget,0.25
2021-10-29,OvernightTarget,0.25
2021-11-01,OvernightTarget,0.25
2021-11-02,OvernightTarget,0.25
2021-11-03,OvernightTarget,0.25
2021-11-04,OvernightTarget,0.25
2021-11-05,OvernightTarget,0.25
2021-11-08,OvernightTarget,0.25
2021-11-09,OvernightTarget,0.25
2021-11-10,OvernightTarget,0.25
2021-11-11,OvernightTarget,0.25
2021-11-12,OvernightTarget,0.25
2021-11-15,OvernightTarget,0.25
2021-11-16,OvernightTarget,0.25
2021-11-17,OvernightTarget,0.25
2021-11-18,OvernightTarget,0.25
2021-11-19,OvernightTarget,0.25
2021-11-22,OvernightTarget,0.25
2021-11-23,OvernightTarget,0.25
2021-11-24,OvernightTarget,0.25
2021-11-25,OvernightTarget,0.25
2021-11-26,OvernightTarget,0.25
2021-11-29,OvernightTarget,0.25
2021-11-30,OvernightTarget,0.25
2021-12-01,OvernightTarget,0.25
2021-12-02,OvernightTarget,0.25
2021-12-03,OvernightTarget,0.25
2021-12-06,OvernightTarget,0.25
2021-12-07,OvernightTarget,0.25
2021-12-08,OvernightTarget,0.25
2021-12-09,OvernightTarget,0.25
2021-12-10,OvernightTarget,0.25
2021-12-13,OvernightTarget,0.25
2021-12-14,OvernightTarget,0.25
2021-12-15,OvernightTarget,0.25
2021-12-16,OvernightTarget,0.25
2021-12-17,OvernightTarget,0.25
2021-12-20,OvernightTarget,0.25
2021-12-21,OvernightTarget,0.25
2021-12-22,OvernightTarget,0.25
2021-12-23,OvernightTarget,0.25
2021-12-24,OvernightTarget,0.25
2021-12-29,OvernightTarget,0.25
2021-12-30,OvernightTarget,0.25
2021-12-31,OvernightTarget,0.25
2022-01-04,OvernightTarget,0.25
2022-01-05,OvernightTarget,0.25
2022-01-06,OvernightTarget,0.25
2022-01-07,OvernightTarget,0.25
2022-01-10,OvernightTarget,0.25
2022-01-11,OvernightTarget,0.25
2022-01-12,OvernightTarget,0.25
2022-01-13,OvernightTarget,0.25
2022-01-14,OvernightTarget,0.25
2022-01-17,OvernightTarget,0.25
2022-01-18,OvernightTarget,0.25
2022-01-19,OvernightTarget,0.25
2022-01-20,OvernightTarget,0.25
2022-01-21,OvernightTarget,0.25
2022-01-24,OvernightTarget,0.25
2022-01-25,OvernightTarget,0.25
2022-01-26,OvernightTarget,0.25
2022-01-27,OvernightTarget,0.25
2022-01-28,OvernightTarget,0.25
2022-01-31,OvernightTarget,0.25
2022-02-01,OvernightTarget,0.25
2022-02-02,OvernightTarget,0.25
2022-02-03,OvernightTarget,0.25
2022-02-04,OvernightTarget,0.25
2022-02-07,OvernightTarget,0.25
2022-02-08,OvernightTarget,0.25
2022-02-09,OvernightTarget,0.25
2022-02-10,OvernightTarget,0.25
2022-02-11,OvernightTarget,0.25
2022-02-14,OvernightTarget,0.25
2022-02-15,OvernightTarget,0.25
2022-02-16,OvernightTarget,0.25
2022-02-17,OvernightTarget,0.25
2022-02-18,OvernightTarget,0.25
2022-02-21,OvernightTarget,0.25
2022-02-22,OvernightTarget,0.25
2022-02-23,OvernightTarget,0.25
2022-02-24,OvernightTarget,0.25
2022-02-25,OvernightTarget,0.25
2022-02-28,OvernightTarget,0.25
2022-03-01,OvernightTarget,0.25
2022-03-02,OvernightTarget,0.25
2022-03-03,OvernightTarget,0.5
2022-03-04,OvernightTarget,0.5
2022-03-07,OvernightTarget,0.5
2022-03-08,OvernightTarget,0.5
2022-03-09,OvernightTarget,0.5
2022-03-10,OvernightTarget,0.5
2022-03-11,OvernightTarget,0.5
2022-03-14,OvernightTarget,0.5
2022-03-15,OvernightTarget,0.5
2022-03-16,OvernightTarget,0.5
2022-03-17,OvernightTarget,0.5
2022-03-18,OvernightTarget,0.5
2022-03-21,OvernightTarget,0.5
2022-03-22,OvernightTarget,0.5
2022-03-23,OvernightTarget,0.5
2022-03-24,OvernightTarget,0.5
2022-03-25,OvernightTarget,0.5
2022-03-28,OvernightTarget,0.5
2022-03-29,OvernightTarget,0.5
2022-03-30,OvernightTarget,0.5
2022-03-31,OvernightTarget,0.5
2022-04-01,OvernightTarget,0.5
2022-04-04,OvernightTarget,0.5
2022-04-05,OvernightTarget,0.5
2022-04-06,OvernightTarget,0.5
2022-04-07,OvernightTarget,0.5
2022-04-08,OvernightTarget,0.5
2022-04-11,OvernightTarget,0.5
2022-04-12,OvernightTarget,0.5
2022-04-13,OvernightTarget,0.5
2022-04-14,OvernightTarget,1.0
2022-04-15,OvernightTarget,1.0
2022-04-18,OvernightTarget,1.0
2022-04-19,OvernightTarget,1.0
2022-04-20,OvernightTarget,1.0
2022-04-21,OvernightTarget,1.0
2022-04-22,OvernightTarget,1.0
2022-04-25,OvernightTarget,1.0
2022-04-26,OvernightTarget,1.0
2022-04-27,OvernightTarget,1.0
2022-04-28,OvernightTarget,1.0
2022-04-29,OvernightTarget,1.0
2022-05-02,OvernightTarget,1.0
2022-05-03,OvernightTarget,1.0
2022-05-04,OvernightTarget,1.0
2022-05-05,OvernightTarget,1.0
2022-05-06,OvernightTarget,1.0
2022-05-09,OvernightTarget,1.0
2022-05-10,OvernightTarget,1.0
2022-05-11,OvernightTarget,1.0
2022-05-12,OvernightTarget,1.0
2022-05-13,OvernightTarget,1.0
2022-05-16,OvernightTarget,1.0
2022-05-17,OvernightTarget,1.0
2022-05-18,OvernightTarget,1.0
2022-05-19,OvernightTarget,1.0
2022-05-20,OvernightTarget,1.0
2022-05-23,OvernightTarget,1.0
2022-05-24,OvernightTarget,1.0
2022-05-25,OvernightTarget,1.0
2022-05-26,OvernightTarget,1.0
2022-05-27,OvernightTarget,1.0
2022-05-30,OvernightTarget,1.0
2022-05-31,OvernightTarget,1.0
2022-06-01,OvernightTarget,1.0
2022-06-02,OvernightTarget,1.5
2022-06-03,OvernightTarget,1.5
2022-06-06,OvernightTarget,1.5
2022-06-07,OvernightTarget,1.5
2022-06-08,OvernightTarget,1.5
2022-06-09,OvernightTarget,1.5
2022-06-10,OvernightTarget,1.5
2022-06-13,OvernightTarget,1.5
2022-06-14,OvernightTarget,1.5
2022-06-15,OvernightTarget,1.5
2022-06-16,OvernightTarget,1.5
2022-06-17,OvernightTarget,1.5
2022-06-20,OvernightTarget,1.5
2022-06-21,OvernightTarget,1.5
2022-06-22,OvernightTarget,1.5
2022-06-23,OvernightTarget,1.5
2022-06-24,OvernightTarget,1.5
2022-06-27,OvernightTarget,1.5
2022-06-28,OvernightTarget,1.5
2022-06-29,OvernightTarget,1.5
2022-06-30,OvernightTarget,1.5
2022-07-01,OvernightTarget,1.5
2022-07-04,OvernightTarget,1.5
2022-07-05,OvernightTarget,1.5
2022-07-06,OvernightTarget,1.5
2022-07-07,OvernightTarget,1.5
2022-07-08,OvernightTarget,1.5
2022-07-11,OvernightTarget,1.5
2022-07-12,OvernightTarget,1.5
2022-07-13,OvernightTarget,1.5
2022-07-14,OvernightTarget,2.5
2022-07-15,OvernightTarget,2.5
2022-07-18,OvernightTarget,2.5
2022-07-19,OvernightTarget,2.5
2022-07-20,OvernightTarget,2.5
2022-07-21,OvernightTarget,2.5
2022-07-22,OvernightTarget,2.5
2022-07-25,OvernightTarget,2.5
2022-07-26,OvernightTarget,2.5
2022-07-27,OvernightTarget,2.5
2022-07-28,OvernightTarget,2.5
2022-07-29,OvernightTarget,2.5
2022-08-01,OvernightTarget,2.5
2022-08-03,OvernightTarget,2.5
2022-08-04,OvernightTarget,2.5
2022-08-05,OvernightTarget,2.5
2022-08-08,OvernightTarget,2.5
2022-08-09,OvernightTarget,2.5
2022-08-10,OvernightTarget,2.5
2022-08-11,OvernightTarget,2.5
2022-08-12,OvernightTarget,2.5
2022-08-15,OvernightTarget,2.5
2022-08-16,OvernightTarget,2.5
2022-08-17,OvernightTarget,2.5
2022-08-18,OvernightTarget,2.5
2022-08-19,OvernightTarget,2.5
2022-08-22,OvernightTarget,2.5
2022-08-23,OvernightTarget,2.5
2022-08-24,OvernightTarget,2.5
2022-08-25,OvernightTarget,2.5
2022-08-26,OvernightTarget,2.5
2022-08-29,OvernightTarget,2.5
2022-08-30,OvernightTarget,2.5
2022-08-31,OvernightTarget,2.5
2022-09-01,OvernightTarget,2.5
2022-09-02,OvernightTarget,2.5
2022-09-05,OvernightTarget,2.5
2022-09-06,OvernightTarget,2.5
2022-09-07,OvernightTarget,2.5
2022-09-08,OvernightTarget,3.25
2022-09-09,OvernightTarget,3.25
2022-09-12,OvernightTarget,3.25
2022-09-13,OvernightTarget,3.25
2022-09-14,OvernightTarget,3.25
2022-09-15,OvernightTarget,3.25
2022-09-16,OvernightTarget,3.25
2022-09-19,OvernightTarget,3.25
2022-09-20,OvernightTarget,3.25
2022-09-21,OvernightTarget,3.25
2022-09-22,OvernightTarget,3.25
2022-09-23,OvernightTarget,3.25
2022-09-26,OvernightTarget,3.25
2022-09-27,OvernightTarget,3.25
2022-09-28,OvernightTarget,3.25
2022-09-29,OvernightTarget,3.25
2022-10-03,OvernightTarget,3.25
2022-10-04,OvernightTarget,3.25
2022-10-05,OvernightTarget,3.25
2022-10-06,OvernightTarget,3.25
2022-10-07,OvernightTarget,3.25
2022-10-10,OvernightTarget,3.25
2022-10-11,OvernightTarget,3.25
2022-10-12,OvernightTarget,3.25
2022-10-13,OvernightTarget,3.25
2022-10-14,OvernightTarget,3.25
2022-10-17,OvernightTarget,3.25
2022-10-18,OvernightTarget,3.25
2022-10-19,OvernightTarget,3.25
2022-10-20,OvernightTarget,3.25
2022-10-21,OvernightTarget,3.25
2022-10-24,OvernightTarget,3.25
2022-10-25,OvernightTarget,3.25
2022-10-26,OvernightTarget,3.25
2022-10-27,OvernightTarget,3.75
2022-10-28,OvernightTarget,3.75
2022-10-31,OvernightTarget,3.75
2022-11-01,OvernightTarget,3.75
2022-11-02,OvernightTarget,3.75
2022-11-03,OvernightTarget,3.75
2022-11-04,OvernightTarget,3.75
2022-11-07,OvernightTarget,3.75
2022-11-08,OvernightTarget,3.75
2022-11-09,OvernightTarget,3.75
2022-11-10,OvernightTarget,3.75
2022-11-11,OvernightTarget,3.75
2022-11-14,OvernightTarget,3.75
2022-11-15,OvernightTarget,3.75
2022-11-16,OvernightTarget,3.75
2022-11-17,OvernightTarget,3.75
2022-11-18,OvernightTarget,3.75
2022-11-21,OvernightTarget,3.75
2022-11-22,OvernightTarget,3.75
2022-11-23,OvernightTarget,3.75
2022-11-24,OvernightTarget,3.75
2022-11-25,OvernightTarget,3.75
2022-11-28,OvernightTarget,3.75
2022-11-29,OvernightTarget,3.75
2022-11-30,OvernightTarget,3.75
2022-12-01,OvernightTarget,3.75
2022-12-02,OvernightTarget,3.75
2022-12-05,OvernightTarget,3.75
2022-12-06,OvernightTarget,3.75
2022-12-07,OvernightTarget,3.75
2022-12-08,OvernightTarget,4.25
2022-12-09,OvernightTarget,4.25
2022-12-12,OvernightTarget,4.25
2022-12-13,OvernightTarget,4.25
2022-12-14,OvernightTarget,4.25
2022-12-15,OvernightTarget,4.25
2022-12-16,OvernightTarget,4.25
2022-12-19,OvernightTarget,4.25
2022-12-20,OvernightTarget,4.25
2022-12-21,OvernightTarget,4.25
2022-12-22,OvernightTarget,4.25
2022-12-23,OvernightTarget,4.25
2022-12-26,OvernightTarget,4.25
2022-12-28,OvernightTarget,4.25
2022-12-29,OvernightTarget,4.25
2022-12-30,OvernightTarget,4.25
2023-01-03,OvernightTarget,4.25
2023-01-04,OvernightTarget,4.25
2023-01-05,OvernightTarget,4.25
2023-01-06,OvernightTarget,4.25
2023-01-09,OvernightTarget,4.25
2023-01-10,OvernightTarget,4.25
2023-01-11,OvernightTarget,4.25
2023-01-12,OvernightTarget,4.25
2023-01-13,OvernightTarget,4.25
2023-01-16,OvernightTarget,4.25
2023-01-17,OvernightTarget,4.25
2023-01-18,OvernightTarget,4.25
2023-01-19,OvernightTarget,4.25
2023-01-20,OvernightTarget,4.25
2023-01-23,OvernightTarget,4.25
2023-01-24,OvernightTarget,4.25
2023-01-25,OvernightTarget,4.25
2023-01-26,OvernightTarget,4.5
2023-01-27,OvernightTarget,4.5
2023-01-30,OvernightTarget,4.5
2023-01-31,OvernightTarget,4.5
2023-02-01,OvernightTarget,4.5
2023-02-02,OvernightTarget,4.5
2023-02-03,OvernightTarget,4.5
2023-02-06,OvernightTarget,4.5
2023-02-07,OvernightTarget,4.5
2023-02-08,OvernightTarget,4.5
2023-02-09,OvernightTarget,4.5
2023-02-10,OvernightTarget,4.5
2023-02-13,OvernightTarget,4.5
2023-02-14,OvernightTarget,4.5
2023-02-15,OvernightTarget,4.5
2023-02-16,OvernightTarget,4.5
2023-02-17,OvernightTarget,4.5
2023-02-20,OvernightTarget,4.5
2023-02-21,OvernightTarget,4.5
2023-02-22,OvernightTarget,4.5
2023-02-23,OvernightTarget,4.5
2023-02-24,OvernightTarget,4.5
2023-02-27,OvernightTarget,4.5
2023-02-28,OvernightTarget,4.5
2023-03-01,OvernightTarget,4.5
2023-03-02,OvernightTarget,4.5
2023-03-03,OvernightTarget,4.5
2023-03-06,OvernightTarget,4.5
2023-03-07,OvernightTarget,4.5
2023-03-08,OvernightTarget,4.5
2023-03-09,OvernightTarget,4.5
2023-03-10,OvernightTarget,4.5
2023-03-13,OvernightTarget,4.5
2023-03-14,OvernightTarget,4.5
2023-03-15,OvernightTarget,4.5
2023-03-16,OvernightTarget,4.5
2023-03-17,OvernightTarget,4.5
2023-03-20,OvernightTarget,4.5
2023-03-21,OvernightTarget,4.5
2023-03-22,OvernightTarget,4.5
2023-03-23,OvernightTarget,4.5
2023-03-24,OvernightTarget,4.5
2023-03-27,OvernightTarget,4.5
2023-03-28,OvernightTarget,4.5
2023-03-29,OvernightTarget,4.5
2023-03-30,OvernightTarget,4.5
2023-03-31,OvernightTarget,4.5
2023-04-03,OvernightTarget,4.5
2023-04-04,OvernightTarget,4.5
2023-04-05,OvernightTarget,4.5
2023-04-06,OvernightTarget,4.5
2023-04-07,OvernightTarget,4.5
2023-04-10,OvernightTarget,4.5
2023-04-11,OvernightTarget,4.5
2023-04-12,OvernightTarget,4.5
2023-04-13,OvernightTarget,4.5
2023-04-14,OvernightTarget,4.5
2023-04-17,OvernightTarget,4.5
2023-04-18,OvernightTarget,4.5
2023-04-19,OvernightTarget,4.5
2023-04-20,OvernightTarget,4.5
2023-04-21,OvernightTarget,4.5
2023-04-24,OvernightTarget,4.5
2023-04-25,OvernightTarget,4.5
2023-04-26,OvernightTarget,4.5
2023-04-27,OvernightTarget,4.5
2023-04-28,OvernightTarget,4.5
2023-05-01,OvernightTarget,4.5
2023-05-02,OvernightTarget,4.5
2023-05-03,OvernightTarget,4.5
2023-05-04,OvernightTarget,4.5
2023-05-05,OvernightTarget,4.5
2023-05-08,OvernightTarget,4.5
2023-05-09,OvernightTarget,4.5
2023-05-10,OvernightTarget,4.5
2023-05-11,OvernightTarget,4.5
2023-05-12,OvernightTarget,4.5
2023-05-15,OvernightTarget,4.5
2023-05-16,OvernightTarget,4.5
2023-05-17,OvernightTarget,4.5
2023-05-18,OvernightTarget,4.5
2023-05-19,OvernightTarget,4.5
2023-05-22,OvernightTarget,4.5
2023-05-23,OvernightTarget,4.5
2023-05-24,OvernightTarget,4.5
2023-05-25,OvernightTarget,4.5
2023-05-26,OvernightTarget,4.5
2023-05-29,OvernightTarget,4.5
2023-05-30,OvernightTarget,4.5
2023-05-31,OvernightTarget,4.5
2023-06-01,OvernightTarget,4.5
2023-06-02,OvernightTarget,4.5
2023-06-05,OvernightTarget,4.5
2023-06-06,OvernightTarget,4.5
2023-06-07,OvernightTarget,4.5
2023-06-08,OvernightTarget,4.75
2023-06-09,OvernightTarget,4.75
2023-06-12,OvernightTarget,4.75
2023-06-13,OvernightTarget,4.75
2023-06-14,OvernightTarget,4.75
2023-06-15,OvernightTarget,4.75
2023-06-16,OvernightTarget,4.75
2023-06-19,OvernightTarget,4.75
2023-06-20,OvernightTarget,4.75
2023-06-21,OvernightTarget,4.75
2023-06-22,OvernightTarget,4.75
2023-06-23,OvernightTarget,4.75
2023-06-26,OvernightTarget,4.75
2023-06-27,OvernightTarget,4.75
2023-06-28,OvernightTarget,4.75
2023-06-29,OvernightTarget,4.75
2023-06-30,OvernightTarget,4.75
2023-07-03,OvernightTarget,4.75
2023-07-04,OvernightTarget,4.75
2023-07-05,OvernightTarget,4.75
2023-07-06,OvernightTarget,4.75
2023-07-07,OvernightTarget,4.75
2023-07-10,OvernightTarget,4.75
2023-07-11,OvernightTarget,4.75
2023-07-12,OvernightTarget,4.75
2023-07-13,OvernightTarget,5.0
2023-07-14,OvernightTarget,5.0
2023-07-17,OvernightTarget,5.0
2023-07-18,OvernightTarget,5.0
2023-07-19,OvernightTarget,5.0
2023-07-20,OvernightTarget,5.0
2023-07-21,OvernightTarget,5.0
2023-07-24,OvernightTarget,5.0
2023-07-25,OvernightTarget,5.0
2023-07-26,OvernightTarget,5.0
2023-07-27,OvernightTarget,5.0
2023-07-28,OvernightTarget,5.0
2023-07-31,OvernightTarget,5.0
2023-08-01,OvernightTarget,5.0
2023-08-02,OvernightTarget,5.0
2023-08-03,OvernightTarget,5.0
2023-08-04,OvernightTarget,5.0
2023-08-07,OvernightTarget,5.0
2023-08-08,OvernightTarget,5.0
2023-08-09,OvernightTarget,5.0
2023-08-10,OvernightTarget,5.0
2023-08-11,OvernightTarget,5.0
2023-08-14,OvernightTarget,5.0
2023-08-15,OvernightTarget,5.0
2023-08-16,OvernightTarget,5.0
2023-08-17,OvernightTarget,5.0
2023-08-18,OvernightTarget,5.0
2023-08-21,OvernightTarget,5.0
2023-08-22,OvernightTarget,5.0
2023-08-23,OvernightTarget,5.0
2023-08-24,OvernightTarget,5.0
2023-08-25,OvernightTarget,5.0
2023-08-28,OvernightTarget,5.0
2023-08-29,OvernightTarget,5.0
2023-08-30,OvernightTarget,5.0
2023-08-31,OvernightTarget,5.0
2023-09-01,OvernightTarget,5.0
2023-09-04,OvernightTarget,5.0
2023-09-05,OvernightTarget,5.0
2023-09-06,OvernightTarget,5.0
2023-09-07,OvernightTarget,5.0
2023-09-08,OvernightTarget,5.0
2023-09-11,OvernightTarget,5.0
2023-09-12,OvernightTarget,5.0
2023-09-13,OvernightTarget,5.0
2023-09-14,OvernightTarget,5.0
2023-09-15,OvernightTarget,5.0
2023-09-18,OvernightTarget,5.0
2023-09-19,OvernightTarget,5.0
2023-09-20,OvernightTarget,5.0
2023-09-21,OvernightTarget,5.0
2023-09-22,OvernightTarget,5.0
2023-09-25,OvernightTarget,5.0
2023-09-26,OvernightTarget,5.0
2023-09-27,OvernightTarget,5.0
2023-09-28,OvernightTarget,5.0
2023-09-29,OvernightTarget,5.0
2023-10-02,OvernightTarget,5.0
2023-10-03,OvernightTarget,5.0
2023-10-04,OvernightTarget,5.0
2023-10-05,OvernightTarget,5.0
2023-10-06,OvernightTarget,5.0
2023-10-09,OvernightTarget,5.0
2023-10-10,OvernightTarget,5.0
2023-10-11,OvernightTarget,5.0
2023-10-12,OvernightTarget,5.0
2023-10-13,OvernightTarget,5.0
2023-10-16,OvernightTarget,5.0
2023-10-17,OvernightTarget,5.0
2023-10-18,OvernightTarget,5.0
2023-10-19,OvernightTarget,5.0
2023-10-20,OvernightTarget,5.0
2023-10-23,OvernightTarget,5.0
2023-10-24,OvernightTarget,5.0
2023-10-25,OvernightTarget,5.0
2023-10-26,OvernightTarget,5.0
2023-10-27,OvernightTarget,5.0
2023-10-30,OvernightTarget,5.0
2023-10-31,OvernightTarget,5.0
2023-11-01,OvernightTarget,5.0
2023-11-02,OvernightTarget,5.0
2023-11-03,OvernightTarget,5.0
2023-11-06,OvernightTarget,5.0
2023-11-07,OvernightTarget,5.0
2023-11-08,OvernightTarget,5.0
2023-11-09,OvernightTarget,5.0
2023-11-10,OvernightTarget,5.0
2023-11-13,OvernightTarget,5.0
2023-11-14,OvernightTarget,5.0
2023-11-15,OvernightTarget,5.0
2023-11-16,OvernightTarget,5.0
2023-11-17,OvernightTarget,5.0
2023-11-20,OvernightTarget,5.0
2023-11-21,OvernightTarget,5.0
2023-11-22,OvernightTarget,5.0
2023-11-23,OvernightTarget,5.0
2023-11-24,OvernightTarget,5.0
2023-11-27,OvernightTarget,5.0
2023-11-28,OvernightTarget,5.0
2023-11-29,OvernightTarget,5.0
2023-11-30,OvernightTarget,5.0
2023-12-01,OvernightTarget,5.0
2023-12-04,OvernightTarget,5.0
2023-12-05,OvernightTarget,5.0
2023-12-06,OvernightTarget,5.0
2023-12-07,OvernightTarget,5.0
2023-12-08,OvernightTarget,5.0
2023-12-11,OvernightTarget,5.0
2023-12-12,OvernightTarget,5.0
2023-12-13,OvernightTarget,5.0
2023-12-14,OvernightTarget,5.0
2023-12-15,OvernightTarget,5.0
2023-12-18,OvernightTarget,5.0
2023-12-19,OvernightTarget,5.0
2023-12-20,OvernightTarget,5.0
2023-12-21,OvernightTarget,5.0
2023-12-22,OvernightTarget,5.0
2023-12-25,OvernightTarget,5.0
2023-12-26,OvernightTarget,5.0
2023-12-27,OvernightTarget,5.0
2023-12-28,OvernightTarget,5.0
2023-12-29,OvernightTarget,5.0
2024-01-02,OvernightTarget,5.0
2024-01-03,OvernightTarget,5.0
2024-01-04,OvernightTarget,5.0
2024-01-05,OvernightTarget,5.0
2024-01-08,OvernightTarget,5.0
2024-01-09,OvernightTarget,5.0
2024-01-10,OvernightTarget,5.0
2024-01-11,OvernightTarget,5.0
2024-01-12,OvernightTarget,5.0
2024-01-15,OvernightTarget,5.0
2024-01-16,OvernightTarget,5.0
2024-01-17,OvernightTarget,5.0
2024-01-18,OvernightTarget,5.0
2024-01-19,OvernightTarget,5.0
2024-01-22,OvernightTarget,5.0
2024-01-23,OvernightTarget,5.0
2024-01-24,OvernightTarget,5.0
2024-01-25,OvernightTarget,5.0
2024-01-26,OvernightTarget,5.0
2024-01-29,OvernightTarget,5.0
2024-01-30,OvernightTarget,5.0
2024-01-31,OvernightTarget,5.0
2024-02-01,OvernightTarget,5.0
2024-02-02,OvernightTarget,5.0
2024-02-05,OvernightTarget,5.0
2024-02-06,OvernightTarget,5.0
2024-02-07,OvernightTarget,5.0
2024-02-08,OvernightTarget,5.0
2024-02-09,OvernightTarget,5.0
2024-02-12,OvernightTarget,5.0
2024-02-13,OvernightTarget,5.0
2024-02-14,OvernightTarget,5.0
2024-02-15,OvernightTarget,5.0
2024-02-16,OvernightTarget,5.0
2024-02-19,OvernightTarget,5.0
2024-02-20,OvernightTarget,5.0
2024-02-21,OvernightTarget,5.0
2024-02-22,OvernightTarget,5.0
2024-02-23,OvernightTarget,5.0
2024-02-26,OvernightTarget,5.0
2024-02-27,OvernightTarget,5.0
2024-02-28,OvernightTarget,5.0
2024-02-29,OvernightTarget,5.0
2024-03-01,OvernightTarget,5.0
2024-03-04,OvernightTarget,5.0
2024-03-05,OvernightTarget,5.0
2024-03-06,OvernightTarget,5.0
2024-03-07,OvernightTarget,5.0
2024-03-08,OvernightTarget,5.0
2024-03-11,OvernightTarget,5.0
2024-03-12,OvernightTarget,5.0
2024-03-13,OvernightTarget,5.0
2024-03-14,OvernightTarget,5.0
2024-03-15,OvernightTarget,5.0
2024-03-18,OvernightTarget,5.0
2024-03-19,OvernightTarget,5.0
2024-03-20,OvernightTarget,5.0
2024-03-21,OvernightTarget,5.0
2024-03-22,OvernightTarget,5.0
2024-03-25,OvernightTarget,5.0
2024-03-26,OvernightTarget,5.0
2024-03-27,OvernightTarget,5.0
2024-03-28,OvernightTarget,5.0
2024-03-29,OvernightTarget,5.0
2024-04-01,OvernightTarget,5.0
2024-04-02,OvernightTarget,5.0
2024-04-03,OvernightTarget,5.0
2024-04-04,OvernightTarget,5.0
2024-04-05,OvernightTarget,5.0
2024-04-08,OvernightTarget,5.0
2024-04-09,OvernightTarget,5.0
2024-04-10,OvernightTarget,5.0
2024-04-11,OvernightTarget,5.0
2024-04-12,OvernightTarget,5.0
2024-04-15,OvernightTarget,5.0
2024-04-16,OvernightTarget,5.0
2024-04-17,OvernightTarget,5.0
2024-04-18,OvernightTarget,5.0
2024-04-19,OvernightTarget,5.0
2024-04-22,OvernightTarget,5.0
2024-04-23,OvernightTarget,5.0
2024-04-24,OvernightTarget,5.0
2024-04-25,OvernightTarget,5.0
2024-04-26,OvernightTarget,5.0
2024-04-29,OvernightTarget,5.0
2024-04-30,OvernightTarget,5.0
2024-05-01,OvernightTarget,5.0
2024-05-02,OvernightTarget,5.0
2024-05-03,OvernightTarget,5.0
2024-05-06,OvernightTarget,5.0
2024-05-07,OvernightTarget,5.0
2024-05-08,OvernightTarget,5.0
2024-05-09,OvernightTarget,5.0
2024-05-10,OvernightTarget,5.0
2024-05-13,OvernightTarget,5.0
2024-05-14,OvernightTarget,5.0
2024-05-15,OvernightTarget,5.0
2024-05-16,OvernightTarget,5.0
2024-05-17,OvernightTarget,5.0
2024-05-20,OvernightTarget,5.0
2024-05-21,OvernightTarget,5.0
2024-05-22,OvernightTarget,5.0
2024-05-23,OvernightTarget,5.0
2024-05-24,OvernightTarget,5.0
2024-05-27,OvernightTarget,5.0
2024-05-28,OvernightTarget,5.0
2024-05-29,OvernightTarget,5.0
2024-05-30,OvernightTarget,5.0
2024-05-31,OvernightTarget,5.0
2024-06-03,OvernightTarget,5.0
2024-06-04,OvernightTarget,5.0
2024-06-05,OvernightTarget,5.0
2024-06-06,OvernightTarget,4.75
2024-06-07,OvernightTarget,4.75
2024-06-10,OvernightTarget,4.75
2024-06-11,OvernightTarget,4.75
2024-06-12,OvernightTarget,4.75
2024-06-13,OvernightTarget,4.75
2024-06-14,OvernightTarget,4.75
2024-06-17,OvernightTarget,4.75
2024-06-18,OvernightTarget,4.75
2024-06-19,OvernightTarget,4.75
2024-06-20,OvernightTarget,4.75
2024-06-21,OvernightTarget,4.75
2024-06-24,OvernightTarget,4.75
2024-06-25,OvernightTarget,4.75
2024-06-26,OvernightTarget,4.75
2024-06-27,OvernightTarget,4.75
2024-06-28,OvernightTarget,4.75
2024-07-01,OvernightTarget,4.75
2024-07-02,OvernightTarget,4.75
2024-07-03,OvernightTarget,4.75
2024-07-04,OvernightTarget,4.75
2024-07-05,OvernightTarget,4.75
2024-07-08,OvernightTarget,4.75
2024-07-09,OvernightTarget,4.75
2024-07-10,OvernightTarget,4.75
2024-07-11,OvernightTarget,4.75
2024-07-12,OvernightTarget,4.75
2024-07-15,OvernightTarget,4.75
2024-07-16,OvernightTarget,4.75
2024-07-17,OvernightTarget,4.75
2024-07-18,OvernightTarget,4.75
2024-07-19,OvernightTarget,4.75
2024-07-22,OvernightTarget,4.75
2024-07-23,OvernightTarget,4.75
2024-07-24,OvernightTarget,4.75
2024-07-25,OvernightTarget,4.5
2024-07-26,OvernightTarget,4.5
2024-07-29,OvernightTarget,4.5
2024-07-30,OvernightTarget,4.5
2024-07-31,OvernightTarget,4.5
2024-08-01,OvernightTarget,4.5
2024-08-02,OvernightTarget,4.5
2024-08-05,OvernightTarget,4.5
2024-08-06,OvernightTarget,4.5
2024-08-07,OvernightTarget,4.5
2024-08-08,OvernightTarget,4.5
2024-08-09,OvernightTarget,4.5
2024-08-12,OvernightTarget,4.5
2024-08-13,OvernightTarget,4.5
2024-08-14,OvernightTarget,4.5
2024-08-15,OvernightTarget,4.5
2024-08-16,OvernightTarget,4.5
2024-08-19,OvernightTarget,4.5
2024-08-20,OvernightTarget,4.5
2024-08-21,OvernightTarget,4.5
2024-08-22,OvernightTarget,4.5
2024-08-23,OvernightTarget,4.5
2024-08-26,OvernightTarget,4.5
2024-08-27,OvernightTarget,4.5
2024-08-28,OvernightTarget,4.5
2024-08-29,OvernightTarget,4.5
2024-08-30,OvernightTarget,4.5
2024-09-02,OvernightTarget,4.5
2024-09-03,OvernightTarget,4.5
2024-09-04,OvernightTarget,4.5
2024-09-05,OvernightTarget,4.25
2024-09-06,OvernightTarget,4.25
2024-09-09,OvernightTarget,4.25
2024-09-10,OvernightTarget,4.25
2024-09-11,OvernightTarget,4.25
2024-09-12,OvernightTarget,4.25
2024-09-13,OvernightTarget,4.25
2024-09-16,OvernightTarget,4.25
2024-09-17,OvernightTarget,4.25
2024-09-18,OvernightTarget,4.25
2024-09-19,OvernightTarget,4.25
2024-09-20,OvernightTarget,4.25
2024-09-23,OvernightTarget,4.25
2024-09-24,OvernightTarget,4.25
2024-09-25,OvernightTarget,4.25
2024-09-26,OvernightTarget,4.25
2024-09-27,OvernightTarget,4.25
2024-09-30,OvernightTarget,4.25
2024-10-01,OvernightTarget,4.25
2024-10-02,OvernightTarget,4.25
2024-10-03,OvernightTarget,4.25
2024-10-04,OvernightTarget,4.25
2024-10-07,OvernightTarget,4.25
2024-10-08,OvernightTarget,4.25
2024-10-09,OvernightTarget,4.25
2024-10-10,OvernightTarget,4.25
2024-10-11,OvernightTarget,4.25
2024-10-14,OvernightTarget,4.25
2024-10-15,OvernightTarget,4.25
2024-10-16,OvernightTarget,4.25
2024-10-17,OvernightTarget,4.25
2024-10-18,OvernightTarget,4.25
2024-10-21,OvernightTarget,4.25
2024-10-22,OvernightTarget,4.25
2024-10-23,OvernightTarget,4.25
2024-10-24,OvernightTarget,3.75
2024-10-25,OvernightTarget,3.75
2024-10-28,OvernightTarget,3.75
2024-10-29,OvernightTarget,3.75
2024-10-30,OvernightTarget,3.75
2024-10-31,OvernightTarget,3.75
2024-11-01,OvernightTarget,3.75
2024-11-04,OvernightTarget,3.75
2024-11-05,OvernightTarget,3.75
2024-11-06,OvernightTarget,3.75
2024-11-07,OvernightTarget,3.75
2024-11-08,OvernightTarget,3.75
2024-11-11,OvernightTarget,3.75
2024-11-12,OvernightTarget,3.75
2024-11-13,OvernightTarget,3.75
2024-11-14,OvernightTarget,3.75
2024-11-15,OvernightTarget,3.75
2024-11-18,OvernightTarget,3.75
2024-11-19,OvernightTarget,3.75
2024-11-20,OvernightTarget,3.75
2024-11-21,OvernightTarget,3.75
2024-11-22,OvernightTarget,3.75
2024-11-25,OvernightTarget,3.75
2024-11-26,OvernightTarget,3.75
2024-11-27,OvernightTarget,3.75
2024-11-28,OvernightTarget,3.75
2024-11-29,OvernightTarget,3.75
2024-12-02,OvernightTarget,3.75
2024-12-03,OvernightTarget,3.75
2024-12-04,OvernightTarget,3.75
2024-12-05,OvernightTarget,3.75
2024-12-06,OvernightTarget,3.75
2024-12-09,OvernightTarget,3.75
2024-12-10,OvernightTarget,3.75
2024-12-11,OvernightTarget,3.75
2024-12-12,OvernightTarget,3.25
2024-12-13,OvernightTarget,3.25
2024-12-16,OvernightTarget,3.25
2024-12-17,OvernightTarget,3.25
2024-12-18,OvernightTarget,3.25
2024-12-19,OvernightTarget,3.25
2024-12-20,OvernightTarget,3.25
2024-12-23,OvernightTarget,3.25
2024-12-24,OvernightTarget,3.25
2024-12-25,OvernightTarget,3.25
2024-12-26,OvernightTarget,3.25
2024-12-27,OvernightTarget,3.25
2024-12-30,OvernightTarget,3.25
2024-12-31,OvernightTarget,3.25
2025-01-01,OvernightTarget,3.25
2025-01-02,OvernightTarget,3.25
2025-01-03,OvernightTarget,3.25
2025-01-06,OvernightTarget,3.25
2025-01-07,OvernightTarget,3.25
2025-01-08,OvernightTarget,3.25
2025-01-09,OvernightTarget,3.25
2025-01-10,OvernightTarget,3.25
2025-01-13,OvernightTarget,3.25
2025-01-14,OvernightTarget,3.25
2025-01-15,OvernightTarget,3.25
2025-01-16,OvernightTarget,3.25
2025-01-17,OvernightTarget,3.25
2025-01-20,OvernightTarget,3.25
2025-01-21,OvernightTarget,3.25
2025-01-22,OvernightTarget,3.25
2025-01-23,OvernightTarget,3.25
2025-01-24,OvernightTarget,3.25
2025-01-27,OvernightTarget,3.25
2025-01-28,OvernightTarget,3.25
2025-01-29,OvernightTarget,3.25
2025-01-30,OvernightTarget,3.0
2025-01-31,OvernightTarget,3.0
2025-02-03,OvernightTarget,3.0
2025-02-04,OvernightTarget,3.0
2025-02-05,OvernightTarget,3.0
2025-02-06,OvernightTarget,3.0
2025-02-07,OvernightTarget,3.0
2025-02-10,OvernightTarget,3.0
2025-02-11,OvernightTarget,3.0
2025-02-12,OvernightTarget,3.0
2025-02-13,OvernightTarget,3.0
2025-02-14,OvernightTarget,3.0
2025-02-17,OvernightTarget,3.0
2025-02-18,OvernightTarget,3.0
2025-02-19,OvernightTarget,3.0
2025-02-20,OvernightTarget,3.0
2025-02-21,OvernightTarget,3.0
2025-02-24,OvernightTarget,3.0
2025-02-25,OvernightTarget,3.0
2025-02-26,OvernightTarget,3.0
2025-02-27,OvernightTarget,3.0
2025-02-28,OvernightTarget,3.0
2025-03-03,OvernightTarget,3.0
2025-03-04,OvernightTarget,3.0
2025-03-05,OvernightTarget,3.0
2025-03-06,OvernightTarget,3.0
2025-03-07,OvernightTarget,3.0
2025-03-10,OvernightTarget,3.0
2025-03-11,OvernightTarget,3.0
2025-03-12,OvernightTarget,3.0
2025-03-13,OvernightTarget,2.75
2025-03-14,OvernightTarget,2.75
2025-03-17,OvernightTarget,2.75
2025-03-18,OvernightTarget,2.75
2025-03-19,OvernightTarget,2.75
2025-03-20,OvernightTarget,2.75
2025-03-21,OvernightTarget,2.75
2025-03-24,OvernightTarget,2.75
2025-03-25,OvernightTarget,2.75
2025-03-26,OvernightTarget,2.75
2025-03-27,OvernightTarget,2.75
2025-03-28,OvernightTarget,2.75
2025-03-31,OvernightTarget,2.75
2025-04-01,OvernightTarget,2.75
2025-04-02,OvernightTarget,2.75
2025-04-03,OvernightTarget,2.75
2025-04-04,OvernightTarget,2.75
2025-04-07,OvernightTarget,2.75
2025-04-08,OvernightTarget,2.75
2025-04-09,OvernightTarget,2.75
2025-04-10,OvernightTarget,2.75
2025-04-11,OvernightTarget,2.75
2025-04-14,OvernightTarget,2.75
2025-04-15,OvernightTarget,2.75
2025-04-16,OvernightTarget,2.75
2025-04-17,OvernightTarget,2.75
2025-04-18,OvernightTarget,2.75
2025-04-21,OvernightTarget,2.75
2025-04-22,OvernightTarget,2.75
2025-04-23,OvernightTarget,2.75
2025-04-24,OvernightTarget,2.75
2025-04-25,OvernightTarget,2.75
2025-04-28,OvernightTarget,2.75
2025-04-29,OvernightTarget,2.75
2025-04-30,OvernightTarget,2.75
2025-05-01,OvernightTarget,2.75
2025-05-02,OvernightTarget,2.75
2025-05-05,OvernightTarget,2.75
2025-05-06,OvernightTarget,2.75
2025-05-07,OvernightTarget,2.75
2025-05-08,OvernightTarget,2.75
2025-05-09,OvernightTarget,2.75
2025-05-12,OvernightTarget,2.75
2025-05-13,OvernightTarget,2.75
2025-05-14,OvernightTarget,2.75
2025-05-15,OvernightTarget,2.75
2025-05-16,OvernightTarget,2.75
2025-05-19,OvernightTarget,2.75
2025-05-20,OvernightTarget,2.75
2025-05-21,OvernightTarget,2.75
2025-05-22,OvernightTarget,2.75
2025-05-23,OvernightTarget,2.75
2025-05-26,OvernightTarget,2.75
2025-05-27,OvernightTarget,2.75
2025-05-28,OvernightTarget,2.75
2025-05-29,OvernightTarget,2.75
2025-05-30,OvernightTarget,2.75
2025-06-02,OvernightTarget,2.75
2025-06-03,OvernightTarget,2.75
2025-06-04,OvernightTarget,2.75
2025-06-05,OvernightTarget,2.75
2025-06-06,OvernightTarget,2.75
2025-06-09,OvernightTarget,2.75
2025-06-10,OvernightTarget,2.75
2025-06-11,OvernightTarget,2.75
2025-06-12,OvernightTarget,2.75
2025-06-13,OvernightTarget,2.75
2025-06-16,OvernightTarget,2.75
2025-06-17,OvernightTarget,2.75
2025-06-18,OvernightTarget,2.75
2025-06-19,OvernightTarget,2.75
2025-06-20,OvernightTarget,2.75
2025-06-23,OvernightTarget,2.75
2025-06-24,OvernightTarget,2.75
2025-06-25,OvernightTarget,2.75
2025-06-26,OvernightTarget,2.75
2025-06-27,OvernightTarget,2.75
2025-06-30,OvernightTarget,2.75
2025-07-01,OvernightTarget,2.75
2025-07-02,OvernightTarget,2.75
2025-07-03,OvernightTarget,2.75
2025-07-04,OvernightTarget,2.75
2025-07-07,OvernightTarget,2.75
2025-07-08,OvernightTarget,2.75
2025-07-09,OvernightTarget,2.75
2025-07-10,OvernightTarget,2.75
2025-07-11,OvernightTarget,2.75
2025-07-14,OvernightTarget,2.75
2025-07-15,OvernightTarget,2.75
2025-07-16,OvernightTarget,2.75
2025-07-17,OvernightTarget,2.75
2025-07-18,OvernightTarget,2.75
2025-07-21,OvernightTarget,2.75
2025-07-22,OvernightTarget,2.75
2025-07-23,OvernightTarget,2.75
2025-07-24,OvernightTarget,2.75
2025-07-25,OvernightTarget,2.75
2025-07-28,OvernightTarget,2.75
2025-07-29,OvernightTarget,2.75
2025-07-30,OvernightTarget,2.75
2025-07-31,OvernightTarget,2.75
2025-08-01,OvernightTarget,2.75
2025-08-04,OvernightTarget,2.75
2025-08-05,OvernightTarget,2.75
2025-08-06,OvernightTarget,2.75
2025-08-07,OvernightTarget,2.75
2025-08-08,OvernightTarget,2.75
2025-08-11,OvernightTarget,2.75
2025-08-12,OvernightTarget,2.75
2025-08-13,OvernightTarget,2.75
2025-08-14,OvernightTarget,2.75
2025-08-15,OvernightTarget,2.75
2025-08-18,OvernightTarget,2.75
2025-08-19,OvernightTarget,2.75
2025-08-20,OvernightTarget,2.75
2025-08-21,OvernightTarget,2.75
2025-08-22,OvernightTarget,2.75
2025-08-25,OvernightTarget,2.75
2025-08-26,OvernightTarget,2.75
2025-08-27,OvernightTarget,2.75
2025-08-28,OvernightTarget,2.75
2025-08-29,OvernightTarget,2.75
2025-09-01,OvernightTarget,2.75
2025-09-02,OvernightTarget,2.75
2025-09-03,OvernightTarget,2.75
2025-09-04,OvernightTarget,2.75
2025-09-05,OvernightTarget,2.75
2025-09-08,OvernightTarget,2.75
2025-09-09,OvernightTarget,2.75
2025-09-10,OvernightTarget,2.75
2025-09-11,OvernightTarget,2.75
2025-09-12,OvernightTarget,2.75
2025-09-15,OvernightTarget,2.75
2025-09-16,OvernightTarget,2.75
2025-09-17,OvernightTarget,2.75
2025-09-18,OvernightTarget,2.5
2025-09-19,OvernightTarget,2.5
2025-09-22,OvernightTarget,2.5
2025-09-23,OvernightTarget,2.5
2025-09-24,OvernightTarget,2.5
2025-09-25,OvernightTarget,2.5
2025-09-26,OvernightTarget,2.5
2025-09-29,OvernightTarget,2.5
2025-09-30,OvernightTarget,2.5
2025-10-01,OvernightTarget,2.5
2025-10-02,OvernightTarget,2.5
2025-10-03,OvernightTarget,2.5
2025-10-06,OvernightTarget,2.5
2025-10-07,OvernightTarget,2.5
2025-10-08,OvernightTarget,2.5
2025-10-09,OvernightTarget,2.5
2025-10-10,OvernightTarget,2.5
2025-10-14,OvernightTarget,2.5
2025-10-15,OvernightTarget,2.5
2025-10-16,OvernightTarget,2.5
2025-10-17,OvernightTarget,2.5
2025-10-20,OvernightTarget,2.5
2025-10-21,OvernightTarget,2.5
2025-10-22,OvernightTarget,2.5
2025-10-23,OvernightTarget,2.5
2025-10-24,OvernightTarget,2.5
2025-10-27,OvernightTarget,2.5
2025-10-28,OvernightTarget,2.5
2025-10-29,OvernightTarget,2.5
2025-10-30,OvernightTarget,2.25
2025-10-31,OvernightTarget,2.25
2025-11-03,OvernightTarget,2.25
2025-11-04,OvernightTarget,2.25
2025-11-05,OvernightTarget,2.25
2025-11-06,OvernightTarget,2.25
2025-11-07,OvernightTarget,2.25
2025-11-10,OvernightTarget,2.25
2025-11-11,OvernightTarget,2.25
2025-11-12,OvernightTarget,2.25
2025-11-13,OvernightTarget,2.25
2025-11-14,OvernightTarget,2.25
2025-11-17,OvernightTarget,2.25
2025-11-18,OvernightTarget,2.25
2025-11-19,OvernightTarget,2.25
2025-11-20,OvernightTarget,2.25
2025-11-21,OvernightTarget,2.25
2025-11-24,OvernightTarget,2.25
2025-11-25,OvernightTarget,2.25
2025-11-26,OvernightTarget,2.25
2025-11-27,OvernightTarget,2.25
2025-11-28,OvernightTarget,2.25
2025-12-01,OvernightTarget,2.25
2025-12-02,OvernightTarget,2.25
2025-12-03,OvernightTarget,2.25
2025-12-04,OvernightTarget,2.25
2025-12-05,OvernightTarget,2.25
2025-12-08,OvernightTarget,2.25
2025-12-09,OvernightTarget,2.25
2025-12-10,OvernightTarget,2.25
2025-12-11,OvernightTarget,2.25
2025-12-12,OvernightTarget,2.25
2025-12-15,OvernightTarget,2.25
2025-12-16,OvernightTarget,2.25
2025-12-17,OvernightTarget,2.25
2025-12-18,OvernightTarget,2.25
2025-12-19,OvernightTarget,2.25
2025-12-22,OvernightTarget,2.25
2025-12-23,OvernightTarget,2.25
2025-12-24,OvernightTarget,2.25
2025-12-29,OvernightTarget,2.25
2025-12-30,OvernightTarget,2.25
2025-12-31,OvernightTarget,2.25
2026-01-01,OvernightTarget,2.25
2026-01-02,OvernightTarget,2.25
2026-01-05,OvernightTarget,2.25
2026-01-06,OvernightTarget,2.25
2026-01-07,OvernightTarget,2.25
2026-01-08,OvernightTarget,2.25
2026-01-09,OvernightTarget,2.25
2026-01-12,OvernightTarget,2.25
2026-01-13,OvernightTarget,2.25
2026-01-14,OvernightTarget,2.25
2026-01-15,OvernightTarget,2.25
2026-01-16,OvernightTarget,2.25
2026-01-19,OvernightTarget,2.25
2026-01-20,OvernightTarget,2.25
2026-01-21,OvernightTarget,2.25
2026-01-22,OvernightTarget,2.25
2026-01-23,OvernightTarget,2.25
2026-01-26,OvernightTarget,2.25
2026-01-27,OvernightTarget,2.25
2026-01-28,OvernightTarget,2.25
2026-01-29,OvernightTarget,2.25
2026-01-30,OvernightTarget,2.25
2026-02-02,OvernightTarget,2.25
2026-02-03,OvernightTarget,2.25
2026-02-04,OvernightTarget,2.25
2026-02-05,OvernightTarget,2.25
2026-02-06,OvernightTarget,2.25
2026-02-09,OvernightTarget,2.25
2026-02-10,OvernightTarget,2.25
2026-02-11,OvernightTarget,2.25
2026-02-12,OvernightTarget,2.25
2026-02-13,OvernightTarget,2.25
2026-02-16,OvernightTarget,2.25
2026-02-17,OvernightTarget,2.25
2026-02-18,OvernightTarget,2.25
2026-02-19,OvernightTarget,2.25
2026-02-20,OvernightTarget,2.25
2026-02-23,OvernightTarget,2.25
2026-02-24,OvernightTarget,2.25
2026-02-25,OvernightTarget,2.25
2026-02-26,OvernightTarget,2.25
2026-02-27,OvernightTarget,2.25
2026-03-02,OvernightTarget,2.25
2026-03-03,OvernightTarget,2.25
2026-03-04,OvernightTarget,2.25
2026-03-05,OvernightTarget,2.25
2026-03-06,OvernightTarget,2.25
2026-03-09,OvernightTarget,2.25
2026-03-10,OvernightTarget,2.25
2026-03-11,OvernightTarget,2.25
2026-03-12,OvernightTarget,2.25
2026-03-13,OvernightTarget,2.25
2026-03-16,OvernightTarget,2.25
2026-03-17,OvernightTarget,2.25
2026-03-18,OvernightTarget,2.25
2026-03-19,OvernightTarget,2.25
2026-03-20,OvernightTarget,2.25
2026-03-23,OvernightTarget,2.25
2026-03-24,OvernightTarget,2.25
2026-03-25,OvernightTarget,2.25
2026-03-26,OvernightTarget,2.25
2026-03-27,OvernightTarget,2.25
2026-03-30,OvernightTarget,2.25
2026-03-31,OvernightTarget,2.25
2026-04-01,OvernightTarget,2.25
2026-04-02,OvernightTarget,2.25
2026-04-03,OvernightTarget,2.25
2026-04-06,OvernightTarget,2.25
2026-04-07,OvernightTarget,2.25
2026-04-08,OvernightTarget,2.25
2026-04-09,OvernightTarget,2.25
2026-04-10,OvernightTarget,2.25
2026-04-13,OvernightTarget,2.25
2026-04-14,OvernightTarget,2.25
2026-04-15,OvernightTarget,2.25
2026-04-16,OvernightTarget,2.25
2026-04-17,OvernightTarget,2.25
2026-04-20,OvernightTarget,2.25
2026-04-21,OvernightTarget,2.25
2026-04-22,OvernightTarget,2.25
2026-04-24,OvernightTarget,2.25
2026-04-27,OvernightTarget,2.25
2026-04-28,OvernightTarget,2.25
2026-04-29,OvernightTarget,2.25
2026-04-30,OvernightTarget,2.25
2026-05-01,OvernightTarget,2.25
2026-05-04,OvernightTarget,2.25
2026-05-05,OvernightTarget,2.25
2026-05-06,OvernightTarget,2.25
2026-05-07,OvernightTarget,2.25
2026-05-08,OvernightTarget,2.25
2026-05-11,OvernightTarget,2.25
2026-05-12,OvernightTarget,2.25
2026-05-13,OvernightTarget,2.25
2026-05-14,OvernightTarget,2.25
2026-05-15,OvernightTarget,2.25
2026-05-18,OvernightTarget,2.25
2026-05-19,OvernightTarget,2.25
2026-05-20,OvernightTarget,2.25
2026-05-21,OvernightTarget,2.25
2026-05-22,OvernightTarget,2.25
2026-05-25,OvernightTarget,2.25
2026-05-26,OvernightTarget,2.25
2026-05-27,OvernightTarget,2.25
2026-05-28,OvernightTarget,2.25
2026-05-29,OvernightTarget,2.25
2026-06-01,OvernightTarget,2.25
2026-06-02,OvernightTarget,2.25
2026-06-03,OvernightTarget,2.25
2026-06-04,OvernightTarget,2.25
2026-06-05,OvernightTarget,2.25
2026-06-08,OvernightTarget,2.25
2026-06-09,OvernightTarget,2.25
2026-06-10,OvernightTarget,2.25
2026-06-11,OvernightTarget,2.25
2026-06-12,OvernightTarget,2.25
2026-06-15,OvernightTarget,2.25
2026-06-16,OvernightTarget,2.25
2026-06-17,OvernightTarget,2.25
2026-06-18,OvernightTarget,2.25
2026-06-19,OvernightTarget,2.25
2026-06-22,OvernightTarget,2.25
2026-06-23,OvernightTarget,2.25
2026-06-24,OvernightTarget,2.25
2026-06-25,OvernightTarget,2.25
2026-06-26,OvernightTarget,2.25
2026-06-29,OvernightTarget,2.25
2026-06-30,OvernightTarget,2.25
2026-07-01,OvernightTarget,2.25
2026-07-02,OvernightTarget,2.25
2026-07-03,OvernightTarget,2.25
2026-07-06,OvernightTarget,2.25
2026-07-07,OvernightTarget,2.25
2026-07-08,OvernightTarget,2.25
2026-07-09,OvernightTarget,2.25
2026-07-10,OvernightTarget,2.25
2026-07-13,OvernightTarget,2.25
2026-07-14,OvernightTarget,2.25
2026-07-15,OvernightTarget,2.25
2026-07-16,OvernightTarget,2.25
2026-07-17,OvernightTarget,2.25
2026-07-20,OvernightTarget,2.25
2026-07-21,OvernightTarget,2.25
2026-07-22,OvernightTarget,2.25
2026-07-23,OvernightTarget,2.25
2026-07-24,OvernightTarget,2.25
2026-07-27,OvernightTarget,2.25
2026-07-28,OvernightTarget,2.25
2026-07-29,OvernightTarget,2.25
2026-07-30,OvernightTarget,2.25
2026-07-31,OvernightTarget,2.25
2026-08-03,OvernightTarget,2.25
2026-08-04,OvernightTarget,2.25
2026-08-05,OvernightTarget,2.25
2026-08-06,OvernightTarget,2.25
2026-08-07,OvernightTarget,2.25
2026-08-10,OvernightTarget,2.25
2026-08-11,OvernightTarget,2.25
2026-08-12,OvernightTarget,2.25
2026-08-13,OvernightTarget,2.25
2026-08-14,OvernightTarget,2.25
2026-08-17,OvernightTarget,2.25
2026-08-18,OvernightTarget,2.25
2026-08-19,OvernightTarget,2.25
2026-08-20,OvernightTarget,2.25
2026-08-21,OvernightTarget,2.25
2026-08-24,OvernightTarget,2.25
2026-08-25,OvernightTarget,2.25
2026-08-26,OvernightTarget,2.25
2026-08-27,OvernightTarget,2.25
2026-08-28,OvernightTarget,2.25
2026-08-31,OvernightTarget,2.25
2026-09-01,OvernightTarget,2.25
2026-09-02,OvernightTarget,2.25
2026-09-03,OvernightTarget,2.25
2026-09-04,OvernightTarget,2.25
2026-09-07,OvernightTarget,2.25
2026-09-08,OvernightTarget,2.25
2026-09-09,OvernightTarget,2.25
2026-09-10,OvernightTarget,2.25
2026-09-11,OvernightTarget,2.25
2026-09-14,OvernightTarget,2.25
2026-09-15,OvernightTarget,2.25
2026-09-16,OvernightTarget,2.25
2026-09-17,OvernightTarget,2.25
2026-09-18,OvernightTarget,2.25
2026-09-21,OvernightTarget,2.25
2026-09-22,OvernightTarget,2.25
2026-09-23,OvernightTarget,2.25
2026-09-24,OvernightTarget,2.25
2026-09-25,OvernightTarget,2.25
2026-09-28,OvernightTarget,2.25
2026-09-29,OvernightTarget,2.25
2026-09-30,OvernightTarget,2.25
2026-10-01,OvernightTarget,2.25
2026-10-02,OvernightTarget,2.25
2017-01-03,USDCAD,1.3435
2017-01-04,USDCAD,1.3315
2017-01-05,USDCAD,1.3244
2017-01-06,USDCAD,1.3214
2017-01-09,USDCAD,1.324
2017-01-10,USDCAD,1.3213
2017-01-11,USDCAD,1.325
2017-01-12,USDCAD,1.3106
2017-01-13,USDCAD,1.3141
2017-01-16,USDCAD,1.3152
2017-01-17,USDCAD,1.3057
2017-01-18,USDCAD,1.3099
2017-01-19,USDCAD,1.3303
2017-01-20,USDCAD,1.3356
2017-01-23,USDCAD,1.3291
2017-01-24,USDCAD,1.3174
2017-01-25,USDCAD,1.3088
2017-01-26,USDCAD,1.3103
2017-01-27,USDCAD,1.3123
2017-01-30,USDCAD,1.3114
2017-01-31,USDCAD,1.303
2017-02-01,USDCAD,1.3074
2017-02-02,USDCAD,1.3016
2017-02-03,USDCAD,1.3016
2017-02-06,USDCAD,1.3099
2017-02-07,USDCAD,1.3167
2017-02-08,USDCAD,1.3157
2017-02-09,USDCAD,1.3127
2017-02-10,USDCAD,1.3084
2017-02-13,USDCAD,1.3082
2017-02-14,USDCAD,1.307
2017-02-15,USDCAD,1.3088
2017-02-16,USDCAD,1.3055
2017-02-17,USDCAD,1.3102
2017-02-21,USDCAD,1.3148
2017-02-22,USDCAD,1.3181
2017-02-23,USDCAD,1.311
2017-02-24,USDCAD,1.3095
2017-02-27,USDCAD,1.3118
2017-02-28,USDCAD,1.3249
2017-03-01,USDCAD,1.3338
2017-03-02,USDCAD,1.3387
2017-03-03,USDCAD,1.3405
2017-03-06,USDCAD,1.3404
2017-03-07,USDCAD,1.3417
2017-03-08,USDCAD,1.3475
2017-03-09,USDCAD,1.3513
2017-03-10,USDCAD,1.3464
2017-03-13,USDCAD,1.3447
2017-03-14,USDCAD,1.3484
2017-03-15,USDCAD,1.3428
2017-03-16,USDCAD,1.3319
2017-03-17,USDCAD,1.3337
2017-03-20,USDCAD,1.3358
2017-03-21,USDCAD,1.3317
2017-03-22,USDCAD,1.336
2017-03-23,USDCAD,1.3336
2017-03-24,USDCAD,1.3374
2017-03-27,USDCAD,1.3373
2017-03-28,USDCAD,1.3374
2017-03-29,USDCAD,1.3364
2017-03-30,USDCAD,1.3304
2017-03-31,USDCAD,1.331
2017-04-03,USDCAD,1.3384
2017-04-04,USDCAD,1.3425
2017-04-05,USDCAD,1.3409
2017-04-06,USDCAD,1.3418
2017-04-07,USDCAD,1.3395
2017-04-10,USDCAD,1.3349
2017-04-11,USDCAD,1.3332
2017-04-12,USDCAD,1.33
2017-04-13,USDCAD,1.3275
2017-04-17,USDCAD,1.3289
2017-04-18,USDCAD,1.3377
2017-04-19,USDCAD,1.346
2017-04-20,USDCAD,1.3482
2017-04-21,USDCAD,1.3506
2017-04-24,USDCAD,1.3492
2017-04-25,USDCAD,1.3592
2017-04-26,USDCAD,1.3593
2017-04-27,USDCAD,1.3624
2017-04-28,USDCAD,1.3662
2017-05-01,USDCAD,1.366
2017-05-02,USDCAD,1.372
2017-05-03,USDCAD,1.3714
2017-05-04,USDCAD,1.3743
2017-05-05,USDCAD,1.3712
2017-05-08,USDCAD,1.3705
2017-05-09,USDCAD,1.3728
2017-05-10,USDCAD,1.3672
2017-05-11,USDCAD,1.3707
2017-05-12,USDCAD,1.3714
2017-05-15,USDCAD,1.3641
2017-05-16,USDCAD,1.3596
2017-05-17,USDCAD,1.3614
2017-05-18,USDCAD,1.3611
2017-05-19,USDCAD,1.3544
2017-05-23,USDCAD,1.349
2017-05-24,USDCAD,1.346
2017-05-25,USDCAD,1.3453
2017-05-26,USDCAD,1.3456
2017-05-29,USDCAD,1.3446
2017-05-30,USDCAD,1.3469
2017-05-31,USDCAD,1.35
2017-06-01,USDCAD,1.35
2017-06-02,USDCAD,1.3504
2017-06-05,USDCAD,1.3483
2017-06-06,USDCAD,1.3461
2017-06-07,USDCAD,1.3492
2017-06-08,USDCAD,1.3503
2017-06-09,USDCAD,1.3453
2017-06-12,USDCAD,1.3415
2017-06-13,USDCAD,1.3238
2017-06-14,USDCAD,1.3209
2017-06-15,USDCAD,1.3283
2017-06-16,USDCAD,1.3232
2017-06-19,USDCAD,1.322
2017-06-20,USDCAD,1.3267
2017-06-21,USDCAD,1.331
2017-06-22,USDCAD,1.3241
2017-06-23,USDCAD,1.3268
2017-06-26,USDCAD,1.3238
2017-06-27,USDCAD,1.3188
2017-06-28,USDCAD,1.306
2017-06-29,USDCAD,1.3015
2017-06-30,USDCAD,1.2977
2017-07-04,USDCAD,1.2941
2017-07-05,USDCAD,1.2982
2017-07-06,USDCAD,1.2946
2017-07-07,USDCAD,1.2887
2017-07-10,USDCAD,1.2888
2017-07-11,USDCAD,1.292
2017-07-12,USDCAD,1.2794
2017-07-13,USDCAD,1.2743
2017-07-14,USDCAD,1.2672
2017-07-17,USDCAD,1.2669
2017-07-18,USDCAD,1.2628
2017-07-19,USDCAD,1.2595
2017-07-20,USDCAD,1.2585
2017-07-21,USDCAD,1.2549
2017-07-24,USDCAD,1.2512
2017-07-25,USDCAD,1.2507
2017-07-26,USDCAD,1.2505
2017-07-27,USDCAD,1.252
2017-07-28,USDCAD,1.2447
2017-07-31,USDCAD,1.2485
2017-08-01,USDCAD,1.2514
2017-08-02,USDCAD,1.256
2017-08-03,USDCAD,1.2578
2017-08-04,USDCAD,1.2638
2017-08-08,USDCAD,1.2672
2017-08-09,USDCAD,1.2705
2017-08-10,USDCAD,1.2711
2017-08-11,USDCAD,1.2685
2017-08-14,USDCAD,1.2705
2017-08-15,USDCAD,1.2755
2017-08-16,USDCAD,1.2699
2017-08-17,USDCAD,1.2647
2017-08-18,USDCAD,1.2586
2017-08-21,USDCAD,1.2575
2017-08-22,USDCAD,1.2552
2017-08-23,USDCAD,1.2564
2017-08-24,USDCAD,1.2529
2017-08-25,USDCAD,1.2492
2017-08-28,USDCAD,1.2482
2017-08-29,USDCAD,1.2515
2017-08-30,USDCAD,1.2605
2017-08-31,USDCAD,1.2536
2017-09-01,USDCAD,1.239
2017-09-05,USDCAD,1.2371
2017-09-06,USDCAD,1.2264
2017-09-07,USDCAD,1.2148
2017-09-08,USDCAD,1.2132
2017-09-11,USDCAD,1.2128
2017-09-12,USDCAD,1.2159
2017-09-13,USDCAD,1.2187
2017-09-14,USDCAD,1.2198
2017-09-15,USDCAD,1.2182
2017-09-18,USDCAD,1.2238
2017-09-19,USDCAD,1.2277
2017-09-20,USDCAD,1.2273
2017-09-21,USDCAD,1.2339
2017-09-22,USDCAD,1.2317
2017-09-25,USDCAD,1.2341
2017-09-26,USDCAD,1.237
2017-09-27,USDCAD,1.2412
2017-09-28,USDCAD,1.245
2017-09-29,USDCAD,1.248
2017-10-02,USDCAD,1.2505
2017-10-03,USDCAD,1.25
2017-10-04,USDCAD,1.2479
2017-10-05,USDCAD,1.2548
2017-10-06,USDCAD,1.2549
2017-10-10,USDCAD,1.2501
2017-10-11,USDCAD,1.2498
2017-10-12,USDCAD,1.2472
2017-10-13,USDCAD,1.2487
2017-10-16,USDCAD,1.2529
2017-10-17,USDCAD,1.2548
2017-10-18,USDCAD,1.2486
2017-10-19,USDCAD,1.2478
2017-10-20,USDCAD,1.2601
2017-10-23,USDCAD,1.2644
2017-10-24,USDCAD,1.2666
2017-10-25,USDCAD,1.2771
2017-10-26,USDCAD,1.2831
2017-10-27,USDCAD,1.2874
2017-10-30,USDCAD,1.2837
2017-10-31,USDCAD,1.2893
2017-11-01,USDCAD,1.2885
2017-11-02,USDCAD,1.2822
2017-11-03,USDCAD,1.2764
2017-11-06,USDCAD,1.2746
2017-11-07,USDCAD,1.2785
2017-11-08,USDCAD,1.2729
2017-11-09,USDCAD,1.2692
2017-11-10,USDCAD,1.2683
2017-11-14,USDCAD,1.2733
2017-11-15,USDCAD,1.2773
2017-11-16,USDCAD,1.2745
2017-11-17,USDCAD,1.2783
2017-11-20,USDCAD,1.2793
2017-11-21,USDCAD,1.2778
2017-11-22,USDCAD,1.2729
2017-11-23,USDCAD,1.2715
2017-11-24,USDCAD,1.2708
2017-11-27,USDCAD,1.2735
2017-11-28,USDCAD,1.2807
2017-11-29,USDCAD,1.2853
2017-11-30,USDCAD,1.2888
2017-12-01,USDCAD,1.2729
2017-12-04,USDCAD,1.2695
2017-12-05,USDCAD,1.268
2017-12-06,USDCAD,1.2757
2017-12-07,USDCAD,1.2843
2017-12-08,USDCAD,1.286
2017-12-11,USDCAD,1.2854
2017-12-12,USDCAD,1.2871
2017-12-13,USDCAD,1.2852
2017-12-14,USDCAD,1.2805
2017-12-15,USDCAD,1.2834
2017-12-18,USDCAD,1.2865
2017-12-19,USDCAD,1.2886
2017-12-20,USDCAD,1.2842
2017-12-21,USDCAD,1.2734
2017-12-22,USDCAD,1.2759
2017-12-27,USDCAD,1.2641
2017-12-28,USDCAD,1.2588
2017-12-29,USDCAD,1.2545
2018-01-02,USDCAD,1.2517
2018-01-03,USDCAD,1.2533
2018-01-04,USDCAD,1.2515
2018-01-05,USDCAD,1.2403
2018-01-08,USDCAD,1.2422
2018-01-09,USDCAD,1.2454
2018-01-10,USDCAD,1.2496
2018-01-11,USDCAD,1.2535
2018-01-12,USDCAD,1.2504
2018-01-15,USDCAD,1.2422
2018-01-16,USDCAD,1.2419
2018-01-17,USDCAD,1.2425
2018-01-18,USDCAD,1.2446
2018-01-19,USDCAD,1.2459
2018-01-22,USDCAD,1.2458
2018-01-23,USDCAD,1.2454
2018-01-24,USDCAD,1.2341
2018-01-25,USDCAD,1.2323
2018-01-26,USDCAD,1.2321
2018-01-29,USDCAD,1.2335
2018-01-30,USDCAD,1.2328
2018-01-31,USDCAD,1.2293
2018-02-01,USDCAD,1.2288
2018-02-02,USDCAD,1.238
2018-02-05,USDCAD,1.2483
2018-02-06,USDCAD,1.253
2018-02-07,USDCAD,1.2546
2018-02-08,USDCAD,1.2585
2018-02-09,USDCAD,1.2609
2018-02-12,USDCAD,1.2603
2018-02-13,USDCAD,1.26
2018-02-14,USDCAD,1.2562
2018-02-15,USDCAD,1.2507
2018-02-16,USDCAD,1.254
2018-02-20,USDCAD,1.2622
2018-02-21,USDCAD,1.2671
2018-02-22,USDCAD,1.2709
2018-02-23,USDCAD,1.2668
2018-02-26,USDCAD,1.2686
2018-02-27,USDCAD,1.274
2018-02-28,USDCAD,1.2809
2018-03-01,USDCAD,1.2851
2018-03-02,USDCAD,1.2891
2018-03-05,USDCAD,1.2977
2018-03-06,USDCAD,1.2898
2018-03-07,USDCAD,1.2947
2018-03-08,USDCAD,1.2927
2018-03-09,USDCAD,1.284
2018-03-12,USDCAD,1.283
2018-03-13,USDCAD,1.2912
2018-03-14,USDCAD,1.2944
2018-03-15,USDCAD,1.3032
2018-03-16,USDCAD,1.3088
2018-03-19,USDCAD,1.3079
2018-03-20,USDCAD,1.3077
2018-03-21,USDCAD,1.2958
2018-03-22,USDCAD,1.2908
2018-03-23,USDCAD,1.2856
2018-03-26,USDCAD,1.2886
2018-03-27,USDCAD,1.2869
2018-03-28,USDCAD,1.2902
2018-03-29,USDCAD,1.2894
2018-04-02,USDCAD,1.2908
2018-04-03,USDCAD,1.2812
2018-04-04,USDCAD,1.2809
2018-04-05,USDCAD,1.2776
2018-04-06,USDCAD,1.2764
2018-04-09,USDCAD,1.2729
2018-04-10,USDCAD,1.2618
2018-04-11,USDCAD,1.2584
2018-04-12,USDCAD,1.2596
2018-04-13,USDCAD,1.2597
2018-04-16,USDCAD,1.2579
2018-04-17,USDCAD,1.2552
2018-04-18,USDCAD,1.2614
2018-04-19,USDCAD,1.2633
2018-04-20,USDCAD,1.2728
2018-04-23,USDCAD,1.2833
2018-04-24,USDCAD,1.2828
2018-04-25,USDCAD,1.2869
2018-04-26,USDCAD,1.2862
2018-04-27,USDCAD,1.2857
2018-04-30,USDCAD,1.2836
2018-05-01,USDCAD,1.2867
2018-05-02,USDCAD,1.2851
2018-05-03,USDCAD,1.2862
2018-05-04,USDCAD,1.2861
2018-05-07,USDCAD,1.2864
2018-05-08,USDCAD,1.2963
2018-05-09,USDCAD,1.2856
2018-05-10,USDCAD,1.2775
2018-05-11,USDCAD,1.2779
2018-05-14,USDCAD,1.2775
2018-05-15,USDCAD,1.2876
2018-05-16,USDCAD,1.2809
2018-05-17,USDCAD,1.2801
2018-05-18,USDCAD,1.288
2018-05-22,USDCAD,1.2786
2018-05-23,USDCAD,1.2876
2018-05-24,USDCAD,1.2891
2018-05-25,USDCAD,1.2974
2018-05-28,USDCAD,1.3001
2018-05-29,USDCAD,1.302
2018-05-30,USDCAD,1.2897
2018-05-31,USDCAD,1.2948
2018-06-01,USDCAD,1.2964
2018-06-04,USDCAD,1.2928
2018-06-05,USDCAD,1.2993
2018-06-06,USDCAD,1.2913
2018-06-07,USDCAD,1.2972
2018-06-08,USDCAD,1.2962
2018-06-11,USDCAD,1.2993
2018-06-12,USDCAD,1.3004
2018-06-13,USDCAD,1.2988
2018-06-14,USDCAD,1.3052
2018-06-15,USDCAD,1.3177
2018-06-18,USDCAD,1.3208
2018-06-19,USDCAD,1.3276
2018-06-20,USDCAD,1.3301
2018-06-21,USDCAD,1.331
2018-06-22,USDCAD,1.3308
2018-06-25,USDCAD,1.3303
2018-06-26,USDCAD,1.3306
2018-06-27,USDCAD,1.3307
2018-06-28,USDCAD,1.3267
2018-06-29,USDCAD,1.3168
2018-07-03,USDCAD,1.3154
2018-07-04,USDCAD,1.3143
2018-07-05,USDCAD,1.3129
2018-07-06,USDCAD,1.3105
2018-07-09,USDCAD,1.3097
2018-07-10,USDCAD,1.3125
2018-07-11,USDCAD,1.3151
2018-07-12,USDCAD,1.3166
2018-07-13,USDCAD,1.3171
2018-07-16,USDCAD,1.3137
2018-07-17,USDCAD,1.3187
2018-07-18,USDCAD,1.3204
2018-07-19,USDCAD,1.3255
2018-07-20,USDCAD,1.3142
2018-07-23,USDCAD,1.3156
2018-07-24,USDCAD,1.3157
2018-07-25,USDCAD,1.3088
2018-07-26,USDCAD,1.3065
2018-07-27,USDCAD,1.3062
2018-07-30,USDCAD,1.3021
2018-07-31,USDCAD,1.3017
2018-08-01,USDCAD,1.3002
2018-08-02,USDCAD,1.3014
2018-08-03,USDCAD,1.2983
2018-08-07,USDCAD,1.3023
2018-08-08,USDCAD,1.3052
2018-08-09,USDCAD,1.304
2018-08-10,USDCAD,1.3113
2018-08-13,USDCAD,1.3136
2018-08-14,USDCAD,1.3087
2018-08-15,USDCAD,1.3138
2018-08-16,USDCAD,1.3152
2018-08-17,USDCAD,1.3081
2018-08-20,USDCAD,1.3065
2018-08-21,USDCAD,1.3036
2018-08-22,USDCAD,1.3016
2018-08-23,USDCAD,1.3063
2018-08-24,USDCAD,1.3036
2018-08-27,USDCAD,1.2986
2018-08-28,USDCAD,1.2917
2018-08-29,USDCAD,1.2931
2018-08-30,USDCAD,1.298
2018-08-31,USDCAD,1.3055
2018-09-04,USDCAD,1.3182
2018-09-05,USDCAD,1.3185
2018-09-06,USDCAD,1.3188
2018-09-07,USDCAD,1.3164
2018-09-10,USDCAD,1.3163
2018-09-11,USDCAD,1.3141
2018-09-12,USDCAD,1.3014
2018-09-13,USDCAD,1.2997
2018-09-14,USDCAD,1.3033
2018-09-17,USDCAD,1.3019
2018-09-18,USDCAD,1.2992
2018-09-19,USDCAD,1.2947
2018-09-20,USDCAD,1.2905
2018-09-21,USDCAD,1.2916
2018-09-24,USDCAD,1.2935
2018-09-25,USDCAD,1.2948
2018-09-26,USDCAD,1.2975
2018-09-27,USDCAD,1.3045
2018-09-28,USDCAD,1.2945
2018-10-01,USDCAD,1.2803
2018-10-02,USDCAD,1.2817
2018-10-03,USDCAD,1.2832
2018-10-04,USDCAD,1.29
2018-10-05,USDCAD,1.2936
2018-10-09,USDCAD,1.2965
2018-10-10,USDCAD,1.2992
2018-10-11,USDCAD,1.3038
2018-10-12,USDCAD,1.3031
2018-10-15,USDCAD,1.2993
2018-10-16,USDCAD,1.2938
2018-10-17,USDCAD,1.2994
2018-10-18,USDCAD,1.3057
2018-10-19,USDCAD,1.3104
2018-10-22,USDCAD,1.3105
2018-10-23,USDCAD,1.3098
2018-10-24,USDCAD,1.3029
2018-10-25,USDCAD,1.3076
2018-10-26,USDCAD,1.3108
2018-10-29,USDCAD,1.3119
2018-10-30,USDCAD,1.3133
2018-10-31,USDCAD,1.3142
2018-11-01,USDCAD,1.3088
2018-11-02,USDCAD,1.3105
2018-11-05,USDCAD,1.3096
2018-11-06,USDCAD,1.313
2018-11-07,USDCAD,1.3096
2018-11-08,USDCAD,1.3114
2018-11-09,USDCAD,1.3206
2018-11-13,USDCAD,1.3241
2018-11-14,USDCAD,1.3235
2018-11-15,USDCAD,1.3202
2018-11-16,USDCAD,1.3154
2018-11-19,USDCAD,1.3182
2018-11-20,USDCAD,1.3259
2018-11-21,USDCAD,1.327
2018-11-22,USDCAD,1.3205
2018-11-23,USDCAD,1.3228
2018-11-26,USDCAD,1.323
2018-11-27,USDCAD,1.3289
2018-11-28,USDCAD,1.3302
2018-11-29,USDCAD,1.3275
2018-11-30,USDCAD,1.3301
2018-12-03,USDCAD,1.3191
2018-12-04,USDCAD,1.3219
2018-12-05,USDCAD,1.3353
2018-12-06,USDCAD,1.3404
2018-12-07,USDCAD,1.3299
2018-12-10,USDCAD,1.3379
2018-12-11,USDCAD,1.3402
2018-12-12,USDCAD,1.3346
2018-12-13,USDCAD,1.3359
2018-12-14,USDCAD,1.3379
2018-12-17,USDCAD,1.3399
2018-12-18,USDCAD,1.3454
2018-12-19,USDCAD,1.345
2018-12-20,USDCAD,1.3495
2018-12-21,USDCAD,1.3566
2018-12-24,USDCAD,1.3589
2018-12-27,USDCAD,1.3641
2018-12-28,USDCAD,1.3638
2018-12-31,USDCAD,1.3642
2019-01-02,USDCAD,1.36
2019-01-03,USDCAD,1.3501
2019-01-04,USDCAD,1.341
2019-01-07,USDCAD,1.3313
2019-01-08,USDCAD,1.3293
2019-01-09,USDCAD,1.3221
2019-01-10,USDCAD,1.3234
2019-01-11,USDCAD,1.3259
2019-01-14,USDCAD,1.3269
2019-01-15,USDCAD,1.3266
2019-01-16,USDCAD,1.3248
2019-01-17,USDCAD,1.3294
2019-01-18,USDCAD,1.326
2019-01-21,USDCAD,1.3297
2019-01-22,USDCAD,1.334
2019-01-23,USDCAD,1.3348
2019-01-24,USDCAD,1.3351
2019-01-25,USDCAD,1.3256
2019-01-28,USDCAD,1.326
2019-01-29,USDCAD,1.3266
2019-01-30,USDCAD,1.3192
2019-01-31,USDCAD,1.3144
2019-02-01,USDCAD,1.3095
2019-02-04,USDCAD,1.3127
2019-02-05,USDCAD,1.3134
2019-02-06,USDCAD,1.319
2019-02-07,USDCAD,1.3285
2019-02-08,USDCAD,1.327
2019-02-11,USDCAD,1.3294
2019-02-12,USDCAD,1.3248
2019-02-13,USDCAD,1.324
2019-02-14,USDCAD,1.3298
2019-02-15,USDCAD,1.3266
2019-02-19,USDCAD,1.3238
2019-02-20,USDCAD,1.3169
2019-02-21,USDCAD,1.3196
2019-02-22,USDCAD,1.3173
2019-02-25,USDCAD,1.3174
2019-02-26,USDCAD,1.3195
2019-02-27,USDCAD,1.3145
2019-02-28,USDCAD,1.3169
2019-03-01,USDCAD,1.326
2019-03-04,USDCAD,1.3317
2019-03-05,USDCAD,1.3345
2019-03-06,USDCAD,1.342
2019-03-07,USDCAD,1.3438
2019-03-08,USDCAD,1.3422
2019-03-11,USDCAD,1.3414
2019-03-12,USDCAD,1.3378
2019-03-13,USDCAD,1.3326
2019-03-14,USDCAD,1.3327
2019-03-15,USDCAD,1.3342
2019-03-18,USDCAD,1.3345
2019-03-19,USDCAD,1.3292
2019-03-20,USDCAD,1.3317
2019-03-21,USDCAD,1.3366
2019-03-22,USDCAD,1.3411
2019-03-25,USDCAD,1.342
2019-03-26,USDCAD,1.3386
2019-03-27,USDCAD,1.3414
2019-03-28,USDCAD,1.3429
2019-03-29,USDCAD,1.3363
2019-04-01,USDCAD,1.3337
2019-04-02,USDCAD,1.3344
2019-04-03,USDCAD,1.3324
2019-04-04,USDCAD,1.3357
2019-04-05,USDCAD,1.3386
2019-04-08,USDCAD,1.3325
2019-04-09,USDCAD,1.3316
2019-04-10,USDCAD,1.3326
2019-04-11,USDCAD,1.3378
2019-04-12,USDCAD,1.3329
2019-04-15,USDCAD,1.3354
2019-04-16,USDCAD,1.3361
2019-04-17,USDCAD,1.3332
2019-04-18,USDCAD,1.3382
2019-04-22,USDCAD,1.3353
2019-04-23,USDCAD,1.3421
2019-04-24,USDCAD,1.3475
2019-04-25,USDCAD,1.3493
2019-04-26,USDCAD,1.346
2019-04-29,USDCAD,1.3456
2019-04-30,USDCAD,1.3423
2019-05-01,USDCAD,1.3416
2019-05-02,USDCAD,1.3462
2019-05-03,USDCAD,1.3429
2019-05-06,USDCAD,1.3456
2019-05-07,USDCAD,1.3476
2019-05-08,USDCAD,1.3466
2019-05-09,USDCAD,1.3483
2019-05-10,USDCAD,1.3418
2019-05-13,USDCAD,1.3457
2019-05-14,USDCAD,1.3469
2019-05-15,USDCAD,1.3451
2019-05-16,USDCAD,1.3439
2019-05-17,USDCAD,1.3468
2019-05-21,USDCAD,1.3413
2019-05-22,USDCAD,1.341
2019-05-23,USDCAD,1.3478
2019-05-24,USDCAD,1.3447
2019-05-27,USDCAD,1.3442
2019-05-28,USDCAD,1.3477
2019-05-29,USDCAD,1.3514
2019-05-30,USDCAD,1.3501
2019-05-31,USDCAD,1.3527
2019-06-03,USDCAD,1.347
2019-06-04,USDCAD,1.3414
2019-06-05,USDCAD,1.3401
2019-06-06,USDCAD,1.3378
2019-06-07,USDCAD,1.3283
2019-06-10,USDCAD,1.3267
2019-06-11,USDCAD,1.3278
2019-06-12,USDCAD,1.3303
2019-06-13,USDCAD,1.3324
2019-06-14,USDCAD,1.3385
2019-06-17,USDCAD,1.3407
2019-06-18,USDCAD,1.3394
2019-06-19,USDCAD,1.3343
2019-06-20,USDCAD,1.3191
2019-06-21,USDCAD,1.3212
2019-06-24,USDCAD,1.3194
2019-06-25,USDCAD,1.3174
2019-06-26,USDCAD,1.313
2019-06-27,USDCAD,1.3111
2019-06-28,USDCAD,1.3087
2019-07-02,USDCAD,1.3114
2019-07-03,USDCAD,1.3073
2019-07-04,USDCAD,1.3059
2019-07-05,USDCAD,1.3099
2019-07-08,USDCAD,1.3081
2019-07-09,USDCAD,1.3127
2019-07-10,USDCAD,1.3092
2019-07-11,USDCAD,1.3071
2019-07-12,USDCAD,1.3038
2019-07-15,USDCAD,1.3039
2019-07-16,USDCAD,1.3052
2019-07-17,USDCAD,1.3053
2019-07-18,USDCAD,1.3069
2019-07-19,USDCAD,1.3071
2019-07-22,USDCAD,1.3103
2019-07-23,USDCAD,1.3142
2019-07-24,USDCAD,1.3137
2019-07-25,USDCAD,1.3146
2019-07-26,USDCAD,1.3182
2019-07-29,USDCAD,1.3159
2019-07-30,USDCAD,1.3168
2019-07-31,USDCAD,1.3148
2019-08-01,USDCAD,1.3217
2019-08-02,USDCAD,1.3225
2019-08-06,USDCAD,1.3253
2019-08-07,USDCAD,1.3322
2019-08-08,USDCAD,1.3257
2019-08-09,USDCAD,1.3221
2019-08-12,USDCAD,1.3234
2019-08-13,USDCAD,1.3236
2019-08-14,USDCAD,1.3311
2019-08-15,USDCAD,1.3325
2019-08-16,USDCAD,1.3286
2019-08-19,USDCAD,1.3298
2019-08-20,USDCAD,1.3323
2019-08-21,USDCAD,1.3278
2019-08-22,USDCAD,1.3293
2019-08-23,USDCAD,1.331
2019-08-26,USDCAD,1.3279
2019-08-27,USDCAD,1.3267
2019-08-28,USDCAD,1.3301
2019-08-29,USDCAD,1.3296
2019-08-30,USDCAD,1.3295
2019-09-03,USDCAD,1.3343
2019-09-04,USDCAD,1.3263
2019-09-05,USDCAD,1.3228
2019-09-06,USDCAD,1.3174
2019-09-09,USDCAD,1.3155
2019-09-10,USDCAD,1.3153
2019-09-11,USDCAD,1.3181
2019-09-12,USDCAD,1.3205
2019-09-13,USDCAD,1.3257
2019-09-16,USDCAD,1.3248
2019-09-17,USDCAD,1.3257
2019-09-18,USDCAD,1.3271
2019-09-19,USDCAD,1.3259
2019-09-20,USDCAD,1.3275
2019-09-23,USDCAD,1.327
2019-09-24,USDCAD,1.3249
2019-09-25,USDCAD,1.327
2019-09-26,USDCAD,1.326
2019-09-27,USDCAD,1.3249
2019-09-30,USDCAD,1.3243
2019-10-01,USDCAD,1.3244
2019-10-02,USDCAD,1.3294
2019-10-03,USDCAD,1.333
2019-10-04,USDCAD,1.3317
2019-10-07,USDCAD,1.3306
2019-10-08,USDCAD,1.3323
2019-10-09,USDCAD,1.3324
2019-10-10,USDCAD,1.3294
2019-10-11,USDCAD,1.3198
2019-10-15,USDCAD,1.3211
2019-10-16,USDCAD,1.3201
2019-10-17,USDCAD,1.3143
2019-10-18,USDCAD,1.3132
2019-10-21,USDCAD,1.3096
2019-10-22,USDCAD,1.3094
2019-10-23,USDCAD,1.3086
2019-10-24,USDCAD,1.3075
2019-10-25,USDCAD,1.3064
2019-10-28,USDCAD,1.3056
2019-10-29,USDCAD,1.3075
2019-10-30,USDCAD,1.3152
2019-10-31,USDCAD,1.316
2019-11-01,USDCAD,1.3157
2019-11-04,USDCAD,1.3148
2019-11-05,USDCAD,1.3153
2019-11-06,USDCAD,1.3179
2019-11-07,USDCAD,1.3176
2019-11-08,USDCAD,1.3223
2019-11-12,USDCAD,1.3228
2019-11-13,USDCAD,1.3249
2019-11-14,USDCAD,1.3258
2019-11-15,USDCAD,1.3231
2019-11-18,USDCAD,1.3214
2019-11-19,USDCAD,1.3237
2019-11-20,USDCAD,1.3304
2019-11-21,USDCAD,1.3285
2019-11-22,USDCAD,1.3287
2019-11-25,USDCAD,1.3307
2019-11-26,USDCAD,1.3288
2019-11-27,USDCAD,1.3278
2019-11-28,USDCAD,1.3285
2019-11-29,USDCAD,1.3289
2019-12-02,USDCAD,1.3297
2019-12-03,USDCAD,1.3302
2019-12-04,USDCAD,1.3223
2019-12-05,USDCAD,1.3174
2019-12-06,USDCAD,1.3255
2019-12-09,USDCAD,1.3235
2019-12-10,USDCAD,1.3233
2019-12-11,USDCAD,1.3201
2019-12-12,USDCAD,1.3182
2019-12-13,USDCAD,1.3183
2019-12-16,USDCAD,1.3142
2019-12-17,USDCAD,1.316
2019-12-18,USDCAD,1.3119
2019-12-19,USDCAD,1.3122
2019-12-20,USDCAD,1.3164
2019-12-23,USDCAD,1.316
2019-12-24,USDCAD,1.3157
2019-12-27,USDCAD,1.3078
2019-12-30,USDCAD,1.3059
2019-12-31,USDCAD,1.2988
2020-01-02,USDCAD,1.2992
2020-01-03,USDCAD,1.2988
2020-01-06,USDCAD,1.297
2020-01-07,USDCAD,1.3009
2020-01-08,USDCAD,1.3026
2020-01-09,USDCAD,1.3079
2020-01-10,USDCAD,1.3051
2020-01-13,USDCAD,1.3048
2020-01-14,USDCAD,1.3062
2020-01-15,USDCAD,1.305
2020-01-16,USDCAD,1.3045
2020-01-17,USDCAD,1.3062
2020-01-20,USDCAD,1.3053
2020-01-21,USDCAD,1.3067
2020-01-22,USDCAD,1.3116
2020-01-23,USDCAD,1.3143
2020-01-24,USDCAD,1.314
2020-01-27,USDCAD,1.3182
2020-01-28,USDCAD,1.3179
2020-01-29,USDCAD,1.3196
2020-01-30,USDCAD,1.3217
2020-01-31,USDCAD,1.3233
2020-02-03,USDCAD,1.3275
2020-02-04,USDCAD,1.3278
2020-02-05,USDCAD,1.3289
2020-02-06,USDCAD,1.329
2020-02-07,USDCAD,1.3305
2020-02-10,USDCAD,1.3319
2020-02-11,USDCAD,1.3292
2020-02-12,USDCAD,1.3254
2020-02-13,USDCAD,1.3256
2020-02-14,USDCAD,1.3249
2020-02-18,USDCAD,1.3258
2020-02-19,USDCAD,1.3231
2020-02-20,USDCAD,1.3254
2020-02-21,USDCAD,1.3224
2020-02-24,USDCAD,1.3279
2020-02-25,USDCAD,1.3281
2020-02-26,USDCAD,1.3307
2020-02-27,USDCAD,1.3361
2020-02-28,USDCAD,1.3429
2020-03-02,USDCAD,1.3356
2020-03-03,USDCAD,1.3363
2020-03-04,USDCAD,1.3392
2020-03-05,USDCAD,1.3415
2020-03-06,USDCAD,1.3421
2020-03-09,USDCAD,1.3598
2020-03-10,USDCAD,1.3731
2020-03-11,USDCAD,1.3745
2020-03-12,USDCAD,1.382
2020-03-13,USDCAD,1.3901
2020-03-16,USDCAD,1.3964
2020-03-17,USDCAD,1.4175
2020-03-18,USDCAD,1.4496
2020-03-19,USDCAD,1.4495
2020-03-20,USDCAD,1.4332
2020-03-23,USDCAD,1.4482
2020-03-24,USDCAD,1.4491
2020-03-25,USDCAD,1.4302
2020-03-26,USDCAD,1.4077
2020-03-27,USDCAD,1.4056
2020-03-30,USDCAD,1.4156
2020-03-31,USDCAD,1.4187
2020-04-01,USDCAD,1.4217
2020-04-02,USDCAD,1.4179
2020-04-03,USDCAD,1.4142
2020-04-06,USDCAD,1.4127
2020-04-07,USDCAD,1.3986
2020-04-08,USDCAD,1.4034
2020-04-09,USDCAD,1.3985
2020-04-13,USDCAD,1.3936
2020-04-14,USDCAD,1.3904
2020-04-15,USDCAD,1.4086
2020-04-16,USDCAD,1.4122
2020-04-17,USDCAD,1.4037
2020-04-20,USDCAD,1.4086
2020-04-21,USDCAD,1.4203
2020-04-22,USDCAD,1.4155
2020-04-23,USDCAD,1.4063
2020-04-24,USDCAD,1.409
2020-04-27,USDCAD,1.4053
2020-04-28,USDCAD,1.3978
2020-04-29,USDCAD,1.3922
2020-04-30,USDCAD,1.391
2020-05-01,USDCAD,1.4066
2020-05-04,USDCAD,1.4085
2020-05-05,USDCAD,1.4032
2020-05-06,USDCAD,1.4124
2020-05-07,USDCAD,1.4015
2020-05-08,USDCAD,1.3934
2020-05-11,USDCAD,1.4012
2020-05-12,USDCAD,1.4015
2020-05-13,USDCAD,1.4073
2020-05-14,USDCAD,1.409
2020-05-15,USDCAD,1.4094
2020-05-19,USDCAD,1.3893
2020-05-20,USDCAD,1.3892
2020-05-21,USDCAD,1.3935
2020-05-22,USDCAD,1.4015
2020-05-25,USDCAD,1.3984
2020-05-26,USDCAD,1.3804
2020-05-27,USDCAD,1.378
2020-05-28,USDCAD,1.3764
2020-05-29,USDCAD,1.3787
2020-06-01,USDCAD,1.363
2020-06-02,USDCAD,1.3515
2020-06-03,USDCAD,1.3504
2020-06-04,USDCAD,1.3508
2020-06-05,USDCAD,1.3429
2020-06-08,USDCAD,1.3383
2020-06-09,USDCAD,1.3423
2020-06-10,USDCAD,1.339
2020-06-11,USDCAD,1.3553
2020-06-12,USDCAD,1.3596
2020-06-15,USDCAD,1.3604
2020-06-16,USDCAD,1.3558
2020-06-17,USDCAD,1.3555
2020-06-18,USDCAD,1.3589
2020-06-19,USDCAD,1.3587
2020-06-22,USDCAD,1.3545
2020-06-23,USDCAD,1.3516
2020-06-24,USDCAD,1.3591
2020-06-25,USDCAD,1.3645
2020-06-26,USDCAD,1.3676
2020-06-29,USDCAD,1.3682
2020-06-30,USDCAD,1.3628
2020-07-02,USDCAD,1.3586
2020-07-03,USDCAD,1.3565
2020-07-06,USDCAD,1.3543
2020-07-07,USDCAD,1.3583
2020-07-08,USDCAD,1.3538
2020-07-09,USDCAD,1.3555
2020-07-10,USDCAD,1.3594
2020-07-13,USDCAD,1.3567
2020-07-14,USDCAD,1.3616
2020-07-15,USDCAD,1.3534
2020-07-16,USDCAD,1.3543
2020-07-17,USDCAD,1.3574
2020-07-20,USDCAD,1.3543
2020-07-21,USDCAD,1.3446
2020-07-22,USDCAD,1.342
2020-07-23,USDCAD,1.3392
2020-07-24,USDCAD,1.3421
2020-07-27,USDCAD,1.3378
2020-07-28,USDCAD,1.3373
2020-07-29,USDCAD,1.336
2020-07-30,USDCAD,1.3432
2020-07-31,USDCAD,1.3404
2020-08-04,USDCAD,1.3372
2020-08-05,USDCAD,1.3262
2020-08-06,USDCAD,1.3292
2020-08-07,USDCAD,1.3377
2020-08-10,USDCAD,1.3354
2020-08-11,USDCAD,1.3291
2020-08-12,USDCAD,1.3254
2020-08-13,USDCAD,1.3217
2020-08-14,USDCAD,1.325
2020-08-17,USDCAD,1.3207
2020-08-18,USDCAD,1.317
2020-08-19,USDCAD,1.3171
2020-08-20,USDCAD,1.3195
2020-08-21,USDCAD,1.3205
2020-08-24,USDCAD,1.3207
2020-08-25,USDCAD,1.3194
2020-08-26,USDCAD,1.3155
2020-08-27,USDCAD,1.3129
2020-08-28,USDCAD,1.3097
2020-08-31,USDCAD,1.3042
2020-09-01,USDCAD,1.3055
2020-09-02,USDCAD,1.3067
2020-09-03,USDCAD,1.3123
2020-09-04,USDCAD,1.3089
2020-09-08,USDCAD,1.3191
2020-09-09,USDCAD,1.3173
2020-09-10,USDCAD,1.3162
2020-09-11,USDCAD,1.3186
2020-09-14,USDCAD,1.3175
2020-09-15,USDCAD,1.3176
2020-09-16,USDCAD,1.3168
2020-09-17,USDCAD,1.32
2020-09-18,USDCAD,1.3186
2020-09-21,USDCAD,1.3293
2020-09-22,USDCAD,1.331
2020-09-23,USDCAD,1.3358
2020-09-24,USDCAD,1.3374
2020-09-25,USDCAD,1.3396
2020-09-28,USDCAD,1.3378
2020-09-29,USDCAD,1.3391
2020-09-30,USDCAD,1.3339
2020-10-01,USDCAD,1.3292
2020-10-02,USDCAD,1.331
2020-10-05,USDCAD,1.3269
2020-10-06,USDCAD,1.3272
2020-10-07,USDCAD,1.3275
2020-10-08,USDCAD,1.322
2020-10-09,USDCAD,1.3136
2020-10-13,USDCAD,1.3133
2020-10-14,USDCAD,1.3139
2020-10-15,USDCAD,1.323
2020-10-16,USDCAD,1.3192
2020-10-19,USDCAD,1.3165
2020-10-20,USDCAD,1.3138
2020-10-21,USDCAD,1.3122
2020-10-22,USDCAD,1.3142
2020-10-23,USDCAD,1.314
2020-10-26,USDCAD,1.3201
2020-10-27,USDCAD,1.3164
2020-10-28,USDCAD,1.3302
2020-10-29,USDCAD,1.3349
2020-10-30,USDCAD,1.3318
2020-11-02,USDCAD,1.3257
2020-11-03,USDCAD,1.3145
2020-11-04,USDCAD,1.3138
2020-11-05,USDCAD,1.3051
2020-11-06,USDCAD,1.3039
2020-11-09,USDCAD,1.297
2020-11-10,USDCAD,1.3017
2020-11-12,USDCAD,1.3123
2020-11-13,USDCAD,1.3147
2020-11-16,USDCAD,1.3085
2020-11-17,USDCAD,1.3094
2020-11-18,USDCAD,1.3063
2020-11-19,USDCAD,1.3083
2020-11-20,USDCAD,1.3071
2020-11-23,USDCAD,1.3082
2020-11-24,USDCAD,1.3033
2020-11-25,USDCAD,1.3003
2020-11-26,USDCAD,1.3013
2020-11-27,USDCAD,1.2985
2020-11-30,USDCAD,1.2965
2020-12-01,USDCAD,1.2952
2020-12-02,USDCAD,1.2934
2020-12-03,USDCAD,1.288
2020-12-04,USDCAD,1.2801
2020-12-07,USDCAD,1.2801
2020-12-08,USDCAD,1.2808
2020-12-09,USDCAD,1.2803
2020-12-10,USDCAD,1.2734
2020-12-11,USDCAD,1.2769
2020-12-14,USDCAD,1.2757
2020-12-15,USDCAD,1.2722
2020-12-16,USDCAD,1.2753
2020-12-17,USDCAD,1.2718
2020-12-18,USDCAD,1.2775
2020-12-21,USDCAD,1.2849
2020-12-22,USDCAD,1.2908
2020-12-23,USDCAD,1.2856
2020-12-24,USDCAD,1.2835
2020-12-29,USDCAD,1.2806
2020-12-30,USDCAD,1.2769
2020-12-31,USDCAD,1.2732
2021-01-04,USDCAD,1.2751
2021-01-05,USDCAD,1.2707
2021-01-06,USDCAD,1.2685
2021-01-07,USDCAD,1.2707
2021-01-08,USDCAD,1.2705
2021-01-11,USDCAD,1.2788
2021-01-12,USDCAD,1.2746
2021-01-13,USDCAD,1.271
2021-01-14,USDCAD,1.2654
2021-01-15,USDCAD,1.2727
2021-01-18,USDCAD,1.2762
2021-01-19,USDCAD,1.2735
2021-01-20,USDCAD,1.2656
2021-01-21,USDCAD,1.2627
2021-01-22,USDCAD,1.2716
2021-01-25,USDCAD,1.2738
2021-01-26,USDCAD,1.2702
2021-01-27,USDCAD,1.2775
2021-01-28,USDCAD,1.281
2021-01-29,USDCAD,1.278
2021-02-01,USDCAD,1.2824
2021-02-02,USDCAD,1.2818
2021-02-03,USDCAD,1.2783
2021-02-04,USDCAD,1.2828
2021-02-05,USDCAD,1.2777
2021-02-08,USDCAD,1.2753
2021-02-09,USDCAD,1.2719
2021-02-10,USDCAD,1.2689
2021-02-11,USDCAD,1.2686
2021-02-12,USDCAD,1.2711
2021-02-16,USDCAD,1.2684
2021-02-17,USDCAD,1.2712
2021-02-18,USDCAD,1.2696
2021-02-19,USDCAD,1.2614
2021-02-22,USDCAD,1.2613
2021-02-23,USDCAD,1.2603
2021-02-24,USDCAD,1.2548
2021-02-25,USDCAD,1.253
2021-02-26,USDCAD,1.2685
2021-03-01,USDCAD,1.2661
2021-03-02,USDCAD,1.2626
2021-03-03,USDCAD,1.2631
2021-03-04,USDCAD,1.2637
2021-03-05,USDCAD,1.2668
2021-03-08,USDCAD,1.266
2021-03-09,USDCAD,1.2635
2021-03-10,USDCAD,1.2637
2021-03-11,USDCAD,1.2561
2021-03-12,USDCAD,1.2493
2021-03-15,USDCAD,1.248
2021-03-16,USDCAD,1.2455
2021-03-17,USDCAD,1.2465
2021-03-18,USDCAD,1.2458
2021-03-19,USDCAD,1.2506
2021-03-22,USDCAD,1.2513
2021-03-23,USDCAD,1.2562
2021-03-24,USDCAD,1.2562
2021-03-25,USDCAD,1.2606
2021-03-26,USDCAD,1.258
2021-03-29,USDCAD,1.2594
2021-03-30,USDCAD,1.2631
2021-03-31,USDCAD,1.2575
2021-04-01,USDCAD,1.2565
2021-04-05,USDCAD,1.2525
2021-04-06,USDCAD,1.2559
2021-04-07,USDCAD,1.2617
2021-04-08,USDCAD,1.2579
2021-04-09,USDCAD,1.2544
2021-04-12,USDCAD,1.2553
2021-04-13,USDCAD,1.2554
2021-04-14,USDCAD,1.2533
2021-04-15,USDCAD,1.253
2021-04-16,USDCAD,1.2503
2021-04-19,USDCAD,1.2519
2021-04-20,USDCAD,1.2572
2021-04-21,USDCAD,1.2523
2021-04-22,USDCAD,1.25
2021-04-23,USDCAD,1.2489
2021-04-26,USDCAD,1.2412
2021-04-27,USDCAD,1.2403
2021-04-28,USDCAD,1.2357
2021-04-29,USDCAD,1.2292
2021-04-30,USDCAD,1.2285
2021-05-03,USDCAD,1.2279
2021-05-04,USDCAD,1.2315
2021-05-05,USDCAD,1.2272
2021-05-06,USDCAD,1.22
2021-05-07,USDCAD,1.2156
2021-05-10,USDCAD,1.2095
2021-05-11,USDCAD,1.2096
2021-05-12,USDCAD,1.2096
2021-05-13,USDCAD,1.215
2021-05-14,USDCAD,1.2109
2021-05-17,USDCAD,1.2081
2021-05-18,USDCAD,1.2051
2021-05-19,USDCAD,1.21
2021-05-20,USDCAD,1.207
2021-05-21,USDCAD,1.2061
2021-05-25,USDCAD,1.2057
2021-05-26,USDCAD,1.211
2021-05-27,USDCAD,1.2073
2021-05-28,USDCAD,1.2086
2021-05-31,USDCAD,1.2072
2021-06-01,USDCAD,1.204
2021-06-02,USDCAD,1.2052
2021-06-03,USDCAD,1.2103
2021-06-04,USDCAD,1.2084
2021-06-07,USDCAD,1.2073
2021-06-08,USDCAD,1.2097
2021-06-09,USDCAD,1.2095
2021-06-10,USDCAD,1.2094
2021-06-11,USDCAD,1.2148
2021-06-14,USDCAD,1.2142
2021-06-15,USDCAD,1.2188
2021-06-16,USDCAD,1.2191
2021-06-17,USDCAD,1.2341
2021-06-18,USDCAD,1.2419
2021-06-21,USDCAD,1.2377
2021-06-22,USDCAD,1.2356
2021-06-23,USDCAD,1.2287
2021-06-24,USDCAD,1.2316
2021-06-25,USDCAD,1.2294
2021-06-28,USDCAD,1.2335
2021-06-29,USDCAD,1.2384
2021-06-30,USDCAD,1.2394
2021-07-02,USDCAD,1.2353
2021-07-05,USDCAD,1.2343
2021-07-06,USDCAD,1.2446
2021-07-07,USDCAD,1.2475
2021-07-08,USDCAD,1.254
2021-07-09,USDCAD,1.2476
2021-07-12,USDCAD,1.2471
2021-07-13,USDCAD,1.2514
2021-07-14,USDCAD,1.2497
2021-07-15,USDCAD,1.2572
2021-07-16,USDCAD,1.2593
2021-07-19,USDCAD,1.2759
2021-07-20,USDCAD,1.273
2021-07-21,USDCAD,1.2589
2021-07-22,USDCAD,1.2567
2021-07-23,USDCAD,1.2575
2021-07-26,USDCAD,1.2549
2021-07-27,USDCAD,1.2578
2021-07-28,USDCAD,1.2566
2021-07-29,USDCAD,1.245
2021-07-30,USDCAD,1.2462
2021-08-03,USDCAD,1.2545
2021-08-04,USDCAD,1.2545
2021-08-05,USDCAD,1.2497
2021-08-06,USDCAD,1.255
2021-08-09,USDCAD,1.2565
2021-08-10,USDCAD,1.254
2021-08-11,USDCAD,1.2506
2021-08-12,USDCAD,1.252
2021-08-13,USDCAD,1.2514
2021-08-16,USDCAD,1.2569
2021-08-17,USDCAD,1.2623
2021-08-18,USDCAD,1.263
2021-08-19,USDCAD,1.2792
2021-08-20,USDCAD,1.2856
2021-08-23,USDCAD,1.2682
2021-08-24,USDCAD,1.2608
2021-08-25,USDCAD,1.2619
2021-08-26,USDCAD,1.2651
2021-08-27,USDCAD,1.2635
2021-08-30,USDCAD,1.2603
2021-08-31,USDCAD,1.2617
2021-09-01,USDCAD,1.2607
2021-09-02,USDCAD,1.2573
2021-09-03,USDCAD,1.2518
2021-09-07,USDCAD,1.2621
2021-09-08,USDCAD,1.2676
2021-09-09,USDCAD,1.2654
2021-09-10,USDCAD,1.2631
2021-09-13,USDCAD,1.2662
2021-09-14,USDCAD,1.2661
2021-09-15,USDCAD,1.2651
2021-09-16,USDCAD,1.2674
2021-09-17,USDCAD,1.2721
2021-09-20,USDCAD,1.2828
2021-09-21,USDCAD,1.2801
2021-09-22,USDCAD,1.2756
2021-09-23,USDCAD,1.2653
2021-09-24,USDCAD,1.268
2021-09-27,USDCAD,1.2637
2021-09-28,USDCAD,1.268
2021-09-29,USDCAD,1.2741
2021-10-01,USDCAD,1.2654
2021-10-04,USDCAD,1.2583
2021-10-05,USDCAD,1.2575
2021-10-06,USDCAD,1.2613
2021-10-07,USDCAD,1.2558
2021-10-08,USDCAD,1.2482
2021-10-12,USDCAD,1.2461
2021-10-13,USDCAD,1.2445
2021-10-14,USDCAD,1.2372
2021-10-15,USDCAD,1.2379
2021-10-18,USDCAD,1.2375
2021-10-19,USDCAD,1.2357
2021-10-20,USDCAD,1.2329
2021-10-21,USDCAD,1.2351
2021-10-22,USDCAD,1.2357
2021-10-25,USDCAD,1.2379
2021-10-26,USDCAD,1.2376
2021-10-27,USDCAD,1.2358
2021-10-28,USDCAD,1.2349
2021-10-29,USDCAD,1.2384
2021-11-01,USDCAD,1.2368
2021-11-02,USDCAD,1.2404
2021-11-03,USDCAD,1.2417
2021-11-04,USDCAD,1.2449
2021-11-05,USDCAD,1.2452
2021-11-08,USDCAD,1.2449
2021-11-09,USDCAD,1.2448
2021-11-10,USDCAD,1.2452
2021-11-12,USDCAD,1.2565
2021-11-15,USDCAD,1.2517
2021-11-16,USDCAD,1.255
2021-11-17,USDCAD,1.2595
2021-11-18,USDCAD,1.2615
2021-11-19,USDCAD,1.2639
2021-11-22,USDCAD,1.268
2021-11-23,USDCAD,1.2707
2021-11-24,USDCAD,1.2677
2021-11-25,USDCAD,1.2654
2021-11-26,USDCAD,1.2771
2021-11-29,USDCAD,1.2765
2021-11-30,USDCAD,1.2792
2021-12-01,USDCAD,1.2776
2021-12-02,USDCAD,1.2815
2021-12-03,USDCAD,1.2812
2021-12-06,USDCAD,1.278
2021-12-07,USDCAD,1.266
2021-12-08,USDCAD,1.2642
2021-12-09,USDCAD,1.27
2021-12-10,USDCAD,1.2714
2021-12-13,USDCAD,1.2791
2021-12-14,USDCAD,1.2845
2021-12-15,USDCAD,1.2893
2021-12-16,USDCAD,1.2782
2021-12-17,USDCAD,1.2846
2021-12-20,USDCAD,1.2942
2021-12-21,USDCAD,1.2927
2021-12-22,USDCAD,1.2865
2021-12-23,USDCAD,1.2816
2021-12-24,USDCAD,1.2813
2021-12-29,USDCAD,1.2804
2021-12-30,USDCAD,1.2776
2021-12-31,USDCAD,1.2678
2022-01-04,USDCAD,1.2708
2022-01-05,USDCAD,1.2717
2022-01-06,USDCAD,1.2741
2022-01-07,USDCAD,1.2666
2022-01-10,USDCAD,1.2679
2022-01-11,USDCAD,1.2606
2022-01-12,USDCAD,1.251
2022-01-13,USDCAD,1.2484
2022-01-14,USDCAD,1.2545
2022-01-17,USDCAD,1.252
2022-01-18,USDCAD,1.2529
2022-01-19,USDCAD,1.2492
2022-01-20,USDCAD,1.2474
2022-01-21,USDCAD,1.2545
2022-01-24,USDCAD,1.2656
2022-01-25,USDCAD,1.2629
2022-01-26,USDCAD,1.2606
2022-01-27,USDCAD,1.2712
2022-01-28,USDCAD,1.2772
2022-01-31,USDCAD,1.2719
2022-02-01,USDCAD,1.2694
2022-02-02,USDCAD,1.2677
2022-02-03,USDCAD,1.2679
2022-02-04,USDCAD,1.2758
2022-02-07,USDCAD,1.2688
2022-02-08,USDCAD,1.2709
2022-02-09,USDCAD,1.268
2022-02-10,USDCAD,1.2682
2022-02-11,USDCAD,1.2702
2022-02-14,USDCAD,1.2738
2022-02-15,USDCAD,1.2741
2022-02-16,USDCAD,1.2686
2022-02-17,USDCAD,1.2695
2022-02-18,USDCAD,1.2734
2022-02-22,USDCAD,1.2743
2022-02-23,USDCAD,1.2718
2022-02-24,USDCAD,1.2832
2022-02-25,USDCAD,1.2747
2022-02-28,USDCAD,1.2698
2022-03-01,USDCAD,1.2708
2022-03-02,USDCAD,1.2668
2022-03-03,USDCAD,1.2664
2022-03-04,USDCAD,1.275
2022-03-07,USDCAD,1.2773
2022-03-08,USDCAD,1.2867
2022-03-09,USDCAD,1.2821
2022-03-10,USDCAD,1.2776
2022-03-11,USDCAD,1.272
2022-03-14,USDCAD,1.2777
2022-03-15,USDCAD,1.2803
2022-03-16,USDCAD,1.2721
2022-03-17,USDCAD,1.2651
2022-03-18,USDCAD,1.2617
2022-03-21,USDCAD,1.2593
2022-03-22,USDCAD,1.2588
2022-03-23,USDCAD,1.2571
2022-03-24,USDCAD,1.2545
2022-03-25,USDCAD,1.2502
2022-03-28,USDCAD,1.2541
2022-03-29,USDCAD,1.2509
2022-03-30,USDCAD,1.247
2022-03-31,USDCAD,1.2496
2022-04-01,USDCAD,1.2512
2022-04-04,USDCAD,1.249
2022-04-05,USDCAD,1.2451
2022-04-06,USDCAD,1.2509
2022-04-07,USDCAD,1.2584
2022-04-08,USDCAD,1.2589
2022-04-11,USDCAD,1.2621
2022-04-12,USDCAD,1.2617
2022-04-13,USDCAD,1.2607
2022-04-14,USDCAD,1.2601
2022-04-18,USDCAD,1.2618
2022-04-19,USDCAD,1.2624
2022-04-20,USDCAD,1.2502
2022-04-21,USDCAD,1.2529
2022-04-22,USDCAD,1.2702
2022-04-25,USDCAD,1.2758
2022-04-26,USDCAD,1.2797
2022-04-27,USDCAD,1.2828
2022-04-28,USDCAD,1.2829
2022-04-29,USDCAD,1.2792
2022-05-02,USDCAD,1.2895
2022-05-03,USDCAD,1.2847
2022-05-04,USDCAD,1.281
2022-05-05,USDCAD,1.2822
2022-05-06,USDCAD,1.2882
2022-05-09,USDCAD,1.2964
2022-05-10,USDCAD,1.3012
2022-05-11,USDCAD,1.297
2022-05-12,USDCAD,1.3039
2022-05-13,USDCAD,1.2953
2022-05-16,USDCAD,1.2888
2022-05-17,USDCAD,1.2834
2022-05-18,USDCAD,1.2841
2022-05-19,USDCAD,1.2809
2022-05-20,USDCAD,1.2829
2022-05-24,USDCAD,1.2826
2022-05-25,USDCAD,1.2837
2022-05-26,USDCAD,1.2792
2022-05-27,USDCAD,1.2738
2022-05-30,USDCAD,1.2662
2022-05-31,USDCAD,1.2648
2022-06-01,USDCAD,1.2639
2022-06-02,USDCAD,1.2597
2022-06-03,USDCAD,1.2579
2022-06-06,USDCAD,1.2564
2022-06-07,USDCAD,1.2555
2022-06-08,USDCAD,1.254
2022-06-09,USDCAD,1.2644
2022-06-10,USDCAD,1.2777
2022-06-13,USDCAD,1.2859
2022-06-14,USDCAD,1.294
2022-06-15,USDCAD,1.2948
2022-06-16,USDCAD,1.2928
2022-06-17,USDCAD,1.3035
2022-06-20,USDCAD,1.2994
2022-06-21,USDCAD,1.2929
2022-06-22,USDCAD,1.2942
2022-06-23,USDCAD,1.2982
2022-06-24,USDCAD,1.2933
2022-06-27,USDCAD,1.2887
2022-06-28,USDCAD,1.2864
2022-06-29,USDCAD,1.2878
2022-06-30,USDCAD,1.2886
2022-07-04,USDCAD,1.2867
2022-07-05,USDCAD,1.3038
2022-07-06,USDCAD,1.3047
2022-07-07,USDCAD,1.2986
2022-07-08,USDCAD,1.2968
2022-07-11,USDCAD,1.3
2022-07-12,USDCAD,1.3015
2022-07-13,USDCAD,1.2976
2022-07-14,USDCAD,1.3138
2022-07-15,USDCAD,1.3038
2022-07-18,USDCAD,1.2948
2022-07-19,USDCAD,1.2904
2022-07-20,USDCAD,1.2884
2022-07-21,USDCAD,1.2895
2022-07-22,USDCAD,1.2876
2022-07-25,USDCAD,1.2852
2022-07-26,USDCAD,1.2883
2022-07-27,USDCAD,1.2872
2022-07-28,USDCAD,1.2835
2022-07-29,USDCAD,1.2824
2022-08-02,USDCAD,1.2856
2022-08-03,USDCAD,1.2853
2022-08-04,USDCAD,1.2854
2022-08-05,USDCAD,1.2934
2022-08-08,USDCAD,1.2857
2022-08-09,USDCAD,1.288
2022-08-10,USDCAD,1.2789
2022-08-11,USDCAD,1.2753
2022-08-12,USDCAD,1.2783
2022-08-15,USDCAD,1.2908
2022-08-16,USDCAD,1.2867
2022-08-17,USDCAD,1.2912
2022-08-18,USDCAD,1.2928
2022-08-19,USDCAD,1.2991
2022-08-22,USDCAD,1.3035
2022-08-23,USDCAD,1.2972
2022-08-24,USDCAD,1.2983
2022-08-25,USDCAD,1.2937
2022-08-26,USDCAD,1.2989
2022-08-29,USDCAD,1.3009
2022-08-30,USDCAD,1.3076
2022-08-31,USDCAD,1.3111
2022-09-01,USDCAD,1.3166
2022-09-02,USDCAD,1.3121
2022-09-06,USDCAD,1.3139
2022-09-07,USDCAD,1.3164
2022-09-08,USDCAD,1.3116
2022-09-09,USDCAD,1.3035
2022-09-12,USDCAD,1.298
2022-09-13,USDCAD,1.311
2022-09-14,USDCAD,1.3166
2022-09-15,USDCAD,1.32
2022-09-16,USDCAD,1.3285
2022-09-19,USDCAD,1.3288
2022-09-20,USDCAD,1.3345
2022-09-21,USDCAD,1.3397
2022-09-22,USDCAD,1.348
2022-09-23,USDCAD,1.357
2022-09-26,USDCAD,1.3716
2022-09-27,USDCAD,1.3726
2022-09-28,USDCAD,1.366
2022-09-29,USDCAD,1.3707
2022-10-03,USDCAD,1.3662
2022-10-04,USDCAD,1.3574
2022-10-05,USDCAD,1.3641
2022-10-06,USDCAD,1.3719
2022-10-07,USDCAD,1.3712
2022-10-11,USDCAD,1.3775
2022-10-12,USDCAD,1.3802
2022-10-13,USDCAD,1.3806
2022-10-14,USDCAD,1.3856
2022-10-17,USDCAD,1.373
2022-10-18,USDCAD,1.3756
2022-10-19,USDCAD,1.3779
2022-10-20,USDCAD,1.3729
2022-10-21,USDCAD,1.3713
2022-10-24,USDCAD,1.3722
2022-10-25,USDCAD,1.3638
2022-10-26,USDCAD,1.3565
2022-10-27,USDCAD,1.3547
2022-10-28,USDCAD,1.3615
2022-10-31,USDCAD,1.3649
2022-11-01,USDCAD,1.3614
2022-11-02,USDCAD,1.363
2022-11-03,USDCAD,1.3749
2022-11-04,USDCAD,1.3517
2022-11-07,USDCAD,1.3493
2022-11-08,USDCAD,1.3441
2022-11-09,USDCAD,1.348
2022-11-10,USDCAD,1.3378
2022-11-14,USDCAD,1.3288
2022-11-15,USDCAD,1.329
2022-11-16,USDCAD,1.3311
2022-11-17,USDCAD,1.335
2022-11-18,USDCAD,1.3385
2022-11-21,USDCAD,1.3452
2022-11-22,USDCAD,1.3396
2022-11-23,USDCAD,1.3392
2022-11-24,USDCAD,1.3338
2022-11-25,USDCAD,1.3377
2022-11-28,USDCAD,1.3453
2022-11-29,USDCAD,1.3578
2022-11-30,USDCAD,1.3508
2022-12-01,USDCAD,1.3433
2022-12-02,USDCAD,1.3468
2022-12-05,USDCAD,1.3532
2022-12-06,USDCAD,1.3649
2022-12-07,USDCAD,1.364
2022-12-08,USDCAD,1.3582
2022-12-09,USDCAD,1.363
2022-12-12,USDCAD,1.3658
2022-12-13,USDCAD,1.3547
2022-12-14,USDCAD,1.3561
2022-12-15,USDCAD,1.364
2022-12-16,USDCAD,1.3687
2022-12-19,USDCAD,1.3653
2022-12-20,USDCAD,1.3621
2022-12-21,USDCAD,1.3612
2022-12-22,USDCAD,1.3656
2022-12-23,USDCAD,1.3603
2022-12-28,USDCAD,1.3565
2022-12-29,USDCAD,1.3557
2022-12-30,USDCAD,1.3544
2023-01-03,USDCAD,1.3658
2023-01-04,USDCAD,1.3508
2023-01-05,USDCAD,1.3564
2023-01-06,USDCAD,1.3486
2023-01-09,USDCAD,1.3376
2023-01-10,USDCAD,1.3421
2023-01-11,USDCAD,1.3425
2023-01-12,USDCAD,1.3378
2023-01-13,USDCAD,1.3406
2023-01-16,USDCAD,1.3397
2023-01-17,USDCAD,1.339
2023-01-18,USDCAD,1.3439
2023-01-19,USDCAD,1.3472
2023-01-20,USDCAD,1.3421
2023-01-23,USDCAD,1.3382
2023-01-24,USDCAD,1.337
2023-01-25,USDCAD,1.3393
2023-01-26,USDCAD,1.3349
2023-01-27,USDCAD,1.3314
2023-01-30,USDCAD,1.3356
2023-01-31,USDCAD,1.335
2023-02-01,USDCAD,1.3321
2023-02-02,USDCAD,1.3312
2023-02-03,USDCAD,1.3391
2023-02-06,USDCAD,1.3442
2023-02-07,USDCAD,1.3435
2023-02-08,USDCAD,1.3429
2023-02-09,USDCAD,1.3427
2023-02-10,USDCAD,1.3362
2023-02-13,USDCAD,1.3343
2023-02-14,USDCAD,1.3345
2023-02-15,USDCAD,1.3411
2023-02-16,USDCAD,1.3439
2023-02-17,USDCAD,1.3487
2023-02-21,USDCAD,1.3516
2023-02-22,USDCAD,1.3542
2023-02-23,USDCAD,1.3549
2023-02-24,USDCAD,1.3622
2023-02-27,USDCAD,1.3573
2023-02-28,USDCAD,1.3609
2023-03-01,USDCAD,1.3612
2023-03-02,USDCAD,1.3614
2023-03-03,USDCAD,1.361
2023-03-06,USDCAD,1.3615
2023-03-07,USDCAD,1.3717
2023-03-08,USDCAD,1.3785
2023-03-09,USDCAD,1.379
2023-03-10,USDCAD,1.3807
2023-03-13,USDCAD,1.373
2023-03-14,USDCAD,1.3677
2023-03-15,USDCAD,1.3778
2023-03-16,USDCAD,1.3744
2023-03-17,USDCAD,1.3734
2023-03-20,USDCAD,1.3674
2023-03-21,USDCAD,1.3706
2023-03-22,USDCAD,1.3712
2023-03-23,USDCAD,1.3671
2023-03-24,USDCAD,1.3763
2023-03-27,USDCAD,1.3682
2023-03-28,USDCAD,1.3626
2023-03-29,USDCAD,1.3576
2023-03-30,USDCAD,1.3533
2023-03-31,USDCAD,1.3533
2023-04-03,USDCAD,1.3438
2023-04-04,USDCAD,1.3447
2023-04-05,USDCAD,1.3457
2023-04-06,USDCAD,1.3478
2023-04-10,USDCAD,1.3527
2023-04-11,USDCAD,1.3483
2023-04-12,USDCAD,1.3447
2023-04-13,USDCAD,1.3359
2023-04-14,USDCAD,1.3362
2023-04-17,USDCAD,1.3398
2023-04-18,USDCAD,1.3387
2023-04-19,USDCAD,1.3445
2023-04-20,USDCAD,1.3469
2023-04-21,USDCAD,1.3539
2023-04-24,USDCAD,1.3542
2023-04-25,USDCAD,1.3623
2023-04-26,USDCAD,1.3625
2023-04-27,USDCAD,1.3612
2023-04-28,USDCAD,1.3578
2023-05-01,USDCAD,1.3546
2023-05-02,USDCAD,1.3618
2023-05-03,USDCAD,1.3616
2023-05-04,USDCAD,1.3566
2023-05-05,USDCAD,1.3427
2023-05-08,USDCAD,1.3354
2023-05-09,USDCAD,1.339
2023-05-10,USDCAD,1.3375
2023-05-11,USDCAD,1.3477
2023-05-12,USDCAD,1.3534
2023-05-15,USDCAD,1.3487
2023-05-16,USDCAD,1.3456
2023-05-17,USDCAD,1.3463
2023-05-18,USDCAD,1.35
2023-05-19,USDCAD,1.3503
2023-05-23,USDCAD,1.3504
2023-05-24,USDCAD,1.3582
2023-05-25,USDCAD,1.3628
2023-05-26,USDCAD,1.3623
2023-05-29,USDCAD,1.3593
2023-05-30,USDCAD,1.3598
2023-05-31,USDCAD,1.3603
2023-06-01,USDCAD,1.3482
2023-06-02,USDCAD,1.3435
2023-06-05,USDCAD,1.3434
2023-06-06,USDCAD,1.3419
2023-06-07,USDCAD,1.3376
2023-06-08,USDCAD,1.3358
2023-06-09,USDCAD,1.3341
2023-06-12,USDCAD,1.3366
2023-06-13,USDCAD,1.331
2023-06-14,USDCAD,1.3297
2023-06-15,USDCAD,1.3252
2023-06-16,USDCAD,1.3198
2023-06-19,USDCAD,1.3206
2023-06-20,USDCAD,1.3241
2023-06-21,USDCAD,1.3183
2023-06-22,USDCAD,1.316
2023-06-23,USDCAD,1.3199
2023-06-26,USDCAD,1.3151
2023-06-27,USDCAD,1.3175
2023-06-28,USDCAD,1.3254
2023-06-29,USDCAD,1.3255
2023-06-30,USDCAD,1.324
2023-07-04,USDCAD,1.3219
2023-07-05,USDCAD,1.3273
2023-07-06,USDCAD,1.3348
2023-07-07,USDCAD,1.3293
2023-07-10,USDCAD,1.3284
2023-07-11,USDCAD,1.326
2023-07-12,USDCAD,1.3188
2023-07-13,USDCAD,1.3128
2023-07-14,USDCAD,1.3183
2023-07-17,USDCAD,1.3187
2023-07-18,USDCAD,1.319
2023-07-19,USDCAD,1.317
2023-07-20,USDCAD,1.3171
2023-07-21,USDCAD,1.3212
2023-07-24,USDCAD,1.3172
2023-07-25,USDCAD,1.3184
2023-07-26,USDCAD,1.322
2023-07-27,USDCAD,1.3201
2023-07-28,USDCAD,1.3232
2023-07-31,USDCAD,1.3177
2023-08-01,USDCAD,1.3291
2023-08-02,USDCAD,1.3335
2023-08-03,USDCAD,1.3351
2023-08-04,USDCAD,1.3355
2023-08-08,USDCAD,1.3456
2023-08-09,USDCAD,1.3431
2023-08-10,USDCAD,1.3409
2023-08-11,USDCAD,1.3443
2023-08-14,USDCAD,1.3461
2023-08-15,USDCAD,1.3482
2023-08-16,USDCAD,1.3518
2023-08-17,USDCAD,1.3524
2023-08-18,USDCAD,1.3552
2023-08-21,USDCAD,1.3543
2023-08-22,USDCAD,1.3549
2023-08-23,USDCAD,1.3552
2023-08-24,USDCAD,1.3565
2023-08-25,USDCAD,1.3606
2023-08-28,USDCAD,1.3596
2023-08-29,USDCAD,1.3593
2023-08-30,USDCAD,1.3535
2023-08-31,USDCAD,1.3531
2023-09-01,USDCAD,1.358
2023-09-05,USDCAD,1.3627
2023-09-06,USDCAD,1.3654
2023-09-07,USDCAD,1.3674
2023-09-08,USDCAD,1.3632
2023-09-11,USDCAD,1.3581
2023-09-12,USDCAD,1.356
2023-09-13,USDCAD,1.3551
2023-09-14,USDCAD,1.3515
2023-09-15,USDCAD,1.3526
2023-09-18,USDCAD,1.3491
2023-09-19,USDCAD,1.3426
2023-09-20,USDCAD,1.3423
2023-09-21,USDCAD,1.3486
2023-09-22,USDCAD,1.3464
2023-09-25,USDCAD,1.3471
2023-09-26,USDCAD,1.3509
2023-09-27,USDCAD,1.3515
2023-09-28,USDCAD,1.3493
2023-09-29,USDCAD,1.352
2023-10-03,USDCAD,1.3711
2023-10-04,USDCAD,1.3743
2023-10-05,USDCAD,1.3733
2023-10-06,USDCAD,1.3683
2023-10-10,USDCAD,1.3591
2023-10-11,USDCAD,1.3603
2023-10-12,USDCAD,1.3657
2023-10-13,USDCAD,1.3661
2023-10-16,USDCAD,1.3619
2023-10-17,USDCAD,1.3647
2023-10-18,USDCAD,1.3685
2023-10-19,USDCAD,1.3715
2023-10-20,USDCAD,1.3695
2023-10-23,USDCAD,1.3693
2023-10-24,USDCAD,1.3731
2023-10-25,USDCAD,1.3782
2023-10-26,USDCAD,1.3825
2023-10-27,USDCAD,1.3857
2023-10-30,USDCAD,1.3833
2023-10-31,USDCAD,1.3871
2023-11-01,USDCAD,1.3875
2023-11-02,USDCAD,1.3778
2023-11-03,USDCAD,1.3683
2023-11-06,USDCAD,1.3676
2023-11-07,USDCAD,1.376
2023-11-08,USDCAD,1.3797
2023-11-09,USDCAD,1.3781
2023-11-10,USDCAD,1.3819
2023-11-14,USDCAD,1.3725
2023-11-15,USDCAD,1.3675
2023-11-16,USDCAD,1.375
2023-11-17,USDCAD,1.3722
2023-11-20,USDCAD,1.3726
2023-11-21,USDCAD,1.3698
2023-11-22,USDCAD,1.3723
2023-11-23,USDCAD,1.3699
2023-11-24,USDCAD,1.3623
2023-11-27,USDCAD,1.3635
2023-11-28,USDCAD,1.3581
2023-11-29,USDCAD,1.359
2023-11-30,USDCAD,1.3582
2023-12-01,USDCAD,1.3507
2023-12-04,USDCAD,1.3541
2023-12-05,USDCAD,1.3579
2023-12-06,USDCAD,1.3574
2023-12-07,USDCAD,1.3597
2023-12-08,USDCAD,1.3588
2023-12-11,USDCAD,1.357
2023-12-12,USDCAD,1.3599
2023-12-13,USDCAD,1.3561
2023-12-14,USDCAD,1.3419
2023-12-15,USDCAD,1.3378
2023-12-18,USDCAD,1.3387
2023-12-19,USDCAD,1.3344
2023-12-20,USDCAD,1.3331
2023-12-21,USDCAD,1.3311
2023-12-22,USDCAD,1.3258
2023-12-27,USDCAD,1.3205
2023-12-28,USDCAD,1.3212
2023-12-29,USDCAD,1.3226
2024-01-02,USDCAD,1.3316
2024-01-03,USDCAD,1.3356
2024-01-04,USDCAD,1.3354
2024-01-05,USDCAD,1.3347
2024-01-08,USDCAD,1.3372
2024-01-09,USDCAD,1.3391
2024-01-10,USDCAD,1.3382
2024-01-11,USDCAD,1.3409
2024-01-12,USDCAD,1.3387
2024-01-15,USDCAD,1.3436
2024-01-16,USDCAD,1.3483
2024-01-17,USDCAD,1.3522
2024-01-18,USDCAD,1.3505
2024-01-19,USDCAD,1.3462
2024-01-22,USDCAD,1.3454
2024-01-23,USDCAD,1.3478
2024-01-24,USDCAD,1.3484
2024-01-25,USDCAD,1.3496
2024-01-26,USDCAD,1.3449
2024-01-29,USDCAD,1.3442
2024-01-30,USDCAD,1.3417
2024-01-31,USDCAD,1.3397
2024-02-01,USDCAD,1.3404
2024-02-02,USDCAD,1.3454
2024-02-05,USDCAD,1.3527
2024-02-06,USDCAD,1.3506
2024-02-07,USDCAD,1.3469
2024-02-08,USDCAD,1.3467
2024-02-09,USDCAD,1.3458
2024-02-12,USDCAD,1.345
2024-02-13,USDCAD,1.3556
2024-02-14,USDCAD,1.355
2024-02-15,USDCAD,1.3493
2024-02-16,USDCAD,1.3484
2024-02-20,USDCAD,1.3518
2024-02-21,USDCAD,1.3512
2024-02-22,USDCAD,1.3494
2024-02-23,USDCAD,1.3494
2024-02-26,USDCAD,1.3515
2024-02-27,USDCAD,1.3521
2024-02-28,USDCAD,1.3574
2024-02-29,USDCAD,1.357
2024-03-01,USDCAD,1.3564
2024-03-04,USDCAD,1.3572
2024-03-05,USDCAD,1.3582
2024-03-06,USDCAD,1.3528
2024-03-07,USDCAD,1.3474
2024-03-08,USDCAD,1.3471
2024-03-11,USDCAD,1.3491
2024-03-12,USDCAD,1.3499
2024-03-13,USDCAD,1.3472
2024-03-14,USDCAD,1.3512
2024-03-15,USDCAD,1.3533
2024-03-18,USDCAD,1.3541
2024-03-19,USDCAD,1.3581
2024-03-20,USDCAD,1.3559
2024-03-21,USDCAD,1.3525
2024-03-22,USDCAD,1.3593
2024-03-25,USDCAD,1.3583
2024-03-26,USDCAD,1.3572
2024-03-27,USDCAD,1.3587
2024-03-28,USDCAD,1.355
2024-04-01,USDCAD,1.3574
2024-04-02,USDCAD,1.3572
2024-04-03,USDCAD,1.3537
2024-04-04,USDCAD,1.3504
2024-04-05,USDCAD,1.3598
2024-04-08,USDCAD,1.3582
2024-04-09,USDCAD,1.3578
2024-04-10,USDCAD,1.3671
2024-04-11,USDCAD,1.3692
2024-04-12,USDCAD,1.3766
2024-04-15,USDCAD,1.3764
2024-04-16,USDCAD,1.3821
2024-04-17,USDCAD,1.3794
2024-04-18,USDCAD,1.3764
2024-04-19,USDCAD,1.3748
2024-04-22,USDCAD,1.3715
2024-04-23,USDCAD,1.3673
2024-04-24,USDCAD,1.3709
2024-04-25,USDCAD,1.3689
2024-04-26,USDCAD,1.3668
2024-04-29,USDCAD,1.3658
2024-04-30,USDCAD,1.3746
2024-05-01,USDCAD,1.3759
2024-05-02,USDCAD,1.3698
2024-05-03,USDCAD,1.3672
2024-05-06,USDCAD,1.3661
2024-05-07,USDCAD,1.3705
2024-05-08,USDCAD,1.3734
2024-05-09,USDCAD,1.3692
2024-05-10,USDCAD,1.3665
2024-05-13,USDCAD,1.3672
2024-05-14,USDCAD,1.3653
2024-05-15,USDCAD,1.3615
2024-05-16,USDCAD,1.362
2024-05-17,USDCAD,1.3615
2024-05-21,USDCAD,1.3649
2024-05-22,USDCAD,1.3674
2024-05-23,USDCAD,1.3702
2024-05-24,USDCAD,1.3673
2024-05-27,USDCAD,1.3636
2024-05-28,USDCAD,1.3638
2024-05-29,USDCAD,1.37
2024-05-30,USDCAD,1.3678
2024-05-31,USDCAD,1.3637
2024-06-03,USDCAD,1.3635
2024-06-04,USDCAD,1.3681
2024-06-05,USDCAD,1.3696
2024-06-06,USDCAD,1.3686
2024-06-07,USDCAD,1.374
2024-06-10,USDCAD,1.3765
2024-06-11,USDCAD,1.3767
2024-06-12,USDCAD,1.37
2024-06-13,USDCAD,1.3746
2024-06-14,USDCAD,1.3751
2024-06-17,USDCAD,1.3743
2024-06-18,USDCAD,1.3723
2024-06-19,USDCAD,1.3709
2024-06-20,USDCAD,1.3698
2024-06-21,USDCAD,1.3702
2024-06-24,USDCAD,1.3663
2024-06-25,USDCAD,1.3659
2024-06-26,USDCAD,1.3696
2024-06-27,USDCAD,1.369
2024-06-28,USDCAD,1.3687
2024-07-02,USDCAD,1.3697
2024-07-03,USDCAD,1.3637
2024-07-04,USDCAD,1.3613
2024-07-05,USDCAD,1.3633
2024-07-08,USDCAD,1.3634
2024-07-09,USDCAD,1.3638
2024-07-10,USDCAD,1.362
2024-07-11,USDCAD,1.3624
2024-07-12,USDCAD,1.3628
2024-07-15,USDCAD,1.3664
2024-07-16,USDCAD,1.3686
2024-07-17,USDCAD,1.3685
2024-07-18,USDCAD,1.3696
2024-07-19,USDCAD,1.3727
2024-07-22,USDCAD,1.3755
2024-07-23,USDCAD,1.3768
2024-07-24,USDCAD,1.3794
2024-07-25,USDCAD,1.3819
2024-07-26,USDCAD,1.383
2024-07-29,USDCAD,1.3852
2024-07-30,USDCAD,1.3851
2024-07-31,USDCAD,1.3809
2024-08-01,USDCAD,1.3846
2024-08-02,USDCAD,1.3858
2024-08-06,USDCAD,1.3794
2024-08-07,USDCAD,1.3739
2024-08-08,USDCAD,1.3743
2024-08-09,USDCAD,1.3732
2024-08-12,USDCAD,1.3738
2024-08-13,USDCAD,1.3723
2024-08-14,USDCAD,1.3711
2024-08-15,USDCAD,1.3715
2024-08-16,USDCAD,1.3707
2024-08-19,USDCAD,1.3651
2024-08-20,USDCAD,1.3627
2024-08-21,USDCAD,1.3592
2024-08-22,USDCAD,1.3602
2024-08-23,USDCAD,1.3529
2024-08-26,USDCAD,1.3481
2024-08-27,USDCAD,1.346
2024-08-28,USDCAD,1.3471
2024-08-29,USDCAD,1.3474
2024-08-30,USDCAD,1.3491
2024-09-03,USDCAD,1.3548
2024-09-04,USDCAD,1.3525
2024-09-05,USDCAD,1.3514
2024-09-06,USDCAD,1.3545
2024-09-09,USDCAD,1.3561
2024-09-10,USDCAD,1.3599
2024-09-11,USDCAD,1.3589
2024-09-12,USDCAD,1.3591
2024-09-13,USDCAD,1.3586
2024-09-16,USDCAD,1.3593
2024-09-17,USDCAD,1.3596
2024-09-18,USDCAD,1.359
2024-09-19,USDCAD,1.3563
2024-09-20,USDCAD,1.3565
2024-09-23,USDCAD,1.351
2024-09-24,USDCAD,1.3468
2024-09-25,USDCAD,1.3462
2024-09-26,USDCAD,1.3474
2024-09-27,USDCAD,1.3499
2024-10-01,USDCAD,1.3504
2024-10-02,USDCAD,1.3491
2024-10-03,USDCAD,1.354
2024-10-04,USDCAD,1.3577
2024-10-07,USDCAD,1.3609
2024-10-08,USDCAD,1.3657
2024-10-09,USDCAD,1.369
2024-10-10,USDCAD,1.3754
2024-10-11,USDCAD,1.3761
2024-10-15,USDCAD,1.3805
2024-10-16,USDCAD,1.3771
2024-10-17,USDCAD,1.3789
2024-10-18,USDCAD,1.3802
2024-10-21,USDCAD,1.3835
2024-10-22,USDCAD,1.3825
2024-10-23,USDCAD,1.3843
2024-10-24,USDCAD,1.3845
2024-10-25,USDCAD,1.3872
2024-10-28,USDCAD,1.3895
2024-10-29,USDCAD,1.3911
2024-10-30,USDCAD,1.3915
2024-10-31,USDCAD,1.3916
2024-11-01,USDCAD,1.3932
2024-11-04,USDCAD,1.3894
2024-11-05,USDCAD,1.3854
2024-11-06,USDCAD,1.3935
2024-11-07,USDCAD,1.3866
2024-11-08,USDCAD,1.3913
2024-11-12,USDCAD,1.3944
2024-11-13,USDCAD,1.398
2024-11-14,USDCAD,1.4027
2024-11-15,USDCAD,1.4079
2024-11-18,USDCAD,1.4042
2024-11-19,USDCAD,1.3981
2024-11-20,USDCAD,1.3993
2024-11-21,USDCAD,1.396
2024-11-22,USDCAD,1.3979
2024-11-25,USDCAD,1.398
2024-11-26,USDCAD,1.4082
2024-11-27,USDCAD,1.4036
2024-11-28,USDCAD,1.401
2024-11-29,USDCAD,1.401
2024-12-02,USDCAD,1.4056
2024-12-03,USDCAD,1.4056
2024-12-04,USDCAD,1.4066
2024-12-05,USDCAD,1.4038
2024-12-06,USDCAD,1.4136
2024-12-09,USDCAD,1.413
2024-12-10,USDCAD,1.4167
2024-12-11,USDCAD,1.4154
2024-12-12,USDCAD,1.4188
2024-12-13,USDCAD,1.4231
2024-12-16,USDCAD,1.4239
2024-12-17,USDCAD,1.4305
2024-12-18,USDCAD,1.4343
2024-12-19,USDCAD,1.437
2024-12-20,USDCAD,1.4365
2024-12-23,USDCAD,1.4395
2024-12-24,USDCAD,1.4386
2024-12-27,USDCAD,1.4416
2024-12-30,USDCAD,1.4379
2024-12-31,USDCAD,1.4389
2025-01-02,USDCAD,1.4418
2025-01-03,USDCAD,1.4442
2025-01-06,USDCAD,1.4348
2025-01-07,USDCAD,1.434
2025-01-08,USDCAD,1.439
2025-01-09,USDCAD,1.4395
2025-01-10,USDCAD,1.4422
2025-01-13,USDCAD,1.4411
2025-01-14,USDCAD,1.4371
2025-01-15,USDCAD,1.4334
2025-01-16,USDCAD,1.4388
2025-01-17,USDCAD,1.4435
2025-01-20,USDCAD,1.433
2025-01-21,USDCAD,1.4366
2025-01-22,USDCAD,1.4369
2025-01-23,USDCAD,1.4371
2025-01-24,USDCAD,1.4336
2025-01-27,USDCAD,1.4381
2025-01-28,USDCAD,1.4394
2025-01-29,USDCAD,1.4435
2025-01-30,USDCAD,1.4414
2025-01-31,USDCAD,1.4484
2025-02-03,USDCAD,1.4603
2025-02-04,USDCAD,1.4345
2025-02-05,USDCAD,1.4295
2025-02-06,USDCAD,1.4322
2025-02-07,USDCAD,1.4298
2025-02-10,USDCAD,1.4323
2025-02-11,USDCAD,1.4307
2025-02-12,USDCAD,1.4298
2025-02-13,USDCAD,1.4242
2025-02-14,USDCAD,1.4166
2025-02-18,USDCAD,1.4193
2025-02-19,USDCAD,1.4223
2025-02-20,USDCAD,1.4188
2025-02-21,USDCAD,1.4207
2025-02-24,USDCAD,1.4225
2025-02-25,USDCAD,1.4287
2025-02-26,USDCAD,1.4339
2025-02-27,USDCAD,1.4422
2025-02-28,USDCAD,1.4438
2025-03-03,USDCAD,1.4428
2025-03-04,USDCAD,1.4489
2025-03-05,USDCAD,1.437
2025-03-06,USDCAD,1.4309
2025-03-07,USDCAD,1.4371
2025-03-10,USDCAD,1.4431
2025-03-11,USDCAD,1.4451
2025-03-12,USDCAD,1.4391
2025-03-13,USDCAD,1.4409
2025-03-14,USDCAD,1.4388
2025-03-17,USDCAD,1.4304
2025-03-18,USDCAD,1.4301
2025-03-19,USDCAD,1.4326
2025-03-20,USDCAD,1.4347
2025-03-21,USDCAD,1.4348
2025-03-24,USDCAD,1.4318
2025-03-25,USDCAD,1.4296
2025-03-26,USDCAD,1.4268
2025-03-27,USDCAD,1.4309
2025-03-28,USDCAD,1.4307
2025-03-31,USDCAD,1.4376
2025-04-01,USDCAD,1.4348
2025-04-02,USDCAD,1.432
2025-04-03,USDCAD,1.4069
2025-04-04,USDCAD,1.4216
2025-04-07,USDCAD,1.4226
2025-04-08,USDCAD,1.4196
2025-04-09,USDCAD,1.415
2025-04-10,USDCAD,1.4015
2025-04-11,USDCAD,1.389
2025-04-14,USDCAD,1.3881
2025-04-15,USDCAD,1.3934
2025-04-16,USDCAD,1.389
2025-04-17,USDCAD,1.3857
2025-04-21,USDCAD,1.382
2025-04-22,USDCAD,1.3827
2025-04-23,USDCAD,1.3871
2025-04-24,USDCAD,1.3872
2025-04-25,USDCAD,1.3863
2025-04-28,USDCAD,1.385
2025-04-29,USDCAD,1.3847
2025-04-30,USDCAD,1.3812
2025-05-01,USDCAD,1.3836
2025-05-02,USDCAD,1.38
2025-05-05,USDCAD,1.3813
2025-05-06,USDCAD,1.3783
2025-05-07,USDCAD,1.3796
2025-05-08,USDCAD,1.3907
2025-05-09,USDCAD,1.3927
2025-05-12,USDCAD,1.3998
2025-05-13,USDCAD,1.3969
2025-05-14,USDCAD,1.3964
2025-05-15,USDCAD,1.3985
2025-05-16,USDCAD,1.3979
2025-05-20,USDCAD,1.3935
2025-05-21,USDCAD,1.3848
2025-05-22,USDCAD,1.387
2025-05-23,USDCAD,1.3756
2025-05-26,USDCAD,1.3731
2025-05-27,USDCAD,1.3775
2025-05-28,USDCAD,1.3826
2025-05-29,USDCAD,1.3806
2025-05-30,USDCAD,1.3758
2025-06-02,USDCAD,1.3707
2025-06-03,USDCAD,1.3723
2025-06-04,USDCAD,1.3677
2025-06-05,USDCAD,1.3659
2025-06-06,USDCAD,1.369
2025-06-09,USDCAD,1.3684
2025-06-10,USDCAD,1.3684
2025-06-11,USDCAD,1.3665
2025-06-12,USDCAD,1.3612
2025-06-13,USDCAD,1.3598
2025-06-16,USDCAD,1.3558
2025-06-17,USDCAD,1.3603
2025-06-18,USDCAD,1.3673
2025-06-19,USDCAD,1.3724
2025-06-20,USDCAD,1.3728
2025-06-23,USDCAD,1.3755
2025-06-24,USDCAD,1.3712
2025-06-25,USDCAD,1.3737
2025-06-26,USDCAD,1.364
2025-06-27,USDCAD,1.3676
2025-06-30,USDCAD,1.3643
2025-07-02,USDCAD,1.3622
2025-07-03,USDCAD,1.3575
2025-07-04,USDCAD,1.3605
2025-07-07,USDCAD,1.3656
2025-07-08,USDCAD,1.3677
2025-07-09,USDCAD,1.3693
2025-07-10,USDCAD,1.3683
2025-07-11,USDCAD,1.3684
2025-07-14,USDCAD,1.3693
2025-07-15,USDCAD,1.371
2025-07-16,USDCAD,1.3712
2025-07-17,USDCAD,1.3753
2025-07-18,USDCAD,1.372
2025-07-21,USDCAD,1.3693
2025-07-22,USDCAD,1.3635
2025-07-23,USDCAD,1.3609
2025-07-24,USDCAD,1.363
2025-07-25,USDCAD,1.3704
2025-07-28,USDCAD,1.3723
2025-07-29,USDCAD,1.3771
2025-07-30,USDCAD,1.3811
2025-07-31,USDCAD,1.3844
2025-08-01,USDCAD,1.3797
2025-08-05,USDCAD,1.3785
2025-08-06,USDCAD,1.3746
2025-08-07,USDCAD,1.3753
2025-08-08,USDCAD,1.3751
2025-08-11,USDCAD,1.3785
2025-08-12,USDCAD,1.3775
2025-08-13,USDCAD,1.3767
2025-08-14,USDCAD,1.3806
2025-08-15,USDCAD,1.3806
2025-08-18,USDCAD,1.3809
2025-08-19,USDCAD,1.3852
2025-08-20,USDCAD,1.3866
2025-08-21,USDCAD,1.3897
2025-08-22,USDCAD,1.3854
2025-08-25,USDCAD,1.3835
2025-08-26,USDCAD,1.3837
2025-08-27,USDCAD,1.3821
2025-08-28,USDCAD,1.3756
2025-08-29,USDCAD,1.3742
2025-09-02,USDCAD,1.3789
2025-09-03,USDCAD,1.3794
2025-09-04,USDCAD,1.3829
2025-09-05,USDCAD,1.3829
2025-09-08,USDCAD,1.3816
2025-09-09,USDCAD,1.3833
2025-09-10,USDCAD,1.3854
2025-09-11,USDCAD,1.3844
2025-09-12,USDCAD,1.3848
2025-09-15,USDCAD,1.3804
2025-09-16,USDCAD,1.3748
2025-09-17,USDCAD,1.376
2025-09-18,USDCAD,1.3797
2025-09-19,USDCAD,1.3788
2025-09-22,USDCAD,1.3816
2025-09-23,USDCAD,1.3832
2025-09-24,USDCAD,1.3893
2025-09-25,USDCAD,1.3927
2025-09-26,USDCAD,1.3941
2025-09-29,USDCAD,1.3921
2025-10-01,USDCAD,1.394
2025-10-02,USDCAD,1.3963
2025-10-03,USDCAD,1.3953
2025-10-06,USDCAD,1.3955
2025-10-07,USDCAD,1.3951
2025-10-08,USDCAD,1.3952
2025-10-09,USDCAD,1.4
2025-10-10,USDCAD,1.4
2025-10-14,USDCAD,1.4046
2025-10-15,USDCAD,1.4045
2025-10-16,USDCAD,1.4048
2025-10-17,USDCAD,1.4035
2025-10-20,USDCAD,1.4036
2025-10-21,USDCAD,1.4022
2025-10-22,USDCAD,1.3996
2025-10-23,USDCAD,1.3993
2025-10-24,USDCAD,1.4014
2025-10-27,USDCAD,1.3995
2025-10-28,USDCAD,1.3959
2025-10-29,USDCAD,1.3916
2025-10-30,USDCAD,1.3987
2025-10-31,USDCAD,1.4018
2025-11-03,USDCAD,1.4057
2025-11-04,USDCAD,1.409
2025-11-05,USDCAD,1.412
2025-11-06,USDCAD,1.4116
2025-11-07,USDCAD,1.4063
2025-11-10,USDCAD,1.402
2025-11-12,USDCAD,1.4005
2025-11-13,USDCAD,1.4018
2025-11-14,USDCAD,1.4025
2025-11-17,USDCAD,1.4035
2025-11-18,USDCAD,1.3997
2025-11-19,USDCAD,1.404
2025-11-20,USDCAD,1.408
2025-11-21,USDCAD,1.41
2025-11-24,USDCAD,1.4108
2025-11-25,USDCAD,1.4104
2025-11-26,USDCAD,1.4059
2025-11-27,USDCAD,1.4034
2025-11-28,USDCAD,1.3979
2025-12-01,USDCAD,1.3979
2025-12-02,USDCAD,1.3986
2025-12-03,USDCAD,1.3949
2025-12-04,USDCAD,1.3952
2025-12-05,USDCAD,1.386
2025-12-08,USDCAD,1.3837
2025-12-09,USDCAD,1.3844
2025-12-10,USDCAD,1.3835
2025-12-11,USDCAD,1.3774
2025-12-12,USDCAD,1.3769
2025-12-15,USDCAD,1.377
2025-12-16,USDCAD,1.3748
2025-12-17,USDCAD,1.3782
2025-12-18,USDCAD,1.3774
2025-12-19,USDCAD,1.3781
2025-12-22,USDCAD,1.3748
2025-12-23,USDCAD,1.3705
2025-12-24,USDCAD,1.3674
2025-12-29,USDCAD,1.3686
2025-12-30,USDCAD,1.3693
2025-12-31,USDCAD,1.3706
2026-01-02,USDCAD,1.3737
2026-01-05,USDCAD,1.3768
2026-01-06,USDCAD,1.3789
2026-01-07,USDCAD,1.3823
2026-01-08,USDCAD,1.3866
2026-01-09,USDCAD,1.3896
2026-01-12,USDCAD,1.3875
2026-01-13,USDCAD,1.3886
2026-01-14,USDCAD,1.3877
2026-01-15,USDCAD,1.3899
2026-01-16,USDCAD,1.3913
2026-01-19,USDCAD,1.387
2026-01-20,USDCAD,1.3829
2026-01-21,USDCAD,1.3814
2026-01-22,USDCAD,1.3798
2026-01-23,USDCAD,1.3732
2026-01-26,USDCAD,1.3702
2026-01-27,USDCAD,1.362
2026-01-28,USDCAD,1.3571
2026-01-29,USDCAD,1.3515
2026-01-30,USDCAD,1.3562
2026-02-02,USDCAD,1.3676
2026-02-03,USDCAD,1.3652
2026-02-04,USDCAD,1.3668
2026-02-05,USDCAD,1.3676
2026-02-06,USDCAD,1.3648
2026-02-09,USDCAD,1.3576
2026-02-10,USDCAD,1.3544
2026-02-11,USDCAD,1.3574
2026-02-12,USDCAD,1.3605
2026-02-13,USDCAD,1.3614
2026-02-17,USDCAD,1.3656
2026-02-18,USDCAD,1.3678
2026-02-19,USDCAD,1.3696
2026-02-20,USDCAD,1.3689
2026-02-23,USDCAD,1.3689
2026-02-24,USDCAD,1.3708
2026-02-25,USDCAD,1.3685
2026-02-26,USDCAD,1.3688
2026-02-27,USDCAD,1.3642
2026-03-02,USDCAD,1.3688
2026-03-03,USDCAD,1.3684
2026-03-04,USDCAD,1.3664
2026-03-05,USDCAD,1.3677
2026-03-06,USDCAD,1.3613
2026-03-09,USDCAD,1.3574
2026-03-10,USDCAD,1.3567
2026-03-11,USDCAD,1.3587
2026-03-12,USDCAD,1.3617
2026-03-13,USDCAD,1.3716
2026-03-16,USDCAD,1.3675
2026-03-17,USDCAD,1.3699
2026-03-18,USDCAD,1.3706
2026-03-19,USDCAD,1.3728
2026-03-20,USDCAD,1.3718
2026-03-23,USDCAD,1.3717
2026-03-24,USDCAD,1.3761
2026-03-25,USDCAD,1.3801
2026-03-26,USDCAD,1.3844
2026-03-27,USDCAD,1.3875
2026-03-30,USDCAD,1.3926
2026-03-31,USDCAD,1.3939
2026-04-01,USDCAD,1.3888
2026-04-02,USDCAD,1.3918
2026-04-06,USDCAD,1.3916
2026-04-07,USDCAD,1.3907
2026-04-08,USDCAD,1.3851
2026-04-09,USDCAD,1.3821
2026-04-10,USDCAD,1.3825
2026-04-13,USDCAD,1.3812
2026-04-14,USDCAD,1.3757
2026-04-15,USDCAD,1.3746
2026-04-16,USDCAD,1.371
2026-04-17,USDCAD,1.3671
2026-04-20,USDCAD,1.366
2026-04-21,USDCAD,1.3653
2026-04-22,USDCAD,1.3662
2026-04-23,USDCAD,1.3688
2026-04-24,USDCAD,1.3678
2026-04-27,USDCAD,1.3615
2026-04-28,USDCAD,1.3678
2026-04-29,USDCAD,1.3682
2026-04-30,USDCAD,1.3624
2026-05-01,USDCAD,1.3576
2026-05-04,USDCAD,1.3611
2026-05-05,USDCAD,1.3617
2026-05-06,USDCAD,1.3625
2026-05-07,USDCAD,1.3635
2026-05-08,USDCAD,1.3686
2026-05-11,USDCAD,1.3667
2026-05-12,USDCAD,1.371
2026-05-13,USDCAD,1.3703
2026-05-14,USDCAD,1.3725
2026-05-15,USDCAD,1.3752
2026-05-19,USDCAD,1.3757
2026-05-20,USDCAD,1.3751
2026-05-21,USDCAD,1.3783
2026-05-22,USDCAD,1.3809
2026-05-25,USDCAD,1.3804
2026-05-26,USDCAD,1.3812
2026-05-27,USDCAD,1.3831
2026-05-28,USDCAD,1.3809
2026-05-29,USDCAD,1.3798
2026-06-01,USDCAD,1.3837
2026-06-02,USDCAD,1.3834
2026-06-03,USDCAD,1.3884
2026-06-04,USDCAD,1.3896
2026-06-05,USDCAD,1.3924
2026-06-08,USDCAD,1.3947
2026-06-09,USDCAD,1.3947
2026-06-10,USDCAD,1.393
2026-06-11,USDCAD,1.3993
2026-06-12,USDCAD,1.3977
2026-06-15,USDCAD,1.3982
2026-06-16,USDCAD,1.3996
2026-06-17,USDCAD,1.4034
2026-06-18,USDCAD,1.4131
2026-06-19,USDCAD,1.4171
2026-06-22,USDCAD,1.4162
2026-06-23,USDCAD,1.42
2026-06-24,USDCAD,1.4234
2026-06-25,USDCAD,1.4204
2026-06-26,USDCAD,1.4186
2026-06-29,USDCAD,1.4206
2026-06-30,USDCAD,1.421
2026-07-02,USDCAD,1.4181
2026-07-03,USDCAD,1.4201
2026-07-06,USDCAD,1.4219
2026-07-07,USDCAD,1.4199
2026-07-08,USDCAD,1.4174
2026-07-09,USDCAD,1.4169
2026-07-10,USDCAD,1.4146
2026-07-13,USDCAD,1.4145
2026-07-14,USDCAD,1.4067
2026-07-15,USDCAD,1.4049
2026-07-16,USDCAD,1.4038
2026-07-17,USDCAD,1.4014
2026-07-20,USDCAD,1.4054
2026-07-21,USDCAD,1.4095
2026-07-22,USDCAD,1.4088
2026-07-23,USDCAD,1.4083
2026-07-24,USDCAD,1.4093
2026-07-27,USDCAD,1.4114
2026-07-28,USDCAD,1.4102
2026-07-29,USDCAD,1.4083
2026-07-30,USDCAD,1.4014
2026-07-31,USDCAD,1.4029
2026-08-04,USDCAD,1.4068
2026-08-05,USDCAD,1.4026
2026-08-06,USDCAD,1.4018
2026-08-07,USDCAD,1.3943
2026-08-10,USDCAD,1.3942
2026-08-11,USDCAD,1.3927
2026-08-12,USDCAD,1.393
2026-08-13,USDCAD,1.3938
2026-08-14,USDCAD,1.3875
2026-08-17,USDCAD,1.3865
2026-08-18,USDCAD,1.3889
2026-08-19,USDCAD,1.3824
2026-08-20,USDCAD,1.3785
2026-08-21,USDCAD,1.376
2026-08-24,USDCAD,1.3842
2026-08-25,USDCAD,1.3839
2026-08-26,USDCAD,1.3876
2026-08-27,USDCAD,1.3861
2026-08-28,USDCAD,1.3888
2026-08-31,USDCAD,1.3866
2026-09-01,USDCAD,1.3896
2026-09-02,USDCAD,1.3863
2026-09-03,USDCAD,1.3789
2026-09-04,USDCAD,1.384
2026-09-08,USDCAD,1.3784
2026-09-09,USDCAD,1.3798
2026-09-10,USDCAD,1.3822
2026-09-11,USDCAD,1.3866
2026-09-14,USDCAD,1.3909
2026-09-15,USDCAD,1.3917
2026-09-16,USDCAD,1.3947
2026-09-17,USDCAD,1.3988
2026-09-18,USDCAD,1.4002
2026-09-21,USDCAD,1.4021
2026-09-22,USDCAD,1.4064
2026-09-23,USDCAD,1.4096
2026-09-24,USDCAD,1.4136
2026-09-25,USDCAD,1.4145
2026-09-28,USDCAD,1.4168
2026-09-29,USDCAD,1.4188
2026-10-01,USDCAD,1.4243
2026-10-02,USDCAD,1.4246
